,accuracy,precision_macro,recall_macro,f1_macro,auc_macro
mean,0.7758620689655171,0.7539659531644826,0.7239903846153846,0.7187547736038938,0.9274512133699635
std,0.07392479061995398,0.10671281718191408,0.0979516874336301,0.10133818673883312,0.03865520938264805
