,accuracy,precision_macro,recall_macro,f1_macro,auc_macro
mean,0.8162068965517242,0.8086596039946465,0.7599759615384616,0.7542176900585266,0.9238850961538462
std,0.06521590126257185,0.10399630476054358,0.08509886658369967,0.09474376394934124,0.0480199053507428
