Taxid	Label	kmer_0	kmer_1	kmer_2	kmer_3	kmer_4	kmer_5	kmer_6	kmer_7	kmer_8	kmer_9	kmer_10	kmer_11	kmer_12	kmer_13	kmer_14	kmer_15	kmer_16	kmer_17	kmer_18	kmer_19
1002359	0	0.2185227256268263	0.09462378825992346	0.3529456928372383	0.4027862772345543	0.1965055614709854	0.3369755446910858	0.15572020038962364	0.4685017466545105	0.4260258711874485	0.5105597972869873	0.19329655915498734	0.26731543242931366	0.30492882430553436	0.20035936683416367	0.31283364817500114	0.5546858683228493	0.3753214031457901	0.32205551862716675	0.08115736814215779	0.22487878985702991
1002360	0	0.3136369474232197	0.07847087876871228	0.3088180683553219	0.35480912029743195	0.23774120304733515	0.3065540585666895	0.14263032283633947	0.42399463057518005	0.33269643038511276	0.6324250996112823	0.14670484233647585	0.319170244038105	0.33776551485061646	0.23861625418066978	0.3001903034746647	0.5340685062110424	0.3629486095160246	0.33341075852513313	0.08383931615389884	0.21150890737771988
10245	1	8.758993937633932	5.12550263851881	15.131887879222631	12.202269308269024	9.856426805257797	9.470500823110342	4.970944999717176	21.428075471892953	16.667457193136215	19.045276789925992	6.8495939378626645	15.5155397541821	7.324786888435483	4.984961471287534	9.61266053142026	16.979410615749657	13.834166972897947	13.920248222537339	1.6873916483018547	11.633905048947781
10256	0	7.851728262612596	4.715966137126088	14.723690947517753	11.1345270620659	9.107341233175248	8.446608553640544	4.3145016331691295	20.67459956370294	14.993046443909407	17.197449282743037	5.956846842076629	14.62442087288946	6.413062475156039	4.421825123950839	8.95138715300709	16.279911427758634	12.576865088194609	12.869250879622996	1.6673431093804538	11.07962844055146
10266	0	3.563447054475546	3.286835709353909	8.783442803658545	8.20199407171458	8.540875838138163	4.9249710701406	2.0906294668093324	16.517326220870018	15.369680074974895	13.19414184615016	3.403031065594405	13.385264661163092	3.623634020332247	2.6482809795998037	4.104493284597993	12.072053890675306	7.405111811123788	8.133569474332035	0.9323116907617077	7.818905512802303
10271	0	6.291926879435778	3.9808375923894346	9.802068680524826	9.065754042938352	7.864006245043129	6.9863571571186185	3.5518499012105167	13.42226960323751	12.356630966067314	15.181971913203597	4.202040186151862	9.690386787988245	5.43838258087635	3.5909191663376987	7.359163812361658	12.025253703817725	11.011513015255332	13.131816290318966	1.3767462011892349	8.670105834491551
10273	0	7.869749522767961	3.9336456381715834	10.124466441571712	9.674108114093542	7.834179473109543	7.201526582241058	3.425949225202203	12.170406259596348	12.225720055401325	14.955677922815084	4.0422530910000205	8.98425738234073	5.9895058292895555	3.5141209340654314	8.21806092793122	11.96972364000976	10.874281328171492	13.297334358096123	1.3127675122814253	8.382266487460583
10276	0	3.972289053723216	3.5386396790854633	9.995260626077652	7.413830270990729	7.28885646071285	5.211926592048258	2.7306106192991138	18.261483872309327	12.378936193883419	13.055031986907125	4.009301044978201	11.835224410519004	4.192083667498082	2.976550393970683	5.999302741140127	12.049564877524972	8.50396987143904	8.07038014754653	1.0771664144704118	8.439591448288411
10317	0	13.483013197779655	1.6966295421589166	4.0460504302755	4.140909071080387	2.4855548990890384	8.203462287783623	1.7343975873664021	1.6038446761667728	1.0739884296199307	7.840275228954852	1.1834017457440495	1.2185651985928416	9.222281593829393	1.9055234440602362	9.091978840529919	4.631531532853842	3.9538590041920543	5.5758528877049685	1.1499647935852408	1.7589157591573894
10320	0	12.6155099645257	1.4862236883491278	3.448792983777821	3.5356195233762264	2.3684640782885253	6.8104697950184345	1.292821236886084	1.395364566706121	1.054031805600971	7.290048845112324	1.128142470261082	1.1536914024036378	5.638642806559801	1.5559707907959819	6.826550029218197	3.9602760560810566	2.95334255695343	4.72498398181051	1.0073415846563876	1.7537119868211448
10326	0	9.220001749694347	2.06026076246053	4.645232777111232	5.235598937608302	3.5351378805935383	8.112965098582208	2.2544593112543225	3.736473043449223	3.101051373872906	8.778842063620687	2.6946667949669063	3.321363333147019	6.295472087338567	2.783878980204463	7.312380370218307	7.606610166840255	5.419755146838725	6.9867442371323705	1.0928894423414022	2.8062167684547603
10331	0	8.747490853071213	1.9667560700327158	4.112457158043981	4.779677106067538	3.310352560132742	7.206187235191464	2.062269575893879	3.9330879151821136	3.0781235387548804	9.078270407393575	2.104144320823252	3.4857303095050156	5.567015431821346	2.6123943710699677	6.0401753429323435	7.1689160000532866	5.529038595035672	8.370431415736675	1.148695321753621	2.698786742053926
10334	0	5.7511284914799035	1.9313555853441358	4.893176201730967	5.1770975310355425	3.109589678235352	7.352603217586875	2.353335346095264	5.854134261608124	3.2033437890931964	8.37036138214171	2.119964510202408	3.8674611430615187	4.956784728914499	2.469886103644967	6.314096907153726	7.114292887970805	6.176673905923963	5.80743508040905	1.1062958789989352	3.0709835216403008
10345	0	12.775084670633078	1.6662405547685921	4.634316273033619	5.164234369061887	2.9699631868861616	8.324954824522138	2.0327552896924317	1.9048777725547552	1.1847097147256136	8.332625297829509	1.6825403138063848	1.6026083449833095	8.722201807424426	1.913443937432021	9.81045177578926	5.667870761826634	4.223018844611943	6.5571080185472965	1.0624628406949341	1.7685317602008581
10353	0	10.892186779528856	1.6090706130489707	4.322601000312716	4.998987905681133	2.5192629215307534	7.591485641896725	1.8480877550318837	2.0476779439486563	1.381652262993157	8.064205888658762	1.2792677199468017	1.5281401192769408	7.021662477403879	2.0354158566333354	8.485296564176679	6.483201218768954	4.502830216661096	5.467858147807419	1.0218580269720405	1.89925119234249
10366	0	11.986081629991531	3.6818103292025626	9.186899678781629	8.542274400126189	5.866467216517776	10.335503051057458	3.3108870363794267	7.337733106687665	5.2919499864801764	13.818626966327429	3.8079668204300106	5.123300903709605	8.956167005933821	3.983589069917798	11.94454567041248	12.690673407167196	10.505273649469018	12.905359854921699	1.8240352991269901	4.900855120737106
10368	1	6.678874866105616	3.5653318701079115	6.075731540098786	7.723871850408614	7.339793303050101	7.927696282975376	3.091005147434771	7.983599893981591	6.922897620592266	13.541548870503902	3.724000728689134	5.581257006619126	5.154989859089255	3.8132954875472933	8.383108663139865	10.245794005692005	7.298367381095886	9.716936461627483	1.231839898508042	4.000059644225985
10371	0	7.212955045513809	2.30551596195437	3.9957966078072786	5.836283836979419	3.974970119073987	7.323208622634411	2.095295994542539	4.012499814853072	4.453653883188963	10.618788376450539	2.570550279226154	3.3953627618029714	4.889213999733329	3.305986754130572	5.2865913193672895	6.576872561126947	5.303239909000695	7.852160750888288	1.2629503356292844	2.728103225119412
10381	0	3.744378258474171	2.3697250054683536	3.422992424108088	4.342206384986639	3.5273560285568237	2.8938561035320163	1.8893667375668883	5.315194829367101	5.281857566908002	7.881163440644741	1.805976554285735	4.094473448116332	3.6398330838419497	2.7471415558829904	2.4625649759545922	6.344719897955656	4.946469612419605	4.607936937361956	0.8515330888330936	2.831254211254418
10385	0	3.377641562372446	2.11321386648342	3.7366654640063643	3.6494708945974708	3.4433783390559256	3.837633103132248	2.186854150146246	5.155873623210937	4.22812757641077	7.503411474637687	2.2084266617894173	3.8191687893122435	4.398240838199854	2.796669378876686	2.8977446043863893	5.7103825360536575	5.199668956920505	4.895612487569451	0.9440441126935184	2.8977716956287622
10397	0	12.397536942735314	2.693354811053723	6.469860157929361	6.855190564412624	4.242761462926865	8.904463587328792	2.791556598385796	3.660197128308937	2.3893814836628735	12.967365758493543	1.8575331608299166	2.90344908926636	8.488095447421074	3.2601546314544976	11.9232390942052	9.10529955662787	7.800578203052282	8.81262125261128	2.1744753842940554	3.3028860557824373
10398	0	5.796816712245345	2.138099021743983	3.4563035555183887	4.782839180901647	3.4919754387810826	4.6929536778479815	1.9792341198772192	3.6111362371593714	3.6802476414013654	8.959201723337173	1.926121942466125	2.9983283993788064	4.8742197044193745	2.991083267144859	4.020220302045345	6.519690699875355	4.484112907201052	5.207180051133037	0.8901982267852873	2.5000374387018383
10406	0	0.12036732584238052	0.06467772647738457	0.06369699910283089	0.08190171606838703	0.09686892479658127	0.09007071331143379	0.0767696239054203	0.08160638436675072	0.0658200467005372	0.21942616254091263	0.024707593023777008	0.0842532254755497	0.1388005055487156	0.0743512436747551	0.1734769493341446	0.16804952919483185	0.14507491886615753	0.10948462039232254	0.05765105038881302	0.06294474005699158
104395	0	0.21516303718090057	0.045511613599956036	0.08496961742639542	0.22456976026296616	0.11110163480043411	0.16540051624178886	0.041511802934110165	0.16035248711705208	0.21082329750061035	0.3083656132221222	0.10154212452471256	0.16105129942297935	0.0507219098508358	0.1669698804616928	0.13297326862812042	0.24820026382803917	0.20621350407600403	0.20720960944890976	0.04490163363516331	0.11244714632630348
104580	0	0.7508545629680157	0.19187215995043516	0.7758751511573792	0.583904318511486	0.4324854761362076	0.6603394225239754	0.246404767036438	0.8968612402677536	0.7526202611625195	1.1728728413581848	0.290854349732399	0.851507019251585	0.3928114790469408	0.2740522287786007	0.560499869287014	1.0636306069791317	0.691816333681345	0.8964441269636154	0.051370514556765556	0.4629233367741108
104581	0	0.7734742388129234	0.07512386469170451	0.45210961252450943	0.478363037109375	0.39573248475790024	0.5296814292669296	0.26104328501969576	0.4752418715506792	0.3214260106906295	0.9258019551634789	0.21765374019742012	0.2545204032212496	0.6175331510603428	0.3095401581376791	0.6334272921085358	0.8271405883133411	0.5289397165179253	0.5972167700529099	0.07490746886469424	0.25112293753772974
10497	0	7.607139767147601	3.4638071765657514	6.908594472333789	8.916603599209338	7.334337477572262	6.136193834245205	4.330027751624584	12.999209254980087	11.691510397940874	15.421514253132045	4.450216235592961	8.887146277353168	6.188839633017778	6.0331140253692865	5.289455517195165	9.50209664274007	8.412222848273814	7.822576010599732	1.625884156441316	6.979511205106974
10537	0	2.298138310201466	0.7668573135742918	1.3779783193022013	1.7681142520159483	1.4862055275589228	1.905689187347889	0.7903317017480731	1.4245881251990795	1.3207813375629485	3.024291507899761	0.7894619014114141	1.3944959579966962	1.792531542479992	1.1297878567129374	1.9613628080114722	2.326192776672542	1.827721495181322	2.301726968958974	0.40326992189511657	0.9104733038693666
10561	0	0.3184671774506569	0.12789834314025939	0.3033367916941643	0.3424796797335148	0.18663249909877777	0.3015664517879486	0.10820745304226875	0.24115023389458656	0.21215444058179855	0.4379176124930382	0.07925682282075286	0.22559131495654583	0.3402238078415394	0.22450126893818378	0.31604883447289467	0.3925679102540016	0.2877355311065912	0.33974653854966164	0.05769751965999603	0.15681973658502102
10564	0	0.41563643142580986	0.16113774478435516	0.21131523046642542	0.31472792103886604	0.2575752027332783	0.4170679748058319	0.17016101069748402	0.27624357491731644	0.2471374049782753	0.5866929590702057	0.1256199525669217	0.19278401881456375	0.3547612801194191	0.20153413340449333	0.2845456376671791	0.572892040014267	0.38620172441005707	0.4814714677631855	0.14595205336809158	0.19654223136603832
10565	0	0.3795965723693371	0.2135982159525156	0.329330924898386	0.3622167147696018	0.19741129130125046	0.43564993888139725	0.15350346732884645	0.24914490431547165	0.35003193467855453	0.5444336533546448	0.17000165488570929	0.17338009737432003	0.3547620438039303	0.20314172934740782	0.41617000848054886	0.4537414740771055	0.3620293363928795	0.3476135991513729	0.10314075276255608	0.20110167749226093
10566	1	0.44520530849695206	0.3155969139188528	0.3666638620197773	0.35254596918821335	0.278060469776392	0.32838359102606773	0.16470840014517307	0.37762994691729546	0.3432345278561115	0.6981949247419834	0.11431698873639107	0.2736525982618332	0.3928877990692854	0.32789841294288635	0.3512175567448139	0.47140491008758545	0.5283656362444162	0.4392297863960266	0.08028580248355865	0.35051662288606167
10567	0	0.301363542675972	0.15020415605977178	0.26675334945321083	0.3037359490990639	0.1853396650403738	0.35858774557709694	0.1348657440394163	0.20689768716692924	0.20070883445441723	0.4127838835120201	0.09922213107347488	0.16554505564272404	0.3342258520424366	0.1776079311966896	0.411024734377861	0.4054855741560459	0.3445678539574146	0.2835373394191265	0.08587058912962675	0.17167240846902132
10570	0	0.5968083776533604	0.29345399141311646	0.3982342202216387	0.45964211132377386	0.3381559457629919	0.4991653375327587	0.2765314280986786	0.28811260871589184	0.35953417140990496	0.6409222446382046	0.14790309127420187	0.2741448478773236	0.4765419289469719	0.4056520499289036	0.446095734834671	0.5771507769823074	0.39926179498434067	0.7367664985358715	0.11122356820851564	0.2746992912143469
10623	0	0.45103301852941513	0.29637299943715334	0.42350369691848755	0.45547409914433956	0.2632299307733774	0.45059057883918285	0.13023902475833893	0.2553465534001589	0.3547283299267292	0.7023302465677261	0.12424580426886678	0.24132107757031918	0.4330274499952793	0.3162391483783722	0.4122873842716217	0.5331550911068916	0.4300578273832798	0.4321756474673748	0.08343941532075405	0.21120271552354097
106331	0	9.155162499286234	2.492567382287234	5.151162017369643	6.866911071352661	4.2042295560240746	13.5768000530079	2.6623009275645018	5.678578410297632	3.8689389284700155	11.234230229631066	2.9132547406479716	4.35335788410157	8.601412679068744	3.6184351798146963	9.689647822640836	9.360902795568109	8.210544285364449	9.301336413249373	2.037052644882351	3.0231749550439417
106966	0	0.07571560144424438	0.02123730443418026	0.046629730612039566	0.05678670480847359	0.041551247239112854	0.06879039853811264	0.023545706644654274	0.054939981549978256	0.05170821771025658	0.07940904796123505	0.028162511065602303	0.04385964944958687	0.05586334317922592	0.0429362878203392	0.041551247239112854	0.06555863469839096	0.07156047970056534	0.07202216237783432	0.014312095940113068	0.04385964944958687
1072176	1	0.28209438174963	0.09953079093247652	0.30463508516550064	0.334196288138628	0.20825829729437828	0.31677866354584694	0.11896658502519131	0.32933806627988815	0.3153179921209812	0.4600290581583977	0.1392869632691145	0.20195755176246166	0.24409160763025284	0.17605594545602798	0.25810906663537025	0.4286568611860275	0.2525678612291813	0.28941911086440086	0.07672888925299048	0.16398094408214092
109270	0	0.3698541820049286	0.09928820538334548	0.408545084297657	0.41324322298169136	0.1458899201825261	0.3676038235425949	0.18312876671552658	0.3458877094089985	0.2625281569780782	0.5445389300584793	0.09913945477455854	0.22143471660092473	0.5015918612480164	0.33363222051411867	0.3910723030567169	0.40297189727425575	0.33676235750317574	0.273238742724061	0.11826793430373073	0.1813805177807808
1094373	0	0.2912886068224907	0.07510010898113251	0.3118136189877987	0.3808015175163746	0.22436441853642464	0.3208117224276066	0.18239174410700798	0.4202284701168537	0.308748722076416	0.555187463760376	0.16870916448533535	0.28020254522562027	0.3500136099755764	0.22447841614484787	0.30376600846648216	0.4581073597073555	0.4314296804368496	0.38826604187488556	0.07437731046229601	0.24991349503397942
10986	0	0.7172730304300785	0.14413134660571814	0.7427639253437519	0.675647146999836	0.47905439138412476	0.6662892550230026	0.217747681774199	0.8278513178229332	0.7128758877515793	0.9571228064596653	0.4425875321030617	0.7509084306657314	0.48744897823780775	0.3269162531942129	0.6200455613434315	1.100301206111908	0.7341832928359509	0.8484281040728092	0.08752452838234603	0.4608993176370859
10987	0	0.5392892509698868	0.1427360950037837	0.5150937512516975	0.48069548048079014	0.42985191754996777	0.5313148871064186	0.16437544068321586	0.6580956876277924	0.5190874077379704	0.8156982660293579	0.2514152508229017	0.5542816668748856	0.2998128952458501	0.2665335964411497	0.47440533339977264	0.8955252394080162	0.5248491950333118	0.5879932530224323	0.07531844824552536	0.2736269533634186
10989	0	0.46078329160809517	0.18581424467265606	0.7791672088205814	0.6910665184259415	0.7856580168008804	0.45935041829943657	0.280977894552052	0.8682566471397877	0.7701965309679508	1.227091632783413	0.2827413035556674	0.8031715452671051	0.4306233450770378	0.3777405545115471	0.5090998839586973	1.059419758617878	0.6847839392721653	0.7629038356244564	0.08395723672583699	0.49719628132879734
10990	0	0.48848631978034973	0.18763206712901592	0.8075334802269936	0.7240975722670555	0.8074452579021454	0.4886049907654524	0.2883827416226268	0.928685124963522	0.8204080536961555	1.3560759648680687	0.3012921018525958	0.9067087769508362	0.46406411193311214	0.4387756772339344	0.5754383187741041	1.1829417943954468	0.7827474474906921	0.8232762813568115	0.09918729355558753	0.5282166805118322
10991	0	0.9835900478065014	0.1936144377104938	0.8512297496199608	0.5479788891971111	0.565252149477601	0.7761505134403706	0.24976853700354695	0.7399101182818413	0.7864288948476315	1.212505541741848	0.33473506197333336	0.6730483695864677	0.5134175214916468	0.40899980068206787	0.634934900328517	1.2400704212486744	0.8009746707975864	0.9375352039933205	0.08929370762780309	0.46056156791746616
10995	0	0.18345890194177628	0.011979714967310429	0.10063163191080093	0.11440780013799667	0.058988507837057114	0.15021048858761787	0.025296899490058422	0.09693385660648346	0.10590821504592896	0.1973557323217392	0.047798193991184235	0.09559638798236847	0.1475355476140976	0.067052798345685	0.10130036622285843	0.14261307567358017	0.12323780357837677	0.13073823601007462	0.02586075570434332	0.07309509441256523
11002	0	0.16437163949012756	0.010751941939815879	0.12033506110310555	0.127382081001997	0.05720895156264305	0.1330910474061966	0.02505417913198471	0.09774880111217499	0.1212628111243248	0.19087101519107819	0.05309372581541538	0.0942520759999752	0.13638566434383392	0.07696447148919106	0.10201865434646606	0.1261986494064331	0.16015535593032837	0.10788224264979362	0.02685611415654421	0.06811552122235298
11023	0	0.3384690433740616	0.13717248290777206	0.16473910585045815	0.17465289309620857	0.19324335642158985	0.22143518552184105	0.09011149033904076	0.21867306903004646	0.1841750666499138	0.4357459023594856	0.13298211805522442	0.15161214396357536	0.16884763911366463	0.09066479094326496	0.1764269322156906	0.3080095238983631	0.2702913396060467	0.3571535721421242	0.02732665976509452	0.1582677010446787
11024	0	0.2629334032535553	0.08486862853169441	0.16965669766068459	0.149231918156147	0.09941013157367706	0.16258952021598816	0.08386818692088127	0.18080561235547066	0.18101124092936516	0.256087563931942	0.054370639845728874	0.11510378122329712	0.18470917642116547	0.08831540681421757	0.15699974074959755	0.18881938606500626	0.20843768119812012	0.2379489243030548	0.029262179043143988	0.10557019338011742
11240	0	0.43436839431524277	0.1655212240293622	0.5309509076178074	0.5015331283211708	0.3180857188999653	0.6645687520503998	0.19182691629976034	0.6521358340978622	0.3905993886291981	0.8982418030500412	0.235315615311265	0.4235404934734106	0.37552879750728607	0.3757835924625397	0.42635353282094	0.8312155790627003	0.45461138896644115	0.5827393792569637	0.23176565812900662	0.3153139427304268
11241	0	0.6721369065344334	0.21417506551370025	0.4916291665285826	0.40553236193954945	0.2792256409302354	0.9034373089671135	0.10213472973555326	0.5416311249136925	0.4148065820336342	0.9357956722378731	0.15881088096648455	0.25687017291784286	0.4539041742682457	0.2833251692354679	0.5095245540142059	0.7850494310259819	0.4652930572628975	0.6292770355939865	0.21663697459734976	0.28080405481159687
11246	0	0.46938020549714565	0.1937239372637123	0.5176698486320674	0.6155149955302477	0.37438027188181877	0.40589793864637613	0.3108734143897891	1.0422606132924557	0.760973097756505	1.097321167588234	0.29826830653473735	0.848204992711544	0.40726763661950827	0.3895026044920087	0.3884183391928673	0.8936780542135239	0.9114397848024964	0.5734658259898424	0.0717053865082562	0.43005352932959795
11263	0	0.699043832719326	0.24916442949324846	0.6208152584731579	0.5558683574199677	0.3436252223327756	0.5251618586480618	0.24262906424701214	0.8769145030528307	0.6027683094143867	1.0653038620948792	0.36795540153980255	0.5603017620742321	0.4683434246107936	0.3477818686515093	0.5783134084194899	0.8178134188055992	0.7360609490424395	0.7900143601000309	0.15445526270195842	0.39766551181674004
11292	1	0.2412053942680359	0.0901945496443659	0.3029908016324043	0.3362765237689018	0.20151646062731743	0.3235853463411331	0.11985968425869942	0.28918930515646935	0.31231944635510445	0.4791569486260414	0.13515513017773628	0.21864795126020908	0.2426288090646267	0.1631939895451069	0.29101476818323135	0.4340108186006546	0.2738063521683216	0.305290050804615	0.08029265981167555	0.15966501645743847
11307	0	0.3277830295264721	0.1137677077203989	0.39676838368177414	0.32900161668658257	0.18470991030335426	0.3537716269493103	0.16405327804386616	0.4664338007569313	0.41451461613178253	0.45550599321722984	0.21486249193549156	0.3051133491098881	0.2294806856662035	0.16295711882412434	0.2673209998756647	0.559212364256382	0.3902086466550827	0.3409126549959183	0.07095283293165267	0.2526688948273659
11318	1	0.3390991576015949	0.11808297876268625	0.2645510584115982	0.46954211220145226	0.19452100526541471	0.33843301981687546	0.13611997198313475	0.3246002867817879	0.4520503990352154	0.5917718261480331	0.1572267934679985	0.23386015743017197	0.2726826276630163	0.24184119328856468	0.3225129060447216	0.4190821908414364	0.3965375982224941	0.39603104442358017	0.09748281352221966	0.2339708562940359
114424	0	2.4122713059186935	0.7088908337755129	1.4392455220222473	1.992535524070263	1.5787003715522587	1.6729824133217335	0.7029901649802923	1.8498919950798154	1.6449600867927074	3.2534289211034775	0.8406969178467989	1.8395412750542164	1.674746436998248	1.1841351399198174	1.9478393457829952	2.415413212031126	1.9129603188484907	2.246547132730484	0.48056126898154616	1.2016618670895696
1146873	0	2.423925507813692	0.3822388818953186	1.3088502418249846	1.4295411240309477	0.8380486993119121	1.7705492191016674	0.47853584098629653	0.6888612620532513	0.4621992122847587	2.38993876054883	0.48724022414535284	0.7014853088185191	1.9947143476456404	0.9944783505052328	2.5599195398390293	1.8818414844572544	1.3276089280843735	1.7957050278782845	0.34205689979717135	0.7422610754147172
1155188	0	0.07709648460149765	0.014427412301301956	0.06176735833287239	0.0504959411919117	0.05184851214289665	0.08160504698753357	0.024346258491277695	0.03651938587427139	0.0504959411919117	0.08746618777513504	0.022091975435614586	0.037421099841594696	0.05590622127056122	0.037421099841594696	0.04328223690390587	0.057709649205207825	0.07168620079755783	0.08926961570978165	0.011271415278315544	0.03787195682525635
11569	1	0.3567030541598797	0.1405156198889017	0.32114215567708015	0.4255190081894398	0.2391568385064602	0.3254990242421627	0.14253045991063118	0.3433121405541897	0.40386418253183365	0.5441246256232262	0.15269179875031114	0.23934249952435493	0.2836583573371172	0.243344871327281	0.3361410014331341	0.4481445923447609	0.34462080150842667	0.3823757469654083	0.11360830720514059	0.21370491199195385
1157337	0	0.7332065813243389	0.13640431710518897	0.6514778770506382	0.40986571554094553	0.40006479248404503	0.6450243629515171	0.20804991573095322	0.5638975575566292	0.438972856849432	0.9605347216129303	0.3100505154579878	0.45718709751963615	0.5099838487803936	0.34001974761486053	0.5283313877880573	0.7864790111780167	0.7245685830712318	0.7500718645751476	0.1465524397790432	0.29925681091845036
1159195	0	0.2709954157471657	0.0927514024078846	0.17024142295122147	0.14834794774651527	0.1135463248938322	0.16420496627688408	0.07894567027688026	0.14753064885735512	0.17147141695022583	0.2624087482690811	0.0779168326407671	0.09878394939005375	0.17741763964295387	0.08475646376609802	0.1799471527338028	0.17762260884046555	0.21133749559521675	0.2388792410492897	0.0322657129727304	0.10062893852591515
1159902	0	0.6058324836194515	0.2507612914778292	0.5987430112436414	0.38271172530949116	0.47877830266952515	0.47776141483336687	0.2536479337140918	0.7946428656578064	0.4696181323379278	0.8801375888288021	0.21945251431316137	0.5629412736743689	0.41940616723150015	0.39553750678896904	0.33223029039800167	0.8835879378020763	0.6746689341962337	0.7437529861927032	0.10710304230451584	0.46868457831442356
1159904	0	0.639101430773735	0.2699631368741393	0.44343772530555725	0.3160057719796896	0.4012878192588687	0.4411241924390197	0.26484752260148525	0.6688221246004105	0.5274473577737808	1.358503270894289	0.27983938716351986	0.4198663607239723	0.48264055326581	0.37230351008474827	0.34615644440054893	0.5122670400887728	0.8553471583873034	0.8289292976260185	0.1547793410718441	0.4173305593430996
1159907	0	0.4106214549392462	0.13321903254836798	0.3274335451424122	0.2164483219385147	0.20007707457989454	0.3321310579776764	0.1362575376406312	0.420124065130949	0.32458562031388283	0.623885553330183	0.11231632437556982	0.3174483682960272	0.32191914319992065	0.2675933241844177	0.2390722893178463	0.425713125616312	0.39809597842395306	0.47871343046426773	0.06813169876113534	0.24621306732296944
1159908	0	0.6061038952320814	0.3032915838994086	0.6500825323164463	0.3341856971383095	0.5488811545073986	0.4252605680376291	0.17767160572111607	0.682669673115015	0.43085754476487637	1.13944136723876	0.17860816325992346	0.43784746155142784	0.5967433340847492	0.3656330807134509	0.34077506978064775	0.817430891096592	0.5804578103125095	0.8511551283299923	0.1280643600039184	0.4048391319811344
11636	0	0.4663847088813782	0.09169863164424896	0.2110952828079462	0.3605056684464216	0.1642566379159689	0.44930268451571465	0.10729227680712938	0.33288327045738697	0.21387121826410294	0.6597046107053757	0.13404054520651698	0.18414389342069626	0.6611151024699211	0.2777566406875849	0.3678883798420429	0.35637351870536804	0.3816687650978565	0.32077644765377045	0.0887420866638422	0.17049969546496868
11642	1	0.32499221712350845	0.1037851832807064	0.3058765158057213	0.4148862436413765	0.1746148057281971	0.3569810725748539	0.1406262656673789	0.3311162143945694	0.3723214650526643	0.4576066583395004	0.11625976022332907	0.26624859869480133	0.4412313736975193	0.28256138414144516	0.3379383198916912	0.46238528937101364	0.37774011492729187	0.35082651674747467	0.1549934446811676	0.22700856812298298
11657	0	0.17804661765694618	0.064279705286026	0.13081904873251915	0.2108372375369072	0.0845926832407713	0.19384163990616798	0.06932511553168297	0.2002701498568058	0.20028436928987503	0.288182832300663	0.057962749153375626	0.14207128435373306	0.16653191298246384	0.16423827037215233	0.1501530148088932	0.18130767345428467	0.18511413037776947	0.1703544408082962	0.0796588221564889	0.08212832175195217
11660	0	0.2188363689929247	0.10482095647603273	0.15744075924158096	0.2986154183745384	0.08844331093132496	0.29570505768060684	0.09445221070200205	0.2297540195286274	0.3216140568256378	0.3102368637919426	0.12850009463727474	0.173813933506608	0.16101363487541676	0.2622862868010998	0.2744804359972477	0.17305419594049454	0.20023306086659431	0.2160274274647236	0.1650959625840187	0.1255759447813034
11665	0	0.16271830722689629	0.06582515873014927	0.12363289296627045	0.20219674706459045	0.08892608992755413	0.22080526500940323	0.06552318204194307	0.21609660983085632	0.22887884452939034	0.24983344227075577	0.0695098266005516	0.17835495248436928	0.15114479511976242	0.1853029653429985	0.12620678544044495	0.1635095439851284	0.18720924854278564	0.1549801155924797	0.06847426295280457	0.09087096154689789
11673	0	0.33956507593393326	0.17516333237290382	0.3529431875795126	0.5879967138171196	0.24538596719503403	0.38453602883964777	0.09262625500559807	0.4362315461039543	0.5343633405864239	0.62138307467103	0.23950273636728525	0.2539708176627755	0.31316345650702715	0.3337574414908886	0.44326673448085785	0.3978398200124502	0.42306094989180565	0.3874548673629761	0.2225412204861641	0.21524754911661148
1170234	0	0.25231340527534485	0.0847651856020093	0.3313879370689392	0.28244107589125633	0.19297065399587154	0.37903793901205063	0.10010573966428638	0.5804038047790527	0.35266541689634323	0.6025634333491325	0.15303492173552513	0.3811023682355881	0.28738000988960266	0.21673431061208248	0.2738930732011795	0.525815412402153	0.3988794945180416	0.31442661210894585	0.04983916087076068	0.2402400691062212
11746	0	0.3665603771805763	0.0685783103108406	0.20205895975232124	0.15300018340349197	0.23152683302760124	0.3637145273387432	0.1065128780901432	0.3089783824980259	0.20913388580083847	0.5860213562846184	0.0771617516875267	0.17993172630667686	0.336652435362339	0.32127685099840164	0.2568133473396301	0.3928154595196247	0.31437302753329277	0.3177937902510166	0.07524826005101204	0.1318476852029562
11757	0	0.29425612837076187	0.07316461950540543	0.27200596407055855	0.28195810317993164	0.16781754605472088	0.34178832173347473	0.12386202067136765	0.280873304232955	0.3281163051724434	0.5397547259926796	0.10110085271298885	0.16529620252549648	0.3267534226179123	0.2232399880886078	0.277066670358181	0.3580198884010315	0.3033241033554077	0.2842819504439831	0.10509300231933594	0.1522269295528531
1175848	1	0.31339016929268837	0.14968325523659587	0.2994808033108711	0.35850420594215393	0.1931718774139881	0.5176111422479153	0.13870684802532196	0.324883995577693	0.28725886158645153	0.4722375087440014	0.10607173712924123	0.23418929800391197	0.2951613962650299	0.2926200218498707	0.35167745500802994	0.42762137949466705	0.4233408011496067	0.5185457803308964	0.05593979777768254	0.23990361392498016
1175849	1	0.30122362077236176	0.20883128070272505	0.3368629291653633	0.3719633836299181	0.23008744232356548	0.3110491931438446	0.10412371344864368	0.28687163442373276	0.2893272005021572	0.6300790458917618	0.11897825729101896	0.28948746621608734	0.29471597634255886	0.21452481392771006	0.422876812517643	0.49746648594737053	0.40013255551457405	0.4170265793800354	0.05624136468395591	0.2181302346289158
1175850	1	0.40237508714199066	0.21055208425968885	0.35709982365369797	0.4523940831422806	0.3373146168887615	0.42386581376194954	0.14921667147427797	0.40187227353453636	0.32779720798134804	0.6073709800839424	0.11620966298505664	0.277711758390069	0.35019965283572674	0.3015965912491083	0.4013218991458416	0.5583254955708981	0.5086117088794708	0.4367464631795883	0.08185080531984568	0.2975673507899046
1175851	1	0.3040372785180807	0.238242800347507	0.3398872893303633	0.37991875410079956	0.28327546641230583	0.30029768496751785	0.14871966745704412	0.3061387576162815	0.316072640940547	0.5833305865526199	0.07876323722302914	0.30414678901433945	0.33568327501416206	0.2861842252314091	0.32984571903944016	0.41780172288417816	0.36990195512771606	0.38910702243447304	0.09205395355820656	0.19659112114459276
1175852	1	0.4151683021336794	0.22291316813789308	0.41380883008241653	0.44950195401906967	0.34200639836490154	0.3933294117450714	0.1327173262834549	0.4358884170651436	0.36391719058156013	0.6358484737575054	0.10193747864104807	0.2735765175893903	0.3996048532426357	0.3348425757139921	0.3754290025681257	0.500191155821085	0.4337376281619072	0.47270839661359787	0.09373189753387123	0.20914104115217924
11768	0	0.2135765105485916	0.05420134402811527	0.13008954375982285	0.1675274670124054	0.08346026204526424	0.19724322110414505	0.07029823213815689	0.12229879945516586	0.16267724707722664	0.3386601507663727	0.040147703140974045	0.09034217149019241	0.266180194914341	0.1632993407547474	0.1761951744556427	0.18590634688735008	0.22253970801830292	0.15792804583907127	0.06845077686011791	0.0889777559787035
11786	0	0.19393645599484444	0.06203127279877663	0.1430618353188038	0.1635959967970848	0.08123836480081081	0.2121719941496849	0.0699994470924139	0.086440060287714	0.15270201116800308	0.34818337112665176	0.03765358589589596	0.09656026028096676	0.2752038761973381	0.14375857263803482	0.19144219160079956	0.19196223840117455	0.22558819502592087	0.16809669882059097	0.06971041299402714	0.08666317164897919
11809	0	0.3272935710847378	0.057745825964957476	0.21778056025505066	0.19340495020151138	0.07343077519908547	0.24420256912708282	0.11951273307204247	0.13212057761847973	0.1681775003671646	0.49067865312099457	0.05315937055274844	0.12174135074019432	0.3693571835756302	0.2265712395310402	0.2644321098923683	0.24099655076861382	0.277285423129797	0.2571555972099304	0.06858197972178459	0.09637146908789873
118140	0	0.09033162891864777	0.01950998231768608	0.07581257447600365	0.1171836368739605	0.07036792859435081	0.19625474885106087	0.09222900681197643	0.09264148026704788	0.12489688396453857	0.15801847726106644	0.04858934320509434	0.13718858361244202	0.13533245772123337	0.057663753628730774	0.11219270899891853	0.1498515084385872	0.10670681670308113	0.11124402284622192	0.016787659376859665	0.08719683438539505
11827	1	0.2943924516439438	0.10580107849091291	0.19109782949090004	0.23312584683299065	0.15007691085338593	0.4084203988313675	0.10101792123168707	0.33491697534918785	0.26703605335205793	0.445086769759655	0.09846899658441544	0.18543736450374126	0.41277726367115974	0.3173431493341923	0.230199059471488	0.3722837567329407	0.2756500542163849	0.31346575915813446	0.11390446312725544	0.14949792437255383
11840	0	0.22175924107432365	0.05698140524327755	0.13741132989525795	0.1705942638218403	0.07959979213774204	0.1932295560836792	0.054218354634940624	0.12059234455227852	0.15845992788672447	0.34959691017866135	0.026503104716539383	0.09556855261325836	0.25159287452697754	0.14192380756139755	0.20037760958075523	0.20191401988267899	0.21039024740457535	0.18194424733519554	0.07386506535112858	0.07347733713686466
11855	0	0.2942875325679779	0.08451200556010008	0.22676044516265392	0.21217826940119267	0.17609715461730957	0.36222949251532555	0.16954487888142467	0.30480893701314926	0.33380410820245743	0.4650571644306183	0.08256680937483907	0.2545191068202257	0.3270443566143513	0.3188488930463791	0.14988653734326363	0.3552526906132698	0.38584157079458237	0.2478136420249939	0.11082483362406492	0.13812162913382053
11856	0	0.3663588836789131	0.14188161864876747	0.27560826390981674	0.1755863968282938	0.214649704284966	0.4151826687157154	0.1973594818264246	0.2892503924667835	0.26146363466978073	0.6008266806602478	0.14477658737450838	0.4267003685235977	0.589340016245842	0.3361959308385849	0.2581493565812707	0.3454997092485428	0.4662385620176792	0.232827540487051	0.06593796238303185	0.1961663570255041
11864	0	0.28123338520526886	0.1099051060155034	0.15211312845349312	0.23049868643283844	0.11418818030506372	0.31456391513347626	0.09935844969004393	0.2872907184064388	0.2554284408688545	0.42440269887447357	0.13439286965876818	0.11509272642433643	0.22843971103429794	0.13337437063455582	0.17545896396040916	0.24151386693120003	0.23762505501508713	0.23853518441319466	0.06943180039525032	0.15715272072702646
11901	0	0.6759235262870789	0.13765708450227976	0.353241179138422	0.5999241061508656	0.1982613755390048	0.6626962050795555	0.17487745080143213	0.37691260874271393	0.19906735699623823	1.0124586932361126	0.12367232237011194	0.2561595793813467	0.7927747629582882	0.385508107021451	0.43839287757873535	0.4968488961458206	0.3778379578143358	0.4509015753865242	0.15562808699905872	0.13125623855739832
1193974	1	0.10316040553152561	0.018695849925279617	0.07762460969388485	0.049703601747751236	0.0923217236995697	0.1993405669927597	0.0484408438205719	0.16184363141655922	0.10189764574170113	0.16173840314149857	0.04798484779894352	0.1238907054066658	0.08218457363545895	0.03875968977808952	0.12161072343587875	0.12515346333384514	0.16959556937217712	0.17050755769014359	0.014135886915028095	0.09140973165631294
11970	0	0.2506217621266842	0.08711681701242924	0.1722048819065094	0.3178177997469902	0.13215340115129948	0.26368118450045586	0.11369254998862743	0.20428120531141758	0.1779651716351509	0.4826725199818611	0.051564584486186504	0.08989925496280193	0.314121525734663	0.16945083439350128	0.3149587884545326	0.2782893031835556	0.19899975880980492	0.27577873319387436	0.05387332709506154	0.05085662193596363
11976	0	0.15233850479125977	0.023434171453118324	0.07418818213045597	0.0806557945907116	0.07764777168631554	0.16514626890420914	0.027720422483980656	0.09343807026743889	0.11181031167507172	0.2014646828174591	0.05975258722901344	0.1848987117409706	0.070779575034976	0.07767326384782791	0.08747300878167152	0.16690155863761902	0.09421374835073948	0.17880618572235107	0.015764806419610977	0.05589241161942482
11978	0	0.21632105112075806	0.03403461538255215	0.18140393868088722	0.12736353650689125	0.1258532553911209	0.19050100445747375	0.055402571335434914	0.19577567651867867	0.14173270016908646	0.29696083068847656	0.060656480491161346	0.19113413244485855	0.13459179550409317	0.17993623204529285	0.16394333355128765	0.2109423652291298	0.17236746102571487	0.1870959997177124	0.034793189726769924	0.09918985888361931
12064	0	0.11087875068187714	0.040815720334649086	0.09864293783903122	0.0972636267542839	0.08393029123544693	0.16665925085544586	0.04403411224484444	0.08972932770848274	0.0940452367067337	0.22070448845624924	0.03925843443721533	0.06150537542998791	0.09588431566953659	0.07455691322684288	0.16655543074011803	0.11629217863082886	0.14377456903457642	0.1661994755268097	0.03575824946165085	0.05351130943745375
12066	1	0.17816956713795662	0.0626811059191823	0.08062121365219355	0.09579281508922577	0.13548476994037628	0.21900269761681557	0.07658152282238007	0.1607708502560854	0.09886355511844158	0.4088226482272148	0.08729577623307705	0.09715831279754639	0.15735385194420815	0.08041148073971272	0.1841711439192295	0.23540978133678436	0.1744193285703659	0.22424036264419556	0.09996070712804794	0.14278853684663773
1208309	1	0.4620680697262287	0.12966619431972504	0.24296566098928452	0.32065905444324017	0.28494217433035374	0.3040693402290344	0.0721547668799758	0.22632207721471786	0.3627041080035269	0.5286975726485252	0.13284678105264902	0.17067116685211658	0.23936168663203716	0.1740818191319704	0.2013966254889965	0.28566383197903633	0.2833649944514036	0.36166108399629593	0.07140730740502477	0.14529570564627647
122291	0	0.3322886638343334	0.205370653886348	0.41097892075777054	0.35549237579107285	0.2523589376360178	0.4065668322145939	0.09661175590008497	0.3033919483423233	0.2652879785746336	0.5600884556770325	0.09072149405255914	0.2677278183400631	0.3819097951054573	0.2882045600563288	0.35700568184256554	0.4493947811424732	0.35316304489970207	0.40024539828300476	0.07185949478298426	0.1513314126059413
1231709	1	0.2412802316248417	0.1203814186155796	0.2004851344972849	0.24338619224727154	0.19090391881763935	0.26594747230410576	0.07503123860806227	0.21613666415214539	0.2248502664733678	0.43075163662433624	0.09527304116636515	0.1790988389402628	0.21610322408378124	0.16347957588732243	0.17763229832053185	0.24086255952715874	0.23322950676083565	0.2793428711593151	0.07052719360217452	0.13529674150049686
1231903	0	0.288254477083683	0.07871596701443195	0.1672442965209484	0.12839691154658794	0.10815007612109184	0.14629560336470604	0.07332076132297516	0.1400984637439251	0.14004912972450256	0.2623990923166275	0.06446874793618917	0.11297732591629028	0.20000003278255463	0.08460437320172787	0.1733694113790989	0.2233358547091484	0.25433502346277237	0.21894176304340363	0.02881626272574067	0.10622638836503029
1233383	1	0.10156029835343361	0.03086742013692856	0.0924915112555027	0.08128684386610985	0.10885393619537354	0.14937236160039902	0.045233190059661865	0.11026836186647415	0.13323144242167473	0.16823139041662216	0.044179489836096764	0.08247977122664452	0.12993111088871956	0.0679747723042965	0.11966939270496368	0.1617414876818657	0.1381961777806282	0.13159551471471786	0.02473823633044958	0.07809726521372795
1239437	0	0.21667373552918434	0.04466669075191021	0.16906113177537918	0.16984578222036362	0.13911637291312218	0.17844439670443535	0.05225188285112381	0.15136344730854034	0.20269893109798431	0.26376503705978394	0.06333022937178612	0.10954673774540424	0.15434029512107372	0.11297849752008915	0.13717084750533104	0.20138872787356377	0.22911692783236504	0.237702377140522	0.06826045922935009	0.09827744960784912
1239438	0	0.19178535416722298	0.03870674502104521	0.16628321260213852	0.17740827798843384	0.128657516092062	0.2152826003730297	0.04435491096228361	0.15165897831320763	0.1934272013604641	0.27361395955085754	0.0684772040694952	0.10076268576085567	0.17012616991996765	0.1472351923584938	0.1576150879263878	0.17774340137839317	0.2452312558889389	0.20707567036151886	0.05077270790934563	0.09378187358379364
1239439	0	0.17355878092348576	0.04807696910575032	0.16826095804572105	0.195728350430727	0.12538258358836174	0.17400376498699188	0.041388669051229954	0.15842798352241516	0.2160048969089985	0.25374411791563034	0.07537279650568962	0.14085175096988678	0.14063113555312157	0.14421925693750381	0.15974975004792213	0.18416789546608925	0.2126285806298256	0.22694534063339233	0.064265675842762	0.09659074246883392
1239566	0	0.20997093617916107	0.04703040001913905	0.1897260919213295	0.17540591582655907	0.11664614267647266	0.21039024740457535	0.06953004188835621	0.13177824392914772	0.17912333458662033	0.2580210044980049	0.0731535367667675	0.10947514325380325	0.1667277254164219	0.1175408586859703	0.17723558098077774	0.18691790103912354	0.1598985567688942	0.23332855850458145	0.07305040955543518	0.11504936404526234
1239567	0	0.14240244403481483	0.027414844371378422	0.10037455707788467	0.1300930231809616	0.07767246477305889	0.1429651603102684	0.03719204384833574	0.10934285074472427	0.11254330351948738	0.15919601917266846	0.040884871035814285	0.09645313024520874	0.11046828702092171	0.06757873855531216	0.12001688405871391	0.12895000353455544	0.16821706295013428	0.12794766947627068	0.03800094872713089	0.062285684049129486
1239569	0	0.16872520372271538	0.04306877963244915	0.16793213412165642	0.1720573976635933	0.14665737748146057	0.20363621786236763	0.06682328600436449	0.15614508837461472	0.18609213456511497	0.2532399222254753	0.055235800333321095	0.13631214573979378	0.18524447828531265	0.1364744007587433	0.14656013995409012	0.20790525525808334	0.20752494409680367	0.20716792717576027	0.058369046077132225	0.09482833556830883
1239574	0	0.22785576060414314	0.04357711039483547	0.18831311166286469	0.17943214625120163	0.12632036954164505	0.20503222942352295	0.06684969924390316	0.12241136282682419	0.19349845498800278	0.24347078055143356	0.06829655729234219	0.11405336484313011	0.18098875880241394	0.09323768876492977	0.16631029546260834	0.18821124732494354	0.18877224251627922	0.23704321682453156	0.06496909260749817	0.10135651379823685
1239577	0	0.23695365712046623	0.03392026945948601	0.16493526101112366	0.17630171030759811	0.12227797135710716	0.19443030655384064	0.05532895214855671	0.12621735408902168	0.17862525209784508	0.25785598903894424	0.07613298669457436	0.12347062677145004	0.18157007545232773	0.10558763891458511	0.16451920568943024	0.1941220425069332	0.17475951462984085	0.23951179534196854	0.0697408877313137	0.12373850122094154
1244203	0	0.5913712941110134	0.33657726971432567	0.44385452941060066	0.3415357517078519	0.5638649873435497	0.5497053014114499	0.1944931922480464	0.5954030156135559	0.3882671603932977	0.9516289755702019	0.27903670631349087	0.4684203052893281	0.4035296905785799	0.33464266173541546	0.36079747322946787	0.7814302071928978	0.649113823659718	1.098262432962656	0.1594361811876297	0.5086290799081326
12455	1	0.29754598066210747	0.07882952969521284	0.2789507582783699	0.27977079898118973	0.19202646519988775	0.27962835878133774	0.10801264457404613	0.30645032227039337	0.24136097729206085	0.552015870809555	0.1379992552101612	0.18689322657883167	0.3146589621901512	0.17651322670280933	0.30704571679234505	0.4254056140780449	0.3155074678361416	0.2955586910247803	0.058824654668569565	0.16700145229697227
1247113	1	0.18250692263245583	0.04711640905588865	0.17159908264875412	0.185483168810606	0.10168106108903885	0.21262536942958832	0.05942831188440323	0.1610831581056118	0.2122790887951851	0.24745433032512665	0.07394959777593613	0.12384993582963943	0.14380590990185738	0.12596869096159935	0.1430000253021717	0.1738075278699398	0.20750240609049797	0.22336547076702118	0.0881760660558939	0.11531746201217175
1247114	1	0.17125480249524117	0.0497376648709178	0.15913747251033783	0.18893911689519882	0.13477425277233124	0.20254632085561752	0.06619828008115292	0.1534251645207405	0.15713875368237495	0.26531771570444107	0.07792183943092823	0.14428406581282616	0.15389897301793098	0.10157884657382965	0.15949555858969688	0.1907893493771553	0.20103878900408745	0.22313453629612923	0.0635573398321867	0.13583114743232727
12538	1	0.2509590573608875	0.10127592785283923	0.3007074147462845	0.3638177439570427	0.21105413511395454	0.29925334081053734	0.11999472603201866	0.31878580152988434	0.3051133118569851	0.4495338276028633	0.14294673316180706	0.21029653400182724	0.2541862428188324	0.15596052631735802	0.27274826169013977	0.4334423467516899	0.24702034145593643	0.3281479477882385	0.07890811935067177	0.1558476686477661
1256869	0	0.2800314351916313	0.061274193692952394	0.2714213356375694	0.3383869081735611	0.2044430561363697	0.3283134922385216	0.10907892417162657	0.28563511930406094	0.34386710077524185	0.4522041156888008	0.1638050377368927	0.2274920530617237	0.2794497720897198	0.1916938591748476	0.23280787840485573	0.3951466530561447	0.2720262110233307	0.3280710428953171	0.09066308941692114	0.14418873563408852
12643	0	8.117009363370016	4.884631364606321	15.146667502820492	11.739578804001212	9.314234354533255	9.20143854059279	4.711298832204193	21.120399178937078	15.415374567732215	18.26115878112614	6.553150581661612	15.119546864181757	6.6570710046216846	4.882702817674726	9.066254022531211	16.126507813110948	13.032278950326145	13.53382267523557	1.5440658298321068	11.572808592580259
12657	0	6.649227224290371	2.4072711961343884	4.2141515873372555	5.227027746848762	4.367851328104734	6.832634303718805	1.972985653905198	3.6666769590228796	4.369066077284515	9.679256340488791	2.2672319835983217	3.50855754641816	5.737642121501267	2.938637644983828	6.390064811334014	7.321842978708446	4.977197639644146	7.308159163221717	1.3853981141000986	2.7791196638718247
12721	1	0.44587554410099983	0.12730515468865633	0.33631021343171597	0.5288371704518795	0.2651301249861717	0.5150549933314323	0.19258323032408953	0.3667108453810215	0.4167993376031518	0.5779896751046181	0.17854606360197067	0.22494617383927107	0.4326840043067932	0.3454608600586653	0.520879402756691	0.31536173820495605	0.4144039824604988	0.3374750632792711	0.2079180171713233	0.2497284021228552
12804	0	0.20294751971960068	0.10599498823285103	0.21478493884205818	0.24582398310303688	0.13117175363004208	0.27890288457274437	0.07100082095712423	0.2669096253812313	0.29075466841459274	0.39976174384355545	0.10435903817415237	0.20177321508526802	0.2078852877020836	0.24500121176242828	0.2125244289636612	0.15915534272789955	0.1970994956791401	0.19769442453980446	0.1332492372021079	0.13320543430745602
129728	0	15.297076761722565	3.4956218495499343	7.77309996355325	7.634261589497328	5.348493398167193	7.412249458953738	2.6946500106714666	4.5239729061722755	4.12422967562452	13.05091753974557	4.041572883259505	3.7816491138655692	7.343652411364019	2.8714624727144837	11.354058370925486	8.453528045676649	6.179062243551016	11.252638544887304	0.8997578645357862	3.4680454707704484
1297661	0	0.5746967196464539	0.14656655211001635	0.3530362881720066	0.26794188283383846	0.2751014530658722	0.38239178247749805	0.17991750966757536	0.5038874112069607	0.29479906149208546	0.6297784745693207	0.12174306623637676	0.43151599913835526	0.32914895191788673	0.30543239042162895	0.291559886187315	0.5291560292243958	0.46378030627965927	0.5736809074878693	0.0656905323266983	0.2801747675985098
1298633	0	0.15703950822353363	0.06369621865451336	0.07485453970730305	0.08781197294592857	0.046221863478422165	0.13493339717388153	0.09353468380868435	0.12166973203420639	0.030144695192575455	0.1836625337600708	0.06450007669627666	0.03938906639814377	0.15502986311912537	0.05917930044233799	0.07083524949848652	0.11143010295927525	0.19742382317781448	0.2091754749417305	0.04189634136855602	0.05757158063352108
129950	0	2.5637798123061657	0.6755250783171505	1.3490233230404556	1.7676149504259229	1.4590566279366612	1.7667443864047527	0.7322309575974941	1.2203097250312567	0.9818982071010396	2.9674530159682035	0.6724087139591575	1.122375561390072	1.8240722259506583	1.182421050965786	2.20879540592432	2.2744168750941753	1.780208027921617	2.133791970089078	0.38325045444071293	0.9346237350255251
129952	0	0.6568053811788559	0.3355399062857032	0.38887084275484085	0.6271270364522934	0.6479050386697054	0.6009816601872444	0.311687964014709	0.5303213242441416	0.5510621089488268	1.1447741985321045	0.28718610759824514	0.6994440592825413	0.6112308353185654	0.44844506308436394	0.6352496314793825	0.763821430504322	0.5527865402400494	0.5959394909441471	0.12280261516571045	0.48801881447434425
129953	0	2.606253268197179	0.8821742464788258	1.8146510906517506	1.9762039259076118	1.6162163983099163	2.6291739754378796	0.8017838802188635	1.8366701761260629	1.499368137679994	3.90512303635478	0.9399275425821543	1.2654076963663101	1.9580498356372118	1.2527819517999887	2.6387058086693287	2.998423006385565	1.9632320124655962	2.739907283335924	0.48869457747787237	1.1872522262856364
129954	0	2.836623791605234	0.5612241979688406	1.4488595966249704	2.178278310224414	1.3720786487683654	2.177653469145298	0.677996622864157	1.0521717299707234	0.7962666377425194	2.725963305681944	0.7174192522652447	1.0500399861484766	1.6317185517400503	1.1145855216309428	2.4728997331112623	2.0501544065773487	1.559286369010806	2.3901482187211514	0.4361311071552336	0.7505007465369999
129955	0	1.7141281999647617	0.7479932657442987	1.3667101990431547	1.5519367214292288	1.2999156448058784	1.5481548085808754	0.7207284956239164	1.2401598673313856	1.1717088893055916	2.609515618532896	0.6759510226547718	1.2999306577257812	1.596391818486154	0.9879476875066757	1.6853496609255672	2.0406994968652725	1.5214297845959663	2.042299386113882	0.3274458902888	0.8516029394231737
129956	0	2.109004521742463	0.5461898186476901	1.0773266395553946	1.4841804392635822	0.9978370610624552	1.6618766114115715	0.6768182045780122	0.9852821100503206	0.8056033616885543	2.4876624830067158	0.6351616652682424	0.9236360397189856	1.6650762110948563	1.1176799153909087	1.8549239411950111	1.8076166100800037	1.3088377974927425	1.7336930027231574	0.3754402054473758	0.7461534878239036
1300113	0	0.2940545082092285	0.06868480704724789	0.25984564796090126	0.37513718008995056	0.20029444992542267	0.3093954510986805	0.11178181041032076	0.2635919637978077	0.35565726459026337	0.45038484409451485	0.16220861300826073	0.20182398334145546	0.2587865740060806	0.20862632617354393	0.23765728995203972	0.39356403425335884	0.2634426914155483	0.29669904708862305	0.0977637767791748	0.1905997171998024
130327	0	1.416310560889542	0.8737053304212168	1.1865464597940445	1.4447358511388302	1.7174833584576845	1.2435121657326818	0.6000920749502257	1.7004816811531782	2.0549713214859366	2.874954594299197	0.6283113658428192	1.6359354224987328	1.4452288653701544	1.0998190469108522	1.2754129394888878	2.1956839859485626	1.4659569580107927	1.5153121557086706	0.5200980145018548	1.1054478771984577
130499	0	1.6437839847058058	1.0295905978418887	1.1461832374334335	1.5328943729400635	1.717736192047596	1.3329549077898264	0.8073639451758936	1.7678992059081793	2.176090380176902	3.2329317927360535	0.7100560325197875	1.6549753155559301	1.478411078453064	1.1744577642530203	1.707926418632269	2.1266106329858303	1.41736956872046	1.5883205775171518	0.6108342227526009	1.1436098674312234
1308859	0	0.27400071173906326	0.10229148715734482	0.3928477428853512	0.3245357759296894	0.22810985893011093	0.34472114220261574	0.16945005767047405	0.4643401950597763	0.3805757164955139	0.4915980249643326	0.14925064519047737	0.27804557234048843	0.34429413825273514	0.22732625342905521	0.28137279860675335	0.4927411153912544	0.38363246247172356	0.30764035135507584	0.08391722198575735	0.2793087139725685
1330066	0	0.07024390250444412	0.02634146250784397	0.05560975521802902	0.043414633721113205	0.05024390295147896	0.055121950805187225	0.020975610241293907	0.04829268157482147	0.04731707274913788	0.09073171019554138	0.02487804926931858	0.04878048598766327	0.07121951133012772	0.028780488297343254	0.044878046959638596	0.07999999821186066	0.05756097659468651	0.08487804979085922	0.008292682468891144	0.04243902489542961
1330068	0	0.2052026353776455	0.04960803687572479	0.23327506333589554	0.21673570573329926	0.13230235129594803	0.1956825777888298	0.09120893850922585	0.20803246274590492	0.15255889296531677	0.21436584740877151	0.08756986819207668	0.11567501723766327	0.17613497748970985	0.027567238081246614	0.13148800656199455	0.21090257167816162	0.22707997635006905	0.2015560008585453	0.042229256592690945	0.08082454279065132
1330520	0	0.07628294080495834	0.016181230545043945	0.0527045764029026	0.05362921953201294	0.04484512284398079	0.0702727660536766	0.021729080006480217	0.05963939055800438	0.05362921953201294	0.08183079212903976	0.02727692946791649	0.04392047971487045	0.05039297416806221	0.04207119718194008	0.046232085675001144	0.06241331622004509	0.0702727660536766	0.07489597797393799	0.012944984249770641	0.03883495181798935
1330521	0	0.07897153496742249	0.022038567811250687	0.047291092574596405	0.051882460713386536	0.04545454680919647	0.06978879868984222	0.022038567811250687	0.0610651969909668	0.0541781447827816	0.08080808073282242	0.027548208832740784	0.04637281969189644	0.0555555559694767	0.03581267222762108	0.038567494601011276	0.07300275564193726	0.07070706784725189	0.06427915394306183	0.01515151560306549	0.03948576748371124
133704	0	0.10966146737337112	0.021212121471762657	0.06146823801100254	0.09667808003723621	0.11124635487794876	0.12178268283605576	0.06305312551558018	0.08051223680377007	0.10620007291436195	0.16362368315458298	0.010244706179946661	0.11167744174599648	0.14198047667741776	0.08426524698734283	0.17285406216979027	0.11687587574124336	0.14616458117961884	0.11456827446818352	0.0542538370937109	0.11167744174599648
136966	1	0.37931692972779274	0.06692535988986492	0.17588450387120247	0.21959313377738	0.19816537760198116	0.39937513694167137	0.13439854234457016	0.11610363330692053	0.22080290131270885	0.25811173394322395	0.04997432138770819	0.12945674546062946	0.4197329431772232	0.14316651597619057	0.32272597402334213	0.1476432355120778	0.17836111038923264	0.18165373615920544	0.10791486129164696	0.1506933392956853
137443	0	7.307065329514444	1.77425432857126	4.39366134442389	4.708426955156028	3.6113562965765595	7.437204549089074	2.4494345923885703	4.6077121356502175	3.0316132800653577	9.534474588930607	1.7780244071036577	3.0097549608908594	7.871531579643488	3.366881343536079	7.345236130058765	6.656053837388754	6.060007009655237	5.9884275402873755	1.524442283436656	2.544437753269449
138184	0	5.296245624311268	2.6450992161408067	3.608359052799642	5.14743648795411	4.841894616838545	4.616272412240505	2.1734306409489363	4.506454778835177	5.468240583781153	10.485958593897521	2.1885951270814985	3.925053913379088	4.926831027492881	3.4876032792963088	3.797107041813433	7.361341084353626	5.340402054600418	6.345764218829572	1.0347574681509286	2.8031530177686363
1391667	1	0.16392959654331207	0.04070683475583792	0.11196183832362294	0.14969689957797527	0.1730570811778307	0.18012692779302597	0.07033931324258447	0.21446113288402557	0.2223515436053276	0.3293110951781273	0.07866925280541182	0.18799327686429024	0.14732198417186737	0.14406955800950527	0.11942939274013042	0.15516168251633644	0.24070268124341965	0.08240043092519045	0.09513835795223713	0.0931711196899414
1407638	1	0.11644722148776054	0.04788493737578392	0.37160294130444527	0.3473154418170452	0.154472092166543	0.19034024327993393	0.05952032469213009	0.22420242615044117	0.36990655586123466	0.3245020881295204	0.08066116739064455	0.19962793216109276	0.13587420992553234	0.0984093053266406	0.2461647465825081	0.2806812934577465	0.26858240738511086	0.2040865384042263	0.09471348207443953	0.1850046468898654
1431460	0	0.0722246989607811	0.015604102052748203	0.0588497556746006	0.04770396649837494	0.05528310313820839	0.065537229180336	0.02318323589861393	0.04458314925432205	0.048149798065423965	0.08827463537454605	0.026304056867957115	0.04458314925432205	0.06375390291213989	0.048149798065423965	0.048149798065423965	0.06999554485082626	0.06286223977804184	0.06642889231443405	0.018724922090768814	0.031654033809900284
144752	0	0.1398196779191494	0.08385862410068512	0.16626987606287003	0.1655321754515171	0.10236480087041855	0.18881260231137276	0.08166977763175964	0.1759587973356247	0.20536214113235474	0.3454212620854378	0.08847465924918652	0.17294032126665115	0.10941999219357967	0.10818042047321796	0.14704536646604538	0.22107353806495667	0.16206377372145653	0.19442389160394669	0.0491368118673563	0.09217149019241333
1455626	1	0.12966898456215858	0.05326533503830433	0.0864145066589117	0.11706096306443214	0.11382632330060005	0.1250885371118784	0.033668603748083115	0.1158096082508564	0.1158096082508564	0.09673230350017548	0.018345375079661608	0.0917268767952919	0.0997544527053833	0.07035935297608376	0.2043018415570259	0.1070501059293747	0.12112197652459145	0.12112197652459145	0.03189781354740262	0.14697549492120743
1459003	1	1.058894220739603	0.2365471040830016	0.6255898457020521	0.3992386143654585	0.4298794735223055	0.6606193147599697	0.2853591050952673	0.5781534742563963	0.3745193798094988	1.2555202320218086	0.33755450416356325	0.46232949383556843	0.7141638584434986	0.5021510422229767	0.6369982585310936	1.261365182697773	0.761833943426609	0.9436564147472382	0.18755458295345306	0.28807197511196136
1481452	0	0.07137254625558853	0.019607843831181526	0.05450980365276337	0.059607844799757004	0.04431372508406639	0.06549019366502762	0.01921568624675274	0.051372550427913666	0.05254901945590973	0.07607842981815338	0.032549019902944565	0.043921567499637604	0.05843137204647064	0.040392156690359116	0.045098040252923965	0.05529411882162094	0.07803921401500702	0.07921568304300308	0.013725490309298038	0.03921568766236305
1511084	0	0.567745815962553	0.15767017845064402	0.3638784624636173	0.5902828127145767	0.3031414281576872	0.5862672217190266	0.0714183421805501	0.41263438388705254	0.627190787345171	0.8132668808102608	0.31170548405498266	0.36737221851944923	0.29145356453955173	0.23980175890028477	0.4079819731414318	0.5405100733041763	0.4817664846777916	0.5383022427558899	0.08346060663461685	0.2441493347287178
1511772	0	0.06836027652025223	0.02217090129852295	0.05773672088980675	0.05219399556517601	0.04572748392820358	0.06928406655788422	0.02309468761086464	0.05404157191514969	0.053579676896333694	0.08360277116298676	0.024942263960838318	0.04572748392820358	0.049884527921676636	0.03972286358475685	0.04849884659051895	0.07621247321367264	0.06512702256441116	0.06974595785140991	0.014780600555241108	0.0355658195912838
1511776	0	0.08367016911506653	0.019401779398322105	0.054567500948905945	0.03759094700217247	0.04931285232305527	0.06184316799044609	0.019401779398322105	0.05375909432768822	0.039207760244607925	0.08124494552612305	0.018189167603850365	0.042441390454769135	0.08973322808742523	0.03718674182891846	0.04324979707598686	0.0917542427778244	0.06669361144304276	0.06265157461166382	0.014551334083080292	0.03354891017079353
1511779	0	0.19372651353478432	0.05090659111738205	0.08713948354125023	0.1463803444057703	0.1432560309767723	0.2747976779937744	0.03966263867914677	0.13231751136481762	0.1388949304819107	0.22339439392089844	0.057484010234475136	0.13409772142767906	0.20907430723309517	0.17317021265625954	0.12410296499729156	0.2124558798968792	0.32606884092092514	0.19806424900889397	0.06574673671275377	0.06925897672772408
1511781	0	0.07760532200336456	0.011529933661222458	0.04878048598766327	0.05277162045240402	0.049223948270082474	0.07050997763872147	0.01596452295780182	0.058093126863241196	0.049223948270082474	0.09356984496116638	0.02128603123128414	0.03991130739450455	0.0660753846168518	0.03725055605173111	0.04079822450876236	0.08115299046039581	0.05720620974898338	0.07361418753862381	0.021729489788413048	0.03370288386940956
1511783	0	0.06566347181797028	0.023711809888482094	0.05791153758764267	0.048791609704494476	0.05335157364606857	0.07022343575954437	0.024623803794384003	0.0414956696331501	0.04559963569045067	0.09575923532247543	0.026903783902525902	0.049247607588768005	0.049247607588768005	0.03055175580084324	0.04286365583539009	0.08253534138202667	0.05927952751517296	0.07615139335393906	0.016871865838766098	0.03921568766236305
1511803	0	0.1555800437927246	0.04237553849816322	0.06790388934314251	0.0818304792046547	0.08494817093014717	0.19755690917372704	0.07091855444014072	0.07287159189581871	0.062250832095742226	0.1790568083524704	0.033219555392861366	0.04929627850651741	0.18236711621284485	0.081051055341959	0.16394764184951782	0.1758405715227127	0.11817220598459244	0.07842610217630863	0.05464921612292528	0.04773743450641632
1511805	0	0.15674253553152084	0.03718319162726402	0.0981784239411354	0.058252882212400436	0.046191249042749405	0.18320297449827194	0.0359676331281662	0.09565334767103195	0.14318346977233887	0.18248654901981354	0.046813709661364555	0.05379583314061165	0.143776573240757	0.10771498084068298	0.046191249042749405	0.19900523871183395	0.11195475980639458	0.15714772045612335	0.047218894585967064	0.04933878406882286
1511891	1	0.13207795470952988	0.03256761655211449	0.11894574016332626	0.11278057098388672	0.08404482901096344	0.1313023716211319	0.04703407920897007	0.08171152509748936	0.11847251281142235	0.13541030138731003	0.040481118485331535	0.12277761474251747	0.12747050821781158	0.11078247427940369	0.08998652547597885	0.1476551964879036	0.12066778540611267	0.1289953663945198	0.04295244626700878	0.07388346642255783
1511892	1	0.12774857133626938	0.026746257673949003	0.10924358665943146	0.12488417699933052	0.09617337584495544	0.13529490306973457	0.041130613535642624	0.07307554967701435	0.1117694191634655	0.13458659499883652	0.03677387721836567	0.1247505322098732	0.12718727439641953	0.10352815315127373	0.09293923899531364	0.15069939196109772	0.1334640011191368	0.13392284139990807	0.04824928753077984	0.06783232279121876
1513256	1	0.3578244782984257	0.23255174234509468	0.3975212275981903	0.39198412373661995	0.2832419741898775	0.2649561557918787	0.10274460539221764	0.31690121814608574	0.28528448659926653	0.6376295015215874	0.07579785492271185	0.24695519916713238	0.35623062402009964	0.22594421543180943	0.39720357581973076	0.4639240466058254	0.350186076015234	0.336044330149889	0.07434793468564749	0.20272661466151476
1513257	1	0.3638619929552078	0.21562458481639624	0.3582209683954716	0.4016793370246887	0.2819633614271879	0.31054483726620674	0.14975640550255775	0.25359424483031034	0.28410921432077885	0.6737940907478333	0.0801305528730154	0.30648434069007635	0.3411291856318712	0.20182916894555092	0.3795299604535103	0.42834347859025	0.33568211644887924	0.3813526853919029	0.0667272387072444	0.18564224801957607
1513258	1	0.2333705723285675	0.16404879745095968	0.3094436563551426	0.2912815846502781	0.2811781279742718	0.25986822322010994	0.08570090867578983	0.2501128204166889	0.28837214037775993	0.49033642560243607	0.07493900135159492	0.2669598236680031	0.2512887716293335	0.20968898385763168	0.29019591212272644	0.4248505011200905	0.28747520223259926	0.28524861112236977	0.0649422574788332	0.1906976941972971
1513259	1	0.2808389738202095	0.14786616154015064	0.30605094879865646	0.29076462984085083	0.2545260265469551	0.2907628044486046	0.12053060252219439	0.2434527799487114	0.28596682101488113	0.4982529580593109	0.06540003512054682	0.28054849058389664	0.2506919801235199	0.15830590575933456	0.25786073319613934	0.3744906261563301	0.3282583989202976	0.31425395980477333	0.07255093939602375	0.17862621881067753
1513260	1	0.3222236819565296	0.19778247037902474	0.3840789459645748	0.34722552821040154	0.2822614163160324	0.3271119184792042	0.11736379750072956	0.31099423579871655	0.3137847613543272	0.5445054918527603	0.08553553279489279	0.2665247954428196	0.33900111354887486	0.22119679860770702	0.36631691083312035	0.4336318075656891	0.4277290888130665	0.4173692539334297	0.06135878246277571	0.2340036779642105
1513261	1	0.3186691962182522	0.22975854482501745	0.3677019588649273	0.40332696214318275	0.27074056304991245	0.27746483497321606	0.13840465061366558	0.3172618355602026	0.31559522170573473	0.6325444057583809	0.07930490607395768	0.30888170562684536	0.3088161423802376	0.2295402679592371	0.3276502415537834	0.48481107503175735	0.3384436536580324	0.35686328262090683	0.05859329039230943	0.23562723584473133
1513262	1	0.368571350350976	0.18091678200289607	0.4377421122044325	0.43308258056640625	0.3327014595270157	0.3694701213389635	0.16755867935717106	0.4086813051253557	0.33129676431417465	0.6522713899612427	0.09333001635968685	0.2853165175765753	0.379768967628479	0.32601294852793217	0.47687553614377975	0.5551189389079809	0.4813822591677308	0.4593924544751644	0.0662113968282938	0.1942984964698553
1513263	1	0.2672692518681288	0.2629764089360833	0.39596929773688316	0.3781527578830719	0.3009431902319193	0.3028388265520334	0.1398842753842473	0.30047187209129333	0.3210092280060053	0.5976669788360596	0.07965590106323361	0.2819260507822037	0.306544974911958	0.2303492072969675	0.3604588247835636	0.49663814529776573	0.3299038875848055	0.3824293687939644	0.06751707661896944	0.19739447254687548
1513264	1	0.3416174817830324	0.2615480814129114	0.3928491212427616	0.3865486606955528	0.2673277501016855	0.3449502345174551	0.10329130617901683	0.303883520886302	0.27300355583429337	0.5978902652859688	0.08279598644003272	0.2794967982918024	0.35425818897783756	0.19830312579870224	0.4023556187748909	0.45617250353097916	0.29933840362355113	0.3836037516593933	0.08222064282745123	0.18854498770087957
1513265	1	0.33575162291526794	0.24118191096931696	0.35332032293081284	0.41064808517694473	0.2834458313882351	0.3293859139084816	0.11991642694920301	0.33543193340301514	0.28231187630444765	0.5704951137304306	0.08962762355804443	0.2516402564942837	0.2951114047318697	0.27160656452178955	0.36818341724574566	0.42801737040281296	0.3616807535290718	0.4127064421772957	0.07302852440625429	0.1865086192265153
1518574	1	0.20097484067082405	0.043673455249518156	0.17047256231307983	0.18940550088882446	0.11697431840002537	0.2255939543247223	0.05740770325064659	0.1762547679245472	0.2123810276389122	0.23476321250200272	0.07821721211075783	0.11962209269404411	0.15405618399381638	0.11088631115853786	0.14464303851127625	0.16633723303675652	0.20221469551324844	0.21067522838711739	0.08125290088355541	0.10419376939535141
152177	0	0.38656625151634216	0.10524531174451113	0.3383333086967468	0.3158082254230976	0.15340530779212713	0.40677639096975327	0.1658346951007843	0.35375895351171494	0.35976560413837433	0.49421529471874237	0.2449130341410637	0.24915184453129768	0.31878819316625595	0.18164897710084915	0.2929418310523033	0.4816102832555771	0.44602930173277855	0.43450573831796646	0.10259544802829623	0.16810601949691772
154334	0	8.01588049158454	2.8793744994327426	4.563272102735937	4.714679865166545	4.423200751654804	7.350151527673006	2.552901465445757	4.303185765631497	3.8587636165320873	9.890399970114231	2.31427110475488	3.7706052735447884	6.521972302347422	3.206161854788661	6.814221094362438	7.167189395986497	6.127991249319166	7.524569995701313	1.2220755105372518	2.779132572002709
1547495	1	0.1877993792295456	0.06241194810718298	0.1948436237871647	0.02662721835076809	0.04311073571443558	0.2151310294866562	0.02155536785721779	0.09284305572509766	0.07255565002560616	0.14144829288125038	0.060721331275999546	0.04564666002988815	0.27923358976840973	0.02958579920232296	0.09242039918899536	0.149478729814291	0.11693434789776802	0.11693434789776802	0.015638208016753197	0.03508030250668526
1548713	0	0.28364033438265324	0.0696931341663003	0.2553233727812767	0.2934383302927017	0.20237170532345772	0.2827100269496441	0.12936600390821695	0.31641167774796486	0.25377570278942585	0.5359642207622528	0.14672200568020344	0.22454409301280975	0.30415600538253784	0.18314635008573532	0.26797451823949814	0.4474744386970997	0.2836744897067547	0.30999457836151123	0.05651615606620908	0.1531028477475047
1548720	0	0.270449411123991	0.07248043827712536	0.2541973367333412	0.31331027671694756	0.18244264787063003	0.26108857430517673	0.11210338724777102	0.33004920929670334	0.26159337908029556	0.5729729682207108	0.13098546862602234	0.2250177040696144	0.28511475771665573	0.1664276234805584	0.2986927404999733	0.4494681805372238	0.29683585837483406	0.2780199572443962	0.05953561654314399	0.17921446356922388
1548722	0	0.24399002641439438	0.07754066633060575	0.21047763898968697	0.25646503269672394	0.12982730334624648	0.21621278300881386	0.0758079569786787	0.27040380239486694	0.18624753132462502	0.44509995728731155	0.11871935613453388	0.14732041023671627	0.23484572768211365	0.14278273098170757	0.2626732811331749	0.35623063147068024	0.2644825614988804	0.18677279353141785	0.0518610286526382	0.12223878409713507
1572667	1	0.12403551489114761	0.055082669481635094	0.09277403727173805	0.08594611287117004	0.10664420947432518	0.09029393829405308	0.061298225075006485	0.14972443133592606	0.14537660405039787	0.10933864116668701	0.034996937960386276	0.11120636388659477	0.09960195794701576	0.09007960557937622	0.16068585216999054	0.10312308371067047	0.15385793149471283	0.08738518133759499	0.03417023830115795	0.10437844134867191
1582094	1	0.15358348190784454	0.0348041532561183	0.1384909227490425	0.09980233013629913	0.13094019144773483	0.19817999005317688	0.11499506048858166	0.1468675173819065	0.21290970593690872	0.35566572844982147	0.09790574200451374	0.11218134500086308	0.23413723334670067	0.08989199250936508	0.09530127421021461	0.2117566168308258	0.13000525161623955	0.33464744687080383	0.03055686689913273	0.07737718895077705
1595998	1	0.2286881934851408	0.02734812186099589	0.25781963393092155	0.3055748771876097	0.11057303287088871	0.3258468434214592	0.042846343014389277	0.12302596680819988	0.19280854798853397	0.3150118663907051	0.17124813795089722	0.15761587116867304	0.223065753467381	0.12244993075728416	0.2757588066160679	0.2560642622411251	0.21434239111840725	0.2644035145640373	0.07738129701465368	0.308126587420702
1603962	0	0.06706792861223221	0.029234737157821655	0.054600171744823456	0.05588993802666664	0.0425623394548893	0.06835769861936569	0.022355975583195686	0.06104901060461998	0.06663800776004791	0.07007738947868347	0.027515048161149025	0.04428203031420708	0.059759244322776794	0.03869303688406944	0.04084264859557152	0.06190885603427887	0.06276870518922806	0.07136715203523636	0.01848667301237583	0.03654342144727707
1609138	1	0.17136194370687008	0.0479984013363719	0.15741154551506042	0.1900564208626747	0.13403137773275375	0.20222211256623268	0.06533141434192657	0.15383659675717354	0.15680673345923424	0.2677859291434288	0.0760804507881403	0.14755672961473465	0.15059484913945198	0.10229233466088772	0.1593763306736946	0.1926003359258175	0.20216670632362366	0.22227443009614944	0.0637240195646882	0.1364913322031498
1637496	0	0.6418150942772627	0.2153502246364951	0.7446176502853632	0.7447633296251297	0.5272934436798096	0.5175867006182671	0.21362932724878192	0.9536837488412857	0.8077494949102402	1.070552721619606	0.2953620972111821	0.8954590372741222	0.3994837924838066	0.5413495302200317	0.5301949083805084	0.9460216835141182	0.8054809384047985	0.6632944494485855	0.09923023404553533	0.387081665918231
1647924	1	0.33037426695227623	0.23074916005134583	0.33482351526618004	0.41544249281287193	0.30863016098737717	0.28484289906919	0.15321878530085087	0.3155066892504692	0.3126437021419406	0.592518076300621	0.07855961192399263	0.2912721522152424	0.3170718112960458	0.22898917645215988	0.3825126029551029	0.4301172085106373	0.34683407144621015	0.3449501395225525	0.07648308761417866	0.22446042858064175
1658615	0	1.1001877635717392	0.34978328086435795	0.3648075722157955	0.3742281999439001	0.5743759535253048	0.6209171880036592	0.3987587420269847	0.649573303759098	0.3847063444554806	1.2915212139487267	0.2963060671463609	0.3573923772200942	0.48825466074049473	0.381808253005147	0.5768135748803616	0.7800398655235767	0.615905350074172	0.795059185475111	0.17094612773507833	0.42861496191471815
1659771	0	0.14215468615293503	0.03234989754855633	0.0791555754840374	0.050632208585739136	0.1017635315656662	0.11788302287459373	0.08263088017702103	0.06767598539590836	0.02848639525473118	0.19073498994112015	0.017431972548365593	0.04039115831255913	0.1625998169183731	0.09113427996635437	0.17550280690193176	0.19371117651462555	0.15073203295469284	0.15409641712903976	0.07285196799784899	0.04808118939399719
1678143	1	0.20323046296834946	0.03248220309615135	0.08775085583329201	0.08732529357075691	0.06747950613498688	0.15382399410009384	0.04768332466483116	0.08079908788204193	0.03812681697309017	0.18965327739715576	0.02418324537575245	0.0675386842340231	0.15596313774585724	0.07041059620678425	0.14374271780252457	0.15393278002738953	0.1595773920416832	0.1416531726717949	0.02668877225369215	0.06795467436313629
1678144	0	0.18869976699352264	0.04489720705896616	0.10502421855926514	0.07112739235162735	0.048541365191340446	0.1668703779578209	0.04654737189412117	0.06593654118478298	0.05015704035758972	0.18020857870578766	0.04995117522776127	0.06868717633187771	0.14149922132492065	0.08804185315966606	0.13060123845934868	0.12757683545351028	0.14823784679174423	0.1824774295091629	0.03709368407726288	0.057823678478598595
1678145	1	0.30013348162174225	0.08236641110852361	0.09438072517514229	0.10541902668774128	0.06760506145656109	0.2673362120985985	0.07989809848368168	0.10247327759861946	0.05049473978579044	0.270172618329525	0.08305364288389683	0.10860497131943703	0.34387005865573883	0.19118080660700798	0.1682864911854267	0.19890493527054787	0.16705290228128433	0.2005566619336605	0.037137119099497795	0.08107277192175388
1678146	0	0.16806072741746902	0.04461418092250824	0.096127450466156	0.06973784044384956	0.06471547856926918	0.157676562666893	0.05215364880859852	0.08544234558939934	0.04806964751332998	0.1947512850165367	0.030783439986407757	0.08291340619325638	0.15422111004590988	0.08167113363742828	0.12721776217222214	0.16363729909062386	0.1347542628645897	0.1520434319972992	0.027646683156490326	0.06376231275498867
1678147	0	0.14028522372245789	0.0384397879242897	0.11360717564821243	0.06466692127287388	0.09720412641763687	0.11955595389008522	0.053491005674004555	0.10729802772402763	0.08467545732855797	0.178995743393898	0.03492484986782074	0.08751494809985161	0.14582836627960205	0.07827668264508247	0.08233216777443886	0.19251587986946106	0.1875576302409172	0.1234312579035759	0.014690854120999575	0.054707929491996765
1679172	0	0.9536633007228374	0.14031494176015258	0.559916140511632	0.593226358294487	0.2919203955680132	0.6059539467096329	0.23906755121424794	0.5506525672972202	0.3391070084180683	0.8847748935222626	0.27561386581510305	0.2950752880424261	0.5238719396293163	0.3878884222358465	0.8656690642237663	0.6062230840325356	0.6747291199862957	0.7485948912799358	0.1114574569510296	0.3522797403857112
169066	1	0.0539170503616333	0.022580645978450775	0.06036866456270218	0.045622121542692184	0.04193548485636711	0.06036866456270218	0.029493087902665138	0.07788018137216568	0.06267280876636505	0.072811059653759	0.02857142873108387	0.0525345616042614	0.05483870953321457	0.039170507341623306	0.04055299609899521	0.07050691545009613	0.06682027876377106	0.06359446793794632	0.013364055193960667	0.042396314442157745
170325	0	3.133621830958873	1.6163026485592127	3.901610397733748	4.389524307101965	3.925567541271448	3.453179556876421	1.3926599328406155	6.494362462311983	4.966013997793198	7.362873923033476	1.83868601731956	5.417798638343811	3.909810546785593	2.279788344632834	3.297202233225107	7.4819059781730175	4.596725609153509	3.963900969363749	0.6669022326823324	2.9115630658343434
1714619	1	0.30309097468852997	0.07882952969521284	0.2719085067510605	0.28681305050849915	0.19143649470061064	0.2810833789408207	0.10801264457404613	0.31142544001340866	0.24254091829061508	0.552015870809555	0.1379992552101612	0.18689322657883167	0.3146589621901512	0.17651322670280933	0.3058657757937908	0.42454056441783905	0.31200745701789856	0.2885385751724243	0.058824654668569565	0.16700145229697227
1755588	0	0.12702229991555214	0.04860835149884224	0.07079874165356159	0.09132320061326027	0.11824651807546616	0.09126743488013744	0.050180187448859215	0.14887462556362152	0.02737291157245636	0.286373496055603	0.037737954407930374	0.054090602323412895	0.16709883511066437	0.05586806498467922	0.06277228239923716	0.13113834336400032	0.1441974639892578	0.13083861768245697	0.07233223877847195	0.08385786041617393
1755590	0	0.1596250981092453	0.042828768491744995	0.11063063889741898	0.07942977547645569	0.0726330392062664	0.13071050494909286	0.04994620569050312	0.06106720119714737	0.05890507437288761	0.16540801525115967	0.03298022039234638	0.05306008458137512	0.23206157982349396	0.10224075615406036	0.12270338833332062	0.183770589530468	0.1324898675084114	0.12613796442747116	0.0388252092525363	0.04454605467617512
1780507	1	3.9840517211705446	2.2836057543754578	3.784433235414326	5.055983887985349	4.302859559189528	3.7224513348191977	2.2528301309794188	6.173707276582718	6.048120653256774	8.07439599186182	2.402214345522225	4.730341347400099	3.8711476218886673	3.568044437095523	3.0803504269570112	6.89573335647583	5.695983981713653	5.229133740998805	0.9356030735652894	2.9090083753690124
1803958	1	0.049564018845558167	0.021569527685642242	0.05782468989491463	0.055071134120225906	0.046351537108421326	0.054153282195329666	0.023864157497882843	0.06424965709447861	0.07205139845609665	0.08444240689277649	0.030748048797249794	0.05094079673290253	0.043139055371284485	0.038549792021512985	0.030748048797249794	0.07939421385526657	0.07388710230588913	0.07113354653120041	0.012391004711389542	0.039926573634147644
1805494	1	0.07260920852422714	0.018890200182795525	0.047225501388311386	0.05608028173446655	0.02922077849507332	0.09149941056966782	0.02508854866027832	0.05637544393539429	0.060507673770189285	0.09031876921653748	0.03778040036559105	0.039256200194358826	0.04014167562127113	0.023907911032438278	0.054604485630989075	0.06493506580591202	0.05608028173446655	0.08028335124254227	0.02981109730899334	0.025383707135915756
181667	0	0.5620538275688887	0.3380926214158535	0.4965473683550954	0.46073728147894144	0.43568587861955166	0.6128369979560375	0.14808511268347502	0.3173554092645645	0.42637516744434834	0.832597192376852	0.23039379436522722	0.22816144488751888	0.43978356570005417	0.5073189809918404	0.6333000622689724	0.6378988847136497	0.6245805080980062	0.651022132486105	0.12632829742506146	0.290845537558198
1820160	1	0.27431558445096016	0.06286980584263802	0.24610887840390205	0.1035025930032134	0.08833502046763897	0.2508399859070778	0.042631134390830994	0.12202762439846992	0.13317523151636124	0.19480354711413383	0.06463207583874464	0.10799472033977509	0.1653902716934681	0.09921163506805897	0.3079645484685898	0.17055654525756836	0.16640939190983772	0.1882897987961769	0.0752007095143199	0.13574091345071793
1821751	0	0.07865168899297714	0.02160760574042797	0.05272255837917328	0.04883318766951561	0.05185825377702713	0.060069143772125244	0.023336214944720268	0.04235090687870979	0.05358686298131943	0.08729472756385803	0.024200517684221268	0.046672429889440536	0.06309420615434647	0.04105444997549057	0.03630077838897705	0.0726015567779541	0.07303370535373688	0.07130509614944458	0.012100258842110634	0.03932584449648857
183405	0	0.6777496188879013	0.17766384762944654	0.6484738700091839	0.6401384137570858	0.3958173282444477	0.3940616846084595	0.1842235797084868	0.789877962321043	0.7461742013692856	0.9248973838984966	0.36846561916172504	0.7081683576107025	0.29661680944263935	0.5171367302536964	0.5221210084855556	0.8146767839789391	0.7987865582108498	0.7707908265292645	0.09414411848410964	0.5300153344869614
183407	0	0.6966929659247398	0.1744980001822114	0.7775526959449053	0.8893192410469055	0.5089280679821968	0.4544607028365135	0.18332262570038438	0.8827987872064114	0.9953128471970558	0.8311729729175568	0.4170101899653673	0.7256266064941883	0.368864294141531	0.46556519623845816	0.5921642873436213	0.8593040145933628	0.7337867878377438	0.7916035354137421	0.1131744896993041	0.5388417206704617
1848960	1	0.2752169333398342	0.09812807338312268	0.1877959743142128	0.26610881835222244	0.14986936002969742	0.28281496465206146	0.08921229769475758	0.1984853819012642	0.26185160502791405	0.4238578975200653	0.12918657809495926	0.13971873931586742	0.19404468685388565	0.10099506564438343	0.23602141812443733	0.32410967722535133	0.20372655987739563	0.2566092796623707	0.08249067515134811	0.09975603222846985
1851215	1	0.2996973805129528	0.14902029582299292	0.2950225304812193	0.3092462122440338	0.2341601587831974	0.28450118377804756	0.08874606434255838	0.25255488976836205	0.2696605445817113	0.4610645994544029	0.06927742960397154	0.22663593105971813	0.27154992893338203	0.26803627982735634	0.27746620774269104	0.3486727550625801	0.29697488248348236	0.3152203783392906	0.0754850993398577	0.20700721815228462
1851219	1	0.3454309478402138	0.2395440659020096	0.38822654634714127	0.3689274787902832	0.27551548928022385	0.31964502297341824	0.12969818990677595	0.3177647739648819	0.27880304865539074	0.5888798236846924	0.08438190165907145	0.2407540213316679	0.30965977907180786	0.26837132684886456	0.3741488251835108	0.42211053892970085	0.3740674778819084	0.41526323184370995	0.07308246253523976	0.18572504166513681
185782	0	1.3679046146571636	0.1909923325292766	0.6956045255064964	0.3375434894114733	0.43998616375029087	0.6712089739739895	0.3890714878216386	0.6025588922202587	0.22362370742484927	1.3941938057541847	0.4156322367489338	0.46840042248368263	0.9864714220166206	0.4378406824544072	0.7332632578909397	1.014610268175602	1.0516768582165241	1.0703758634626865	0.1875511398538947	0.32148986868560314
185954	0	0.48022597283124924	0.1721693219151348	1.00238898396492	0.8948854357004166	0.8626883178949356	0.5363825764507055	0.35719142854213715	1.049107849597931	0.9359830133616924	1.3890622705221176	0.2720186598598957	0.8561448752880096	0.50171141885221	0.4863816536962986	0.6572561133652925	1.0720785036683083	0.9350091852247715	0.8659910280257463	0.08530075335875154	0.5880226511508226
1862824	1	0.28126487880945206	0.11838183039799333	0.30842312797904015	0.23803593777120113	0.1718861721456051	0.28633927647024393	0.12603654456324875	0.15021029580384493	0.15545840468257666	0.34408063814044	0.06439590780064464	0.12801246717572212	0.24783271178603172	0.08364078588783741	0.2339856680482626	0.2805469371378422	0.2200633380562067	0.349075548350811	0.08554983418434858	0.12677972111850977
186805	0	3.630074185784906	3.4089115315582603	8.882377891801298	8.32222121860832	8.877234031446278	5.172500102780759	2.185858304379508	16.855206133797765	15.885977681726217	13.645917657762766	3.5378621611744165	13.772372849285603	3.653446147684008	2.698238271754235	4.140772065613419	12.155699772760272	7.708307401277125	8.525605733506382	0.9919376142788678	7.949479845352471
1868658	1	0.20097484067082405	0.043673455249518156	0.17047256231307983	0.18940550088882446	0.11697431840002537	0.2255939543247223	0.05740770325064659	0.1762547679245472	0.2123810276389122	0.23476321250200272	0.07821721211075783	0.11962209269404411	0.15405618399381638	0.11088631115853786	0.14464303851127625	0.16633723303675652	0.20221469551324844	0.21067522838711739	0.08125290088355541	0.10419376939535141
1881950	0	0.2939367815852165	0.07585427677258849	0.2583593353629112	0.3044133819639683	0.18175283540040255	0.27778690308332443	0.11075025703758001	0.3217143453657627	0.29971443489193916	0.5251265093684196	0.13557991851121187	0.19216211512684822	0.27442827448248863	0.17442261427640915	0.28115733340382576	0.4237702861428261	0.3100108839571476	0.31423069164156914	0.054998623207211494	0.18983021564781666
1883111	1	0.4053979180753231	0.11352434568107128	0.3534558303654194	0.34172643907368183	0.1459352020174265	0.2444182587787509	0.15067074447870255	0.21792082116007805	0.2396394331008196	0.3486969321966171	0.1452622264623642	0.25032296404242516	0.2864128425717354	0.32789837196469307	0.3743258900940418	0.35070670023560524	0.2693005185574293	0.18811631575226784	0.08505568839609623	0.16121260449290276
1884453	0	0.33051726408302784	0.1419581063091755	0.3835984356701374	0.5160146914422512	0.30635940469801426	0.43448278680443764	0.1266872901469469	0.7012417837977409	0.564026452600956	0.9112001955509186	0.18282096926122904	0.4158515576273203	0.3975702878087759	0.2672702446579933	0.4585229679942131	0.7105748206377029	0.4162757582962513	0.4193526990711689	0.07263165572658181	0.2430425975471735
1884878	0	0.2640671581029892	0.14031358622014523	0.3128480054438114	0.2981050983071327	0.30152027448639274	0.3368864096701145	0.1414264803752303	0.4518699049949646	0.27929183654487133	0.6908836141228676	0.20606277883052826	0.24657794274389744	0.27645013481378555	0.17429814860224724	0.34460410103201866	0.44576483219861984	0.3439462147653103	0.4271611124277115	0.05502960830926895	0.262892778031528
188763	0	13.114688301458955	4.543077168986201	8.554208447225392	9.393984877504408	6.93768049729988	11.275883852504194	5.106370419031009	6.607204746454954	5.27911196812056	17.68610756844282	4.214083569822833	5.637077027000487	9.980914125218987	5.718221318908036	12.97865848429501	13.24464621488005	11.837044025305659	12.845185479149222	2.99022069061175	6.055631564930081
1891726	1	0.24694665893912315	0.13292227126657963	0.1908081006258726	0.32927972823381424	0.18417892046272755	0.3087906204164028	0.12930105905979872	0.2733491584658623	0.29656957276165485	0.6335927918553352	0.1358375521376729	0.23333699628710747	0.39331974647939205	0.27510564401745796	0.21485153771936893	0.3500775136053562	0.2531643211841583	0.21608932502567768	0.0781587902456522	0.12431971449404955
1891727	1	0.2575100399553776	0.15035283961333334	0.2563560511916876	0.3646137900650501	0.2687890697270632	0.419471800327301	0.16882026195526123	0.2839043214917183	0.3946140678599477	0.6698376089334488	0.19111799262464046	0.32927692867815495	0.5015016719698906	0.31097695976495743	0.21489081159234047	0.3424687534570694	0.3019539611414075	0.2857034746557474	0.07838645577430725	0.20945319347083569
1891728	1	0.23770061880350113	0.1246021268889308	0.15072385221719742	0.27187327668070793	0.21637463755905628	0.25729769468307495	0.07227696944028139	0.20300526916980743	0.26537435315549374	0.4221694841980934	0.11860983073711395	0.15219313465058804	0.2352042831480503	0.17549623548984528	0.13227868266403675	0.3422935828566551	0.23305051028728485	0.2126467414200306	0.06283402256667614	0.11399467755109072
1891729	0	0.2313634641468525	0.09809126425534487	0.18608536571264267	0.24997016414999962	0.14614392071962357	0.2823019251227379	0.07132409419864416	0.19371076673269272	0.22010150272399187	0.4162246510386467	0.10500378534197807	0.18528944998979568	0.2239120490849018	0.20192543417215347	0.19478052854537964	0.26368334144353867	0.22487402707338333	0.2543489374220371	0.07651139330118895	0.1743539310991764
1891730	0	0.2974098026752472	0.11123437527567148	0.2577723115682602	0.3153526708483696	0.15344815328717232	0.3387768566608429	0.1230711517855525	0.20062224753201008	0.21261215955018997	0.6498377099633217	0.15679770335555077	0.17764159105718136	0.2953612357378006	0.2351137436926365	0.30415522679686546	0.30056457966566086	0.30945897474884987	0.30330440774559975	0.0849620196968317	0.1725031305104494
1891745	1	0.21152551658451557	0.131411325186491	0.2006988376379013	0.23819465935230255	0.1662635300308466	0.22925909981131554	0.06103534856811166	0.20098258927464485	0.18818111438304186	0.4594481438398361	0.11137963552027941	0.19567672163248062	0.2356342077255249	0.19493353739380836	0.19174067303538322	0.2751612477004528	0.25465723872184753	0.25753166899085045	0.06231139088049531	0.13397354073822498
1891762	1	0.30494760908186436	0.1260162740945816	0.2932728976011276	0.3251856900751591	0.21986079961061478	0.2999180741608143	0.09377576038241386	0.23118737898766994	0.36057270504534245	0.5160585716366768	0.13878607004880905	0.16422800719738007	0.227448720484972	0.22251508384943008	0.30384179577231407	0.33742227405309677	0.3191341571509838	0.29715414345264435	0.09354984015226364	0.12512420490384102
1891763	1	0.4050103574991226	0.1480927262455225	0.26399168744683266	0.41362595185637474	0.24474144726991653	0.37083815783262253	0.14241710677742958	0.20294871367514133	0.45350862480700016	0.6160127371549606	0.13156364858150482	0.17441681399941444	0.3892209604382515	0.276640048250556	0.39749738946557045	0.3706131409853697	0.3550616633147001	0.344149736687541	0.12623574491590261	0.17341335490345955
1891764	1	0.24451972171664238	0.11853430513292551	0.15036388114094734	0.2517508901655674	0.14607811346650124	0.24603171646595	0.0959600992500782	0.22928710281848907	0.2399678323417902	0.38059358298778534	0.0789238540455699	0.2133098542690277	0.23670224845409393	0.16281195729970932	0.18016424402594566	0.26689429208636284	0.2369279069826007	0.26850805431604385	0.06722955591976643	0.1854407973587513
1891765	1	0.253903373144567	0.10464309807866812	0.1614261493086815	0.2775600664317608	0.15111061930656433	0.2962945029139519	0.07194188237190247	0.17713699489831924	0.26649959944188595	0.41790392994880676	0.08561261184513569	0.1916736513376236	0.21737773902714252	0.13441410660743713	0.19905883073806763	0.22871023789048195	0.2654540650546551	0.27685796469449997	0.06030083354562521	0.16211973130702972
1891767	1	0.3055930696427822	0.11887380853295326	0.28117799013853073	0.36529164388775826	0.20742585510015488	0.29003264755010605	0.07737456727772951	0.15900634601712227	0.39885052666068077	0.5294959172606468	0.13995463959872723	0.16811789944767952	0.22683953866362572	0.23656154796481133	0.3148151598870754	0.3191168215125799	0.298308664932847	0.32300911471247673	0.09122688416391611	0.14892734214663506
1891770	0	0.2838768772780895	0.14300618786364794	0.19393431022763252	0.23828257620334625	0.20660362765192986	0.2000114843249321	0.07320873346179724	0.20876565016806126	0.21581941843032837	0.45477695763111115	0.10415491927415133	0.1962912641465664	0.24987271428108215	0.1480131410062313	0.15909256413578987	0.24610012769699097	0.196687962859869	0.2114737406373024	0.09067071788012981	0.17935704812407494
1897087	1	0.31823503971099854	0.09411874040961266	0.31263911724090576	0.3974035866558552	0.19485601782798767	0.32522691786289215	0.12992066331207752	0.3995049148797989	0.2777909841388464	0.6729523092508316	0.15645098313689232	0.2544612195342779	0.3762770928442478	0.21153048239648342	0.38358671218156815	0.5183819085359573	0.4449695870280266	0.29626739397644997	0.06332848872989416	0.1720978505909443
1897731	0	0.08729846775531769	0.017695635557174683	0.052300430834293365	0.0385371595621109	0.04758159816265106	0.0723554864525795	0.026346834376454353	0.0507274866104126	0.02988596074283123	0.08611875772476196	0.013370035216212273	0.03617774322628975	0.08533228188753128	0.04050334170460701	0.04522217810153961	0.07825402915477753	0.07196225225925446	0.0629178136587143	0.018088871613144875	0.039323631674051285
1904876	1	0.6132387826219201	0.09684173739515245	0.38079990539699793	0.5439719595015049	0.2026875833980739	0.5149253839626908	0.262075899168849	0.34574935026466846	0.37610769644379616	0.9247329831123352	0.19754292257130146	0.21637346968054771	0.9052792377769947	0.31626621494069695	0.8046104721724987	1.014011226594448	0.47297634230926633	0.5475746989250183	0.11153913848102093	0.15269506629556417
1904885	1	2.348471149802208	0.7243044609203935	1.4603397268801928	1.8434650897979736	1.3573271841742098	2.0338731920346618	0.7821175707504153	1.504339873790741	1.222816277295351	3.1629077401012182	0.8704483401961625	1.3288130536675453	1.8998679630458355	1.339376037940383	2.4435173999518156	2.0938532277941704	1.988869370892644	2.120053207501769	0.42963970312848687	1.045599571429193
1906670	1	0.2152603417634964	0.014480034820735455	0.07695194706320763	0.08365273289382458	0.07180543057620525	0.16363920271396637	0.051301298663020134	0.10292244330048561	0.06610117666423321	0.16595208644866943	0.04296430945396423	0.08999666944146156	0.12254899367690086	0.12119561806321144	0.11684473976492882	0.13798854872584343	0.14580481126904488	0.1343962959945202	0.029160961508750916	0.04703235812485218
1907210	1	2.5102534648030996	0.7151409226935357	1.3957733642309904	1.8691098103299737	1.1648275526240468	1.8887590086087584	0.8648628639057279	1.5222090613096952	0.9666720330715179	3.071686189621687	0.8977604238316417	1.1866946490481496	1.9127899827435613	1.279714835807681	2.4948944337666035	2.0141638536006212	1.7741048634052277	2.1687017008662224	0.37885344633832574	0.9230276364833117
1913642	0	0.5154452696442604	0.2627397228498012	0.4543625991791487	0.28604960069060326	0.49104972556233406	0.4612028719857335	0.14166105166077614	0.633770052343607	0.4535019285976887	1.0363869853317738	0.19719285611063242	0.5725398659706116	0.3180857030674815	0.24708052910864353	0.3863144740462303	0.6023554485291243	0.5011314563453197	0.9245093241333961	0.11945583997294307	0.3951646722853184
1913643	0	0.495672301389277	0.24311563419178128	0.3645860590040684	0.27206718642264605	0.5202455222606659	0.5043691210448742	0.1731334556825459	0.5019561089575291	0.3128659287467599	0.8458716720342636	0.14989913161844015	0.3861165475100279	0.31748298928141594	0.24585642106831074	0.34052278846502304	0.5481115877628326	0.44360585510730743	0.75967588275671	0.13248578924685717	0.4423600099980831
1914415	1	0.27880363166332245	0.16481468174606562	0.19801827892661095	0.12748530320823193	0.13702415581792593	0.47202836722135544	0.02963499166071415	0.20802529901266098	0.31964270770549774	0.26505251973867416	0.14092211239039898	0.23706050589680672	0.13599412515759468	0.1231815442442894	0.1467820517718792	0.28742244467139244	0.2549148313701153	0.2260485216975212	0.08898613881319761	0.1581578515470028
1914568	0	0.07613988220691681	0.015050907619297504	0.06064630299806595	0.054448872804641724	0.04692341759800911	0.06817175447940826	0.019477644935250282	0.04913678765296936	0.06507304310798645	0.08543603122234344	0.03142983466386795	0.04338202625513077	0.043824702501297	0.03629924729466438	0.03718459606170654	0.06640106439590454	0.07835325598716736	0.07613988220691681	0.014165559783577919	0.03231518343091011
1914574	0	0.07448630034923553	0.013270547613501549	0.06164383515715599	0.06292808055877686	0.03938356041908264	0.061215754598379135	0.020976027473807335	0.052226025611162186	0.054794520139694214	0.09118150919675827	0.03681506961584091	0.04537671059370041	0.03852739557623863	0.043236300349235535	0.05094178020954132	0.05436643958091736	0.07148972898721695	0.07876712083816528	0.013698630034923553	0.03467465937137604
1914575	0	0.07051564753055573	0.012780960649251938	0.07448215037584305	0.05200528725981712	0.049801673740148544	0.06170118972659111	0.020273247733712196	0.050683122128248215	0.05024239793419838	0.09343323111534119	0.03261348605155945	0.038342881947755814	0.04275010898709297	0.03349493071436882	0.053768180310726166	0.07448215037584305	0.0603790208697319	0.08153371512889862	0.013662406243383884	0.03305421024560928
1914576	0	0.07662338018417358	0.01515151560306549	0.06666667014360428	0.055844154208898544	0.05497835576534271	0.0588744580745697	0.020346321165561676	0.05454545468091965	0.046320345252752304	0.09350649267435074	0.025541124865412712	0.041558440774679184	0.04199134185910225	0.031168831512331963	0.05367965251207352	0.072727270424366	0.06190476194024086	0.08181817829608917	0.012554112821817398	0.03419913351535797
192971	1	0.32892826572060585	0.18337358976714313	0.32958655431866646	0.45479240268468857	0.3030616845935583	0.2724745813757181	0.14404633454978466	0.3353235609829426	0.26901548728346825	0.6226220540702343	0.0724416277371347	0.2851604763418436	0.2772471196949482	0.33678342774510384	0.3387251142412424	0.45917001739144325	0.34747867099940777	0.36841729283332825	0.0753597179427743	0.19599201530218124
1930509	1	0.08980006724596024	0.019315486773848534	0.055913250893354416	0.05726872384548187	0.039647575467824936	0.05828532576560974	0.017960013821721077	0.039647575467824936	0.04608607292175293	0.08098949491977692	0.02880379557609558	0.04100304841995239	0.05388003960251808	0.03354794904589653	0.051507964730262756	0.07861741632223129	0.05896306410431862	0.09183327853679657	0.017621144652366638	0.039308708161115646
1933178	0	0.22618749737739563	0.07493198662996292	0.14899014681577682	0.1417216956615448	0.17552439868450165	0.1374349482357502	0.06874948367476463	0.2250312827527523	0.21878692135214806	0.24414213374257088	0.09070596657693386	0.1727823168039322	0.11213687062263489	0.12848753854632378	0.11446638405323029	0.18975864723324776	0.18040071055293083	0.1896130032837391	0.036036936566233635	0.12411113455891609
1933180	1	0.1486189253628254	0.0710549890063703	0.1583135649561882	0.161481823772192	0.15091408789157867	0.1437605917453766	0.07993954047560692	0.23771251365542412	0.2397146224975586	0.2923119440674782	0.10724305547773838	0.14019067957997322	0.12049544602632523	0.11685872450470924	0.12470918893814087	0.20373991504311562	0.17946423962712288	0.17748567834496498	0.029328377451747656	0.11666207946836948
1933181	0	0.17515062168240547	0.07380350213497877	0.1568060703575611	0.17966164276003838	0.15050547197461128	0.1289718747138977	0.08193875290453434	0.21755995973944664	0.21727479249238968	0.27685685455799103	0.08100027218461037	0.15830699354410172	0.104354377835989	0.10171718336641788	0.14962095022201538	0.21393167227506638	0.20887775346636772	0.17760460078716278	0.03233413212001324	0.11372252553701401
1933185	0	0.240979740396142	0.070445655612275	0.20192363485693932	0.3111153207719326	0.24282687529921532	0.6523160710930824	0.08873970992863178	0.2569832094013691	0.21674436703324318	0.42786695063114166	0.19539980124682188	0.17337391152977943	0.19156533107161522	0.14079835079610348	0.2598641775548458	0.4254123643040657	0.25762736424803734	0.40672775357961655	0.12213084753602743	0.11715852282941341
1933263	0	0.2027161568403244	0.06832517497241497	0.14707069471478462	0.19026032090187073	0.17030563578009605	0.1308005154132843	0.07622449472546577	0.22143257781863213	0.2191091701388359	0.29484475404024124	0.09248325414955616	0.181630190461874	0.09999366104602814	0.11792338825762272	0.1393918041139841	0.1833907701075077	0.17306769639253616	0.14921949058771133	0.028129287529736757	0.11368098296225071
1938392	1	0.26203087717294693	0.02584299072623253	0.13869423978030682	0.14337969198822975	0.14127138257026672	0.23167487233877182	0.05050523392856121	0.11425533145666122	0.13016465120017529	0.2336427867412567	0.07241788133978844	0.150530643761158	0.2064819633960724	0.13860361464321613	0.1756417267024517	0.2658982165157795	0.22681917250156403	0.18167821317911148	0.04194691404700279	0.06851959228515625
194965	1	0.09131493419408798	0.015422077849507332	0.053977273404598236	0.03896103799343109	0.04545454680919647	0.06493506580591202	0.02353896014392376	0.04707792028784752	0.0357142873108387	0.08766233921051025	0.014204545877873898	0.03814934939146042	0.07873376458883286	0.03246753290295601	0.04667207971215248	0.08319805562496185	0.07832792401313782	0.06493506580591202	0.01907467469573021	0.0401785708963871
195059	0	0.38960907608270645	0.11127608735114336	0.31230128929018974	0.4101707153022289	0.18672029301524162	0.3274444155395031	0.1570854987949133	0.3870183788239956	0.43406324088573456	0.47245537489652634	0.20358603820204735	0.27795780822634697	0.277726873755455	0.17665648646652699	0.2735570855438709	0.5149542018771172	0.4030951261520386	0.3822263404726982	0.07589616836048663	0.22619947604835033
195060	0	0.42306528985500336	0.08656308660283685	0.5426902174949646	0.47203089483082294	0.2044726051390171	0.44546566531062126	0.18166762683540583	0.6418084502220154	0.46444269083440304	0.6550584770739079	0.24196502845734358	0.44017860293388367	0.5055561289191246	0.2594774905592203	0.37964780256152153	0.6734132878482342	0.6152145564556122	0.4040688741952181	0.09847245831042528	0.26474083960056305
1955166	1	0.18257862329483032	0.031873649917542934	0.09268265962600708	0.10000312700867653	0.07458843290805817	0.14814690500497818	0.037268949672579765	0.10355748236179352	0.06914260052144527	0.11916100606322289	0.04610068164765835	0.08687344565987587	0.12361056357622147	0.06769872084259987	0.14907579869031906	0.15404033660888672	0.14527598768472672	0.16091320663690567	0.037252102978527546	0.07015572488307953
1960046	1	0.2488251030445099	0.033446572721004486	0.20377877727150917	0.1318238116800785	0.1362496316432953	0.17563146352767944	0.06687705591320992	0.16355453804135323	0.17307503148913383	0.27882733941078186	0.04270251654088497	0.2000383846461773	0.13775378931313753	0.09857100434601307	0.15042717196047306	0.22855070978403091	0.19909116998314857	0.15480978228151798	0.031903802417218685	0.1440623253583908
1961678	1	0.25413722172379494	0.14672998804599047	0.311660498380661	0.37684018537402153	0.22985645569860935	0.2903096191585064	0.10111842770129442	0.3211868107318878	0.2221306972205639	0.4336792007088661	0.07429387979209423	0.2712005786597729	0.27120102755725384	0.21138621866703033	0.31919291988015175	0.3670293837785721	0.302816491574049	0.2679867763072252	0.05201929621398449	0.17522433307021856
1961679	1	0.30399391055107117	0.23445928399451077	0.33528387546539307	0.3863358162343502	0.27499877754598856	0.33694303780794144	0.07727532554417849	0.3388276491314173	0.31031566113233566	0.5677016638219357	0.07738303137011826	0.29089295864105225	0.37966833636164665	0.2280749548226595	0.34623949602246284	0.466046329587698	0.37050464004278183	0.38070516288280487	0.07491476112045348	0.21943533793091774
1961680	1	0.27133631333708763	0.09813780547119677	0.2711363770067692	0.3798407353460789	0.2002195045351982	0.28711070492863655	0.1035730168223381	0.2904221974313259	0.1800854317843914	0.4713398739695549	0.08032696368172765	0.23369991779327393	0.30476124957203865	0.21530861780047417	0.32823970168828964	0.37581226602196693	0.3457263521850109	0.31254882737994194	0.06453203037381172	0.18584211729466915
1961681	1	0.3954491764307022	0.15213164337910712	0.37635818496346474	0.3005890678614378	0.2907794117927551	0.32322853431105614	0.1258249171078205	0.33850980177521706	0.3378765117377043	0.5124328881502151	0.09611102030612528	0.2952181603759527	0.3144780434668064	0.250952634960413	0.35046442970633507	0.38728608191013336	0.36305104941129684	0.45250218734145164	0.1064377190778032	0.2303185611963272
1961682	1	0.33792318403720856	0.20951982284896076	0.349495530128479	0.39211565256118774	0.2801188938319683	0.2963824197649956	0.10259753651916981	0.2872376162558794	0.30810027103871107	0.6224736869335175	0.09462101035751402	0.2687147408723831	0.3271946609020233	0.261911541223526	0.3439093865454197	0.4440666511654854	0.3926425613462925	0.36787670105695724	0.07253597024828196	0.24056213349103928
1961683	1	0.32266860641539097	0.20929162623360753	0.37160637602210045	0.37167034298181534	0.26966539677232504	0.3123394213616848	0.08530026162043214	0.2938374951481819	0.29432831145823	0.5951961502432823	0.09024847857654095	0.24234293028712273	0.32760543189942837	0.28147793002426624	0.3952324502170086	0.4536420479416847	0.4029636699706316	0.38937530294060707	0.07320310734212399	0.2180046085268259
1961783	1	0.3397928327322006	0.18562697200104594	0.33015551045536995	0.45342594012618065	0.2887415550649166	0.2779048550873995	0.11819019541144371	0.30234056152403355	0.26374533027410507	0.6822203099727631	0.07757365005090833	0.26575943268835545	0.2984539847820997	0.3095618551596999	0.35060401260852814	0.4805300645530224	0.3674171771854162	0.36822786554694176	0.06346152257174253	0.17626633495092392
1965018	1	0.11330549418926239	0.025792188942432404	0.10418406501412392	0.12838778644800186	0.08664537593722343	0.10403668135404587	0.03810693509876728	0.11577826738357544	0.16605256497859955	0.1672152578830719	0.0468025878071785	0.12026529386639595	0.0922950953245163	0.07433062791824341	0.11620404571294785	0.1316957324743271	0.10765577480196953	0.10200605913996696	0.04028494283556938	0.11895520985126495
1965074	0	0.37734200432896614	0.09717956557869911	0.19357255659997463	0.16264067217707634	0.24253474175930023	0.23538056015968323	0.15682593826204538	0.2947327569127083	0.24442647956311703	0.5207611471414566	0.11846043076366186	0.2698874846100807	0.2827291376888752	0.23202749714255333	0.14905892871320248	0.4210694804787636	0.41466590017080307	0.365493830293417	0.03239287296310067	0.1888180524110794
1965089	0	0.43897824361920357	0.13048791605979204	0.31912992149591446	0.2335526030510664	0.2347746677696705	0.3130207620561123	0.13299347274005413	0.4172893576323986	0.318604975938797	0.6028799936175346	0.10767980013042688	0.3267198670655489	0.35147758200764656	0.25160184130072594	0.3065066710114479	0.35982001945376396	0.40967677999287844	0.42146358266472816	0.07369044609367847	0.2496514730155468
1965093	0	0.737918846309185	0.2750293146818876	0.41923808865249157	0.3503281231969595	0.5088255349546671	0.4673016984015703	0.18388865608721972	0.4894279856234789	0.4844169784337282	0.9848251603543758	0.24305330030620098	0.5837759152054787	0.5131703428924084	0.46838565543293953	0.3537858873605728	0.7886307686567307	0.6587276794016361	0.8598396815359592	0.1432554256170988	0.48617500998079777
1972564	0	0.21108096186071634	0.08302801521494985	0.3482835553586483	0.3259493112564087	0.20680341497063637	0.28962161019444466	0.11934351455420256	0.3279855437576771	0.3532933071255684	0.4338746443390846	0.13239014148712158	0.1914414670318365	0.26881762221455574	0.1480056792497635	0.23923443257808685	0.4614929258823395	0.26806318014860153	0.31347161158919334	0.09176239743828773	0.1860566921532154
1972565	0	0.3009662292897701	0.06620566453784704	0.3210640475153923	0.31168508902192116	0.20798644982278347	0.3118569813668728	0.11691669467836618	0.28696681559085846	0.3386170230805874	0.45611871033906937	0.13664021529257298	0.20931259728968143	0.2698959521949291	0.18197306897491217	0.22216951474547386	0.37769030779600143	0.28975115343928337	0.29446302726864815	0.09152021165937185	0.20820024609565735
1972566	0	0.3064827248454094	0.06587879383005202	0.33520181104540825	0.3279566839337349	0.22526340559124947	0.31532251089811325	0.12179281283169985	0.2930421568453312	0.29133755154907703	0.4256892241537571	0.13085737079381943	0.1949376929551363	0.25066879764199257	0.18381783738732338	0.29842765256762505	0.46750063449144363	0.24950424581766129	0.25240753032267094	0.09237878699786961	0.17153179459273815
1972567	0	0.30764997377991676	0.18961244309321046	0.3371545523405075	0.34003250673413277	0.23246999084949493	0.3081941679120064	0.17015075124800205	0.28337425738573074	0.4799914974719286	0.5118002593517303	0.20711920410394669	0.21295131742954254	0.3204665035009384	0.1510784588754177	0.36068451032042503	0.48392773047089577	0.2704597972333431	0.5025241859257221	0.12394657544791698	0.2064113151282072
1972568	1	0.24176111817359924	0.07952368212863803	0.29248233139514923	0.3706526570022106	0.21002043783664703	0.31312575563788414	0.10316756274551153	0.32498301565647125	0.35361818224191666	0.48221803456544876	0.14963387697935104	0.23279456049203873	0.2493060939013958	0.1565091870725155	0.22154216654598713	0.4606967195868492	0.23439974337816238	0.26535090431571007	0.09520183550193906	0.16301213670521975
1972569	0	0.2676817774772644	0.07471789536066353	0.43020233139395714	0.4792243242263794	0.21360846236348152	0.33466148003935814	0.14855278190225363	0.3251509815454483	0.3529009036719799	0.6148463413119316	0.16888644453138113	0.24104266799986362	0.33043281361460686	0.20121818780899048	0.25506061874330044	0.5069361962378025	0.382141288369894	0.401291374117136	0.09506441373378038	0.17637882567942142
1972570	0	0.2849359903484583	0.1260991496965289	0.34565101750195026	0.42321059107780457	0.2641297895461321	0.35657825879752636	0.11358297802507877	0.41460103914141655	0.54397352039814	0.4901464395225048	0.19105257838964462	0.29055116698145866	0.33246935531497	0.1626537200063467	0.2634952310472727	0.5044897347688675	0.3237123638391495	0.31042948551476	0.08941446850076318	0.16882316209375858
1972571	0	0.2884516716003418	0.07653453387320042	0.32923898473381996	0.3217323124408722	0.20756313018500805	0.31769560649991035	0.11548761557787657	0.2761650010943413	0.3453175947070122	0.47036566585302353	0.15902372635900974	0.19861765764653683	0.3047034367918968	0.15643509291112423	0.23111747577786446	0.3946642354130745	0.24429776892066002	0.2780231274664402	0.09704456478357315	0.18752078339457512
1972572	1	0.30630093067884445	0.06294090021401644	0.32768818736076355	0.32768283411860466	0.32162734121084213	0.357774805277586	0.13279466703534126	0.2940680328756571	0.4511834755539894	0.6923586055636406	0.18048816360533237	0.237039715051651	0.34149912744760513	0.16584430541843176	0.2664588652551174	0.41877762600779533	0.34722643345594406	0.3797801733016968	0.09163309540599585	0.29683277755975723
1972573	1	0.2565266825258732	0.07993120676837862	0.32336586713790894	0.27639827132225037	0.18532086350023746	0.2863762900233269	0.0916078258305788	0.31555573642253876	0.33406486362218857	0.47321952879428864	0.17412096820771694	0.1890973187983036	0.2636156752705574	0.17731839045882225	0.24261384457349777	0.46982046961784363	0.2986600659787655	0.2838185764849186	0.09731378499418497	0.18125375360250473
1972574	1	0.2702046222984791	0.05458149965852499	0.3320746123790741	0.3374353777617216	0.3343168944120407	0.31591999903321266	0.1497297417372465	0.3370499238371849	0.43497394025325775	0.5975410640239716	0.16921812668442726	0.22830810025334358	0.31789707764983177	0.20138011500239372	0.22698703221976757	0.5256570279598236	0.32301327399909496	0.3754553906619549	0.12086060643196106	0.3473956249654293
1972575	1	0.2947154678404331	0.07194991316646338	0.2925955057144165	0.3361113779246807	0.21344006434082985	0.2899034693837166	0.10690213181078434	0.26127849519252777	0.3201647512614727	0.4383081942796707	0.14539312943816185	0.2087409570813179	0.28187503665685654	0.17439787462353706	0.2528422214090824	0.46105247735977173	0.2813659571111202	0.30030697025358677	0.09087926056236029	0.17777673713862896
1972576	1	0.3349099662154913	0.17178179882466793	0.39443739876151085	0.3989493139088154	0.4429081305861473	0.46767913177609444	0.12034579273313284	0.4464522823691368	0.5617083869874477	0.5177435725927353	0.20673780143260956	0.32660573348402977	0.35771168395876884	0.2291256356984377	0.33134131133556366	0.4976353161036968	0.42508648708462715	0.48542511463165283	0.09142749710008502	0.19198768958449364
1972577	1	0.28813279420137405	0.06442851293832064	0.3230808600783348	0.31593700498342514	0.22177086025476456	0.3298376798629761	0.1292965691536665	0.274541474878788	0.353820763528347	0.44469255954027176	0.1483624204993248	0.17167462594807148	0.2645926661789417	0.1734966402873397	0.214226383715868	0.4206388518214226	0.28664498031139374	0.27423785626888275	0.09326499048620462	0.20732151344418526
1972578	1	0.21496234275400639	0.07911179587244987	0.45006415247917175	0.38346441462635994	0.28654749505221844	0.39442406967282295	0.10181484697386622	0.324408583343029	0.5361786596477032	0.5297137126326561	0.1691093724220991	0.2548115458339453	0.28833650052547455	0.23632058687508106	0.20878534018993378	0.4585740268230438	0.4133540764451027	0.3014441765844822	0.09153593052178621	0.2770383283495903
1972579	1	0.34825854003429413	0.07196199637837708	0.31983744353055954	0.37411466613411903	0.5401275213807821	0.4414790943264961	0.1860129376873374	0.3641052059829235	0.5177616365253925	0.7266848087310791	0.24064088892191648	0.2279673032462597	0.3090427778661251	0.16733551397919655	0.3269650228321552	0.4876203387975693	0.39625025168061256	0.554813377559185	0.09744493197649717	0.30157581344246864
1972580	0	0.24998020380735397	0.08151971735060215	0.2890472523868084	0.31076400354504585	0.2168289441615343	0.3284505866467953	0.1047419086098671	0.30579475685954094	0.3316468819975853	0.4891171157360077	0.07864661049097776	0.22370408475399017	0.22671053186058998	0.1940570492297411	0.2465289905667305	0.4460982158780098	0.2912621535360813	0.33098673447966576	0.09246247075498104	0.1616517622023821
1972581	0	0.29932725336402655	0.13071060553193092	0.36415080539882183	0.3133200742304325	0.3445940110832453	0.3869798146188259	0.11930909752845764	0.30102139711380005	0.31803895346820354	0.7053806409239769	0.17513272538781166	0.27077620290219784	0.282369127497077	0.22419418208301067	0.2690303288400173	0.47986940294504166	0.3129871105775237	0.3699795715510845	0.14318851381540298	0.18964019231498241
1972584	0	0.27752697095274925	0.13478902797214687	0.550752554088831	0.38079909421503544	0.285706365481019	0.35956691205501556	0.31445417553186417	0.575948778539896	0.7172296717762947	0.695693738758564	0.21139602176845074	0.6026997305452824	0.27568645775318146	0.3335414808243513	0.2849388513714075	0.6698448359966278	0.4518030919134617	0.37377822399139404	0.11358723789453506	0.39025675132870674
1972586	0	0.2922935876995325	0.17252708319574594	0.5506705567240715	0.49699852615594864	0.42671673372387886	0.46189584769308567	0.24806765001267195	0.7633716128766537	0.8094997480511665	0.8700462356209755	0.20437068864703178	0.462186086922884	0.3331798743456602	0.28045004792511463	0.3787142429500818	0.7257814183831215	0.4625578485429287	0.5825146250426769	0.1537263272330165	0.32443124800920486
1972588	0	0.2791846729815006	0.08791938773356378	0.30350468680262566	0.3149312250316143	0.20567845925688744	0.3339412473142147	0.10872944910079241	0.25138377398252487	0.2873307354748249	0.5407524853944778	0.12208154518157244	0.18654785864055157	0.2908536158502102	0.17435834556818008	0.269590400159359	0.44751716405153275	0.23371899221092463	0.30173780396580696	0.08740795403718948	0.17283019796013832
1972589	0	0.2168500181287527	0.1622950043529272	0.4921771213412285	0.6493622213602066	0.3926929086446762	0.4372902102768421	0.219682808034122	0.8536559268832207	0.8769839853048325	0.8929861783981323	0.22636086214333773	0.6424946282058954	0.29086907766759396	0.24977849423885345	0.3970474898815155	0.6346739400178194	0.42716944590210915	0.43638530746102333	0.08624393818899989	0.41500044614076614
1972592	0	0.18605264090001583	0.17591944616287947	0.5828143442049623	0.6269616261124611	0.44587221555411816	0.44300318509340286	0.16591378394514322	0.9219819977879524	0.8791140094399452	0.8744341805577278	0.25112694688141346	0.5414310619235039	0.2552623311057687	0.2134529771283269	0.37456779927015305	0.7182445041835308	0.481224000453949	0.38231178373098373	0.07436075061559677	0.40595040563493967
1972593	0	0.3028275687247515	0.13793243281543255	0.6175597421824932	0.8295080177485943	0.46769384294748306	0.6474378295242786	0.37903329730033875	1.012950636446476	1.0427526533603668	1.041651964187622	0.28896645456552505	0.6498763337731361	0.2642969097942114	0.394094068557024	0.6236255597323179	0.6710546147078276	0.44093762896955013	0.680417288094759	0.16820534924045205	0.3391778841614723
1972594	0	0.30842739157378674	0.16822211490944028	0.6195329576730728	0.818975305184722	0.5955403912812471	0.5639710240066051	0.22093386203050613	0.8911434635519981	1.2384979613125324	1.000340647995472	0.4053501524031162	0.7651249319314957	0.3284162851050496	0.24866323079913855	0.6279014237225056	0.7146102860569954	0.447705889120698	0.5367267653346062	0.12702149106189609	0.37289444357156754
1972595	0	0.31935070361942053	0.18851797515526414	0.6531227231025696	0.8345537260174751	0.42735247127711773	0.6872692629694939	0.22165435086935759	1.1523475088179111	1.0864171870052814	1.0205142050981522	0.33768146857619286	0.6222813026979566	0.34213707223534584	0.22109619621187449	0.6195600610226393	0.7750816643238068	0.4063258897513151	0.5342917982488871	0.160464892629534	0.3899795627221465
1972596	0	0.23529323004186153	0.18180897645652294	0.6256799940019846	0.7219400070607662	0.37259723246097565	0.6259754449129105	0.1909680711105466	1.0341669283807278	0.9144284427165985	0.9021304696798325	0.34764349088072777	0.5707652736455202	0.3496026834473014	0.21876979991793633	0.36460655834525824	0.7395018078386784	0.4837258644402027	0.5310400668531656	0.1434462033212185	0.44590946286916733
1972597	0	0.3490002565085888	0.2062222035601735	0.5952693670988083	0.6346083581447601	0.39639813639223576	0.6168940328061581	0.20704763010144234	0.798221044242382	0.6968754809349775	0.97792699187994	0.272611266002059	0.5173118226230145	0.4230192732065916	0.32040444016456604	0.43349519930779934	0.7008851021528244	0.5993234887719154	0.564332626760006	0.2007225714623928	0.48943070881068707
1972612	0	0.36616390384733677	0.17318798415362835	0.5217649601399899	0.47803269885480404	0.4401512462645769	0.48979324847459793	0.18750653509050608	0.7507032006978989	0.7102533578872681	0.795647606253624	0.23660360556095839	0.4578779935836792	0.45807825587689877	0.2912043360993266	0.3997968155890703	0.7253672257065773	0.417901910841465	0.5281731598079205	0.17756074853241444	0.3942312691360712
1972613	0	0.4743606951087713	0.15827950136736035	0.5587128587067127	0.5521425679326057	0.3473351504653692	0.41566707752645016	0.26641605282202363	0.6796792671084404	0.7671439573168755	0.808531329035759	0.29141526110470295	0.6212278716266155	0.33844335936009884	0.29593430645763874	0.396359471604228	0.6449752319604158	0.42191907204687595	0.4884772077202797	0.1280450439080596	0.3449347820132971
1972614	0	0.3356820847839117	0.1829859148710966	0.5281292498111725	0.46829978097230196	0.4383422154933214	0.5283503271639347	0.23120093904435635	0.7492973357439041	0.6781629808247089	0.8267379477620125	0.2651439243927598	0.45675637386739254	0.44184434600174427	0.28193542920053005	0.4079834930598736	0.6968613304197788	0.43327654153108597	0.49870014376938343	0.168317137286067	0.3819925207644701
1972615	0	0.2566671818494797	0.18655585031956434	0.45471045933663845	0.487731508910656	0.4513996485620737	0.44735697098076344	0.20799517631530762	0.7028099298477173	0.729214746505022	0.8807570710778236	0.23715099599212408	0.505306001752615	0.3778022136539221	0.31906776409596205	0.4083271212875843	0.6470011919736862	0.5478134118020535	0.6014633327722549	0.16814577067270875	0.3827236220240593
1972616	0	0.4061805531382561	0.13024986535310745	0.45160902477800846	0.4989168681204319	0.35325137060135603	0.41555966436862946	0.16759046632796526	0.5643662177026272	0.43433445505797863	0.7414851263165474	0.24127889517694712	0.42156535014510155	0.4093138910830021	0.2587861390784383	0.4591578394174576	0.5964680872857571	0.4841528385877609	0.42468154057860374	0.1656919363886118	0.37535987701267004
1972617	0	0.48104936443269253	0.20666763000190258	0.7139060981571674	0.5825155656784773	0.6350179202854633	0.7694626450538635	0.3405341114848852	0.940742202103138	0.8521312084048986	1.1657270416617393	0.27841395139694214	0.5997844338417053	0.6083411239087582	0.4045219849795103	0.3924599466845393	0.9588983431458473	0.6200240589678288	0.6897499542683363	0.2200590018182993	0.5399935729801655
1972618	0	0.36457391642034054	0.14382588863372803	0.6297568343579769	0.5458119008690119	0.4666493944823742	0.49842764995992184	0.2605968192219734	0.8877264149487019	0.7344531156122684	0.923242375254631	0.2891427152790129	0.5679540373384953	0.5034182369709015	0.30350907146930695	0.44765652529895306	0.7616868391633034	0.4751202315092087	0.5269711576402187	0.21245819563046098	0.45701875258237123
1972619	0	0.3932168669998646	0.1616731067188084	0.5672093629837036	0.6121178530156612	0.5169097613543272	0.47463508136570454	0.24648229219019413	0.9575548432767391	0.7612726800143719	0.9428086467087269	0.2469803080894053	0.6150412373244762	0.3884839415550232	0.29132422152906656	0.40952039510011673	0.7746849879622459	0.45319338887929916	0.4943899344652891	0.2162053119391203	0.4762958474457264
1972620	0	0.30105476453900337	0.11808861326426268	0.4411705546081066	0.4116344265639782	0.2766493344679475	0.30942194163799286	0.15335363941267133	0.6049288623034954	0.6004269793629646	0.5921632498502731	0.17743857018649578	0.3815830275416374	0.35562686808407307	0.2768389880657196	0.27260858565568924	0.5850890204310417	0.3945177011191845	0.37638168409466743	0.10481949243694544	0.2662036847323179
1972621	0	0.44001838006079197	0.1513448152691126	0.5644880952313542	0.42962405271828175	0.4278089664876461	0.5668297931551933	0.21489076782017946	0.7305576577782631	0.5764538571238518	0.8364312276244164	0.2521627452224493	0.4764449093490839	0.42543642688542604	0.2772858142852783	0.4627526290714741	0.6146457977592945	0.4416423439979553	0.5744749344885349	0.12528497632592916	0.4114218335598707
1972622	0	0.42163913510739803	0.1587178949266672	0.4726099707186222	0.49777367152273655	0.4206968564540148	0.4620039649307728	0.18444582354277372	0.7258199788630009	0.5938988421112299	0.8052781894803047	0.2541209300979972	0.487899262458086	0.46736573055386543	0.28029354754835367	0.5357390455901623	0.6123953424394131	0.5095615796744823	0.5160460323095322	0.2024315744638443	0.39126265328377485
1972623	0	0.5373491682112217	0.24987896531820297	0.7120405919849873	0.7482093684375286	0.5874770879745483	0.638898516073823	0.3603525906801224	1.187749970704317	0.9784075431525707	1.1966541111469269	0.34257050743326545	0.6122696008533239	0.6118731144815683	0.38375925924628973	0.47600438818335533	1.0538052767515182	0.7557051368057728	0.6875248625874519	0.22642449848353863	0.6530455127358437
1972624	0	0.22886172030121088	0.2636550567112863	0.7360701244324446	0.6320824287831783	0.5942320208996534	0.5058984588831663	0.3358798772096634	0.9225875623524189	0.9459655024111271	1.0410194098949432	0.34319128282368183	0.6869459599256516	0.42112133651971817	0.3632658524438739	0.3992205820977688	0.7275425866246223	0.6328214704990387	0.5271716360002756	0.21981221064925194	0.47265495639294386
1972625	0	0.2807786175981164	0.15590093052014709	0.6346859857439995	0.542550889775157	0.4919083043932915	0.4399759992957115	0.25373524986207485	0.6655558608472347	0.6546997204422951	0.8545654304325581	0.23135679122060537	0.5651977173984051	0.4970920793712139	0.25587833672761917	0.3540168674662709	0.6832858286798	0.438786493614316	0.4691147655248642	0.1859270939603448	0.3449871027842164
1972626	0	0.24848747998476028	0.14538032514974475	0.6378784514963627	0.58157017827034	0.5923112127929926	0.48694477416574955	0.23733996134251356	0.9265877455472946	0.6767683289945126	0.9866281598806381	0.29836982395499945	0.6476273909211159	0.4267517924308777	0.4250596687197685	0.3791669886559248	0.7419415302574635	0.5297169219702482	0.4650525748729706	0.189433922059834	0.3769827876240015
1972637	0	0.3692399188876152	0.11381869902834296	0.34875496104359627	0.40251247957348824	0.26662488654255867	0.3105730712413788	0.10296764876693487	0.4610328897833824	0.42831818386912346	0.5013598091900349	0.17998846247792244	0.21403421834111214	0.3012088816612959	0.1669827103614807	0.2919852677732706	0.4914316087961197	0.40625111013650894	0.38371918350458145	0.05374966445378959	0.2054463978856802
1972639	0	0.5331008359789848	0.10701117711141706	0.6930094249546528	0.7567036543041468	0.22338344529271126	0.43747652135789394	0.09805127372965217	0.4985167235136032	0.5145501345396042	0.6005110908299685	0.3330472130328417	0.24109430611133575	0.34176380187273026	0.209810309112072	0.4366541188210249	0.5461573526263237	0.5147226620465517	0.573010541498661	0.11145359743386507	0.22997188940644264
1972683	0	0.1546454131603241	0.10357439564540982	0.3983593285083771	0.3661017343401909	0.263263700529933	0.18946200795471668	0.1178090083412826	0.6037097349762917	0.5290856212377548	0.5386502593755722	0.18193820677697659	0.43651919811964035	0.1715056076645851	0.15469997003674507	0.2970767132937908	0.4626048058271408	0.2883742041885853	0.32271234691143036	0.0717310777399689	0.3481767103075981
1972686	0	0.13975311070680618	0.10656182514503598	0.3548153303563595	0.3851819187402725	0.22743483167141676	0.18452303111553192	0.10984278097748756	0.625776931643486	0.5101350992918015	0.522968165576458	0.20879893470555544	0.4911491461098194	0.1647628415375948	0.14724320266395807	0.28055618330836296	0.4856632202863693	0.3478112444281578	0.3207439295947552	0.0660758325830102	0.32020246237516403
1978533	0	0.2588802669197321	0.1057479192968458	0.3189992494881153	0.42767297849059105	0.1726942453533411	0.26147795654833317	0.14177365181967616	0.29886452853679657	0.3300017826259136	0.48917147517204285	0.12160878255963326	0.19186138920485973	0.27857017144560814	0.15260549448430538	0.28022918850183487	0.3198603205382824	0.27298784255981445	0.31480953842401505	0.08370744669809937	0.1784757897257805
1978534	0	0.24320485815405846	0.10291464626789093	0.3194558322429657	0.41542381793260574	0.17462490871548653	0.24350934475660324	0.17032023891806602	0.2783854939043522	0.3067129850387573	0.46082703769207	0.14753405191004276	0.18585390411317348	0.27232277020812035	0.14666632935404778	0.25366006419062614	0.3710937984287739	0.27581032924354076	0.3534674122929573	0.07918928563594818	0.19902290403842926
1978535	0	0.23206174559891224	0.10170723684132099	0.33045099675655365	0.4134025275707245	0.17782791890203953	0.2383213583379984	0.16023186780512333	0.321686327457428	0.32630589976906776	0.44146232306957245	0.14375370740890503	0.19940091110765934	0.2631438188254833	0.14444240555167198	0.23859228566288948	0.35995135083794594	0.28376423567533493	0.34203143045306206	0.08016723766922951	0.2012944146990776
1978536	0	0.23496728762984276	0.10340254940092564	0.29386743903160095	0.44169504940509796	0.18380053900182247	0.2547844760119915	0.17182137072086334	0.315879937261343	0.3139849677681923	0.4556437060236931	0.1346917301416397	0.1980153564363718	0.26272493600845337	0.13586881570518017	0.26194142922759056	0.3460901342332363	0.3011096827685833	0.316889014095068	0.08087711594998837	0.19194450601935387
1978537	0	0.3868980500847101	0.2012646710500121	0.4445781782269478	0.6397257447242737	0.27935322001576424	0.3893824089318514	0.2766872877255082	0.46468104235827923	0.8417056389153004	0.672706626355648	0.18679743632674217	0.3545146705582738	0.42087955866008997	0.34448367916047573	0.3950928170233965	0.5584209896624088	0.3636623155325651	0.4583910647779703	0.09504870977252722	0.22572597116231918
1978538	0	0.25969062745571136	0.11436100210994482	0.38533320277929306	0.4267015941441059	0.29575280472636223	0.35891762748360634	0.16254497226327658	0.3915327452123165	0.3930058553814888	0.569291353225708	0.20292213559150696	0.22350027598440647	0.25327121652662754	0.21765087358653545	0.31845537573099136	0.4693876653909683	0.34299421682953835	0.3955271691083908	0.06469115731306374	0.1544681121595204
1978539	0	0.22151620127260685	0.09798327181488276	0.26963160187005997	0.3796515315771103	0.15534248761832714	0.3203282281756401	0.15375209040939808	0.25702177733182907	0.3068597689270973	0.4926636815071106	0.11828416958451271	0.17873376235365868	0.2890181243419647	0.1723805945366621	0.2788897715508938	0.35987798497080803	0.34333057701587677	0.35528474673628807	0.0789324939250946	0.17051714658737183
1978540	1	0.24494653940200806	0.09587904904037714	0.39148571342229843	0.41068439185619354	0.28581493347883224	0.35311004519462585	0.16424329299479723	0.45335719361901283	0.4262722209095955	0.523702509701252	0.20443644560873508	0.28579300455749035	0.23717674240469933	0.1649748496711254	0.2856016382575035	0.5236072577536106	0.3083759527653456	0.35956235602498055	0.06683994457125664	0.2141359206289053
1978541	0	0.21384678408503532	0.10843996424227953	0.3259190060198307	0.4057127982378006	0.1749193030409515	0.2624284438788891	0.10941639821976423	0.42147572338581085	0.4271475300192833	0.44451700896024704	0.11055487859994173	0.2999255545437336	0.1957151312381029	0.19209876470267773	0.21569335088133812	0.3086087368428707	0.25542136281728745	0.25270455330610275	0.0939912642352283	0.18146347254514694
1978542	0	0.19323608092963696	0.10423623444512486	0.40887533873319626	0.4049572665244341	0.17825688235461712	0.2831742484122515	0.28537252079695463	0.45265066996216774	0.5506246238946915	0.5192368570715189	0.1404412854462862	0.3326207287609577	0.271014166995883	0.2395586557686329	0.3023223876953125	0.35296246595680714	0.3101001251488924	0.3468433991074562	0.08037236519157887	0.24314372427761555
1978543	0	0.3364483565092087	0.15964850038290024	0.3365511428564787	0.363334646448493	0.24534146673977375	0.330814391374588	0.1740916226990521	0.3949664570391178	0.38167955353856087	0.5023499317467213	0.18223669566214085	0.25146408937871456	0.36527353897690773	0.20215283520519733	0.28189624659717083	0.38876092806458473	0.4218543581664562	0.3842976950109005	0.12919700518250465	0.1676405370235443
1978544	0	0.3151938784867525	0.14934727549552917	0.41247956827282906	0.49738406017422676	0.25845847837626934	0.28202471509575844	0.16971189063042402	0.3611594792455435	0.46021585166454315	0.4318652767688036	0.1386222243309021	0.19919260405004025	0.24326586350798607	0.2344384491443634	0.40741876512765884	0.3990278746932745	0.3824597932398319	0.33494073897600174	0.13102660700678825	0.19176660664379597
1978545	0	0.2708130329847336	0.10634263325482607	0.27666354551911354	0.3837033733725548	0.19680728018283844	0.24090607464313507	0.1173503864556551	0.2746882811188698	0.33598556369543076	0.4477308839559555	0.12494883500039577	0.2073374930769205	0.29347531870007515	0.18568280711770058	0.2738664969801903	0.418391190469265	0.28583259880542755	0.2943486459553242	0.08414800465106964	0.18097756803035736
1978546	0	0.2903871051967144	0.1025664759799838	0.25835517793893814	0.3740730620920658	0.19511674530804157	0.265136094763875	0.12039730325341225	0.2925536297261715	0.33208347484469414	0.4742235764861107	0.12302565015852451	0.19873161613941193	0.3252483680844307	0.17403506115078926	0.2533225379884243	0.40807514637708664	0.2949097231030464	0.2783453054726124	0.08822731859982014	0.15118664130568504
1980456	1	0.10382875055074692	0.07102644722908735	0.09596561640501022	0.11838877946138382	0.0907914787530899	0.12062297761440277	0.05122486874461174	0.12546413764357567	0.1324940174818039	0.19240064918994904	0.045073725283145905	0.0738226417452097	0.07901139929890633	0.07946619763970375	0.07765593752264977	0.15565947443246841	0.14199279248714447	0.14405400305986404	0.029263812117278576	0.07179229706525803
1980915	0	0.4193947985768318	0.07412303611636162	0.3864550031721592	0.3734628278762102	0.23964615538716316	0.3991958945989609	0.10843602009117603	0.2977771479636431	0.3922644555568695	0.6274271085858345	0.1776501266285777	0.20939930900931358	0.3129523042589426	0.22630911879241467	0.3592235743999481	0.41385728493332863	0.3647178206592798	0.37066516280174255	0.056638794019818306	0.19040411990135908
1980916	0	0.38774242252111435	0.08178151957690716	0.34412870183587074	0.40035809949040413	0.20387031324207783	0.37359046190977097	0.16615602932870388	0.3516172654926777	0.3718190174549818	0.6297405138611794	0.16592239774763584	0.18961851857602596	0.3217906802892685	0.1823138613253832	0.3627990707755089	0.4880273640155792	0.4462382346391678	0.3325536586344242	0.04478907119482756	0.1551427599042654
1980917	0	0.43593478575348854	0.07723113428801298	0.37067233957350254	0.4530971013009548	0.2236296646296978	0.3943449333310127	0.13288953131996095	0.33300062268972397	0.3880745656788349	0.6149671673774719	0.157753961160779	0.22261437214910984	0.2529790587723255	0.21166476048529148	0.40879835560917854	0.38907234743237495	0.3867160528898239	0.31096410006284714	0.05519951321184635	0.180395670235157
1980918	0	0.6442379765212536	0.06969341402873397	0.38457803800702095	0.4810023233294487	0.35713353753089905	0.58866873010993	0.16930065327323973	0.30994193628430367	0.3807752691209316	0.6153287887573242	0.23757074400782585	0.2416168674826622	0.2879229262471199	0.176980160176754	0.34050073847174644	0.6308393329381943	0.38008805736899376	0.4917643517255783	0.03907037898898125	0.17298574652522802
1983771	1	0.2215011678636074	0.03634750284254551	0.36518513038754463	0.3657013848423958	0.19890295714139938	0.2354561612010002	0.1405501328408718	0.21591513976454735	0.12949100509285927	0.22004114091396332	0.10072194738313556	0.1979309469461441	0.1601758524775505	0.1019520852714777	0.21568524278700352	0.2873638719320297	0.2882995903491974	0.2232273891568184	0.1275227852165699	0.1680285520851612
1983780	1	0.18233151361346245	0.05144337471574545	0.1028867494314909	0.1490437164902687	0.12727057188749313	0.18604665994644165	0.04057306423783302	0.14896374754607677	0.15157442726194859	0.22582021728157997	0.0378573527559638	0.1254492588341236	0.22403142228722572	0.09201643709093332	0.2663133069872856	0.16893049702048302	0.24014069885015488	0.24818280339241028	0.04965458158403635	0.1814696416258812
1985688	0	0.2996270330622792	0.14288167981430888	0.45807479694485664	0.7149541266262531	0.3752868566662073	0.5416110754013062	0.1903591975569725	0.5295978076756	0.6040421016514301	0.803479366004467	0.21347350627183914	0.28962635435163975	0.41262805834412575	0.20581640116870403	0.4145114067941904	0.6392311118543148	0.3112532813102007	0.4821912944316864	0.13540570065379143	0.23594885598868132
1985689	0	0.3183636134490371	0.2132450225763023	0.6165040265768766	0.7814034419134259	0.46203065011650324	0.6583424396812916	0.13279895577579737	0.6726012490689754	0.9548803269863129	1.0917626544833183	0.24770602770149708	0.3064911914989352	0.47788627073168755	0.1852058544754982	0.5812494102865458	0.7127759791910648	0.42833449598401785	0.6737900264561176	0.18766813073307276	0.2969601899385452
1985690	0	0.24643264152109623	0.06663006637245417	0.34220144525170326	0.43009334802627563	0.2662457302212715	0.3613593056797981	0.11699382122606039	0.32924583926796913	0.3942256234586239	0.618938110768795	0.1495042061433196	0.3165474012494087	0.3464059568941593	0.18481029942631721	0.3032139725983143	0.5351317003369331	0.2901782877743244	0.3890773393213749	0.11418482288718224	0.198580089956522
1985691	0	0.3800160111859441	0.17772560659796	0.6806015893816948	0.8539678752422333	0.4817732982337475	0.5094939721748233	0.21956500317901373	0.6350668715313077	0.6528516747057438	1.0327199846506119	0.2454797299578786	0.4943737694993615	0.46247025579214096	0.25603073462843895	0.3786156550049782	0.9753254875540733	0.44862881302833557	0.5916554164141417	0.1682820152491331	0.3553562415763736
1985693	1	0.24225418642163277	0.10441127326339483	0.3028646595776081	0.3348922096192837	0.23392725735902786	0.3384767472743988	0.11068830825388432	0.3171340487897396	0.37945346534252167	0.42838050425052643	0.1178351454436779	0.2540856897830963	0.22213655523955822	0.1535665262490511	0.19411434791982174	0.4225506857037544	0.30331940203905106	0.25007153302431107	0.1025340473279357	0.18730340711772442
1985694	0	0.21705331280827522	0.10534779075533152	0.5351457204669714	0.5139313116669655	0.40560675226151943	0.3761371485888958	0.13041232712566853	0.637329064309597	0.4708091653883457	0.6572626084089279	0.14847296569496393	0.3481354098767042	0.2975255027413368	0.2116147316992283	0.3124961070716381	0.5275098355486989	0.38195556215941906	0.3116081766784191	0.11511341854929924	0.29653304629027843
1985695	0	0.2941649444401264	0.16671108501031995	0.33510756865143776	0.4270239360630512	0.2601642645895481	0.38443199917674065	0.0925744236446917	0.4331529103219509	0.45095865428447723	0.5734115913510323	0.15203358232975006	0.23073956929147243	0.2640044167637825	0.20942363515496254	0.30389177054166794	0.4793303459882736	0.286005899310112	0.3496956117451191	0.11478361114859581	0.19239015597850084
1985696	0	0.17983750067651272	0.0902819586917758	0.4650331474840641	0.4742971621453762	0.30050377547740936	0.3273611031472683	0.09144098125398159	0.503677673637867	0.39655579812824726	0.5331787392497063	0.11075656628236175	0.38369353860616684	0.23374467715620995	0.21100709959864616	0.262750331312418	0.4621417336165905	0.3170548975467682	0.2832378000020981	0.10440619615837932	0.2690393328666687
1985697	0	0.27121305651962757	0.20952901802957058	0.44229674711823463	0.5402405746281147	0.3570662774145603	0.2997757541015744	0.13870956655591726	0.571694016456604	0.5047652833163738	0.6114534102380276	0.24113540165126324	0.3735345434397459	0.222032037563622	0.26260554417967796	0.30682673305273056	0.5907144360244274	0.29867481626570225	0.33614444732666016	0.13292028149589896	0.2886681333184242
1985698	0	0.40915296226739883	0.09973040875047445	0.35022715106606483	0.42864296957850456	0.21626294404268265	0.38385090604424477	0.13540484942495823	0.4170580618083477	0.3895767778158188	0.5192183703184128	0.18696811981499195	0.1975016575306654	0.2579976096749306	0.13176468946039677	0.35166823491454124	0.5155883021652699	0.37385787442326546	0.3720548711717129	0.07294573541730642	0.19052757136523724
1985699	0	0.4364939797669649	0.13614145759493113	0.46330356039106846	0.5570554994046688	0.25522530823946	0.4861311409622431	0.20518987532705069	0.607409805059433	0.5634716227650642	0.6860983222723007	0.3058456555008888	0.3679216429591179	0.2763154897838831	0.17674172669649124	0.4150893744081259	0.7081531547009945	0.48455750942230225	0.5290683768689632	0.08814730867743492	0.25163913145661354
1985702	0	0.38072958774864674	0.1052914303727448	0.36540612205863	0.36786285787820816	0.18244845606386662	0.33256271481513977	0.11304412968456745	0.4174292981624603	0.4042276553809643	0.5580885857343674	0.17538968846201897	0.23611995205283165	0.2691920232027769	0.17286613024771214	0.30882231518626213	0.5567848905920982	0.40032120421528816	0.3997497968375683	0.074580910615623	0.17908224184066057
1985703	0	0.35096974298357964	0.10412580170668662	0.36800263077020645	0.3480451889336109	0.19417601637542248	0.3774251155555248	0.10932250414043665	0.39332418143749237	0.3889073170721531	0.5615895763039589	0.17866478115320206	0.2891325354576111	0.2649743389338255	0.19285776279866695	0.27812665794044733	0.5169910863041878	0.41371655836701393	0.4122403748333454	0.07731475937180221	0.18009308399632573
1985704	0	0.45955360028892756	0.16285728383809328	0.5000540725886822	0.5653747655451298	0.3644900321960449	0.5879203677177429	0.10517605068162084	0.6460269317030907	0.6631511896848679	0.790641400963068	0.28414385952055454	0.29301615711301565	0.3611806072294712	0.22677084244787693	0.47771469317376614	0.8871712908148766	0.5557874776422977	0.7028905041515827	0.1087745726108551	0.25730435736477375
1985706	0	0.3916126862168312	0.09873382840305567	0.5501841716468334	0.4211021512746811	0.2425282597541809	0.464756878092885	0.17261482495814562	0.7963066473603249	0.612626239657402	0.6301041692495346	0.37220174819231033	0.5179078206419945	0.24004569463431835	0.20968492422252893	0.4323380384594202	0.6312509998679161	0.5128779858350754	0.45655152946710587	0.08140522986650467	0.16516621131449938
1985982	0	0.07097933441400528	0.02291105128824711	0.057502247393131256	0.04672057554125786	0.04941599443554878	0.07232704758644104	0.02380952425301075	0.04941599443554878	0.04806828498840332	0.08849955350160599	0.021114105358719826	0.03548966720700264	0.05166217312216759	0.04043126851320267	0.04941599443554878	0.07726864516735077	0.0606468990445137	0.08176100999116898	0.016621742397546768	0.03593890368938446
1985983	0	0.07123034447431564	0.022664200514554977	0.05920444056391716	0.05041627958416939	0.048103608191013336	0.07446808367967606	0.02543940767645836	0.05874190479516983	0.047641072422266006	0.08510638028383255	0.021739130839705467	0.05087881535291672	0.05550416186451912	0.03561517223715782	0.047641072422266006	0.07169287651777267	0.0582793727517128	0.06567992269992828	0.016188714653253555	0.0337650328874588
1986112	0	0.4745558127760887	0.2451452724635601	0.422695305198431	0.45847091637551785	0.3827640824019909	0.5426033549010754	0.12867776956409216	0.4561769366264343	0.4452518215402961	0.6488405019044876	0.25309081096202135	0.3804981205612421	0.28597114607691765	0.3363733422011137	0.2897607069462538	0.6418126970529556	0.30602935794740915	0.8189472407102585	0.06515473779290915	0.4171801470220089
1986113	0	0.39569442719221115	0.07000041846185923	0.17611743696033955	0.18718664348125458	0.22483574971556664	0.21852562949061394	0.14565309509634972	0.3261248394846916	0.2600348722189665	0.5084929913282394	0.1193736707791686	0.2854911684989929	0.3105991370975971	0.21483266912400723	0.1616056002676487	0.3763199746608734	0.47949329018592834	0.29516420140862465	0.02685557957738638	0.21759865805506706
1986118	0	0.5559168681502342	0.22617697156965733	0.3424471225589514	0.3280300162732601	0.52898920327425	0.4374946132302284	0.20464380411431193	0.5228088386356831	0.4977422719821334	0.7710737250745296	0.14906172640621662	0.5218970514833927	0.4355524629354477	0.537780400365591	0.3824435193091631	0.6783042810857296	0.6896162927150726	0.7288169339299202	0.09455689694732428	0.36664699390530586
1986958	0	0.09090909361839294	0.016894610598683357	0.05269509181380272	0.039420757442712784	0.04223652556538582	0.08326628804206848	0.019308125600218773	0.04062751308083534	0.028962187469005585	0.09533386677503586	0.0156878512352705	0.03660498932003975	0.07240547239780426	0.034593723714351654	0.05108608305454254	0.08728881925344467	0.062751404941082	0.07602574676275253	0.022526146844029427	0.031375702470541
1986959	0	0.07636518776416779	0.020477816462516785	0.05546075105667114	0.04906143248081207	0.04394197836518288	0.06996586918830872	0.024744028225541115	0.05844710022211075	0.05418088659644127	0.08191126585006714	0.03029010258615017	0.04138225317001343	0.056740615516901016	0.042235493659973145	0.0426621176302433	0.06740614026784897	0.06697952002286911	0.06783276796340942	0.013225255534052849	0.03668941929936409
1986960	0	0.07629930227994919	0.009952082298696041	0.05344637110829353	0.04681164771318436	0.05344637110829353	0.05676373094320297	0.018061187118291855	0.06634721904993057	0.03722815960645676	0.08772576600313187	0.026907483115792274	0.05565794184803963	0.06634721904993057	0.0383339487016201	0.04902322217822075	0.07740508764982224	0.07777368277311325	0.058975305408239365	0.014375230297446251	0.029119055718183517
1987013	0	0.29550609551370144	0.1756447060033679	0.5228773057460785	0.38548751547932625	0.3379329852759838	0.35119487531483173	0.21404941007494926	0.6546626091003418	0.6887801364064217	0.6920190006494522	0.19558610580861568	0.5191726535558701	0.2951885983347893	0.2481735162436962	0.2813417501747608	0.6904279440641403	0.4524395242333412	0.4441150091588497	0.16002236399799585	0.3953779321163893
1987017	1	0.31736363284289837	0.13456230703741312	0.42611690796911716	0.4147431179881096	0.30928335525095463	0.4896920621395111	0.22658502589911222	0.6676639504730701	0.56718460470438	0.8124995529651642	0.21908165514469147	0.36196283996105194	0.3535104487091303	0.2906519751995802	0.39534640684723854	0.7374199479818344	0.446570735424757	0.420506589114666	0.14820765517652035	0.2610472524538636
1987018	1	0.2577217873185873	0.10121758840978146	0.4367856979370117	0.4705398716032505	0.23056740872561932	0.37247391417622566	0.19915055483579636	0.5101496838033199	0.5219502225518227	0.6931884065270424	0.21320646442472935	0.31770529970526695	0.33821211010217667	0.2224569320678711	0.3227031659334898	0.6084108725190163	0.4685390889644623	0.35743309184908867	0.08021957939490676	0.277368251234293
1987019	1	0.33187807351350784	0.19366634590551257	0.37956951931118965	0.414376612752676	0.25888765789568424	0.4232557527720928	0.23722403775900602	0.6783687584102154	0.6617048271000385	0.7954997047781944	0.2196008050814271	0.38345556519925594	0.44354642927646637	0.23487361054867506	0.3427245654165745	0.7036389634013176	0.5581014789640903	0.3578627333045006	0.11182055529206991	0.2699440289288759
1987123	0	0.053411129862070084	0.019299820065498352	0.06014362722635269	0.05700179561972618	0.046678636223077774	0.06059246137738228	0.020646318793296814	0.06642729043960571	0.07136445492506027	0.08752243965864182	0.035008978098630905	0.04847396910190582	0.04353680461645126	0.03635547682642937	0.03949730843305588	0.0740574523806572	0.05834829434752464	0.07136445492506027	0.01391382422298193	0.03635547682642937
1987124	0	0.08260049670934677	0.05222393944859505	0.09827085584402084	0.12048907950520515	0.11266979202628136	0.12135788798332214	0.0461104866117239	0.12743955850601196	0.12002288550138474	0.22931278496980667	0.06786251440644264	0.06956834718585014	0.08089466020464897	0.037793222814798355	0.09004894644021988	0.13352122157812119	0.12964336201548576	0.16836896538734436	0.07878621108829975	0.03301477059721947
1987125	0	0.05861456319689751	0.015097690746188164	0.06172291189432144	0.05683836713433266	0.052841916680336	0.06438720971345901	0.021314388141036034	0.06527531147003174	0.06660746037960052	0.08836589753627777	0.029751332476735115	0.04351687431335449	0.03952042758464813	0.0364120788872242	0.04085257649421692	0.0692717581987381	0.06749556213617325	0.07238010317087173	0.014209591783583164	0.035523977130651474
1987126	0	0.14271793514490128	0.11458037607371807	0.07936984859406948	0.07311705686151981	0.12408948689699173	0.13525518774986267	0.020098257809877396	0.0749035682529211	0.06029477342963219	0.17978806048631668	0.05078565888106823	0.046895936131477356	0.1111372746527195	0.053912052884697914	0.1719355210661888	0.11988306418061256	0.0749035682529211	0.2218279242515564	0.03604693524539471	0.10845750570297241
1987127	0	0.05882352963089943	0.017063314095139503	0.06151773780584335	0.05253704637289047	0.051638975739479065	0.06151773780584335	0.01796138286590576	0.06825325638055801	0.06331387162208557	0.08980691432952881	0.03233049064874649	0.04669959470629692	0.04086214676499367	0.03637180104851723	0.040413111448287964	0.07543780654668808	0.05927256494760513	0.07319263368844986	0.01571621000766754	0.037269867956638336
1987128	0	0.04913557693362236	0.016378525644540787	0.061419472098350525	0.06005459651350975	0.05141037330031395	0.06187443062663078	0.019563239067792892	0.07097361236810684	0.07097361236810684	0.08780709654092789	0.029572337865829468	0.048225659877061844	0.04322110861539841	0.034576889127492905	0.039126478135585785	0.07734303921461105	0.061419472098350525	0.06778889894485474	0.014558689668774605	0.034576889127492905
1987129	0	0.0467497780919075	0.020035618916153908	0.054764024913311005	0.06188780069351196	0.05743544176220894	0.060106854885816574	0.02048085443675518	0.06099732965230942	0.058771148324012756	0.08726625144481659	0.03205699101090431	0.045859307050704956	0.04318789020180702	0.03739982098340988	0.049421194940805435	0.08236865699291229	0.058325912803411484	0.07168298959732056	0.014247551560401917	0.03695458546280861
1987130	0	0.05398230254650116	0.01504424773156643	0.06150442361831665	0.05619468912482262	0.047787610441446304	0.06106194853782654	0.02256637252867222	0.0712389349937439	0.0752212405204773	0.08230088651180267	0.028318583965301514	0.03893805295228958	0.043805308640003204	0.04115044325590134	0.040265485644340515	0.07433628290891647	0.055752214044332504	0.0752212405204773	0.016814159229397774	0.03849557414650917
2003391	0	0.06776859611272812	0.01570247858762741	0.06363636255264282	0.04504132270812988	0.05537189915776253	0.06611569970846176	0.027272727340459824	0.048347108066082	0.040082644671201706	0.08719008415937424	0.023140495643019676	0.032231405377388	0.05330578610301018	0.040082644671201706	0.05123966932296753	0.06900826096534729	0.06322313845157623	0.09834710508584976	0.014876033179461956	0.03801652789115906
2003499	0	0.07685472816228867	0.012883163057267666	0.05375388637185097	0.04353620484471321	0.0621945783495903	0.05375388637185097	0.023100843653082848	0.04531319439411163	0.05508662760257721	0.07952021062374115	0.027543313801288605	0.04220346361398697	0.07063527405261993	0.04264771193265915	0.033762771636247635	0.08485117554664612	0.08129720389842987	0.06708129495382309	0.014215904287993908	0.029764549806714058
201490	0	0.7061554342508316	0.1452534981071949	0.6020887345075607	0.6561883091926575	0.34833950735628605	0.700764961540699	0.21358202444389462	0.6159937083721161	0.5229053348302841	0.8314199596643448	0.35295806638896465	0.4138493202626705	0.46783872321248055	0.3416039030998945	0.6971598826348782	0.639390904456377	0.5727852880954742	0.7256196327507496	0.11454201024025679	0.33156079798936844
2017080	1	0.22438220866024494	0.06819957215338945	0.3527136445045471	0.2739454433321953	0.2742399051785469	0.1753490837290883	0.0810662773437798	0.42240288853645325	0.27271440252661705	0.38119933009147644	0.08423166535794735	0.43197840452194214	0.2747374102473259	0.1516753537580371	0.23375649377703667	0.3792484179139137	0.30286650732159615	0.2266146633774042	0.07357070595026016	0.31510765478014946
2017081	1	0.22654439695179462	0.06752296630293131	0.36772260814905167	0.25720706954598427	0.26362963020801544	0.18748111557215452	0.08506559068337083	0.4062551148235798	0.2936341669410467	0.3951711356639862	0.08242051722481847	0.38963257521390915	0.27729971893131733	0.14528711698949337	0.19569323025643826	0.3894849307835102	0.3490989785641432	0.22392054833471775	0.08255968242883682	0.31436898931860924
2017082	1	0.1454753689467907	0.05172966793179512	0.17841923981904984	0.2632760554552078	0.12407789379358292	0.12467353790998459	0.038396334275603294	0.21136311814188957	0.24004581943154335	0.2776174172759056	0.0705154649913311	0.1582130566239357	0.10002291202545166	0.15963345021009445	0.13498282246291637	0.17942725867033005	0.19317296892404556	0.13718213513493538	0.02263459376990795	0.18914088979363441
2017083	1	0.12376021593809128	0.043850360438227654	0.0848738607019186	0.11361847817897797	0.08672929182648659	0.15533170104026794	0.05632352456450462	0.1005624569952488	0.1326293684542179	0.13720481097698212	0.05895610153675079	0.08049270883202553	0.09656988084316254	0.07259498164057732	0.15610884130001068	0.1177179142832756	0.13681623339653015	0.09033329784870148	0.04687150940299034	0.10865447297692299
2021738	1	0.19464154541492462	0.025601500645279884	0.1195579469203949	0.09937199018895626	0.07159285247325897	0.1421743780374527	0.022110757883638144	0.07356659136712551	0.0750346640124917	0.14116303622722626	0.0564146488904953	0.07978957518935204	0.09147704020142555	0.08874480053782463	0.15264660492539406	0.15841286070644855	0.14865019172430038	0.13898540288209915	0.0332925533875823	0.08677106536924839
2025079	0	0.05374887213110924	0.021228546276688576	0.056910570710897446	0.05149051547050476	0.04878048598766327	0.06549232453107834	0.016260161995887756	0.07452574372291565	0.05962059646844864	0.07407407462596893	0.026196928694844246	0.056007225066423416	0.04742547497153282	0.039295393973588943	0.03297199681401253	0.07091237604618073	0.08807588368654251	0.06775067746639252	0.011291779577732086	0.0379403792321682
2025360	1	6.644645418506116	4.836383432848379	13.907110471278429	10.709117354825139	9.260748374741524	7.946050094906241	3.978568134829402	21.017372891306877	16.332901421934366	17.164315789937973	5.436063521075994	15.709623293019831	6.159040026366711	3.9052938679233193	8.08560719108209	15.703931778669357	11.745312254875898	12.206362880766392	1.5032631407957524	11.748289316892624
2025396	1	0.33088549226522446	0.03393077943474054	0.15288380160927773	0.1349061131477356	0.1180830541998148	0.23399075120687485	0.10468747466802597	0.1293478161096573	0.07192732021212578	0.2886444702744484	0.06432172656059265	0.06644468754529953	0.23047304153442383	0.14184316247701645	0.16858920454978943	0.17083964496850967	0.18032721430063248	0.23023321479558945	0.06425420194864273	0.08338680118322372
202910	0	13.714659497141838	1.3898283219896257	3.756808581762016	3.9792591338045895	2.2691550897434354	7.347720168530941	1.2553991726599634	1.1934382002800703	0.9986743183108047	6.9236289374530315	1.1335880537517369	1.0341878506587818	6.445879943668842	1.3962531019933522	7.530642334371805	3.750912052579224	2.7154379477724433	4.645033068954945	0.7614881496410817	1.758006339892745
2031165	0	0.07254814356565475	0.02060008980333805	0.05553067475557327	0.05060456693172455	0.049708910286426544	0.05553067475557327	0.019704433158040047	0.04433497413992882	0.04299149289727211	0.09404388815164566	0.03313927352428436	0.04881325736641884	0.043887145817279816	0.0403045229613781	0.05060456693172455	0.07478728145360947	0.07613076269626617	0.07523510605096817	0.012987012974917889	0.03851320967078209
2031166	0	0.1470237821340561	0.06150463968515396	0.0747033841907978	0.06564131006598473	0.08144120499491692	0.13071204349398613	0.06286395154893398	0.07062545046210289	0.07153165712952614	0.3345332220196724	0.03171726316213608	0.07153165712952614	0.1085686944425106	0.039420027285814285	0.1311064101755619	0.13077078387141228	0.12397422268986702	0.1772642582654953	0.015405528247356415	0.06966050714254379
2040663	0	0.07902033627033234	0.018946396186947823	0.053142327815294266	0.04990758001804352	0.04390018433332443	0.06700554490089417	0.022643253207206726	0.05683918669819832	0.04990758001804352	0.08456561714410782	0.024491682648658752	0.042051754891872406	0.054528649896383286	0.0415896475315094	0.044824399054050446	0.06885397434234619	0.06885397434234619	0.0767097994685173	0.012939001433551311	0.039279114454984665
2049444	1	0.27913578413426876	0.2654282015282661	0.36202943325042725	0.4101403094828129	0.3002666588872671	0.3092943448573351	0.09110293909907341	0.29664529114961624	0.3088614922016859	0.5982434786856174	0.08207324636168778	0.3406883217394352	0.31885932572185993	0.26132439635694027	0.3413771726191044	0.39618844352662563	0.366475697606802	0.37189120426774025	0.06747991312295198	0.23249439522624016
2050578	1	2.6922298800200224	0.6600114637985826	1.3167312815785408	1.892752437852323	1.3300213180482388	2.10003209579736	0.6260171181056648	1.4923622254282236	1.3429432357661426	3.512279747053981	0.8605745667591691	1.4510737862437963	1.9506849674507976	1.5266546858474612	2.404409922659397	2.257040021941066	1.9315041219815612	2.2115178164094687	0.42794557800516486	1.0132136913016438
2052558	1	0.36525229178369045	0.24983461922965944	0.38222397305071354	0.45725388638675213	0.32862974517047405	0.40003206208348274	0.12590377498418093	0.310238191857934	0.34945677779614925	0.7477440387010574	0.12749487441033125	0.27487846463918686	0.35467410646378994	0.32589226588606834	0.39531307108700275	0.5536781586706638	0.4049210185185075	0.46579336002469063	0.11590929015073925	0.26487607415765524
2055263	1	0.07489253208041191	0.03778060805052519	0.13085495680570602	0.13152364268898964	0.06405030936002731	0.1616303138434887	0.05913070961833	0.141028493642807	0.10883617401123047	0.20541314780712128	0.026604044251143932	0.08648304082453251	0.1263493075966835	0.09874224103987217	0.054625057615339756	0.1340232416987419	0.19665658473968506	0.02101576142013073	0.03536061104387045	0.10499920696020126
2057509	1	0.1969795525074005	0.053308562375605106	0.1476038061082363	0.16983725130558014	0.13323599100112915	0.23720769584178925	0.03614497184753418	0.33157552033662796	0.29989374428987503	0.23047910630702972	0.07992568798363209	0.14934206753969193	0.1026117391884327	0.14563566073775291	0.10745170712471008	0.12136323191225529	0.20560024306178093	0.09686461091041565	0.04007778689265251	0.11486104503273964
2057932	1	0.06004275567829609	0.03924552816897631	0.11624981090426445	0.12293589487671852	0.09247904270887375	0.11959285661578178	0.04444483481347561	0.09780151024460793	0.12169545143842697	0.1965971365571022	0.025750203989446163	0.11488620564341545	0.12862785905599594	0.11327626928687096	0.07044136710464954	0.10783063247799873	0.205262653529644	0.05830965377390385	0.056453386321663857	0.10807695984840393
2057933	1	0.051623573526740074	0.044321670196950436	0.116126649081707	0.13321134075522423	0.09928828477859497	0.11785975471138954	0.03416938614100218	0.09619157388806343	0.12008551135659218	0.19833023846149445	0.02401710208505392	0.11488620564341545	0.12862785905599594	0.1166193075478077	0.07044136710464954	0.11463987454771996	0.20860568434000015	0.056576550006866455	0.05137724429368973	0.10300081595778465
205895	0	0.7416232731193304	0.12795591598842293	0.5660894345492125	0.6378585025668144	0.43792564421892166	0.6232191789895296	0.294557579793036	0.7498850598931313	0.5372301954776049	0.9115336649119854	0.29308159835636616	0.5962673928588629	0.44024720042943954	0.3940269835293293	0.6216428093612194	0.8999296352267265	0.8274118825793266	0.7175013609230518	0.11006067739799619	0.47195204719901085
205896	0	0.6560033336281776	0.17513272585347295	0.642609566450119	0.5894505083560944	0.5191885512322187	0.5092270001769066	0.27688796538859606	0.8035684414207935	0.6565279327332973	0.9656635336577892	0.272526515647769	0.664779644459486	0.50233368948102	0.36420653760433197	0.5484649054706097	0.8305066376924515	0.7289725728332996	0.6897673830389977	0.07934580650180578	0.5248367842286825
205899	0	0.5192426480352879	0.10075953282648697	0.6231854744255543	0.8188009187579155	0.3429214786738157	0.5486473776400089	0.15614025108516216	0.7870675660669804	0.6880386248230934	0.8405310809612274	0.36278535425662994	0.6035985387861729	0.29199696239084005	0.3007309529930353	0.6513471156358719	0.6273186579346657	0.5520877316594124	0.6710481643676758	0.08908995240926743	0.42466162517666817
205908	0	0.7345148511230946	0.17742522805929184	0.6998546086251736	0.6245756763964891	0.5045972093939781	0.6126727825030684	0.28060479648411274	0.8115251660346985	0.5651464965194464	1.1589308306574821	0.38211369793862104	0.6729030013084412	0.4804479330778122	0.5100725553929806	0.6728170029819012	0.8881877511739731	0.8214188478887081	0.7675047069787979	0.09979514731094241	0.5348917283117771
205910	0	0.5956454947590828	0.24825138715095818	0.7581345923244953	0.6431724056601524	0.5658448040485382	0.592889565974474	0.3326157871633768	1.0531692504882812	0.6273520477116108	1.1547488942742348	0.35973722487688065	0.6501563042402267	0.38534306827932596	0.37624598294496536	0.6795842470601201	0.9427742622792721	0.7560396380722523	0.630838381126523	0.08222330384887755	0.5652333591133356
2060135	1	0.34888995066285133	0.20467248652130365	0.32823575660586357	0.42675815150141716	0.28101917169988155	0.31036295741796494	0.14389510452747345	0.3117004297673702	0.31651150435209274	0.6029520854353905	0.07718420634046197	0.25068120658397675	0.32884171418845654	0.25829802080988884	0.34510987624526024	0.4231592193245888	0.40881840698421	0.3569859340786934	0.07870546402409673	0.197218369692564
2060136	1	0.3494439758360386	0.19111119350418448	0.4251060299575329	0.41278452053666115	0.2872023917734623	0.37251940462738276	0.169626428745687	0.35256698727607727	0.3113738149404526	0.7252718135714531	0.12192188389599323	0.3358619771897793	0.38300822488963604	0.324344152584672	0.46102449670434	0.5684606358408928	0.4096862645819783	0.5487912856042385	0.06543919630348682	0.18445530254393816
2060137	1	0.38174693286418915	0.2011678065173328	0.35207725316286087	0.3265097327530384	0.252072686329484	0.3577965497970581	0.14610276371240616	0.34761419519782066	0.2733704186975956	0.5778993405401707	0.09664796851575375	0.3083215430378914	0.32271849550306797	0.26807880587875843	0.3666761666536331	0.36717305798083544	0.42733912356197834	0.3896864801645279	0.06063914159312844	0.1763615496456623
2060138	1	0.28899992629885674	0.14968325523659587	0.2994808033108711	0.35850420594215393	0.16878163442015648	0.3224891982972622	0.11431660503149033	0.24985106848180294	0.23847837559878826	0.3990667797625065	0.0816814941354096	0.1854088120162487	0.29444626718759537	0.26822977885603905	0.30289696902036667	0.3326377272605896	0.34830788150429726	0.39845675602555275	0.05593979777768254	0.14234264194965363
2060139	1	0.3731110468506813	0.243766900151968	0.44552571326494217	0.3805992305278778	0.27859411109238863	0.35484796576201916	0.16980580799281597	0.3555114585906267	0.32732716016471386	0.6590672917664051	0.11905207112431526	0.39691926538944244	0.32538754492998123	0.3621097393333912	0.4767230451107025	0.5494032092392445	0.36326688900589943	0.4492705464363098	0.11515668127685785	0.2545543201267719
2060140	1	0.2897701505571604	0.23377055441960692	0.35617300122976303	0.42299750447273254	0.2911745756864548	0.27698864601552486	0.14490759186446667	0.3040743675082922	0.29542051814496517	0.5873940885066986	0.0923780994489789	0.2991246320307255	0.3386732488870621	0.24407919496297836	0.3670933321118355	0.4225091077387333	0.34168238192796707	0.39507630467414856	0.08310872409492731	0.21360398083925247
207343	0	0.33021674677729607	0.13144661113619804	0.376854557543993	0.41731077060103416	0.14844893384724855	0.38050371780991554	0.1502667674794793	0.27973929420113564	0.25825435295701027	0.563687153160572	0.09199332585558295	0.24972148425877094	0.5363301709294319	0.3252734988927841	0.3953656256198883	0.43002142384648323	0.34829309955239296	0.25022281520068645	0.15811266843229532	0.1779370065778494
2083444	0	1.199494156986475	0.18061343161389232	0.5989655675366521	0.4046803116798401	0.4161098822951317	0.7023377045989037	0.2979775592684746	0.596271064132452	0.3059932189062238	1.2057286277413368	0.259616787545383	0.46572620887309313	0.9366392679512501	0.42970470525324345	0.6648986767977476	1.045317068696022	0.8709162548184395	0.8847045786678791	0.2112617278471589	0.32304318249225616
209854	0	0.3242371343076229	0.06791039486415684	0.4692281186580658	0.46835505217313766	0.2553578317165375	0.3908512443304062	0.1609112238511443	0.5166789926588535	0.49036018922924995	0.5591800026595592	0.2164443228393793	0.26350204460322857	0.2966931350529194	0.25346411392092705	0.36452751234173775	0.6004942208528519	0.5248401053249836	0.3917415365576744	0.09459798689931631	0.29062481597065926
211977	1	0.2598045002669096	0.098841218277812	0.31220025569200516	0.32436995208263397	0.20310423709452152	0.2938605546951294	0.0996202863752842	0.3279944583773613	0.3260832764208317	0.4477601945400238	0.13145792298018932	0.20221316255629063	0.2638388127088547	0.17914715595543385	0.261355385184288	0.4414623975753784	0.27106763049960136	0.3114459402859211	0.08089536614716053	0.16347730159759521
2169685	0	0.051492538303136826	0.019402984529733658	0.05447761341929436	0.058208953589200974	0.041044775396585464	0.06492537260055542	0.023880597203969955	0.05559701472520828	0.05783582106232643	0.0746268630027771	0.029477611184120178	0.05000000074505806	0.05447761341929436	0.04477611929178238	0.04738805815577507	0.06231343373656273	0.07201492786407471	0.08507462590932846	0.016044776886701584	0.03694029897451401
2169902	1	0.28217275626957417	0.256722578080371	0.3234989568591118	0.43157051876187325	0.31469036266207695	0.3361468780785799	0.13916978053748608	0.3472793623805046	0.26145382039248943	0.559868574142456	0.09123721159994602	0.2696526665240526	0.3091806173324585	0.30910684540867805	0.38098250329494476	0.4421534463763237	0.36329556442797184	0.3185468092560768	0.06713026680517942	0.19614051282405853
2169971	0	0.2527526691555977	0.14443245436996222	0.14563145861029625	0.4037664085626602	0.11767930537462234	0.3663354441523552	0.10180972423404455	0.2787111643701792	0.3400100264698267	0.37423741072416306	0.16333873569965363	0.23336848989129066	0.2141680270433426	0.35943062603473663	0.37734637409448624	0.20836090855300426	0.2083662236109376	0.31695195846259594	0.23208082281053066	0.16122175566852093
2169991	1	0.2713345177471638	0.11815187241882086	0.2655248586088419	0.29382092878222466	0.21698066219687462	0.24407892115414143	0.1409742385149002	0.25945592671632767	0.25503619760274887	0.6727038472890854	0.0990775004029274	0.22425847314298153	0.27709910832345486	0.24204354733228683	0.28519927710294724	0.4403160586953163	0.24703355319797993	0.22718572616577148	0.11389616597443819	0.1058286651968956
2170004	0	0.23131080344319344	0.020241476595401764	0.13899868726730347	0.14826572127640247	0.08636508509516716	0.24749598279595375	0.03009044472128153	0.24804756790399551	0.12589356489479542	0.311715729534626	0.06980734877288342	0.06754406169056892	0.19953900016844273	0.09075905382633209	0.186467956751585	0.217717956751585	0.20067250356078148	0.2976735681295395	0.024763740599155426	0.05662975274026394
2170030	0	0.19814982265233994	0.013122172094881535	0.08405228890478611	0.07582705095410347	0.05698340944945812	0.1716943234205246	0.03513323329389095	0.10129713639616966	0.06068376265466213	0.1930920109152794	0.04702865891158581	0.10068376362323761	0.11910508200526237	0.08410256542265415	0.12359980121254921	0.23811965435743332	0.11593766137957573	0.12280543148517609	0.028798392042517662	0.029783811420202255
2184748	1	0.14878665655851364	0.032103135250508785	0.122042465955019	0.1453741155564785	0.10257836431264877	0.1145348846912384	0.03715874720364809	0.10556117445230484	0.1066228523850441	0.14491910487413406	0.0499747209250927	0.08857431635260582	0.09385742992162704	0.07421637699007988	0.12017188593745232	0.12828614562749863	0.12497472390532494	0.15455005317926407	0.033417592756450176	0.07229524850845337
219584	0	0.2453981712460518	0.09012632165104151	0.33323024585843086	0.3535407967865467	0.20491705648601055	0.34062914550304413	0.12315289303660393	0.2725210003554821	0.3282858803868294	0.44825122505426407	0.1356618907302618	0.18109862320125103	0.24025128409266472	0.16627421788871288	0.2523014172911644	0.3859005570411682	0.27053701505064964	0.3372654989361763	0.09561535622924566	0.19504140317440033
2200830	1	8.033160593360662	4.867778138723224	14.433188670314848	10.970537764951587	8.800860137678683	8.485038966406137	4.173478103708476	19.216083156876266	14.745259683579206	17.51942461822182	5.867940677329898	14.033085850067437	6.644670118577778	4.371577897109091	8.860659893136472	15.866052210330963	12.31454932037741	12.817737905308604	1.4498032254632562	10.529113704804331
2200956	1	0.40380070358514786	0.21210072422400117	0.35570699349045753	0.3259505592286587	0.2432327475398779	0.35034679993987083	0.14717023819684982	0.3493409492075443	0.2503105029463768	0.5727645978331566	0.09538462525233626	0.33072257600724697	0.3211632128804922	0.26634039357304573	0.38734685629606247	0.3805197421461344	0.3752230675891042	0.39874426275491714	0.060696488711982965	0.1731339953839779
2200957	1	0.33832260593771935	0.19243083940818906	0.39283885806798935	0.4018258564174175	0.27271085139364004	0.360500973649323	0.13051422219723463	0.28498641960322857	0.2753285188227892	0.5561271905899048	0.1051913145929575	0.20806897059082985	0.33992363326251507	0.25597463734447956	0.4424700625240803	0.39299843087792397	0.3017198871821165	0.45493705943226814	0.07084708753973246	0.22228259406983852
2200958	1	0.3582258075475693	0.21310387761332095	0.3673938848078251	0.38607143983244896	0.25663288682699203	0.3583745136857033	0.12346276734024286	0.29286664351820946	0.31714057456701994	0.6429762616753578	0.09392181155271828	0.23652631416916847	0.303801653906703	0.27357156947255135	0.3639777507632971	0.4296364076435566	0.35340617783367634	0.3487633466720581	0.07661303749773651	0.20353327319025993
2200959	1	0.3415943458676338	0.25109458109363914	0.41228342056274414	0.39702628925442696	0.260087794624269	0.3062867186963558	0.10012985300272703	0.3309129811823368	0.28390122577548027	0.5571264103055	0.08116198284551501	0.26913663279265165	0.35994878038764	0.22677729651331902	0.35862376540899277	0.42269768938422203	0.3359215008094907	0.3975287899374962	0.08168590115383267	0.22607410326600075
2202565	1	0.11439960822463036	0.03282851632684469	0.16080278158187866	0.09620771743357182	0.08834303170442581	0.12117154896259308	0.05208237282931805	0.09623849391937256	0.08041678369045258	0.10301043838262558	0.030581464059650898	0.08949733898043633	0.13586973398923874	0.06681134179234505	0.21519377082586288	0.1529381014406681	0.11443038657307625	0.10759688541293144	0.03738418500870466	0.10419552400708199
2219998	1	0.1826642695814371	0.05747150629758835	0.1524740308523178	0.23972220718860626	0.15589294955134392	0.10276387818157673	0.059753124602138996	0.19869691878557205	0.3862065523862839	0.2865724563598633	0.059753124602138996	0.19798019155859947	0.1183619312942028	0.08147229254245758	0.11722462810575962	0.12890783976763487	0.20809150859713554	0.17077427729964256	0.03411209722980857	0.061104217544198036
2259728	1	0.2020937316119671	0.07717989105731249	0.1733897589147091	0.18422751128673553	0.13073531910777092	0.1698327362537384	0.0635127741843462	0.18433936312794685	0.1940225064754486	0.2805984169244766	0.07905885204672813	0.10617400519549847	0.12673182785511017	0.12562283128499985	0.14785240776836872	0.20206650346517563	0.1958582028746605	0.22112475335597992	0.03858339786529541	0.09699518792331219
226613	0	0.9622854627668858	0.14723378862254322	0.6875698640942574	0.5626923758536577	0.3723764903843403	0.7506366595625877	0.22111674956977367	0.6375071853399277	0.5089714145287871	1.0748487934470177	0.3681189874187112	0.5158795136958361	0.689196053892374	0.4650111198425293	0.7034128736704588	1.0146849527955055	0.8898541182279587	0.8201152049005032	0.19429733231663704	0.414191123098135
237020	0	0.373823843896389	0.18006248399615288	0.29685235023498535	0.25030555203557014	0.45081308111548424	0.3413285166025162	0.1399876130744815	0.3911612667143345	0.31693363934755325	0.6400330737233162	0.1782855847850442	0.3839128464460373	0.4235081449151039	0.39390068501234055	0.30000036396086216	0.5409127287566662	0.45038650184869766	0.5008567497134209	0.0989999957382679	0.3479350255802274
237716	1	0.2580457106232643	0.09901026403531432	0.3230932056903839	0.32708242908120155	0.21020840480923653	0.2888708859682083	0.11237204633653164	0.31934233754873276	0.3274643011391163	0.4509923979640007	0.12686383165419102	0.19763079285621643	0.24076765030622482	0.17852901853621006	0.25695276632905006	0.4679967015981674	0.2532263770699501	0.32475096359848976	0.08003058657050133	0.15676932223141193
240426	0	13.932056542485952	3.3929115378996357	8.725553575903177	9.401086276397109	5.410648337099701	8.548242896795273	2.926849724026397	5.883316163904965	5.093927388777956	14.091657628305256	3.913506916258484	4.580067366827279	7.562330148182809	3.3392799445427954	12.620328154414892	10.34094834048301	7.943205010145903	12.877740390598774	1.1390150926308706	4.277328856289387
242710	0	2.294916018843651	0.7321652109967545	1.55435164924711	1.7389024998992682	1.4770625093951821	1.772988892160356	0.6098519181832671	1.5498784938827157	1.3493839506991208	3.3625532761216164	0.768900731112808	1.296857113018632	1.7348087448626757	1.134385634213686	1.9154597828164697	2.3404689393937588	1.6695759035646915	2.2011227421462536	0.4776870454661548	1.0186790563166142
2461378	1	2.272224884480238	0.728638659697026	1.3948796447366476	1.8123067803680897	1.3043080498464406	1.9243648266419768	0.7592035008128732	1.432091555558145	1.167045807465911	3.0716897044330835	0.8358147293329239	1.3337009800598025	1.8193081002682447	1.3319277176633477	2.3780671916902065	2.0637528896331787	1.8864250462502241	2.036798981949687	0.4430779851973057	1.0043731508776546
246280	0	0.7752981446683407	0.16145429527387023	0.9002679362893105	0.588187312707305	0.44962548464536667	0.8872006013989449	0.2995923087000847	0.8451263457536697	0.5945416567847133	1.140799731016159	0.3531205840408802	0.8368978351354599	0.5803375598043203	0.31373808439821005	0.6738840881735086	1.1482046209275723	0.7745536230504513	0.9816972948610783	0.11276366445235908	0.5827088132500648
249583	1	0.3130293060094118	0.13816092303022742	0.34791020303964615	0.3643374014645815	0.32813356816768646	0.3272803407162428	0.1567060463130474	0.3940315581858158	0.4034440517425537	0.5287558138370514	0.15434177219867706	0.2746458165347576	0.25219013914465904	0.19474079180508852	0.28801480680704117	0.5708088874816895	0.2774737197905779	0.3799682483077049	0.079489940777421	0.22653673216700554
249584	1	0.2015377189964056	0.10317838052287698	0.30645084381103516	0.36440329998731613	0.180705938488245	0.28122473135590553	0.13037543930113316	0.3139432705938816	0.30364203825592995	0.4469246491789818	0.11833253130316734	0.21502135694026947	0.25428928807377815	0.1526305414736271	0.2815045714378357	0.5038983523845673	0.25447780080139637	0.3190678134560585	0.07691533351317048	0.1914761122316122
2499620	1	0.8074220716953278	0.19567396584898233	0.301702156662941	0.19973096996545792	0.4140811040997505	0.5217856541275978	0.1868153214454651	0.4707677587866783	0.2106823967769742	0.9659384936094284	0.20186279993504286	0.2010145029053092	0.4603401804342866	0.2681390969082713	0.45257147774100304	0.5163713283836842	0.45264201425015926	0.7048958316445351	0.12911540921777487	0.3384474804624915
2499621	0	0.8112931400537491	0.26471117697656155	0.29592952132225037	0.2648100149817765	0.4125011656433344	0.6768820099532604	0.31054919213056564	0.46789998933672905	0.4373310226947069	1.0146870389580727	0.23013049643486738	0.2820589542388916	0.41619375348091125	0.331076183822006	0.48023007810115814	0.592274846509099	0.5303267389535904	0.7687106318771839	0.1324039539322257	0.28000008035451174
2499622	0	0.727692499756813	0.28894446045160294	0.30682765040546656	0.24089471623301506	0.41553185135126114	0.5341641306877136	0.3233355712145567	0.5242824889719486	0.34538988023996353	0.9887194260954857	0.12791581777855754	0.3695430587977171	0.511857034638524	0.2825651653110981	0.5137733742594719	0.7666027843952179	0.668860737234354	0.5895323194563389	0.1203233189880848	0.3532436974346638
2499677	0	0.5339117515832186	0.19595050811767578	0.22970872186124325	0.19805864058434963	0.23372594639658928	0.4046679958701134	0.20615573972463608	0.32555678114295006	0.16635771002620459	0.636763758957386	0.10001444257795811	0.2952601723372936	0.346152912825346	0.16149710305035114	0.3626028746366501	0.3848683461546898	0.4523840807378292	0.46533654630184174	0.04103189101442695	0.25999410450458527
2499678	0	0.6675637997686863	0.24023295007646084	0.29084531869739294	0.29293390177190304	0.4906781241297722	0.6224002353847027	0.28153163008391857	0.5384375602006912	0.4274968462996185	0.9861723408102989	0.21070092264562845	0.4022730067372322	0.3228916395455599	0.3510408215224743	0.39508455246686935	0.6969201490283012	0.5499180294573307	0.8285158351063728	0.15543958265334368	0.24892273359000683
2499680	0	0.6435357220470905	0.25067275762557983	0.2751074302941561	0.313501562923193	0.3952149376273155	0.5302575491368771	0.2535074967890978	0.3490309864282608	0.36472457088530064	0.8184811770915985	0.19950629398226738	0.2670672070235014	0.4529418461024761	0.2869958318769932	0.4445045404136181	0.6033255010843277	0.5188590288162231	0.6699030175805092	0.13913213042542338	0.22373037226498127
2499685	0	0.6611494347453117	0.22504143044352531	0.2747164200991392	0.31568801030516624	0.39587245881557465	0.5410176776349545	0.2432408295571804	0.3325855005532503	0.3751866417005658	0.8095520101487637	0.20569824427366257	0.2932414747774601	0.43266210332512856	0.30156019143760204	0.4469517804682255	0.603133199736476	0.5047125518321991	0.6733860224485397	0.1299606799148023	0.2346433289349079
2499930	0	0.803795263171196	0.22235722560435534	0.3316429741680622	0.2893486674875021	0.5637502409517765	0.5440807454288006	0.2808812437579036	0.5069265924394131	0.3705892115831375	0.9199666231870651	0.19618801260367036	0.2883200142532587	0.4065368166193366	0.3529978273436427	0.5002905651926994	0.6519926302134991	0.5425587389618158	0.8170951567590237	0.193447383120656	0.21723408624529839
2499932	0	0.7994341067969799	0.3332943543791771	0.35670069977641106	0.2814685543999076	0.5297105014324188	0.6508787088096142	0.3002438973635435	0.4970721136778593	0.32916823495179415	1.1232283264398575	0.21428268682211637	0.3789790319278836	0.45846916548907757	0.2948141135275364	0.5053873639553785	0.9390010088682175	0.6418850533664227	0.7592000626027584	0.14997924212366343	0.45680276677012444
2501947	0	0.8319086357951164	0.2795830871909857	0.288343109190464	0.2564784800633788	0.41176831163465977	0.4580844733864069	0.358733044937253	0.4993206411600113	0.26827734149992466	1.0478069111704826	0.13399355858564377	0.34798966720700264	0.433702751994133	0.27335887867957354	0.47081833332777023	0.8082794845104218	0.6694872453808784	0.6666915155947208	0.1333432886749506	0.3620312809944153
2501948	0	0.7769076749682426	0.2677482161670923	0.28575113601982594	0.2448415271937847	0.4340268038213253	0.5241063609719276	0.3335484880954027	0.48852509818971157	0.33876328356564045	1.0625381097197533	0.12448247009888291	0.3734035659581423	0.4413039740175009	0.32248728815466166	0.5462308153510094	0.7975953370332718	0.5924129113554955	0.5784544795751572	0.11747592315077782	0.3493965147063136
2501964	0	0.9157003611326218	0.2934738751500845	0.32263515517115593	0.30239876359701157	0.5662343129515648	0.6342372037470341	0.3917585611343384	0.661215279251337	0.28905975352972746	1.1171399056911469	0.17127316258847713	0.4463768023997545	0.4521391037851572	0.27077734284102917	0.4857804235070944	0.7758704088628292	0.8167120218276978	0.6183296926319599	0.13042571488767862	0.3384622288867831
2501965	0	0.8572257086634636	0.2790081733837724	0.34847615845501423	0.34694754518568516	0.4785431046038866	0.6312324702739716	0.30281034111976624	0.6441003568470478	0.3619150426238775	1.0962031707167625	0.16481507942080498	0.4249575175344944	0.5809219125658274	0.33888785168528557	0.5069738905876875	0.8020487725734711	0.7346830563619733	0.6578064169734716	0.11241028737276793	0.3300332147628069
2501969	0	0.952185869216919	0.33998287934809923	0.5240718806162477	0.4491913076490164	0.6865064818412066	0.7905319780111313	0.5206431113183498	0.7800743039697409	0.5207086075097322	1.4367112219333649	0.29290714114904404	0.5857750670984387	0.5477397162467241	0.450258931145072	0.6756419241428375	0.9847797267138958	0.8543283045291901	0.8554719891399145	0.19047129806131124	0.562018247321248
2501999	0	0.6489144340157509	0.19249414931982756	0.22402950003743172	0.17355386912822723	0.3763256147503853	0.4531373418867588	0.2219150010496378	0.5287235490977764	0.26472141221165657	0.750591978430748	0.12190561834722757	0.22126428969204426	0.35238693095743656	0.21199996396899223	0.327485840767622	0.5788214951753616	0.46555206179618835	0.5110831148922443	0.09732906240969896	0.27776481583714485
2502000	0	0.7901402004063129	0.2793858805671334	0.3677016729488969	0.3322705961763859	0.46098921075463295	0.6110512223094702	0.3867749832570553	0.6525611095130444	0.41323345340788364	1.1806695759296417	0.20855258218944073	0.397502638399601	0.47956040501594543	0.2043885299935937	0.4409631546586752	0.6452829632908106	0.8306715786457062	0.7768508307635784	0.12220435310155153	0.4192450623959303
2509284	0	0.17583058401942253	0.05013030348345637	0.15546735003590584	0.20878888294100761	0.1450616419315338	0.120732381939888	0.050900604110211134	0.23514144867658615	0.2358892410993576	0.26470763236284256	0.08475598506629467	0.15357889235019684	0.1046888642013073	0.1042198371142149	0.13719698414206505	0.27988218516111374	0.19284288585186005	0.17573757097125053	0.025362735148519278	0.09908397309482098
2560259	0	0.47493549063801765	0.14230030961334705	0.34415155090391636	0.3754211254417896	0.2443290837109089	0.384673859924078	0.11307330476120114	0.5178120397031307	0.4173833429813385	0.6098548136651516	0.23075201734900475	0.3371222075074911	0.4093925654888153	0.3805806040763855	0.37496962770819664	0.5475045461207628	0.40829725936055183	0.43367354571819305	0.0665360470302403	0.1872366745956242
2560260	1	0.5637873746454716	0.21154219470918179	0.34227545838803053	0.36680659279227257	0.33573333360254765	0.5914612375199795	0.12801414355635643	0.5720800273120403	0.39493586868047714	0.7294902559369802	0.21729856170713902	0.3633740469813347	0.44392646104097366	0.32740948535501957	0.39505830965936184	0.6519168838858604	0.47902068868279457	0.557582426816225	0.10949499439448118	0.21879166923463345
2560293	0	0.06013815477490425	0.030475417152047157	0.04997968301177025	0.05607476457953453	0.04225924238562584	0.07192198187112808	0.02356765605509281	0.05160503834486008	0.05770012363791466	0.07314100116491318	0.030475417152047157	0.0430719219148159	0.06054449453949928	0.0430719219148159	0.04510361701250076	0.0633888691663742	0.07273466140031815	0.07070296257734299	0.016253555193543434	0.037789516150951385
2560309	0	0.5700987912714481	0.14146264642477036	0.41657430306077003	0.3716421537101269	0.27303849440068007	0.4016671311110258	0.09336055000312626	0.6338246315717697	0.47784050554037094	0.9239014834165573	0.21929532289505005	0.354194238781929	0.389793086796999	0.3977352939546108	0.40056484192609787	0.7380244806408882	0.48523933812975883	0.4036799054592848	0.07574623916298151	0.23231652192771435
2560310	0	0.46975122578442097	0.16089000087231398	0.4030194189399481	0.38963567093014717	0.21326699806377292	0.46585269644856453	0.1502953777089715	0.6817070655524731	0.47245907969772816	0.8316202126443386	0.1918020723387599	0.4430058356374502	0.36000266671180725	0.33838293328881264	0.372174434363842	0.7269618026912212	0.5146072953939438	0.48814492113888264	0.0642745322547853	0.26214584754779935
2560313	0	0.5472131296992302	0.10236230492591858	0.3111626375466585	0.30860933661460876	0.18347008945420384	0.37654175981879234	0.09444433974567801	0.38756781816482544	0.3318267725408077	0.5651535168290138	0.13356392178684473	0.2524427752941847	0.26156356558203697	0.28768274188041687	0.27815425023436546	0.5008243806660175	0.42492199316620827	0.42362361401319504	0.05815806332975626	0.1707130060531199
2560315	0	0.5256063863635063	0.11758612422272563	0.3000009898096323	0.3532910905778408	0.20493251085281372	0.3388621062040329	0.10664076125249267	0.5236428380012512	0.43130803294479847	0.690562054514885	0.20267398562282324	0.41261798702180386	0.30163654685020447	0.31613944470882416	0.31139327213168144	0.6537681818008423	0.48831022530794144	0.4486435167491436	0.05654653219971806	0.2158374236896634
2560316	0	0.5858227461576462	0.13308522384613752	0.3167437147349119	0.36701875552535057	0.1975059825927019	0.4159962870180607	0.1348703047260642	0.4654736630618572	0.30801855213940144	0.6780328005552292	0.1924808770418167	0.31330875121057034	0.35094079002738	0.32348261028528214	0.3635321296751499	0.6110912561416626	0.5067124478518963	0.4665219113230705	0.07012049527838826	0.19924070499837399
2560317	0	0.4488915540277958	0.09809865988790989	0.28100625053048134	0.269587317481637	0.183467049151659	0.3487953543663025	0.06309579568915069	0.5010394901037216	0.3050153832882643	0.6396698206663132	0.15203120280057192	0.31771208345890045	0.28954776376485825	0.3452089875936508	0.22985210828483105	0.561098262667656	0.37265481799840927	0.3764506094157696	0.04940847051329911	0.16736899688839912
2560318	0	0.5172555632889271	0.09732778975740075	0.33346501365303993	0.4243755117058754	0.24294684547930956	0.43485579639673233	0.0933519380632788	0.47642249427735806	0.3883913867175579	0.7287273854017258	0.13876321772113442	0.3608067221939564	0.2944341991096735	0.33835593983531	0.3010547049343586	0.6061740815639496	0.5798770189285278	0.41616235487163067	0.05875828396528959	0.16849377285689116
2560320	0	0.5485582090914249	0.14237895049154758	0.3816892970353365	0.34280138835310936	0.17823281697928905	0.6006771773099899	0.10275503585580736	0.47718821838498116	0.32440631836652756	0.646754764020443	0.20042630285024643	0.2734530810266733	0.37211842462420464	0.2931842152029276	0.4052426591515541	0.6067403517663479	0.4193719904869795	0.43524761125445366	0.09328334697056562	0.1554899150505662
2560321	0	0.4595336616039276	0.10230371868237853	0.31638192012906075	0.29390742257237434	0.17852316983044147	0.4102304168045521	0.09214561665430665	0.4654194675385952	0.32694966718554497	0.5465507656335831	0.1657070629298687	0.29974087700247765	0.29258397594094276	0.24866032227873802	0.2741068322211504	0.5995086207985878	0.39534739032387733	0.33125340193510056	0.04330600402317941	0.15783973690122366
2560326	0	0.6512616649270058	0.1431815354153514	0.4282359052449465	0.3303824234753847	0.3704015128314495	0.4778750650584698	0.11965425033122301	0.4687779024243355	0.3988250344991684	0.7312202230095863	0.24312898702919483	0.3218863755464554	0.35328029468655586	0.381398169323802	0.42348554730415344	0.7669007033109665	0.5013864934444427	0.6241718083620071	0.07878672401420772	0.1857594051398337
2560340	0	0.5049221590161324	0.1532997563481331	0.345516175031662	0.3272315375506878	0.2713085012510419	0.4797711633145809	0.10431134514510632	0.5510825738310814	0.5066057220101357	0.7940370514988899	0.2527669481933117	0.4466473087668419	0.4999713897705078	0.43259185180068016	0.44682718999683857	0.6400435045361519	0.47068868950009346	0.5032071731984615	0.06383708282373846	0.2053328906185925
2583509	1	0.3024286702275276	0.0584354642778635	0.2808009386062622	0.2376822717487812	0.17752369493246078	0.3148668557405472	0.1643455382436514	0.1804010160267353	0.13369675166904926	0.3079857602715492	0.08243379555642605	0.14607287012040615	0.20144470781087875	0.11545443721115589	0.2334644328802824	0.2386515475809574	0.2373427264392376	0.32337730936706066	0.12116608209908009	0.14242514222860336
2602439	1	7.802604889497161	4.676434196066111	13.91663511749357	10.662497882731259	8.67134430538863	8.233469146303833	3.961178030120209	19.312388287857175	14.59987435117364	16.834439524449408	5.7971018347889185	13.769496048800647	6.301621712744236	4.311145125888288	8.678124166093767	15.369279904291034	12.070452280342579	12.266577950678766	1.473658634466119	10.291677314788103
2609450	1	0.20204317942261696	0.06807093694806099	0.16317394375801086	0.20208609476685524	0.13861483708024025	0.13620532676577568	0.06093456503003836	0.2257535606622696	0.2690615653991699	0.27974268049001694	0.08814781717956066	0.13503427430987358	0.09012967720627785	0.11171573400497437	0.11502032168209553	0.17136575654149055	0.23519911244511604	0.1627260111272335	0.02511342614889145	0.11986120045185089
2713662	1	0.22686363011598587	0.05939501617103815	0.12561136670410633	0.12864733673632145	0.19626488909125328	0.11253076232969761	0.08292832411825657	0.12447229027748108	0.13965241983532906	0.30322249233722687	0.04931171890348196	0.13204583525657654	0.13892919197678566	0.06615306623280048	0.1546601578593254	0.2970224395394325	0.2080923467874527	0.31181133538484573	0.023760560899972916	0.11862480454146862
2714898	1	0.10260997340083122	0.019074547104537487	0.1000380627810955	0.13194497674703598	0.0912892185151577	0.11732912808656693	0.028508509509265423	0.12220107764005661	0.17901147156953812	0.16978413611650467	0.039932576939463615	0.10460007563233376	0.10260997340083122	0.07132292911410332	0.10370833799242973	0.12991680949926376	0.11701919510960579	0.11026045307517052	0.035370562225580215	0.12346800044178963
2714899	1	0.11398829147219658	0.013294296339154243	0.10562784597277641	0.12878984957933426	0.09404684603214264	0.1171220988035202	0.03422251157462597	0.13247668743133545	0.1816200390458107	0.14748428016901016	0.04275645315647125	0.1102147065103054	0.10249403864145279	0.06934504583477974	0.10545434802770615	0.11930167116224766	0.12835610657930374	0.09863370284438133	0.03816959448158741	0.1166016049683094
272636	1	0.389269582927227	0.03248490393161774	0.11443858593702316	0.20990776270627975	0.10852677747607231	0.17926404997706413	0.0469617061316967	0.08178552240133286	0.14495572820305824	0.20496579259634018	0.060693711042404175	0.11803103610873222	0.20004337653517723	0.10714668035507202	0.29753896221518517	0.24071109294891357	0.17591619491577148	0.1736537218093872	0.04288007318973541	0.07082473486661911
2734294	1	0.40928953140974045	0.1375678200274706	0.22405103221535683	0.4596773833036423	0.27988919243216515	0.3631051704287529	0.16906445752829313	0.2648891657590866	0.3514662701636553	0.7145027071237564	0.1623371820896864	0.3524327352643013	0.4096522368490696	0.27899057418107986	0.22343191877007484	0.33580414578318596	0.3124921843409538	0.2954103462398052	0.08022667746990919	0.1757192760705948
2734436	1	0.2142569050192833	0.08616621885448694	0.2398962341248989	0.2556990645825863	0.19112811982631683	0.22863950952887535	0.08534329198300838	0.24544931948184967	0.28948527574539185	0.3721328005194664	0.12197865545749664	0.18360141292214394	0.1536682341247797	0.13323156349360943	0.18953148275613785	0.37365057319402695	0.20236487686634064	0.23299210891127586	0.05040380731225014	0.15038054436445236
273810	0	1.0368304885923862	0.13305656099691987	0.842195363715291	0.7232211660593748	0.48407796025276184	0.7658021710813046	0.30286787264049053	0.8007088117301464	0.7096761632710695	1.1799527555704117	0.4951440133154392	0.5873213242739439	0.5955883022397757	0.7123612500727177	0.8071662671864033	1.0547918193042278	0.989285122603178	1.0133890248835087	0.19950133375823498	0.5670622661709785
2748252	1	0.38992890529334545	0.19465650990605354	0.2894042804837227	0.3376040421426296	0.1926034539937973	0.5692005231976509	0.12400126084685326	0.21788842976093292	0.2275911346077919	0.519452229142189	0.17204458266496658	0.1465800739824772	0.16881839372217655	0.12244556471705437	0.1969375405460596	0.3487022537738085	0.2650936860591173	0.294110469520092	0.13994614034891129	0.08299056068062782
2748253	1	0.14984793215990067	0.07125965692102909	0.159769918769598	0.1874149926006794	0.15621336176991463	0.12239973992109299	0.06293013505637646	0.24202797934412956	0.24541441351175308	0.3042011931538582	0.07815133780241013	0.15952906012535095	0.11252246424555779	0.0943077839910984	0.1302151083946228	0.24298085272312164	0.17966322600841522	0.15766697376966476	0.034914578311145306	0.10856927745044231
2748378	1	0.23137998953461647	0.027695418102666736	0.21908755227923393	0.15353232994675636	0.14865561947226524	0.22624455019831657	0.04819473531097174	0.09832950681447983	0.1591145060956478	0.15141509473323822	0.10497570969164371	0.12290023826062679	0.15624189004302025	0.07777694799005985	0.23737729340791702	0.1605687029659748	0.12346427515149117	0.1944635808467865	0.08353299554437399	0.2750490792095661
2748958	1	0.3215920776128769	0.09781155409291387	0.18518530577421188	0.2636709064245224	0.15382074564695358	0.2808675244450569	0.07868667924776673	0.20036914199590683	0.2562453933060169	0.40011361241340637	0.13226067833602428	0.13860700652003288	0.1930951327085495	0.09819241240620613	0.2406741976737976	0.33257125690579414	0.1949944794178009	0.25030210614204407	0.08330436237156391	0.09763544984161854
2749445	1	0.37781405076384544	0.06099546700716019	0.19133519753813744	0.22905294969677925	0.21018452569842339	0.40364547818899155	0.1288448814302683	0.1080426536500454	0.16841811686754227	0.22711924090981483	0.07491012290120125	0.09356079436838627	0.3654841110110283	0.196867436170578	0.29696644097566605	0.2332633938640356	0.24234452657401562	0.13691975735127926	0.11483252234756947	0.13939831778407097
2749446	1	0.37781405076384544	0.06099546700716019	0.19133519753813744	0.22905294969677925	0.21018452569842339	0.40364547818899155	0.1288448814302683	0.1080426536500454	0.16841811686754227	0.22711924090981483	0.07491012290120125	0.09356079436838627	0.3654841110110283	0.196867436170578	0.29696644097566605	0.2332633938640356	0.24234452657401562	0.13691975735127926	0.11483252234756947	0.13939831778407097
2749447	1	0.37781405076384544	0.06099546700716019	0.17092703469097614	0.22905294969677925	0.21018452569842339	0.40364547818899155	0.14925304427742958	0.1080426536500454	0.16841811686754227	0.22711924090981483	0.07491012290120125	0.09356079436838627	0.3654841110110283	0.196867436170578	0.29696644097566605	0.2332633938640356	0.24234452657401562	0.13691975735127926	0.11483252234756947	0.13939831778407097
2749448	1	0.5374594703316689	0.27925058268010616	0.5111969877034426	0.3025498054921627	0.5531548410654068	0.5572006665170193	0.14981395192444324	0.6155296936631203	0.4852077215909958	0.7567579559981823	0.19313077256083488	0.5335830077528954	0.3487897776067257	0.33724383637309074	0.33722442388534546	0.5765361525118351	0.5274830833077431	0.7467834390699863	0.13834968581795692	0.5127541162073612
2749449	1	0.5381936840713024	0.2768865153193474	0.5157564859837294	0.3025498054921627	0.5531548410654068	0.5528693310916424	0.14981395192444324	0.6155296936631203	0.4852077215909958	0.7567579559981823	0.19313077256083488	0.5335830077528954	0.3487897776067257	0.33887368999421597	0.3355945721268654	0.5772703625261784	0.5267488658428192	0.7465552873909473	0.14071375224739313	0.5120198987424374
2749450	1	0.5378153286874294	0.27925058268010616	0.5147941131144762	0.3025498054921627	0.5531548410654068	0.5536035411059856	0.14981395192444324	0.6155296936631203	0.4852077215909958	0.7567579559981823	0.19313077256083488	0.5335830077528954	0.3487897776067257	0.33724383637309074	0.33722442388534546	0.5772703625261784	0.5267488658428192	0.7471617944538593	0.13834968581795692	0.5120198987424374
2749935	0	0.36633533984422684	0.10150857549160719	0.31410951167345047	0.34868092834949493	0.1733050998300314	0.3744153045117855	0.1835724115371704	0.45765509456396103	0.3320206552743912	0.616466261446476	0.1313575515523553	0.22265231609344482	0.29888029396533966	0.18896016292273998	0.27269803173840046	0.5248522609472275	0.43158162012696266	0.3691439591348171	0.09906410705298185	0.19274057634174824
2778524	1	0.08428571559488773	0.06020408309996128	0.21782312914729118	0.21646258607506752	0.14843537285923958	0.11938775703310966	0.057482993230223656	0.18517006933689117	0.19884353876113892	0.2939455732703209	0.06217687018215656	0.23054421320557594	0.28442177549004555	0.11659864149987698	0.10965986363589764	0.08401360735297203	0.24265306070446968	0.0740136057138443	0.0384353743866086	0.17544217500835657
279896	0	0.42958277091383934	0.1355179708916694	0.4273393526673317	0.44324690848588943	0.22201498970389366	0.4655096270143986	0.171407051384449	0.44824621453881264	0.3172213286161423	0.6610575169324875	0.24118240177631378	0.2516022939234972	0.3145164493471384	0.20390544272959232	0.35587604343891144	0.6462202370166779	0.46369501389563084	0.4407472126185894	0.12061195354908705	0.2404992077499628
2805939	1	0.20870833471417427	0.07407114468514919	0.21777888759970665	0.26532492600381374	0.2237040288746357	0.31865812838077545	0.08949689567089081	0.197713116183877	0.27559608221054077	0.3480304442346096	0.13482986763119698	0.16472937539219856	0.26272106915712357	0.17765136435627937	0.2173881009221077	0.3032325468957424	0.21015560626983643	0.1653994433581829	0.03322375752031803	0.11158692464232445
2809802	1	0.10908796265721321	0.01900848839432001	0.08351083844900131	0.1428447887301445	0.09294480085372925	0.1054549403488636	0.023690328001976013	0.1264907792210579	0.17177379876375198	0.1615721508860588	0.046542683616280556	0.1205492801964283	0.101400226354599	0.07973725348711014	0.10056225582957268	0.12683678418397903	0.11384008452296257	0.1214575357735157	0.03710872121155262	0.1155863106250763
28295	0	0.4203168898820877	0.14286091807298362	0.2920988369733095	0.2276238463819027	0.3257649764418602	0.4058687128126621	0.10424219816923141	0.31624603271484375	0.28980012238025665	0.5879320278763771	0.09974869899451733	0.3663516007363796	0.20256011374294758	0.19614192843437195	0.2591376453638077	0.465310774743557	0.3746545873582363	0.5575184747576714	0.09780232142657042	0.26801931113004684
28304	0	12.521420367993414	3.305551960133016	9.244325271807611	9.243015085346997	6.183456426486373	11.771079193800688	3.208176646148786	6.750631705392152	4.74423701968044	14.174138203263283	3.4605426730122417	4.651175999082625	9.18655366357416	3.433882661163807	13.583544719964266	11.077355447225273	9.646487671881914	12.292432831600308	1.8015839457511902	4.720408818218857
2844074	1	0.07024793326854706	0.00826446246355772	0.057851240038871765	0.08677686005830765	0.020661156624555588	0.09917355328798294	0.00413223123177886	0.024793388321995735	0.09090909361839294	0.07851240038871765	0.012396694160997868	0.03305784985423088	0.10330578684806824	0.04545454680919647	0.13636364042758942	0.04958677664399147	0.03305784985423088	0.03719008341431618	0.00826446246355772	0.0
2844075	1	0.07424727827310562	0.0	0.07972453720867634	0.21393337845802307	0.03670723829418421	0.2988148629665375	0.03039718233048916	0.07341447658836842	0.19417040795087814	0.15032031387090683	0.03488148655742407	0.04567584861069918	0.13420884311199188	0.04385009594261646	0.25147341936826706	0.14135169982910156	0.10647021234035492	0.06976297311484814	0.020595771726220846	0.0
2844078	1	0.144357368350029	0.0	0.14383490011096	0.2125391885638237	0.02967607043683529	0.2240334376692772	0.03662486933171749	0.034221526235342026	0.1577325016260147	0.05454545468091965	0.013636363670229912	0.0502612330019474	0.14169278740882874	0.07539184764027596	0.33819226920604706	0.12565308436751366	0.057210031896829605	0.08234064653515816	0.04357366729527712	0.03448275849223137
2844554	1	0.2961355112493038	0.06688330415636301	0.19010203517973423	0.17826715111732483	0.10291933827102184	0.19911103881895542	0.0682227173820138	0.11351817473769188	0.05604133568704128	0.24727750197052956	0.05430446658283472	0.07841681502759457	0.23469866812229156	0.08173623029142618	0.24980200082063675	0.1992071308195591	0.20424885675311089	0.21682768687605858	0.05604133568704128	0.10623875446617603
2844581	1	0.28771135956048965	0.04589934786781669	0.19947411119937897	0.2571672722697258	0.0875493697822094	0.21293214336037636	0.051646475214511156	0.09230905771255493	0.08343318663537502	0.3708893619477749	0.055851416662335396	0.09320773929357529	0.1315625961869955	0.08531931042671204	0.1931611392647028	0.23558780550956726	0.1509452760219574	0.2615497261285782	0.04992677364498377	0.05387653596699238
2844582	1	0.30623095482587814	0.0584354642778635	0.2897295132279396	0.22495141997933388	0.18986937403678894	0.3148668557405472	0.1643455382436514	0.17547490634024143	0.13369675166904926	0.31291186809539795	0.08243379555642605	0.14607287012040615	0.20144470781087875	0.11925671808421612	0.2334644328802824	0.22250358387827873	0.2373427264392376	0.32337730936706066	0.12116608209908009	0.14242514222860336
2844583	1	0.1677926369011402	0.058058333583176136	0.1895902268588543	0.12777089327573776	0.14845478162169456	0.28365424275398254	0.08259665407240391	0.13603535667061806	0.13255215622484684	0.2638314999639988	0.04552273917943239	0.12289619818329811	0.12326742708683014	0.09489991515874863	0.18478623405098915	0.23028623685240746	0.2174728475511074	0.16753756999969482	0.08691324759274721	0.1360808201134205
2844584	1	0.1605408452451229	0.02532850904390216	0.17877547070384026	0.2051990106701851	0.11954865790903568	0.22795657813549042	0.06189297325909138	0.1730622760951519	0.1589697189629078	0.21091221272945404	0.08298419322818518	0.16901542991399765	0.08722148276865482	0.11954865790903568	0.1463530734181404	0.22667110711336136	0.2450009547173977	0.16182631999254227	0.10407541319727898	0.13511712104082108
2844585	1	0.23839697986841202	0.12712447810918093	0.23717309534549713	0.20616651698946953	0.15098249539732933	0.2545653134584427	0.14780116826295853	0.11636046692728996	0.19602753594517708	0.3682963587343693	0.10037378594279289	0.11800308339297771	0.20875822380185127	0.15208321809768677	0.2713963985443115	0.3435184992849827	0.2962312065064907	0.2315424606204033	0.10350661911070347	0.13169210217893124
2844646	1	0.2919144071638584	0.0627821683883667	0.23435771837830544	0.26458491012454033	0.18025479465723038	0.3114537447690964	0.08826927840709686	0.18542903289198875	0.11820879019796848	0.36205173283815384	0.07975641079246998	0.1333923414349556	0.20116937160491943	0.1971207894384861	0.23626329004764557	0.29563024640083313	0.3505963049829006	0.1724452506750822	0.08576863165944815	0.14855079725384712
2844800	1	0.07391304522752762	0.015217390842735767	0.032608695328235626	0.02391304261982441	0.05000000074505806	0.0673913061618805	0.0260869562625885	0.02391304261982441	0.04565217345952988	0.06956521421670914	0.030434781685471535	0.041304346174001694	0.09130434691905975	0.06086956337094307	0.09565217047929764	0.05869565159082413	0.06086956337094307	0.054347824305295944	0.03913043439388275	0.03913043439388275
2844802	1	0.21762070804834366	0.12874027155339718	0.22844020277261734	0.14260892197489738	0.12874027155339718	0.3379320055246353	0.06951134279370308	0.08206364512443542	0.07877942733466625	0.20698262378573418	0.03867123182862997	0.06736207008361816	0.22377267852425575	0.06377583369612694	0.1524748709052801	0.2898791842162609	0.11990195140242577	0.2818666622042656	0.05176061391830444	0.08911549858748913
2844803	1	0.1494315229356289	0.02666666731238365	0.12514211609959602	0.11779069527983665	0.07916020601987839	0.1938759684562683	0.026498708873987198	0.06736434251070023	0.07471576146781445	0.10104651004076004	0.04086563363671303	0.06890180893242359	0.17439276725053787	0.08788113668560982	0.15745477750897408	0.1437855288386345	0.127713181078434	0.10702842473983765	0.07471576146781445	0.055568475276231766
2844804	1	0.27503592148423195	0.08710564114153385	0.1681715901941061	0.1790402326732874	0.21757951565086842	0.39809200912714005	0.06059287767857313	0.11624397523701191	0.13116543926298618	0.4051089249551296	0.06997665949165821	0.10552816558629274	0.2062784656882286	0.0897716423496604	0.31981467083096504	0.33555683493614197	0.23011323809623718	0.3493454270064831	0.1565714031457901	0.09890737384557724
2844805	1	0.1769055351614952	0.07175615336745977	0.17218724265694618	0.1491261087357998	0.10180040821433067	0.26799655705690384	0.035584283992648125	0.1140611432492733	0.18194900266826153	0.30289673805236816	0.04671536013484001	0.14823060110211372	0.13212432339787483	0.0973445288836956	0.20779428258538246	0.21975260227918625	0.18416831642389297	0.21748777478933334	0.0725606419146061	0.09955833666026592
2844967	1	0.19944720529019833	0.02734812186099589	0.2650064714252949	0.2952334713190794	0.10654077492654324	0.3249691613018513	0.05790567956864834	0.12793590687215328	0.199995381757617	0.3141341842710972	0.16721588000655174	0.16392501909285784	0.21991117764264345	0.10582724213600159	0.2764444798231125	0.26481445878744125	0.22065154276788235	0.27946285158395767	0.07738129701465368	0.30584970116615295
2844968	1	0.27009522914886475	0.03579642064869404	0.38215331360697746	0.409883925691247	0.16899823024868965	0.3180496860295534	0.0729201752692461	0.2042590044438839	0.22074522450566292	0.4797252342104912	0.2330837119370699	0.23453029431402683	0.20206229016184807	0.13636381551623344	0.3311001490801573	0.2966006491333246	0.34638258442282677	0.2791748307645321	0.05304257944226265	0.32503271475434303
2844969	1	0.26165851950645447	0.04350533336400986	0.24574826657772064	0.1756708538159728	0.12265930697321892	0.35117195174098015	0.031496355310082436	0.2871404439210892	0.15589087083935738	0.2815460320562124	0.1335753481835127	0.18262136355042458	0.19148815982043743	0.08849892392754555	0.2839833274483681	0.28153109550476074	0.2461334653198719	0.21960989758372307	0.14083910174667835	0.27523132786154747
2845010	1	0.279097106307745	0.01580069772899151	0.1393366139382124	0.1277201371267438	0.1180709432810545	0.29903651773929596	0.049940189346671104	0.15248479135334492	0.1784495785832405	0.17332787066698074	0.10420242697000504	0.13692463748157024	0.1491808444261551	0.11215998604893684	0.1484604999423027	0.17057263851165771	0.17658631317317486	0.22708691656589508	0.0774028729647398	0.16415847837924957
2845621	1	0.35946913808584213	0.03577777137979865	0.17413841001689434	0.2794988453388214	0.12146968953311443	0.2863312941044569	0.11654657311737537	0.13884989358484745	0.1803207714110613	0.45230860263109207	0.10377310775220394	0.09951187577098608	0.2507260963320732	0.18053900264203548	0.264137614518404	0.28897023014724255	0.18539373017847538	0.344486266374588	0.058092077262699604	0.07965902984142303
2845897	1	0.26279743760824203	0.04751008003950119	0.30564338341355324	0.26992302387952805	0.1391732394695282	0.30883198231458664	0.11012142524123192	0.22632181644439697	0.3060477674007416	0.26991375908255577	0.11677111312747002	0.1781698279082775	0.15177926793694496	0.21703660115599632	0.1945115253329277	0.15985304862260818	0.31772205978631973	0.21069320291280746	0.12094529531896114	0.08623417094349861
2845899	1	0.3095160759985447	0.02191683044657111	0.12095739506185055	0.12647631485015154	0.09780482389032841	0.273022398352623	0.04187972843647003	0.1465581487864256	0.17948683723807335	0.18970147892832756	0.0696090804412961	0.13638530112802982	0.13783562369644642	0.1106238141655922	0.15939106419682503	0.20289578661322594	0.15963351912796497	0.2574755623936653	0.07919660396873951	0.17963363230228424
2845900	1	0.2098970152437687	0.026600228622555733	0.19734061509370804	0.10127042792737484	0.11188307590782642	0.20790021866559982	0.0491731483489275	0.15405059978365898	0.211174875497818	0.19185959920287132	0.08260316401720047	0.09986976347863674	0.12354586645960808	0.09563173726201057	0.2073222603648901	0.18735897168517113	0.19737549498677254	0.19970464706420898	0.056212506256997585	0.28922581300139427
2846071	1	0.265530101954937	0.06834768690168858	0.09715788066387177	0.09574900567531586	0.04431229457259178	0.17249660938978195	0.07495060935616493	0.045284148305654526	0.02923388034105301	0.16126559674739838	0.027825002558529377	0.03581901639699936	0.19702237844467163	0.06314919888973236	0.1754343956708908	0.08343499153852463	0.12818875908851624	0.13438577204942703	0.0518470574170351	0.04856560379266739
2853105	1	0.31719913333654404	0.06794594787061214	0.21938605047762394	0.19316036812961102	0.24087921530008316	0.4538656994700432	0.1462325779721141	0.1346562374383211	0.17814397998154163	0.3291699178516865	0.0975265959277749	0.15321076475083828	0.15177237801253796	0.12815220840275288	0.24322416633367538	0.25706706941127777	0.16810296475887299	0.24613789096474648	0.13642689771950245	0.13773993775248528
2853106	1	0.3451029062271118	0.21755069494247437	0.35710805654525757	0.4166886620223522	0.32081228494644165	0.3074523853138089	0.12549652205780149	0.32200402580201626	0.29538070037961006	0.5711393356323242	0.09947148244827986	0.27765005081892014	0.30905540473759174	0.21178401680663228	0.3596284091472626	0.49238891899585724	0.3740545902401209	0.34413781575858593	0.05917997378855944	0.1939138127490878
2853118	1	0.2714618965983391	0.07061433047056198	0.1939532868564129	0.17638200521469116	0.11306856013834476	0.25880566984415054	0.039617350324988365	0.11578493937849998	0.0757273118942976	0.23432933539152145	0.06984485872089863	0.0961462464183569	0.2477765791118145	0.13150828145444393	0.1970096342265606	0.1391504853963852	0.2117224968969822	0.1686192899942398	0.06635901145637035	0.12211843580007553
2853119	1	0.07675382494926453	0.03447066247463226	0.07721088454127312	0.078773383051157	0.053220661357045174	0.11177721247076988	0.059013606980443	0.08870110660791397	0.10120110958814621	0.2664859741926193	0.04853316210210323	0.058365220203995705	0.14045492559671402	0.11223426833748817	0.2284332476556301	0.11425382271409035	0.08704293891787529	0.12382015213370323	0.038052720949053764	0.10120110958814621
2853120	1	0.2675638794898987	0.09102003276348114	0.18437128514051437	0.17026442661881447	0.14183789864182472	0.46052510663866997	0.06196172535419464	0.09842886030673981	0.2158362716436386	0.19144684076309204	0.12415375746786594	0.06547712534666061	0.3764883577823639	0.2488015741109848	0.14201988652348518	0.20486728101968765	0.35690516233444214	0.23629800602793694	0.14556292071938515	0.2161695398390293
28871	0	8.129453684203327	4.71716747386381	15.012315860949457	12.011707950383425	8.906785583822057	8.594373946543783	4.514920901507139	20.437548796646297	15.116705734282732	18.52858620788902	6.421748981345445	14.652985896915197	6.684329191688448	4.714532192796469	8.958294938784093	16.3116265675053	12.756701554171741	13.09524464327842	1.5349385808221996	10.900032123550773
28873	0	8.15313271433115	4.927615486085415	14.596935218200088	11.464703593403101	9.258779934141785	8.721918243449181	4.609267007093877	20.47351769078523	15.442026128992438	18.514538911171257	6.574538403190672	14.906393140554428	7.057479115668684	4.767322353553027	9.132049840409309	17.132429271936417	13.022882104851305	13.306549437344074	1.5517441756092012	11.386178201530129
28874	0	7.525384871289134	4.81504770857282	14.7173184864223	11.15515733603388	9.281399923376739	8.48176905978471	4.24672541487962	20.633581278845668	15.231497522443533	17.61423296481371	6.056649154983461	14.602892201393843	6.380809511989355	4.470087357331067	8.848200433887541	16.818699723109603	12.588397356681526	12.814591937698424	1.5215064097428694	11.196052112150937
291484	1	0.20924216508865356	0.03464851528406143	0.08645080402493477	0.09068604931235313	0.06978413835167885	0.1524970531463623	0.05050761438906193	0.07979284971952438	0.036937907338142395	0.18548685312271118	0.02301440853625536	0.06607957929372787	0.15436599403619766	0.07267086952924728	0.14418038725852966	0.143683023750782	0.16034968942403793	0.14583910256624222	0.026398503221571445	0.0673845037817955
2927897	1	0.2575100399553776	0.15035283961333334	0.25346587412059307	0.36750396341085434	0.2687890697270632	0.419471800327301	0.16210885252803564	0.2771929129958153	0.3946140678599477	0.6698376089334488	0.19111799262464046	0.33216709829866886	0.5015016719698906	0.31097695976495743	0.22160222008824348	0.3395785801112652	0.3086653696373105	0.2857034746557474	0.07838645577430725	0.20945319347083569
2944249	1	0.31688622385263443	0.2123161901254207	0.3341431114822626	0.3765674754977226	0.23911776579916477	0.3144532758742571	0.0968292010948062	0.2884467989206314	0.27148019056767225	0.620706669986248	0.11164898471906781	0.2956756167113781	0.28284803219139576	0.21940476167947054	0.43700815737247467	0.4826698787510395	0.40293309837579727	0.43935444205999374	0.05595632968470454	0.20155380759388208
2951618	1	0.27127228304743767	0.10225955257192254	0.310195442289114	0.3129933029413223	0.2055658884346485	0.3093717359006405	0.102072867564857	0.31865112483501434	0.3303925693035126	0.44662150740623474	0.15144993551075459	0.213990380987525	0.2549158148467541	0.17096589412540197	0.2601602077484131	0.440452516078949	0.2577599212527275	0.2960161902010441	0.08006199635565281	0.16483084857463837
2951619	1	0.26965363323688507	0.09623676189221442	0.29198622331023216	0.3349844813346863	0.21702292189002037	0.31286129727959633	0.1083021005615592	0.3130425736308098	0.31701866164803505	0.445380374789238	0.13091443665325642	0.21451007947325706	0.2496277429163456	0.18210424296557903	0.26636067405343056	0.43080248683691025	0.2573113478720188	0.32406698167324066	0.07672888925299048	0.16108408756554127
2955291	1	0.521307185292244	0.14796224515885115	0.37334278877824545	0.6719580069184303	0.3770973663777113	0.5907613765448332	0.15989459119737148	0.5751989185810089	0.5028709210455418	0.7710795067250729	0.3717753207311034	0.4846517611294985	0.31885366421192884	0.4244849607348442	0.6240032576024532	0.6537094656378031	0.5703585930168629	0.4696823889389634	0.16023230319842696	0.23077539913356304
2955292	1	0.3324315585196018	0.11488369759172201	0.254789374768734	0.16412249393761158	0.20462831296026707	0.18462635949254036	0.1689399927854538	0.31057222932577133	0.24772381037473679	0.380340363830328	0.0953829912468791	0.3431856669485569	0.29214413091540337	0.30555175244808197	0.23960448242723942	0.29925670474767685	0.3866093344986439	0.3475915230810642	0.039668009616434574	0.2879472151398659
2955297	1	0.2100071907043457	0.09740438405424356	0.16218341141939163	0.24629565700888634	0.17309159971773624	0.274418868124485	0.07196726929396391	0.1938900537788868	0.2540776189416647	0.4610394984483719	0.10044852644205093	0.20740948617458344	0.1897047683596611	0.19624997302889824	0.16310334019362926	0.2804587334394455	0.2450573928654194	0.23626679554581642	0.07899951189756393	0.15792596712708473
2955301	1	0.26133883744478226	0.12436522170901299	0.179921742528677	0.21833819523453712	0.1577196717262268	0.2640004977583885	0.09753183275461197	0.23387998342514038	0.24563542753458023	0.44366033375263214	0.146775146946311	0.19254644587635994	0.18305394239723682	0.16560270264744759	0.20065960474312305	0.21252350881695747	0.23423024266958237	0.2529898136854172	0.066399279050529	0.11882759258151054
2955465	1	0.5612393245100975	0.18096615467220545	0.4035132899880409	0.6997579485177994	0.30847394838929176	0.6656003072857857	0.1905544614419341	0.6296893246471882	0.7050819508731365	0.8288725093007088	0.3605570122599602	0.45751308277249336	0.33302618004381657	0.2840630915015936	0.4585830010473728	0.6055239140987396	0.5340503938496113	0.46025479957461357	0.09646927856374532	0.23620998486876488
2955745	1	0.30075046233832836	0.09467248991131783	0.17552095837891102	0.2655879110097885	0.13392712641507387	0.3244231976568699	0.06799970241263509	0.17026783153414726	0.24427106603980064	0.43261806666851044	0.11301318649202585	0.19172100722789764	0.22360460087656975	0.1924457848072052	0.17142822965979576	0.2198258526623249	0.20770567562431097	0.2448207065463066	0.10629552137106657	0.11910062842071056
2955746	1	0.3424706310033798	0.12047062837518752	0.17935384530574083	0.33601096272468567	0.16930367797613144	0.4387684725224972	0.09873209334909916	0.26794538646936417	0.3322530183941126	0.49881747364997864	0.12705529760569334	0.19995579682290554	0.27734988555312157	0.2619072198867798	0.18712805211544037	0.34065283462405205	0.26111943647265434	0.30581818521022797	0.11105141416192055	0.14383569546043873
2955925	1	0.10773111879825592	0.021474746987223625	0.10566563531756401	0.12309875339269638	0.0852683037519455	0.09074998646974564	0.03647973947227001	0.12139065563678741	0.18060125410556793	0.16164398193359375	0.044925631955266	0.11977190524339676	0.10036264359951019	0.06738844886422157	0.10674304887652397	0.12776580825448036	0.11797446012496948	0.10871918871998787	0.039175909012556076	0.13306879997253418
2955935	1	0.552189439535141	0.15948994550853968	0.33361876383423805	0.6426855772733688	0.3471492622047663	0.4340641237795353	0.09661567118018866	0.7946154400706291	0.6104154102504253	0.7326057106256485	0.3197560887783766	0.3972495384514332	0.279500313103199	0.3018836881965399	0.396521620452404	0.4679810367524624	0.4000602848827839	0.3692166581749916	0.08508450258523226	0.27929698675870895
2956142	1	0.19865022599697113	0.09871605597436428	0.2861914895474911	0.3778887055814266	0.22875172272324562	0.2989472635090351	0.11361374147236347	0.3523646965622902	0.3258458413183689	0.4543686583638191	0.14377762749791145	0.22845623269677162	0.20933619886636734	0.17677848786115646	0.27954989299178123	0.4512403979897499	0.25953573919832706	0.2757520191371441	0.08386110607534647	0.15637389943003654
2956252	1	0.21738451719284058	0.03750513191334903	0.14930725656449795	0.1464863307774067	0.10009387694299221	0.2028656005859375	0.0919931661337614	0.1754431165754795	0.17857886478304863	0.27914196997880936	0.08772412315011024	0.17297399789094925	0.10150305647403002	0.15163330361247063	0.11554248072206974	0.21496716141700745	0.14110557828098536	0.24639306217432022	0.05449316557496786	0.13486425951123238
2956523	1	0.3525370731949806	0.14249680563807487	0.3351648971438408	0.5268243737518787	0.2608871404081583	0.37878935411572456	0.14624747727066278	0.3423078618943691	0.5525778532028198	0.663693506270647	0.2170286551117897	0.2872106060385704	0.33322980254888535	0.31341274455189705	0.34668590873479843	0.5084873326122761	0.4492819868028164	0.490303922444582	0.0934761306270957	0.2593565955758095
2956528	1	0.3949928767979145	0.17387302871793509	0.3223019428551197	0.44103264063596725	0.2594867665320635	0.35094641521573067	0.20118006598204374	0.4472065381705761	0.4943014159798622	0.7676702588796616	0.19939328730106354	0.26948760636150837	0.29255305975675583	0.28961262851953506	0.3865738771855831	0.5404225960373878	0.3754616566002369	0.4095419608056545	0.14550136122852564	0.2384599819779396
3003858	1	0.3397059589624405	0.2023148345761001	0.2994808033108711	0.35850420594215393	0.24580345675349236	0.5439269319176674	0.16502263769507408	0.5880418997257948	0.31357465125620365	0.6808382757008076	0.13238752679899335	0.2605050876736641	0.2970956265926361	0.3189358115196228	0.35167745500802994	0.4032311365008354	0.500353928655386	0.6501247324049473	0.08225558744743466	0.2662194035947323
3003859	1	0.37065261229872704	0.24670160189270973	0.42532168328762054	0.4033466698601842	0.2941480362787843	0.3554349057376385	0.16845476254820824	0.34467961080372334	0.3355932403355837	0.6604052148759365	0.1127424594014883	0.38430004194378853	0.32106600143015385	0.3630879744887352	0.47887516021728516	0.5454844832420349	0.3717696201056242	0.45122701674699783	0.11574362125247717	0.25096527859568596
3003860	1	0.3059188835322857	0.12372069736011326	0.2943014055490494	0.2961214743554592	0.15380484983325005	0.33892352506518364	0.12183789908885956	0.2563094459474087	0.2055071359500289	0.4294753968715668	0.07065022794995457	0.17640490643680096	0.34790918603539467	0.22951584309339523	0.32582931965589523	0.36089196614921093	0.36801716312766075	0.38166164234280586	0.06294251256622374	0.1502564763650298
3014888	1	0.1337992176413536	0.060899822041392326	0.13667107373476028	0.17261434718966484	0.11461668089032173	0.2730236165225506	0.018864013254642487	0.1577732264995575	0.20544817671179771	0.17799223959445953	0.060926797799766064	0.12039402034133673	0.18759700283408165	0.09248137008398771	0.262653611600399	0.1480875499546528	0.16879026219248772	0.22002472542226315	0.11711939238011837	0.17022285982966423
3026463	1	0.2961734849959612	0.23086055251769722	0.3467583768069744	0.41179628670215607	0.3330602515488863	0.3441150765866041	0.10385861340910196	0.34036714769899845	0.28121487610042095	0.5747621655464172	0.08459361176937819	0.27417763881385326	0.34748881310224533	0.2721065357327461	0.3814626410603523	0.4504452049732208	0.3299055816605687	0.3552692048251629	0.05998922197613865	0.18159473408013582
3027325	1	0.18436915427446365	0.04939303733408451	0.08554373774677515	0.13726728223264217	0.09970379807054996	0.3378792740404606	0.03409136598929763	0.10997703392058611	0.20248090848326683	0.2392781525850296	0.07101625110954046	0.10288926213979721	0.194913562387228	0.1009889468550682	0.2628016769886017	0.16697676479816437	0.19269520416855812	0.18706708028912544	0.09582492243498564	0.1448425818234682
3043599	1	2.5519834645092487	0.6911396954674274	1.5720557607710361	2.0440567564219236	1.2111106421798468	1.9985033702105284	0.8409641529433429	1.4235673760995269	1.1833619917742908	3.01304326672107	0.9572987575083971	1.3304130490869284	1.9090242311358452	1.2891837488859892	2.61694376450032	2.077272992581129	1.7463077008724213	2.183539040386677	0.4034256422892213	0.9568047011271119
3046277	1	0.07329229265451431	0.018762826919555664	0.047493401914834976	0.06068601459264755	0.03283494710922241	0.08883025497198105	0.023160362616181374	0.050718262791633606	0.05687481537461281	0.09146877378225327	0.0384051613509655	0.03312811627984047	0.0404573455452919	0.027264731004834175	0.061565522104501724	0.06361770629882812	0.060392845422029495	0.0829668715596199	0.024919377639889717	0.023160362616181374
3047375	1	0.08836395293474197	0.01866433396935463	0.044619422405958176	0.06153397634625435	0.03441236540675163	0.08632254600524902	0.02216389589011669	0.05074365809559822	0.06036745384335518	0.08923884481191635	0.03324584290385246	0.03528725728392601	0.04549431428313255	0.02653834968805313	0.05861767381429672	0.058909304440021515	0.06065908446907997	0.07699037343263626	0.025955088436603546	0.0218722652643919
3047384	1	0.5819363780319691	0.2421197760850191	0.3825824875384569	0.49102333933115005	0.1703405324369669	0.48484061285853386	0.10435875412076712	0.5001030899584293	0.5060946457087994	0.7517708092927933	0.20476865768432617	0.43100109696388245	0.32419450022280216	0.26944156363606453	0.3959382679313421	0.6755205243825912	0.636660560965538	0.521974790841341	0.07034353725612164	0.2549860803410411
3047385	1	0.0729713961482048	0.01780502125620842	0.045534148812294006	0.06071219965815544	0.03152364119887352	0.08931698650121689	0.02101576142013073	0.051955632865428925	0.057209573686122894	0.08931698650121689	0.03765324130654335	0.03794512525200844	0.04407472163438797	0.025394044816493988	0.06012842804193497	0.05633391812443733	0.07151196897029877	0.07705779373645782	0.028021015226840973	0.024518389254808426
3047395	1	0.07839670032262802	0.017683465033769608	0.04450339078903198	0.05688181519508362	0.029472442343831062	0.08429118990898132	0.02416740357875824	0.049218978732824326	0.05717654153704643	0.09048040211200714	0.035956379026174545	0.039493072777986526	0.038314174860715866	0.0253463014960289	0.05511346831917763	0.06660772114992142	0.06690244376659393	0.0878278836607933	0.02829354628920555	0.023872679099440575
3047696	1	0.07020649313926697	0.019764011725783348	0.04926253855228424	0.053392332047224045	0.030678465962409973	0.08495575189590454	0.026843657717108727	0.0554572269320488	0.0554572269320488	0.08967551589012146	0.033923305571079254	0.03539822995662689	0.03893805295228958	0.028318583965301514	0.05634218454360962	0.06932153552770615	0.06902655214071274	0.08200590312480927	0.02743362821638584	0.023598819971084595
3047743	1	0.22296150773763657	0.02637192141264677	0.13015076704323292	0.16652728989720345	0.1029244214296341	0.25964102149009705	0.13784055598080158	0.08611474838107824	0.10176701657474041	0.1710720844566822	0.059548916295170784	0.10121558140963316	0.1985468789935112	0.13982208631932735	0.3292793743312359	0.24258290231227875	0.15492291934788227	0.15329891443252563	0.08848410099744797	0.12692699395120144
3047790	1	0.05904817953705788	0.019095182418823242	0.046709753572940826	0.05699177458882332	0.035252645611763	0.0846063420176506	0.024383079260587692	0.048472385853528976	0.06580493599176407	0.0951821357011795	0.04054053872823715	0.03672150522470474	0.037896592170000076	0.0299647469073534	0.04788484051823616	0.06462984532117844	0.06051703914999962	0.08754406869411469	0.0317273810505867	0.027027027681469917
3047817	1	0.07556600868701935	0.018229931592941284	0.04557483270764351	0.055571891367435455	0.030873272567987442	0.08938547223806381	0.024698618799448013	0.052925609052181244	0.05615995451807976	0.0864451602101326	0.040282268077135086	0.03440164774656296	0.03881211578845978	0.02616877481341362	0.05704204738140106	0.062040574848651886	0.06262864172458649	0.08909144252538681	0.027050867676734924	0.027050867676734924
3047837	1	0.07581967115402222	0.02049180306494236	0.04566744714975357	0.06352458894252777	0.02985948510468006	0.0977751761674881	0.022833723574876785	0.04478922858834267	0.04303278774023056	0.09514051675796509	0.03834894672036171	0.025468384847044945	0.040690865367650986	0.026053864508867264	0.07435597479343414	0.05503512918949127	0.06440281122922897	0.08489461243152618	0.030152224004268646	0.021662764251232147
3047956	1	0.1287166066467762	0.04076655022799969	0.08609175309538841	0.08559814281761646	0.11959930136799812	0.11663763225078583	0.038182346150279045	0.13905343040823936	0.13141696155071259	0.11811846867203712	0.03054587636142969	0.08966318145394325	0.08350754901766777	0.09927410259842873	0.15470382943749428	0.14201509580016136	0.15728803724050522	0.109378632158041	0.025987224653363228	0.10345528833568096
3047957	1	0.31218711845576763	0.046198983676731586	0.14203936606645584	0.1226336918771267	0.09644266217947006	0.14442087151110172	0.06281426455825567	0.2030744068324566	0.23889091610908508	0.14046458899974823	0.057642366737127304	0.12069975025951862	0.15247157588601112	0.11609145812690258	0.30773354321718216	0.17845815420150757	0.19091270864009857	0.18295041844248772	0.030799323692917824	0.1530738491564989
3047958	1	0.12403551489114761	0.055082669481635094	0.09277403727173805	0.08594611287117004	0.10664420947432518	0.09029393829405308	0.061298225075006485	0.14537660405039787	0.14889773353934288	0.10933864116668701	0.03934476524591446	0.11120636388659477	0.09608083218336105	0.08655847981572151	0.16068585216999054	0.10664420947432518	0.15385793149471283	0.08738518133759499	0.03417023830115795	0.10437844134867191
3047959	1	0.11734364926815033	0.017316017299890518	0.0842774249613285	0.09256700985133648	0.0842774249613285	0.09569862484931946	0.020079211331903934	0.0984618216753006	0.09689601324498653	0.1460808664560318	0.02717140968888998	0.07718522474169731	0.14331767708063126	0.0571060162037611	0.21221331506967545	0.11927788704633713	0.16146264970302582	0.14055448397994041	0.04411900229752064	0.16459427773952484
3047960	1	0.08776736631989479	0.03475126251578331	0.08565248548984528	0.11723143234848976	0.13621725142002106	0.09161259233951569	0.03931747190654278	0.11127132922410965	0.13900505006313324	0.1151646226644516	0.043883683159947395	0.10040855407714844	0.10391732677817345	0.08214371278882027	0.1955779865384102	0.10708964243531227	0.15587598830461502	0.12886325269937515	0.022110069636255503	0.10213891044259071
3047961	1	0.08641017973423004	0.02439198992215097	0.08666077814996243	0.09390439093112946	0.09689968824386597	0.15875080972909927	0.027721425518393517	0.11754457280039787	0.14534952864050865	0.12420344352722168	0.027554357424378395	0.09656554833054543	0.11030096560716629	0.07608773559331894	0.18230745196342468	0.13077878206968307	0.1485954374074936	0.12053987383842468	0.031134393997490406	0.11429867148399353
3047962	1	0.10247892141342163	0.0375670837238431	0.06618962436914444	0.10490671917796135	0.06836187280714512	0.1211346797645092	0.036417072638869286	0.09481216594576836	0.10043444857001305	0.20764119178056717	0.022105800453573465	0.09596217796206474	0.10465116426348686	0.07717863470315933	0.15014055743813515	0.18208535760641098	0.13467927649617195	0.171990804374218	0.028622540645301342	0.09263991937041283
3047963	1	0.12588796764612198	0.0386339807882905	0.08556538820266724	0.09362990409135818	0.09850646182894707	0.11294689401984215	0.04988645575940609	0.09724001586437225	0.15964539349079132	0.11463549360632896	0.031835913890972733	0.07323570363223553	0.09128624573349953	0.08809828758239746	0.16578840464353561	0.13034237548708916	0.137562595307827	0.13521893694996834	0.04139978997409344	0.12865377962589264
3047964	1	0.22563640400767326	0.05694231577217579	0.10826903954148293	0.13673878833651543	0.15303335711359978	0.16671320423483849	0.08786635659635067	0.11957622319459915	0.12566521763801575	0.20230601727962494	0.029024779796600342	0.1302551906555891	0.2124299593269825	0.06769727915525436	0.35985054075717926	0.14180216938257217	0.24358761310577393	0.2216830849647522	0.043180848471820354	0.16774163767695427
3047965	1	0.08756108582019806	0.058131057769060135	0.0802035816013813	0.10118259862065315	0.09601209685206413	0.12325512617826462	0.03991953935474157	0.11130760796368122	0.13556713610887527	0.14088614284992218	0.03678753599524498	0.10336960479617119	0.09987309947609901	0.07321057468652725	0.17876718193292618	0.12580662593245506	0.12507762759923935	0.137754138559103	0.02484002453275025	0.12048761919140816
3047966	1	0.16657784581184387	0.0501048993319273	0.10369989648461342	0.18186745420098305	0.11180375888943672	0.14256063103675842	0.04259057901799679	0.1497047170996666	0.16617341712117195	0.2891667075455189	0.05641969572752714	0.1524747870862484	0.14051058888435364	0.10260963439941406	0.24384025484323502	0.27168360352516174	0.27888231724500656	0.17241235822439194	0.06548333540558815	0.11143352463841438
3047967	1	0.12966898456215858	0.05326533503830433	0.0864145066589117	0.11706096306443214	0.11382632330060005	0.1250885371118784	0.033668603748083115	0.1158096082508564	0.1158096082508564	0.09673230350017548	0.018345375079661608	0.0917268767952919	0.0997544527053833	0.07035935297608376	0.2043018415570259	0.1070501059293747	0.12112197652459145	0.12112197652459145	0.03189781354740262	0.14697549492120743
3048148	1	0.6145448889583349	0.19246903341263533	0.46952709928154945	0.7316461354494095	0.21719705499708652	0.44377068942412734	0.21318106772378087	0.7431709617376328	0.9012563116848469	0.8526395596563816	0.21545648341998458	0.5386504363268614	0.36597878858447075	0.3200164306908846	0.3943768935278058	1.017608530819416	0.7620646581053734	0.5553798917680979	0.07376345619559288	0.3773016342893243
3048158	1	0.08651325106620789	0.016020972281694412	0.04835420846939087	0.05825808271765709	0.032041944563388824	0.08709583431482315	0.02068161964416504	0.05068453401327133	0.055053889751434326	0.08796970546245575	0.03145936504006386	0.03670259192585945	0.041071947664022446	0.025924846529960632	0.06058840826153755	0.054762598127126694	0.07224002480506897	0.08185260742902756	0.027381299063563347	0.025342267006635666
3048165	1	0.07902467995882034	0.02144535817205906	0.04289071634411812	0.06286721676588058	0.027908343821763992	0.09929494559764862	0.023795533925294876	0.045240893959999084	0.043478261679410934	0.08636897802352905	0.03349001333117485	0.029670976102352142	0.039952997118234634	0.028789659962058067	0.07285546511411667	0.05552291497588158	0.06198589876294136	0.09077555686235428	0.030846063047647476	0.023795533925294876
3048168	1	0.07917888462543488	0.020527860149741173	0.04222873970866203	0.0674486830830574	0.032551318407058716	0.0903225839138031	0.021114369854331017	0.05014662817120552	0.060997068881988525	0.09384164214134216	0.032258063554763794	0.03284457325935364	0.04017595201730728	0.022287389263510704	0.06304985284805298	0.06510263681411743	0.05835777148604393	0.07741935551166534	0.025513196364045143	0.024633431807160378
3048169	1	0.07792207598686218	0.018759019672870636	0.04357864335179329	0.06204906105995178	0.03088023141026497	0.08427128195762634	0.019336219877004623	0.05310245230793953	0.057431455701589584	0.09090909361839294	0.0317460335791111	0.038383837789297104	0.04213564097881317	0.026551226153969765	0.059163060039281845	0.06320346146821976	0.06926406919956207	0.07994227856397629	0.02683982625603676	0.02453102543950081
3048170	1	0.0799180343747139	0.01990632340312004	0.04566744714975357	0.06440281122922897	0.027517564594745636	0.0968969538807869	0.023419203236699104	0.04039812460541725	0.043325528502464294	0.0977751761674881	0.03044496476650238	0.026053864508867264	0.040690865367650986	0.026053864508867264	0.07611241191625595	0.058548010885715485	0.0629391074180603	0.08899297565221786	0.028688523918390274	0.022248243913054466
3048175	1	0.08172231912612915	0.01933216117322445	0.04540129005908966	0.06473345309495926	0.028119508177042007	0.09519624710083008	0.02343292348086834	0.03632103279232979	0.04042179137468338	0.09812536835670471	0.03427065163850784	0.02665494941174984	0.0386643223464489	0.025483304634690285	0.0773286446928978	0.05506736785173416	0.06736965477466583	0.09285295754671097	0.02899824269115925	0.020503807812929153
3048183	1	0.30850959569215775	0.1481633079238236	0.21260244399309158	0.25801003724336624	0.1983720138669014	0.4642290137708187	0.0639478035736829	0.311034731566906	0.2575940862298012	0.6070367097854614	0.15570790693163872	0.1209769006818533	0.18721400201320648	0.17312411963939667	0.2910928800702095	0.41218285635113716	0.32124780863523483	0.32299428805708885	0.07378066703677177	0.11217884533107281
3048184	1	0.22058264166116714	0.10488093458116055	0.1692236289381981	0.19460569694638252	0.1535708699375391	0.25502610951662064	0.07000105269253254	0.09750658087432384	0.0758425947278738	0.23780086636543274	0.03832701034843922	0.05958002805709839	0.19406521692872047	0.09295955300331116	0.2966301515698433	0.28268638625741005	0.13471947237849236	0.215664304792881	0.07284259609878063	0.03348429873585701
3048198	1	0.07804735749959946	0.019877228885889053	0.04676995053887367	0.06518562138080597	0.029231218621134758	0.10406313836574554	0.02133879065513611	0.047062262892723083	0.042092956602573395	0.08535516262054443	0.033615902066230774	0.028646593913435936	0.03975445777177811	0.022215725854039192	0.07775504142045975	0.05495469272136688	0.06167787313461304	0.09003215283155441	0.029231218621134758	0.023092662915587425
3048205	1	0.06422287225723267	0.019648093730211258	0.04633431136608124	0.0633431077003479	0.03548387065529823	0.08416422456502914	0.017888562753796577	0.046041056513786316	0.06451612710952759	0.0956011712551117	0.037829913198947906	0.04134897515177727	0.037829913198947906	0.026099706068634987	0.052785925567150116	0.060703814029693604	0.060997068881988525	0.0888563022017479	0.028739003464579582	0.027565982192754745
3048215	1	0.08328480273485184	0.016598718240857124	0.046592894941568375	0.06057076156139374	0.032323822379112244	0.08561444282531738	0.019510773941874504	0.053581830114126205	0.058241117745637894	0.09027373045682907	0.030867792665958405	0.036691904067993164	0.04193360358476639	0.025334887206554413	0.05882352963089943	0.05591147392988205	0.07163657248020172	0.07920791953802109	0.02708211913704872	0.0259172972291708
3048225	1	0.07732710987329483	0.017799824476242065	0.0443536639213562	0.05923548340797424	0.03151444345712662	0.08812372386455536	0.020134227350354195	0.05281587317585945	0.05806828290224075	0.08812372386455536	0.03793405368924141	0.03705865144729614	0.04377005994319916	0.025970235466957092	0.059527281671762466	0.05748467892408371	0.0691566988825798	0.0782025083899498	0.02830464020371437	0.025094835087656975
3048233	1	0.08113649487495422	0.019039250910282135	0.0451083779335022	0.06590509414672852	0.028119508177042007	0.0925600454211235	0.023725835606455803	0.03778558969497681	0.048037491738796234	0.09783245623111725	0.03339191526174545	0.02665494941174984	0.03778558969497681	0.02665494941174984	0.07205624133348465	0.05975395441055298	0.06239015981554985	0.09109549224376678	0.02987697720527649	0.02108963020145893
3048279	1	0.09446100518107414	0.022280178032815456	0.08964232355356216	0.09215101972222328	0.10799800977110863	0.1178092360496521	0.04990064539015293	0.08251366391777992	0.11477893590927124	0.13616492599248886	0.022454047575592995	0.10586189478635788	0.1475658193230629	0.07930948957800865	0.18052658066153526	0.1434674635529518	0.13633880019187927	0.1281420812010765	0.0538251381367445	0.09480874612927437
3048287	1	0.15076955407857895	0.042545441538095474	0.09738956391811371	0.06295754015445709	0.07630610838532448	0.1692175790667534	0.07308502495288849	0.0633360706269741	0.07241366803646088	0.24414526671171188	0.034846264868974686	0.05015891045331955	0.040995609015226364	0.05015891045331955	0.21779094636440277	0.15554047375917435	0.08529800176620483	0.2368246167898178	0.029575401917099953	0.04664500057697296
3048300	1	0.07885662280023098	0.04393504746258259	0.06213998794555664	0.10754618048667908	0.058436376973986626	0.16168706119060516	0.09495562687516212	0.10296331718564034	0.0798967219889164	0.23785443603992462	0.05237378552556038	0.06716248393058777	0.11729523167014122	0.07307281717658043	0.09171738475561142	0.19879820197820663	0.10681061074137688	0.14881771802902222	0.06641832925379276	0.049262067303061485
3048305	1	0.23610875755548477	0.08109700586646795	0.09785563126206398	0.22561895847320557	0.06727758888155222	0.387886643409729	0.07550588995218277	0.1299511594697833	0.18031542748212814	0.20855095237493515	0.07029782515019178	0.09234554320573807	0.17887897416949272	0.10374877415597439	0.18227490037679672	0.2928228862583637	0.1195276640355587	0.15403201431035995	0.042887345887720585	0.07301603630185127
3048308	1	0.07728613913059235	0.017699114978313446	0.044247787445783615	0.05899704992771149	0.03362831845879555	0.08554572612047195	0.020943952724337578	0.0516224205493927	0.059292037039995193	0.09026549011468887	0.03362831845879555	0.04011799395084381	0.039528023451566696	0.024778760969638824	0.053392332047224045	0.06637167930603027	0.06430678814649582	0.08436578512191772	0.02890855446457863	0.025073746219277382
3048314	1	0.08243203908205032	0.01870797947049141	0.04560070112347603	0.06664717942476273	0.028354281559586525	0.10143233090639114	0.021046478301286697	0.052908506244421005	0.04384682700037956	0.08564747124910355	0.03536977618932724	0.026308096945285797	0.03975445777177811	0.02192341350018978	0.07717041671276093	0.052616193890571594	0.0634317472577095	0.08564747124910355	0.02952353097498417	0.02163110114634037
3048316	1	0.06578560918569565	0.018795888870954514	0.04845815151929855	0.05491923540830612	0.03348017483949661	0.08575624227523804	0.02290748991072178	0.05550660938024521	0.05991189554333687	0.08839941024780273	0.03935389220714569	0.03700440376996994	0.042584434151649475	0.024963289499282837	0.05550660938024521	0.06314244121313095	0.06901615113019943	0.08076358586549759	0.02731277607381344	0.026431718841195107
3048360	1	0.0772569477558136	0.0173611119389534	0.0434027761220932	0.062210649251937866	0.03269675746560097	0.08796296268701553	0.019386574625968933	0.05005786940455437	0.055266205221414566	0.08883101493120193	0.03703703731298447	0.03703703731298447	0.0425347238779068	0.027199074625968933	0.05960648134350777	0.062210649251937866	0.06799768656492233	0.07957176119089127	0.028356481343507767	0.024016203358769417
3048380	1	0.1353420801460743	0.05863510072231293	0.13409161195158958	0.16725479066371918	0.07593613862991333	0.10784884914755821	0.05690499767661095	0.13505087792873383	0.13475966826081276	0.15754222869873047	0.047004008665680885	0.10313816741108894	0.09198670648038387	0.11274795420467854	0.09400801733136177	0.10438863933086395	0.1152488961815834	0.05142348166555166	0.045753536745905876	0.07093425840139389
3048381	1	0.15151122584939003	0.043998273089528084	0.12823834270238876	0.17681347206234932	0.05608808249235153	0.12396373227238655	0.07072538882493973	0.13544905185699463	0.15159758552908897	0.1668393835425377	0.05060449242591858	0.10699481889605522	0.10069084540009499	0.07538860104978085	0.06787564978003502	0.0917530246078968	0.13605354353785515	0.05120898224413395	0.02733160648494959	0.08687392249703407
3048382	1	0.16448354348540306	0.05043988116085529	0.2665037512779236	0.1412186361849308	0.1362495943903923	0.17965135350823402	0.12720756232738495	0.1776474453508854	0.13727598637342453	0.3706256076693535	0.11507005803287029	0.11300097405910492	0.14530791342258453	0.21107852458953857	0.06052459962666035	0.1069403700530529	0.27867384254932404	0.05855327472090721	0.030286738649010658	0.1292603500187397
3048383	1	0.11503530479967594	0.041293200105428696	0.14097361639142036	0.1357562281191349	0.09664808586239815	0.12040134146809578	0.08417688682675362	0.12924563512206078	0.14330732449889183	0.13316982612013817	0.060126347467303276	0.07955406792461872	0.11751765385270119	0.12114455923438072	0.06549238413572311	0.10360460728406906	0.14648829400539398	0.05013749562203884	0.03796358406543732	0.0779635813087225
3048384	1	0.09749099239706993	0.048445215448737144	0.12051248177886009	0.17174696177244186	0.09470172226428986	0.132977444678545	0.05183504521846771	0.1093553975224495	0.1454424187541008	0.15900173783302307	0.04565594531595707	0.10038702934980392	0.12121980264782906	0.1392633095383644	0.062004538252949715	0.10596556589007378	0.15172827616333961	0.04067796468734741	0.031602829694747925	0.06998531892895699
3048385	1	0.1403951495885849	0.03786481823772192	0.12506065517663956	0.14625996723771095	0.07639514654874802	0.1222599633038044	0.05106412619352341	0.1177261732518673	0.13638821244239807	0.16451993584632874	0.03786481823772192	0.11145927384495735	0.1253240928053856	0.11905719339847565	0.05692894384264946	0.1263916827738285	0.14998959749937057	0.024263432249426842	0.033996534533798695	0.09679029509425163
3048386	1	0.2396070919930935	0.015384615398943424	0.19654289074242115	0.3660842105746269	0.20447816513478756	0.23737754300236702	0.11848828941583633	0.1997428797185421	0.22880606353282928	0.24979419633746147	0.073189502581954	0.1881431583315134	0.35919059067964554	0.17909444868564606	0.21827435120940208	0.3258350118994713	0.27813494578003883	0.10574918426573277	0.11464213579893112	0.10144080221652985
3048387	1	0.13231182470917702	0.03919354733079672	0.16123655438423157	0.10284946113824844	0.0903225801885128	0.1111827939748764	0.05252688191831112	0.11865591257810593	0.13118279725313187	0.17537634074687958	0.02306451555341482	0.10505376383662224	0.12338709831237793	0.1297849416732788	0.08672042936086655	0.12284946069121361	0.12145160883665085	0.056129030883312225	0.03779569827020168	0.07892473042011261
3048388	1	0.17330599576234818	0.022514071315526962	0.05890309438109398	0.144421661272645	0.07954099029302597	0.1669357344508171	0.01876172609627247	0.06941838562488556	0.09005628526210785	0.10580740496516228	0.034512849524617195	0.07203629985451698	0.14481434971094131	0.06828395649790764	0.20445918291807175	0.1436799168586731	0.15868929773569107	0.1054147258400917	0.04764605686068535	0.0907980240881443
3048389	1	0.0440729483962059	0.012158054858446121	0.028875380754470825	0.041033435612916946	0.050151973962783813	0.04711246117949486	0.022796353325247765	0.05927051603794098	0.09422492235898972	0.06686930358409882	0.010638297535479069	0.048632219433784485	0.08206687122583389	0.0440729483962059	0.07446808367967606	0.07902735471725464	0.07294832915067673	0.030395137146115303	0.024316109716892242	0.06686930358409882
3048390	1	0.13793213665485382	0.039968064054846764	0.18590020760893822	0.12587625160813332	0.07591217756271362	0.09790020063519478	0.05794810503721237	0.11589621007442474	0.1178123764693737	0.15584830194711685	0.03795608878135681	0.06791217625141144	0.12186826765537262	0.13382834196090698	0.10593213140964508	0.12589221075177193	0.14186027646064758	0.0479201590642333	0.031952097080647945	0.07388423196971416
3048391	1	0.13228044286370277	0.03260516747832298	0.13350553438067436	0.15690036490559578	0.06890036910772324	0.10028044506907463	0.07260516844689846	0.12550553306937218	0.13656088709831238	0.16363099962472916	0.038760147988796234	0.11319557204842567	0.10088560730218887	0.10826568305492401	0.06090036779642105	0.10457564145326614	0.14333579689264297	0.07321033254265785	0.05167527683079243	0.08242066763341427
3048392	1	0.13531829044222832	0.05053517781198025	0.12696756049990654	0.13197137042880058	0.07517314702272415	0.1169433705508709	0.06014514435082674	0.13614673912525177	0.12401829101145267	0.1495012752711773	0.03883752599358559	0.13740597292780876	0.1186002604663372	0.15243397653102875	0.07267124019563198	0.110663753002882	0.12403486296534538	0.047602479346096516	0.028813335113227367	0.062216256745159626
3048393	1	0.08704827353358269	0.03455552738159895	0.05996658839285374	0.15950057283043861	0.1654796451330185	0.06594566069543362	0.022421523928642273	0.08704827353358269	0.18025147169828415	0.1410357840359211	0.03455552738159895	0.0840587355196476	0.19854040816426277	0.12142794206738472	0.124593336135149	0.05231688916683197	0.13356194272637367	0.07658489421010017	0.05099797807633877	0.12010902911424637
3048394	1	0.12636146694421768	0.044652040116488934	0.14848318696022034	0.14608783647418022	0.0990404523909092	0.11410294473171234	0.049851346760988235	0.12103535607457161	0.13716869801282883	0.15982583910226822	0.02665877528488636	0.07238167524337769	0.10943906381726265	0.11917543411254883	0.07304391823709011	0.08971269801259041	0.19114849716424942	0.061320818960666656	0.028927307575941086	0.08158261701464653
3048395	1	0.04180878959596157	0.012084592133760452	0.10681220144033432	0.1380469724535942	0.13907026499509811	0.05842510610818863	0.022658610716462135	0.09419159963726997	0.18136633932590485	0.19194035232067108	0.044342655688524246	0.14209141209721565	0.13551310449838638	0.06899912282824516	0.16626059263944626	0.08965987712144852	0.10525289922952652	0.07859857566654682	0.04331936500966549	0.13955754414200783
3048396	1	0.07380243763327599	0.049709467217326164	0.11982709541916847	0.1984127052128315	0.06033871881663799	0.12677153944969177	0.056653911247849464	0.1374007984995842	0.17343395948410034	0.17821712046861649	0.034509637393057346	0.11894132569432259	0.09484835714101791	0.10310374200344086	0.060126133263111115	0.07096796948462725	0.19100765138864517	0.03277352545410395	0.01909722201526165	0.10005669295787811
3048397	1	0.08576872944831848	0.0443546399474144	0.1803591102361679	0.10687825456261635	0.08746077865362167	0.14954084530472755	0.03802999667823315	0.11578203737735748	0.16271581500768661	0.19558753818273544	0.03464590199291706	0.12931841984391212	0.10313275456428528	0.08113613724708557	0.0418576393276453	0.14329833909869194	0.15087148547172546	0.043549684807658195	0.02876480482518673	0.07694708555936813
3048398	1	0.11297635361552238	0.055280073545873165	0.20096131786704063	0.196200642734766	0.14975034445524216	0.14785640686750412	0.07808195613324642	0.1307765170931816	0.22817090898752213	0.2939336523413658	0.0751578276976943	0.18190427124500275	0.27986398339271545	0.12289370968937874	0.1117051187902689	0.10156106576323509	0.24209997802972794	0.10967056825757027	0.05787993501871824	0.12327536754310131
3048399	1	0.062066059559583664	0.07994005642831326	0.236741054803133	0.2002287060022354	0.11950744222849607	0.13115339912474155	0.07527204044163227	0.17148514837026596	0.2087329737842083	0.3251853734254837	0.05044898763298988	0.1823715604841709	0.21338413283228874	0.07756993547081947	0.21338894497603178	0.13887163810431957	0.24442077055573463	0.05975131317973137	0.08612475357949734	0.12335572298616171
3048400	1	0.08920729905366898	0.05778785701841116	0.1935470551252365	0.09654675051569939	0.09815483167767525	0.16006597504019737	0.04999484680593014	0.10916400328278542	0.1557159125804901	0.19125863909721375	0.025914854370057583	0.06995155196636915	0.12934749200940132	0.0924234613776207	0.04609833937138319	0.09609318524599075	0.16489022225141525	0.04999484680593014	0.04815998300909996	0.07568292133510113
3048401	1	0.04352622292935848	0.04050050489604473	0.10032148286700249	0.1480395831167698	0.10637291893362999	0.048411495983600616	0.02723146788775921	0.10823247954249382	0.18737392872571945	0.15897630155086517	0.034449067898094654	0.0979891549795866	0.2347453385591507	0.145360566675663	0.1097453348338604	0.04992435872554779	0.1097453348338604	0.049577660858631134	0.07192385382950306	0.12755294889211655
3048402	1	0.26517777517437935	0.1005618441849947	0.194750614464283	0.2988366559147835	0.18090005591511726	0.3005436658859253	0.10323886945843697	0.10203530639410019	0.3181503266096115	0.24766035750508308	0.17677490320056677	0.19559503346681595	0.42956292256712914	0.1450813813135028	0.12338428292423487	0.12623040936887264	0.35223718360066414	0.09502051863819361	0.043215179815888405	0.2010427126660943
3048403	1	0.0690718311816454	0.060623093508183956	0.13138126954436302	0.17181937396526337	0.06912293378263712	0.08929088339209557	0.0656991507858038	0.13478801399469376	0.15163438767194748	0.17519205808639526	0.03033709805458784	0.10448498651385307	0.08430000115185976	0.1381947621703148	0.042141483165323734	0.10279864445328712	0.2004871666431427	0.04212444834411144	0.04549713060259819	0.09101129323244095
3048404	1	0.045356856659054756	0.018292682245373726	0.09338764473795891	0.12160135805606842	0.11130547523498535	0.06669832020998001	0.018292682245373726	0.10290883481502533	0.12539984285831451	0.1761045604944229	0.06747301109135151	0.11168032884597778	0.2683676555752754	0.11168032884597778	0.17572970688343048	0.05335365980863571	0.12272591143846512	0.06327468901872635	0.0259146336466074	0.12045181542634964
3048405	1	0.09418803453445435	0.07196581084281206	0.2078632488846779	0.29982905462384224	0.16102563962340355	0.10760683938860893	0.0656410250812769	0.21008547395467758	0.2771794945001602	0.2688888907432556	0.052222222089767456	0.1095726490020752	0.21350427716970444	0.1283760704100132	0.1024786327034235	0.11470085382461548	0.27888888865709305	0.03709401749074459	0.04709401726722717	0.15179487317800522
3048406	1	0.06565656512975693	0.04713804833590984	0.14814814552664757	0.1430976465344429	0.09932659938931465	0.11447811499238014	0.06565656512975693	0.10942760854959488	0.15319865196943283	0.19360269606113434	0.021885521709918976	0.12121211737394333	0.11616161838173866	0.09259259328246117	0.06902356818318367	0.09427609294652939	0.21212121099233627	0.03872053883969784	0.026936027221381664	0.06734006572514772
3048407	1	0.1380622833967209	0.08396770618855953	0.20818916335701942	0.21350634470582008	0.117935411632061	0.14844290912151337	0.05742791295051575	0.15671280398964882	0.19080738350749016	0.235409464687109	0.08274509944021702	0.1622837372124195	0.23907728493213654	0.11869665794074535	0.14658593013882637	0.11029988341033459	0.2807266488671303	0.09460207633674145	0.08249134942889214	0.13202999345958233
3048413	1	0.14532266557216644	0.03241227939724922	0.06753826513886452	0.08185495436191559	0.07009979896247387	0.11065319180488586	0.04703331179916859	0.05532659590244293	0.07040414027869701	0.21617063879966736	0.04703331179916859	0.07160881906747818	0.20682483911514282	0.08607768267393112	0.08894355595111847	0.17743059992790222	0.18029648065567017	0.14094776660203934	0.039044369012117386	0.06497673131525517
3048414	1	0.15716750547289848	0.02778102643787861	0.09338811784982681	0.10795122385025024	0.07062229514122009	0.19348753616213799	0.07414609752595425	0.0661042220890522	0.12083284184336662	0.1713796928524971	0.04050181247293949	0.09120949730277061	0.18427594006061554	0.06844367645680904	0.13590770959854126	0.097233597189188	0.09204292856156826	0.1061089001595974	0.03715346846729517	0.06426190305501223
3048415	1	0.14239533990621567	0.033994306810200214	0.12230222672224045	0.11856068298220634	0.07967504300177097	0.17493826523423195	0.042702579870820045	0.04063860699534416	0.08548055775463581	0.1758524477481842	0.03330631647258997	0.06019452353939414	0.17356228828430176	0.10862722247838974	0.17493826523423195	0.1366652213037014	0.09854296408593655	0.0781482644379139	0.041251201182603836	0.07822366245090961
3048417	1	0.16170648485422134	0.08002852275967598	0.1634986698627472	0.1362287774682045	0.18378419056534767	0.15629683434963226	0.048027610406279564	0.12945083528757095	0.17437062412500381	0.18369409814476967	0.07490001991391182	0.15781890600919724	0.3589455932378769	0.1803051270544529	0.20351844653487206	0.14638466201722622	0.1926991492509842	0.09475061483681202	0.07490001991391182	0.09869084507226944
3048418	1	0.406128104776144	0.0834113173186779	0.16956991888582706	0.20630870014429092	0.1551690250635147	0.42432575300335884	0.11455637775361538	0.09037471376359463	0.11871316656470299	0.27136885933578014	0.07734807208180428	0.11444229632616043	0.32700877636671066	0.15355127304792404	0.42400799691677094	0.221784770488739	0.23833104968070984	0.21242212504148483	0.06815426051616669	0.12302344478666782
3048419	1	0.1453373022377491	0.0223214291036129	0.1016865074634552	0.0550595223903656	0.0505952388048172	0.115079365670681	0.05902777798473835	0.0927579365670681	0.0669642835855484	0.3303571417927742	0.0719246044754982	0.0476190485060215	0.1314484141767025	0.09325397200882435	0.1894841343164444	0.07986111007630825	0.0773809552192688	0.1354166679084301	0.05009920708835125	0.08432539738714695
3048420	1	0.38189877942204475	0.06673140451312065	0.18674194440245628	0.17734985798597336	0.24481423571705818	0.43653455190360546	0.14940178953111172	0.07129156030714512	0.2154367584735155	0.21766997501254082	0.06018451042473316	0.08915559016168118	0.49003276973962784	0.1748424768447876	0.29521164670586586	0.2313619665801525	0.12217307649552822	0.19983573257923126	0.07407745905220509	0.11525393277406693
3048422	1	0.17442923039197922	0.027788649313151836	0.12259187176823616	0.0809088945388794	0.10069580376148224	0.14698847755789757	0.05272885411977768	0.06775386072695255	0.09402044303715229	0.15229398012161255	0.040356600657105446	0.05994781572371721	0.1684931516647339	0.08680148050189018	0.16623178869485855	0.1258317045867443	0.11591650173068047	0.11174168437719345	0.03559469524770975	0.06888454128056765
3048423	1	0.3497888594865799	0.0530597697943449	0.24313937686383724	0.22758637741208076	0.18800021708011627	0.3690716437995434	0.10604288056492805	0.14136932976543903	0.13271160423755646	0.18214099667966366	0.0653478717431426	0.13827813975512981	0.4398396387696266	0.15719310007989407	0.28846730664372444	0.21184313017874956	0.28761421516537666	0.12279792223125696	0.10233736503869295	0.19337029289454222
3048424	1	0.31156229972839355	0.06823611259460449	0.1388725833967328	0.2022046335041523	0.1284523606300354	0.2793794833123684	0.07408543676137924	0.0705866189673543	0.09736800566315651	0.24593325704336166	0.045056902803480625	0.09794234577566385	0.26489783078432083	0.1296659167855978	0.23111844062805176	0.19672659784555435	0.16446717083454132	0.11792878434062004	0.045478036627173424	0.09003720059990883
3048425	1	0.3001638613641262	0.038546758238226175	0.23171996045857668	0.29062700271606445	0.13740818575024605	0.46120094135403633	0.12362891435623169	0.09815854486078024	0.1710459478199482	0.2983531169593334	0.06130149448290467	0.09858865290880203	0.36254341155290604	0.2355425194837153	0.33373643830418587	0.27649863064289093	0.1495480202138424	0.15032723918557167	0.05668389052152634	0.12437648512423038
3048427	1	0.295966312289238	0.031227837316691875	0.1078900694847107	0.2078900709748268	0.1551019474864006	0.3871941454708576	0.10803191363811493	0.07817818969488144	0.06382978707551956	0.16546763852238655	0.05832003429532051	0.04399379342794418	0.3226773031055927	0.11733820661902428	0.33128324896097183	0.1665469855070114	0.10866356268525124	0.10894725099205971	0.05334441363811493	0.08810726925730705
3048428	1	0.04776579514145851	0.016949152573943138	0.046224962919950485	0.08348008245229721	0.0773167535662651	0.09118423983454704	0.1425819955766201	0.1656944751739502	0.10351089760661125	0.22452124953269958	0.013867488130927086	0.0773167535662651	0.1004292331635952	0.0647149458527565	0.04314329847693443	0.10505172982811928	0.17956196516752243	0.26975566893815994	0.021571649238467216	0.12535769492387772
3048430	1	0.12727272510528564	0.06468531675636768	0.103496503084898	0.0783216767013073	0.08426573500037193	0.13006992638111115	0.06643356755375862	0.10874125733971596	0.08286713249981403	0.14755244553089142	0.04475524462759495	0.12097901850938797	0.08881118893623352	0.09720279648900032	0.103496503084898	0.13496503233909607	0.20594405382871628	0.07482517510652542	0.0300699295476079	0.10524475574493408
3048431	1	0.1500072255730629	0.07417304813861847	0.1255958378314972	0.09952332824468613	0.09251769632101059	0.18525205552577972	0.05431171506643295	0.052722807973623276	0.10746786370873451	0.14307381212711334	0.03401704505085945	0.08132312446832657	0.20395782589912415	0.09583995118737221	0.14011266827583313	0.07756752893328667	0.0995955541729927	0.08377870917320251	0.04188935458660126	0.057272858917713165
3048432	1	0.14434374123811722	0.037404690869152546	0.13978804275393486	0.12355536594986916	0.08876420743763447	0.18589651957154274	0.04193641245365143	0.07025368325412273	0.0709969773888588	0.12504195794463158	0.03248933143913746	0.07706325501203537	0.21195991337299347	0.09897856414318085	0.12240445241332054	0.1265525333583355	0.08686999417841434	0.10540449991822243	0.035510478541255	0.07478540204465389
3048433	1	0.1553826592862606	0.028087688609957695	0.11173419654369354	0.091896653175354	0.06838911585509777	0.20026424527168274	0.08059307187795639	0.08457623515278101	0.09464670345187187	0.1608925461769104	0.03572127688676119	0.08212957717478275	0.2078978344798088	0.06900567607954144	0.11478763446211815	0.1312781423330307	0.08457623515278101	0.09586024656891823	0.040604814887046814	0.0616754749789834
3048440	1	0.07544945180416107	0.01679929345846176	0.04597701132297516	0.05776599049568176	0.03300913795828819	0.08517535775899887	0.023872679099440575	0.0565870925784111	0.0604185089468956	0.08694370836019516	0.03241968899965286	0.039493072777986526	0.037724725902080536	0.0253463014960289	0.05363984778523445	0.06395520269870758	0.06690244376659393	0.08664898574352264	0.027998821809887886	0.023872679099440575
3048443	1	0.10528295300900936	0.07909871824085712	0.08942438662052155	0.18149388581514359	0.07107843272387981	0.12961075827479362	0.020675597712397575	0.09233644232153893	0.05474665015935898	0.2375630885362625	0.03290623053908348	0.07748495414853096	0.10588963329792023	0.06816637702286243	0.12423558533191681	0.11928509175777435	0.11272082850337029	0.2021694779396057	0.02737332507967949	0.0684575829654932
3048447	1	0.0707782655954361	0.018208516761660576	0.050807636231184006	0.053450807929039	0.03201174736022949	0.0828193798661232	0.02143906056880951	0.05433186516165733	0.05873715132474899	0.08957415819168091	0.03700440376996994	0.03553597629070282	0.04229074716567993	0.025550661608576775	0.056681349873542786	0.0654919221997261	0.06696034967899323	0.08458149433135986	0.027606461197137833	0.026138031855225563
3048448	1	0.08277273923158646	0.01813395693898201	0.04474992677569389	0.06229891628026962	0.03100321814417839	0.0859900563955307	0.01930388994514942	0.051769524812698364	0.05527932196855545	0.08949985355138779	0.033050600439310074	0.03773032873868942	0.04094764590263367	0.02486107125878334	0.05966657027602196	0.057911671698093414	0.07341327518224716	0.07867797464132309	0.027493419125676155	0.025446036830544472
3048459	1	0.14777642488479614	0.044211359694600105	0.0842837356030941	0.07659005094319582	0.08611009083688259	0.21871966123580933	0.02894650073722005	0.08309066668152809	0.08688850328326225	0.15595638751983643	0.055872514843940735	0.04299378860741854	0.1637725830078125	0.035398113541305065	0.13465456664562225	0.23554323986172676	0.11734471842646599	0.11055196076631546	0.052975600585341454	0.03831952717155218
3049952	1	0.34654202312231064	0.09809175436384976	0.33079400286078453	0.34293069690465927	0.15706675685942173	0.3536468409001827	0.12496073544025421	0.5143408998847008	0.3829750791192055	0.5758932903409004	0.12872416153550148	0.35451408103108406	0.2626660708338022	0.18771863915026188	0.2941236235201359	0.5180395171046257	0.43326452374458313	0.34849436208605766	0.05265529709868133	0.1925576627254486
3049953	1	0.3973676897585392	0.11091335327364504	0.40636584907770157	0.3615696597844362	0.22257495671510696	0.3656110558658838	0.15442394744604826	0.580459738150239	0.42548259533941746	0.7345977835357189	0.1585753634572029	0.4420594833791256	0.255251195281744	0.33665163815021515	0.317951837554574	0.6750190034508705	0.4306431785225868	0.3470414783805609	0.0590496058575809	0.21839062962681055
3049954	1	0.41993784345686436	0.190393784083426	0.6011906396597624	0.5566174648702145	0.39394392631947994	0.35754616744816303	0.2762164268642664	1.0502228066325188	0.8772782795131207	1.133472591638565	0.27536808187142015	0.9415883980691433	0.4219902567565441	0.42204564437270164	0.35116613237187266	0.8138977475464344	0.9534767773002386	0.506250673905015	0.0628761772532016	0.3945201952010393
3050248	1	0.4204225381836295	0.14793684426695108	0.5892413798719645	0.5418512038886547	0.27551476191729307	0.32308966713026166	0.4054366834461689	0.9634831696748734	0.7704875394701958	0.9475695081055164	0.24126850115135312	0.7992846481502056	0.39652996603399515	0.3944330685772002	0.3017921606078744	0.856385949999094	0.8091392740607262	0.47390250861644745	0.04917367501184344	0.2930570365861058
3050258	1	13.490639612078667	6.071106723509729	8.74104575952515	10.221165968105197	7.885443648323417	10.180019673891366	5.87348014023155	10.016467395005748	7.547450587619096	20.331479316577315	5.424047171371058	7.7039223299361765	10.54742369428277	7.222998799057677	13.027056010905653	14.11952923424542	13.387329780496657	17.068337352015078	3.046462782891467	7.094594476046041
3050292	1	11.221339233219624	1.7916015088558197	4.273009287659079	4.141762820072472	2.867096937727183	9.407922763377428	2.416240327991545	2.3908956325612962	1.5790019747801125	8.293710373342037	1.646217462606728	1.9830833496525884	9.71811053622514	2.4705391554161906	8.854394908994436	5.652851423248649	5.295236913487315	6.607602148316801	1.3142358681652695	2.0751475975848734
3050293	1	11.300682108849287	1.7012932603247464	4.135808160528541	4.008580839261413	2.529176825657487	7.213796213269234	1.9849975132383406	2.149968865327537	1.2560299537144601	7.502413596957922	1.3827261218102649	1.6533569730818272	8.775511678308249	2.1300067687407136	7.858032200485468	5.307749774307013	4.583167262375355	5.548110986128449	1.1050115062389523	1.8735794415697455
3050294	1	5.368123119696975	1.6554750362411141	3.5051114605739713	3.507860473357141	2.8684803494252264	4.469503417611122	1.851910650730133	3.808076338842511	2.429562482982874	6.660148032009602	1.5591902378946543	2.727357095107436	4.2453688979148865	2.432995518669486	4.755260314792395	5.065899649634957	5.0244512259960175	4.9736021012067795	0.7209502258338034	2.3706736471503973
3050295	1	13.784051217138767	5.107395864091814	8.79403545614332	9.441257737809792	7.575612170621753	11.557537950575352	5.780497698113322	7.275683058891445	5.526945780497044	19.25210714712739	4.709749590605497	6.239048246527091	10.461011185310781	6.100108603946865	14.578230299055576	13.629880926571786	12.721842285245657	14.864980464801192	3.1537198110017926	6.4463051001075655
3050296	1	7.438466630876064	3.5837035486474633	6.43294233456254	6.5611539566889405	6.725750488229096	9.07923710346222	2.909335598582402	7.720050157047808	6.867740069516003	12.204464649781585	3.9012143262661994	6.039283697493374	5.151114131323993	3.6428644321858883	8.526702189818025	10.38349967263639	7.356103889644146	10.92049082601443	1.452480357605964	4.103402620181441
3050297	1	6.678874866105616	3.5653318701079115	6.075731540098786	7.723871850408614	7.339793303050101	7.927696282975376	3.091005147434771	7.983599893981591	6.922897620592266	13.541548870503902	3.724000728689134	5.581257006619126	5.154989859089255	3.8132954875472933	8.383108663139865	10.245794005692005	7.298367381095886	9.716936461627483	1.231839898508042	4.000059644225985
3050298	1	4.285038333619013	2.497230744920671	4.923941193614155	6.683771086856723	5.8995837778784335	9.320901282131672	2.50489365728572	7.550327350851148	6.89782446436584	17.460495887324214	2.6209323161747307	5.975206766510382	3.540241189301014	3.7681782292202115	4.391083001391962	7.4098445093259215	6.306104831397533	5.447110775858164	0.8222250620601699	3.695065924199298
3050299	1	9.582109831273556	2.2116171217057854	4.31756007950753	6.301675356458873	3.1154993483796716	11.569640465080738	2.2863871809095144	3.4811559882946312	3.3680522488430142	11.046837330795825	2.144535575993359	2.5261239274404943	8.596368035301566	3.790015304926783	8.901920453645289	7.845007427968085	5.983750150538981	7.231862351298332	2.370906946249306	2.3289750679396093
3050300	1	7.892509989440441	3.0599461919628084	4.378518590936437	4.901655791327357	4.327818226534873	7.4622458685189486	2.8186539141461253	4.526127168210223	3.9103391193784773	10.72687983699143	2.425292041618377	3.3355788765475154	6.947961929254234	4.072179921437055	7.057651202194393	7.596754856407642	6.421705402433872	7.658222062513232	1.5288573638536036	2.9511019005440176
3050305	1	13.212370358407497	1.676031794399023	3.9925162848085165	4.2151059210300446	2.517155220732093	8.784397622570395	1.7114060504827648	1.7758247717283666	0.9268112590070814	7.758865123614669	1.1595959684345871	1.3142091915942729	9.149442456662655	1.9691563658416271	9.486042506992817	5.037981366738677	4.138760555535555	5.4276406690478325	0.9797994643449783	1.7668871288187802
3050336	1	13.710561517626047	1.5040846874471754	4.0471428306773305	4.656992078758776	2.5333975730463862	9.903978694230318	1.797895948169753	1.6203128083143383	1.0003504145424813	7.953680593520403	1.1648633357835934	1.2978305167052895	9.606424245983362	1.9090269869193435	10.443457532674074	5.186999775469303	3.9531744346022606	5.8477691654115915	1.1048300222028047	1.757227249443531
3050337	1	12.165725230239332	4.579841676168144	6.970193010754883	7.488370315171778	6.20425781281665	6.82493167091161	4.602166921366006	7.4381144028157	5.760533310007304	15.033105924725533	4.306262984406203	6.062124631833285	7.423877240624279	5.441955684218556	9.604495288804173	11.092059947550297	10.331627021543682	11.063644956797361	2.247769842389971	5.35894260276109
3050339	1	1.2674191929399967	0.14551721746101975	0.6033571846783161	0.7398996334522963	0.5932707964675501	2.072216274216771	0.42366618383675814	0.43093058094382286	0.4763855638448149	1.500613134354353	0.5108650672482327	0.4360389757202938	1.6548423422500491	0.5143093154765666	1.2401983551681042	0.8868690505623817	0.7141409404575825	1.0581232849508524	0.42747204401530325	0.3038649039808661
3050355	1	12.047834437340498	1.598247766494751	4.485711911693215	5.277700390666723	2.6138446205295622	7.599734660238028	2.1488427384756505	1.5656856186687946	1.24727045558393	7.9147535329684615	1.5008511203341186	1.436409215675667	8.235818098299205	1.9014914333820343	9.183784618973732	5.217793027870357	4.259781276807189	6.151958687230945	0.919460040749982	1.6930263778194785
3050361	1	0.03405572846531868	0.01702786423265934	0.04024767875671387	0.0495356023311615	0.04024767875671387	0.038699690252542496	0.020123839378356934	0.06656346470117569	0.08204334229230881	0.08668730407953262	0.013931888155639172	0.05417956784367561	0.07585139572620392	0.0603715181350708	0.07430340349674225	0.05417956784367561	0.09287925809621811	0.01702786423265934	0.03405572846531868	0.047987617552280426
3051368	1	0.5472131296992302	0.10236230492591858	0.3111626375466585	0.30860933661460876	0.18347008945420384	0.37654175981879234	0.09444433974567801	0.38756781816482544	0.3318267725408077	0.5651535168290138	0.13356392178684473	0.2524427752941847	0.26156356558203697	0.28768274188041687	0.27815425023436546	0.5008243806660175	0.42492199316620827	0.42362361401319504	0.05815806332975626	0.1707130060531199
3051373	1	0.4488915540277958	0.09809865988790989	0.28100625053048134	0.269587317481637	0.183467049151659	0.3487953543663025	0.06309579568915069	0.5010394901037216	0.3050153832882643	0.6396698206663132	0.15203120280057192	0.31771208345890045	0.28954776376485825	0.3452089875936508	0.22985210828483105	0.561098262667656	0.37265481799840927	0.3764506094157696	0.04940847051329911	0.16736899688839912
3051374	1	0.5172555632889271	0.09732778975740075	0.33346501365303993	0.4243755117058754	0.24294684547930956	0.43485579639673233	0.0933519380632788	0.47642249427735806	0.3883913867175579	0.7287273854017258	0.13876321772113442	0.3608067221939564	0.2944341991096735	0.33835593983531	0.3010547049343586	0.6061740815639496	0.5798770189285278	0.41616235487163067	0.05875828396528959	0.16849377285689116
3051375	1	0.5790671780705452	0.14361928100697696	0.4243638142943382	0.30647559836506844	0.24040814023464918	0.49331066384911537	0.26942949555814266	0.5783912502229214	0.4620562084019184	0.7688695751130581	0.2180893635377288	0.4546375274658203	0.3567659631371498	0.2972122449427843	0.4235601909458637	0.6779155060648918	0.5685144849121571	0.5171789675951004	0.03427022369578481	0.18586436938494444
3051377	1	0.4595336616039276	0.10230371868237853	0.31638192012906075	0.29390742257237434	0.17852316983044147	0.4102304168045521	0.09214561665430665	0.4654194675385952	0.32694966718554497	0.5465507656335831	0.1657070629298687	0.29974087700247765	0.29258397594094276	0.24866032227873802	0.2741068322211504	0.5995086207985878	0.39534739032387733	0.33125340193510056	0.04330600402317941	0.15783973690122366
3051624	0	0.08859754726290703	0.036638302728533745	0.12405020371079445	0.11550961807370186	0.06566848047077656	0.14580579102039337	0.04375220648944378	0.11753521114587784	0.1836979128420353	0.15129581093788147	0.04095485061407089	0.1432616338133812	0.10975422710180283	0.10586373507976532	0.05703538469970226	0.09342049062252045	0.15502562373876572	0.09172844514250755	0.04383254796266556	0.08657196164131165
3051976	0	0.20667600631713867	0.014544511679559946	0.10199343785643578	0.11941473558545113	0.05943942070007324	0.12856744602322578	0.03447888884693384	0.09786107763648033	0.10522812977433205	0.1827988624572754	0.054585447534918785	0.09768115729093552	0.1323399692773819	0.06410573795437813	0.11995062977075577	0.15065506845712662	0.14544318243861198	0.11061219498515129	0.02262544073164463	0.05099865421652794
3051989	1	0.28698941692709923	0.09698700811713934	0.2148168869316578	0.26245930045843124	0.16890394315123558	0.2457776591181755	0.06868120655417442	0.2514554634690285	0.27980420365929604	0.3919850289821625	0.10938112065196037	0.14105573296546936	0.1671120710670948	0.14356141537427902	0.23642195388674736	0.31760305166244507	0.22552987560629845	0.2391470931470394	0.06182290427386761	0.09050467610359192
3051991	1	0.28238315880298615	0.10104321176186204	0.18074240535497665	0.27430858463048935	0.1616687849164009	0.2745285779237747	0.09261238062754273	0.21490751579403877	0.2816534452140331	0.4054032564163208	0.12657794542610645	0.15286428853869438	0.19491387531161308	0.10124447755515575	0.21149137988686562	0.3224174976348877	0.20078226551413536	0.23324333503842354	0.0822409838438034	0.10497262142598629
3051992	1	0.3225061483681202	0.10718606039881706	0.19629943370819092	0.24223662912845612	0.14696450531482697	0.2618897445499897	0.08024980127811432	0.20012305304408073	0.24521762505173683	0.4004924148321152	0.13046681135892868	0.16588202118873596	0.18788912519812584	0.11936664208769798	0.21032635867595673	0.3203876055777073	0.19171958044171333	0.27226966992020607	0.08059237338602543	0.11793442443013191
3052004	1	0.08395755477249622	0.0743601736612618	0.14105414971709251	0.16015136986970901	0.06066635437309742	0.14023486524820328	0.07098548673093319	0.0944717526435852	0.14809613674879074	0.22684534639120102	0.03206928912550211	0.07026373129338026	0.1118328645825386	0.11694366484880447	0.05198579840362072	0.0729166641831398	0.1983458176255226	0.0649578645825386	0.02083333395421505	0.0590277761220932
3052013	1	0.04374057427048683	0.012066365219652653	0.04826546087861061	0.05128205195069313	0.04374057427048683	0.03921568766236305	0.021116139367222786	0.06485671550035477	0.07993967086076736	0.09049773961305618	0.015082956291735172	0.06184012070298195	0.06485671550035477	0.04374057427048683	0.07239819318056107	0.04223227873444557	0.09954751282930374	0.019607843831181526	0.025641025975346565	0.06033182516694069
3052014	1	0.09340738877654076	0.046108024660497904	0.15118731185793877	0.1510424204170704	0.07523142732679844	0.11143846064805984	0.050841182470321655	0.1510424204170704	0.16065362840890884	0.2162279635667801	0.03931417502462864	0.07671255059540272	0.11129356920719147	0.0997665598988533	0.05720035545527935	0.07848345674574375	0.19125815480947495	0.05734524689614773	0.027787168510258198	0.053658537566661835
3052022	1	0.09807872772216797	0.04008170869201422	0.1505548469722271	0.08667807653546333	0.07787224650382996	0.14600011333823204	0.08016341738402843	0.14108651131391525	0.13131452351808548	0.20822061598300934	0.029647215269505978	0.15314967185258865	0.09382763504981995	0.08894164115190506	0.042676529847085476	0.12283994629979134	0.15737316012382507	0.07298625260591507	0.013029315508902073	0.06547783222049475
3052026	0	0.1536998338997364	0.09665242116898298	0.18083080649375916	0.189558245241642	0.14295374229550362	0.20084967836737633	0.09469380788505077	0.13140101730823517	0.20078964158892632	0.19034700468182564	0.0867329053580761	0.18283387273550034	0.13578824326395988	0.13275708258152008	0.12615224346518517	0.19487599283456802	0.1946522369980812	0.15572485327720642	0.0810652319341898	0.12764113396406174
3052040	1	0.23538849502801895	0.09018786996603012	0.2639831639826298	0.3074175603687763	0.1484304890036583	0.21032432559877634	0.10233426839113235	0.17124786972999573	0.22112032398581505	0.3061827979981899	0.09609398804605007	0.2536500133574009	0.2410152591764927	0.2533419765532017	0.23347527161240578	0.2716033346951008	0.23603834956884384	0.13273758627474308	0.0867192130535841	0.13870789110660553
3052041	1	0.21037116646766663	0.08670154493302107	0.24945279583334923	0.34457769989967346	0.13516023382544518	0.23595563415437937	0.11426960956305265	0.16007571294903755	0.22921539098024368	0.3193671368062496	0.0923313619568944	0.2085751686245203	0.26902795024216175	0.22426052391529083	0.19468804821372032	0.30905020982027054	0.20539503172039986	0.18946357443928719	0.07831979915499687	0.1437414363026619
3052045	0	0.2973131015896797	0.08562416303902864	0.21079359389841557	0.29331981018185616	0.12772409059107304	0.31111865863204	0.12207941338419914	0.18405199609696865	0.18257128074765205	0.29450731724500656	0.13574784994125366	0.23070883378386497	0.13503947854042053	0.16546472907066345	0.2075263448059559	0.30495182424783707	0.23271943256258965	0.19769032672047615	0.14067231491208076	0.14037545770406723
3052121	1	0.12313586100935936	0.02936503943055868	0.08478962630033493	0.08353405445814133	0.12615948542952538	0.15743350237607956	0.023919951170682907	0.10908112674951553	0.11327064037322998	0.14035515114665031	0.024803977459669113	0.11857479810714722	0.09237431362271309	0.09781940281391144	0.1757674440741539	0.09428329765796661	0.16171270608901978	0.09921590983867645	0.04872392676770687	0.09567980468273163
3052148	0	0.692427596077323	0.34194103302434087	0.48284511361271143	0.642139432951808	0.38528398983180523	0.944338665343821	0.41365998703986406	0.6726246010512114	0.5622112257406116	1.6099155992269516	0.2504859156906605	0.5722730811685324	0.8700105380266905	0.5923847425729036	0.7162073291838169	1.016120508313179	0.9746184889227152	0.6821916438639164	0.28846004139631987	0.2898605316877365
3052189	1	0.14844282902777195	0.11126748425886035	0.11838468350470066	0.1472456380724907	0.08759262040257454	0.1912840772420168	0.09862192533910275	0.105160778388381	0.1925521418452263	0.262502022087574	0.06854279153048992	0.15509602054953575	0.28495944663882256	0.10285184346139431	0.13201604969799519	0.19363499619066715	0.2038138210773468	0.2283196561038494	0.043680863454937935	0.12403034046292305
3052193	0	0.220668975263834	0.058575042989104986	0.1959974244236946	0.1454557180404663	0.11686634458601475	0.23725011944770813	0.102494977414608	0.10767105035483837	0.13922924548387527	0.21946270391345024	0.050297195091843605	0.09737087599933147	0.18379665352404118	0.13786709681153297	0.21547506004571915	0.16856491938233376	0.21212367713451385	0.25748422741889954	0.03979172743856907	0.0935569480061531
3052202	0	0.29317178577184677	0.19435439258813858	0.28621308133006096	0.3042186815291643	0.3103590365499258	0.27524382062256336	0.0340872120577842	0.4317801333963871	0.5188460871577263	0.550922729074955	0.19056894537061453	0.42263147979974747	0.12564835138618946	0.10160306561738253	0.23325482942163944	0.43810243904590607	0.3949939087033272	0.46729428693652153	0.029967899899929762	0.3967378344386816
3052205	1	0.4699787311255932	0.13791173277422786	0.4280332028865814	0.44918014854192734	0.21313314652070403	0.5311913620680571	0.12718623131513596	0.6602564342319965	0.462107514962554	0.7109561674296856	0.24695066455751657	0.33503575436770916	0.35967517644166946	0.29514143615961075	0.4319212809205055	0.6996391639113426	0.6473597176373005	0.49182671681046486	0.09303275682032108	0.209482635371387
3052210	0	0.20740937069058418	0.10140332952141762	0.17073895782232285	0.16964750364422798	0.2225384507328272	0.318874966353178	0.08153447136282921	0.29220593720674515	0.27011528611183167	0.40335262566804886	0.16244827024638653	0.2726234309375286	0.10593312419950962	0.1507946364581585	0.17636453546583652	0.2951190322637558	0.19685092940926552	0.22769785299897194	0.03655675146728754	0.13779053464531898
3052211	0	0.18275637552142143	0.08482245914638042	0.1416846178472042	0.17422301322221756	0.10880641639232635	0.19701863452792168	0.0605913121253252	0.20627715438604355	0.20013949647545815	0.2759067639708519	0.08960835635662079	0.09832473658025265	0.12437202408909798	0.09673988819122314	0.13871625810861588	0.28394918143749237	0.196407750248909	0.19603580608963966	0.03665997670032084	0.1069597527384758
3052212	0	0.3167968727648258	0.09101313818246126	0.1865066923201084	0.1925925761461258	0.13415657356381416	0.23831314593553543	0.12104496406391263	0.1710430234670639	0.2612927183508873	0.3395942524075508	0.17892572283744812	0.11209660395979881	0.1597667671740055	0.08586275391280651	0.34903278946876526	0.32896189391613007	0.21029693260788918	0.3525111936032772	0.07365435035899282	0.09653703309595585
3052221	0	0.22268164157867432	0.08839086699299514	0.41081730276346207	0.3278580754995346	0.2176917865872383	0.3424205258488655	0.09034893056377769	0.5192212201654911	0.4407702051103115	0.5244308039546013	0.18112987652420998	0.433990441262722	0.24943820387125015	0.2123169880360365	0.2737278491258621	0.492415688931942	0.3744429238140583	0.3175111450254917	0.04332927940413356	0.23706625029444695
3052222	0	0.3581843860447407	0.09978175209835172	0.3489653468132019	0.4216364026069641	0.20093523990362883	0.38011912629008293	0.12415745749603957	0.5170738361775875	0.43889278545975685	0.5397879462689161	0.14916356885805726	0.4167683832347393	0.45046475529670715	0.3299215780571103	0.4701177515089512	0.5614567510783672	0.5780000612139702	0.34254056261852384	0.05206124973483384	0.21997106075286865
3052223	1	0.36198240891098976	0.13790214899927378	0.42636674270033836	0.3450337424874306	0.19505036063492298	0.3899565264582634	0.08831643592566252	0.6281541399657726	0.41228512302041054	0.7201537787914276	0.17730152048170567	0.39691803604364395	0.33619863726198673	0.2483593486249447	0.35828822664916515	0.5986895933747292	0.41928045079112053	0.4554618373513222	0.054804647457785904	0.24949631839990616
3052224	0	0.3877618834376335	0.10378508130088449	0.4129035957157612	0.3466631881892681	0.2328927181661129	0.42907098308205605	0.09577513113617897	0.5790819153189659	0.4523637033998966	0.6334641426801682	0.18118027225136757	0.40101319551467896	0.38664386048913	0.23590094409883022	0.35906838066875935	0.555603664368391	0.47270817309617996	0.4118543826043606	0.05636397784110159	0.2659008540213108
3052225	1	0.34586308989673853	0.10806727595627308	0.3839499428868294	0.42197124660015106	0.23459364101290703	0.3997638951987028	0.07870241906493902	0.6246241256594658	0.417696138843894	0.7257042452692986	0.18061721697449684	0.4682057611644268	0.28020681720227003	0.25846892036497593	0.309198004193604	0.6028103046119213	0.3970055989921093	0.44470012560486794	0.05589974171016365	0.26195153221488
3052226	0	0.16202471405267715	0.04885050654411316	0.06972132436931133	0.11304226517677307	0.049974010325968266	0.17556675523519516	0.04345288127660751	0.10197513177990913	0.11160289868712425	0.16953740268945694	0.021590501070022583	0.0431370185688138	0.14218944311141968	0.05384431034326553	0.10489784553647041	0.23076246678829193	0.1282435767352581	0.1200551800429821	0.04489224776625633	0.06463956087827682
3052227	0	0.09000900387763977	0.026702670380473137	0.05070507153868675	0.03990399092435837	0.03480347990989685	0.07860785722732544	0.021902190521359444	0.04140413925051689	0.037203721702098846	0.09450945258140564	0.0177017692476511	0.030603060498833656	0.06810680776834488	0.03030303120613098	0.059405941516160965	0.07500749826431274	0.06660666316747665	0.08250825107097626	0.020702069625258446	0.03330333158373833
3052228	0	0.1258704885840416	0.030849220231175423	0.050606586039066315	0.03882148861885071	0.7471797540783882	0.1196313202381134	0.018717505037784576	0.044020798057317734	0.06258862465620041	0.14181502908468246	0.06243894807994366	0.030155979096889496	0.08962502330541611	0.023570191115140915	0.07991964742541313	0.08145580440759659	0.07105719298124313	0.07833622395992279	0.02218370884656906	0.08115645498037338
3052229	0	0.44030627235770226	0.08953859470784664	0.15048945788294077	0.24812324717640877	0.10221644956618547	0.3187236003577709	0.12638312950730324	0.0686871912330389	0.1570667400956154	0.30895595625042915	0.14415742456912994	0.05532227549701929	0.4326830022037029	0.0943668745458126	0.22857649251818657	0.3290186608210206	0.25962790101766586	0.23341625183820724	0.13404998183250427	0.07829048298299313
3052230	1	0.09757716208696365	0.030866246670484543	0.04248257726430893	0.03684035688638687	0.02787918969988823	0.08131430298089981	0.021241288632154465	0.04181878641247749	0.03318951278924942	0.09591768682003021	0.02223697304725647	0.027215400710701942	0.07168934494256973	0.028874875977635384	0.05874543637037277	0.07401261478662491	0.07135745137929916	0.08098240941762924	0.023232659325003624	0.032525721937417984
3052231	0	0.092261902987957	0.029431216418743134	0.051256611943244934	0.045304231345653534	0.0337301604449749	0.08564814925193787	0.02182539738714695	0.05522486940026283	0.0386904776096344	0.0892857164144516	0.022156083956360817	0.02876984141767025	0.0694444477558136	0.027116402983665466	0.06183862313628197	0.0615079365670681	0.0605158731341362	0.07076719403266907	0.02281746082007885	0.032407406717538834
3052232	0	0.09751834720373154	0.02726319432258606	0.03914714977145195	0.046487241983413696	0.03425375744700432	0.08039147406816483	0.0202726311981678	0.04893393814563751	0.046487241983413696	0.09681929647922516	0.019573574885725975	0.026214610785245895	0.06501223146915436	0.0318070612847805	0.05382733419537544	0.06850751489400864	0.06571128964424133	0.07899335771799088	0.019923103973269463	0.032855644822120667
3052233	0	0.09737303107976913	0.03152364119887352	0.044833626598119736	0.047635726630687714	0.03327495604753494	0.07810857892036438	0.022066550329327583	0.045534148812294006	0.052189141511917114	0.09281961619853973	0.02556917630136013	0.026619965210556984	0.05884413421154022	0.025218913331627846	0.05429071933031082	0.06269702315330505	0.07005254179239273	0.07250437885522842	0.02101576142013073	0.03782837092876434
3052234	0	0.18582969158887863	0.03332211449742317	0.10974980890750885	0.04476607218384743	0.06901155784726143	0.244754858314991	0.018512286245822906	0.04611242190003395	0.04308313876390457	0.2632671445608139	0.018175698816776276	0.02894648350775242	0.23701335489749908	0.061270056292414665	0.12186693772673607	0.07943453639745712	0.19762145727872849	0.10738248005509377	0.05588466487824917	0.033995289355516434
3052235	0	0.21570079028606415	0.04268127214163542	0.051883650943636894	0.07974983379244804	0.06508893892168999	0.21565144509077072	0.054276762530207634	0.0712752565741539	0.05177879612892866	0.1930340677499771	0.047257788479328156	0.030567685142159462	0.11125502362847328	0.032492044381797314	0.13969481736421585	0.17348826676607132	0.1638171374797821	0.14010806009173393	0.07122591324150562	0.048972440883517265
3052236	1	0.2606564909219742	0.06847872771322727	0.04294692724943161	0.11706839874386787	0.050999139435589314	0.279545895755291	0.15726155787706375	0.08173026144504547	0.24387664161622524	0.2557765319943428	0.074419348500669	0.07513429410755634	0.2208305299282074	0.12789728678762913	0.21109210327267647	0.21768807619810104	0.19669537618756294	0.2253315318375826	0.05241727456450462	0.0401536300778389
3052237	0	0.09327983856201172	0.03477098047733307	0.03945168852806091	0.0454697422683239	0.03510531410574913	0.07923771440982819	0.020394517108798027	0.0437980592250824	0.04680708795785904	0.0909394845366478	0.02373787946999073	0.0260782353579998	0.06419257819652557	0.03176195174455643	0.053159479051828384	0.07221665233373642	0.0648612529039383	0.07622868567705154	0.021397525444626808	0.03711133450269699
3052238	0	0.08881697058677673	0.032002877444028854	0.041352029889822006	0.04746494069695473	0.035239122807979584	0.0697590783238411	0.018338726833462715	0.044228695333004	0.03991369903087616	0.1003236249089241	0.022653721272945404	0.03380079194903374	0.07227616012096405	0.0240920539945364	0.05645451322197914	0.07443365454673767	0.05969075858592987	0.08378281444311142	0.022294139489531517	0.033081624656915665
3052239	0	0.09720785915851593	0.029989657923579216	0.04791451245546341	0.049982763826847076	0.028955532237887383	0.0713547021150589	0.017924852669239044	0.037917960435152054	0.04619096964597702	0.09203723073005676	0.025163736194372177	0.023440193384885788	0.06549465656280518	0.024129610508680344	0.056187521666288376	0.07962771505117416	0.059289898723363876	0.08893485367298126	0.028955532237887383	0.02930024079978466
3052241	0	0.12058081291615963	0.07155776396393776	0.18023837730288506	0.15922344848513603	0.16729890927672386	0.16861551627516747	0.039686379954218864	0.261674702167511	0.2662145271897316	0.25831783562898636	0.08450406976044178	0.18837756291031837	0.07635782472789288	0.09497261047363281	0.09823538176715374	0.2342086248099804	0.17710690200328827	0.17524542286992073	0.0271153561770916	0.15046798065304756
3052242	0	0.24139035120606422	0.07263143733143806	0.21475418657064438	0.15817341767251492	0.1736302226781845	0.1670936495065689	0.1326311593875289	0.2935309112071991	0.34424880146980286	0.39595993608236313	0.073318837210536	0.29192597791552544	0.145078232511878	0.13477536290884018	0.10557454451918602	0.3549334555864334	0.20922831445932388	0.2543160803616047	0.02706062886863947	0.20974449813365936
3052243	0	0.12609674595296383	0.07357144542038441	0.18353741616010666	0.15731652826070786	0.16382282972335815	0.16389064863324165	0.04944616090506315	0.24774010106921196	0.2642829194664955	0.26284582167863846	0.07430669851601124	0.17068393155932426	0.08607259206473827	0.11198696866631508	0.1039420086890459	0.21929080039262772	0.17443150281906128	0.181109007447958	0.02594811888411641	0.15967777743935585
3052263	1	0.5976936034858227	0.1290467269718647	0.49997232109308243	0.44311024621129036	0.25848095398396254	0.5611522905528545	0.17428550217300653	0.5842907652258873	0.4624568745493889	0.7548761889338493	0.24610486952587962	0.5030450709164143	0.49305592849850655	0.2879655957221985	0.44066162034869194	0.8460120782256126	0.7371212542057037	0.5771355889737606	0.07221090840175748	0.3313216930255294
3052269	0	0.27285635471343994	0.0728193549439311	0.22782957926392555	0.2385171689093113	0.18135611340403557	0.2242525927722454	0.05734519939869642	0.26191557571291924	0.29993947222828865	0.33006908744573593	0.11709847347810864	0.16273355297744274	0.14661628752946854	0.14321239478886127	0.2004002295434475	0.3568776324391365	0.23665427416563034	0.309726070612669	0.020568124018609524	0.1392124779522419
3052296	0	0.1315554976463318	0.07933550048619509	0.16008253395557404	0.18720849975943565	0.13564724288880825	0.18437809869647026	0.08282869309186935	0.148915596306324	0.22238923609256744	0.3815442770719528	0.0727066695690155	0.16659267991781235	0.11266798712313175	0.10472817160189152	0.14955086261034012	0.23268865793943405	0.14919864758849144	0.1770395115017891	0.04365398734807968	0.07728766091167927
3052298	0	0.12664758786559105	0.07798528671264648	0.17471103370189667	0.16647154837846756	0.1427095476537943	0.16119307279586792	0.07941233366727829	0.20274370536208153	0.20443513989448547	0.3403652608394623	0.08128196746110916	0.15842918679118156	0.11494791135191917	0.09879795461893082	0.15709376707673073	0.25390972197055817	0.1481877751648426	0.1884390190243721	0.04685246665030718	0.07538571581244469
3052299	1	0.1195475161075592	0.06666243635118008	0.16940220817923546	0.17324071004986763	0.13808332569897175	0.17165570706129074	0.0823911763727665	0.17663602903485298	0.2040577121078968	0.38273002952337265	0.07530508376657963	0.17744336277246475	0.1058578547090292	0.11240084283053875	0.15141694992780685	0.23717989772558212	0.18281052261590958	0.16280275583267212	0.04278603661805391	0.06758983433246613
3052300	1	0.13209489732980728	0.07922722212970257	0.1693236120045185	0.1658225879073143	0.1164559368044138	0.1710185445845127	0.08027836680412292	0.19489609450101852	0.1905290186405182	0.3343868553638458	0.0847921371459961	0.1821804828941822	0.10474812611937523	0.12153394892811775	0.1545848250389099	0.21663913130760193	0.18389952182769775	0.18138683214783669	0.04720801766961813	0.0889938436448574
3052302	1	0.12469110265374184	0.06861119158565998	0.1691412478685379	0.1725800260901451	0.1297191958874464	0.1574542634189129	0.07561863400042057	0.1696426421403885	0.22331353276968002	0.3883816674351692	0.07965186797082424	0.17550038173794746	0.1110480036586523	0.11064895614981651	0.13691936433315277	0.23803690448403358	0.16565990075469017	0.187822375446558	0.04246140085160732	0.07309732958674431
3052303	1	0.19972864538431168	0.17559168208390474	0.22866946831345558	0.1996968686580658	0.1761707253754139	0.2696140259504318	0.09501707088202238	0.1919033620506525	0.2245644200593233	0.4226880222558975	0.11020269151777029	0.1564946211874485	0.12391773425042629	0.11372556909918785	0.21066029742360115	0.3309030160307884	0.20662705600261688	0.3949733152985573	0.07257022056728601	0.0962811904028058
3052304	0	0.1216621845960617	0.07583413366228342	0.159054946154356	0.1751321479678154	0.14198236353695393	0.17569927498698235	0.08341136574745178	0.14066015556454659	0.20834322646260262	0.37041083723306656	0.07444592006504536	0.1737392172217369	0.1168777197599411	0.11671078018844128	0.14836467057466507	0.2313472107052803	0.16837260499596596	0.19482452794909477	0.04229649342596531	0.08083021268248558
3052305	1	0.14756913855671883	0.08261319529265165	0.16347026452422142	0.16263731941580772	0.10676601901650429	0.18316235020756721	0.07909863628447056	0.17147572711110115	0.20087505504488945	0.3386145532131195	0.08025066927075386	0.17028941959142685	0.1056444626301527	0.12560346722602844	0.13920202106237411	0.2325509786605835	0.16102958470582962	0.20566236600279808	0.04722135793417692	0.09626340866088867
3052306	0	0.20670431479811668	0.13274158164858818	0.1895852740854025	0.21957413107156754	0.16826692409813404	0.3449387475848198	0.0726813217625022	0.19580550864338875	0.19388682767748833	0.4334525242447853	0.12791800498962402	0.17366238683462143	0.2070143911987543	0.1340246070176363	0.2361503206193447	0.29743027687072754	0.16229263320565224	0.26250844076275826	0.12362523097544909	0.1177365742623806
3052307	1	0.12017086148262024	0.0752491345629096	0.16359414905309677	0.178183451294899	0.1467369608581066	0.18043453991413116	0.08111971989274025	0.1576271615922451	0.20498937740921974	0.36874065548181534	0.07134970836341381	0.16682694852352142	0.11577903106808662	0.10163893736898899	0.14975011721253395	0.24435655772686005	0.15554044023156166	0.20067604258656502	0.041968194767832756	0.07526799850165844
3052308	0	0.15484501421451569	0.07725775055587292	0.17051956057548523	0.15010208263993263	0.12982109934091568	0.1726558953523636	0.08012049458920956	0.18867220357060432	0.19274313747882843	0.3546794354915619	0.0918258335441351	0.16376260295510292	0.11032695695757866	0.11601858586072922	0.1403760202229023	0.24647162109613419	0.1529921293258667	0.16489315778017044	0.040366639383137226	0.10154977068305016
3052310	1	0.2969823256134987	0.08113552257418633	0.1883813701570034	0.14973361790180206	0.13905814662575722	0.34657277911901474	0.12176951486617327	0.2024599201977253	0.21279769018292427	0.5297669619321823	0.14018261060118675	0.15667729824781418	0.09166163951158524	0.1763545460999012	0.24838953092694283	0.3326551094651222	0.1978272870182991	0.24118714407086372	0.038916039280593395	0.10749096795916557
3052311	0	0.20562920160591602	0.1111539714038372	0.20992140285670757	0.2583729363977909	0.1696563959121704	0.3100072965025902	0.11340452544391155	0.2400357984006405	0.19481321424245834	0.5139586925506592	0.1436296161264181	0.19462498277425766	0.16544008068740368	0.16041619330644608	0.26097482442855835	0.25278186798095703	0.15743733197450638	0.20682888478040695	0.047742935828864574	0.08316986076533794
3052313	0	0.15590090677142143	0.082514688372612	0.19929763674736023	0.16786894761025906	0.14905592240393162	0.39438750594854355	0.11586957238614559	0.22120367735624313	0.20670109055936337	0.43071580678224564	0.11350171081721783	0.1847187876701355	0.18583855405449867	0.1540706343948841	0.23090315610170364	0.3712269365787506	0.19135161489248276	0.286444328725338	0.05097250360995531	0.1074560396373272
3052314	1	0.28880477882921696	0.10288246162235737	0.20693156123161316	0.19639327004551888	0.18455548956990242	0.3831838443875313	0.08094706758856773	0.20009682327508926	0.22456293553113937	0.4511857405304909	0.10934710688889027	0.15145698934793472	0.19652675464749336	0.11923830211162567	0.25956326723098755	0.3371734768152237	0.16216431185603142	0.2162170298397541	0.052835170179605484	0.07593361660838127
3052315	0	0.18182382360100746	0.09161857049912214	0.1794734224677086	0.1791250966489315	0.16362229362130165	0.3560255691409111	0.11773468367755413	0.22941260412335396	0.2066638208925724	0.5094887539744377	0.12382175214588642	0.19432466477155685	0.12155980989336967	0.16999721713364124	0.20888927578926086	0.3132365942001343	0.1586662456393242	0.30801204591989517	0.05566620361059904	0.130837544798851
3052316	0	0.2841278612613678	0.26809509098529816	0.28997391648590565	0.24248765781521797	0.1820642501115799	0.3426297139376402	0.13002755865454674	0.24062674213200808	0.3333555581048131	0.4530603289604187	0.13906696159392595	0.166012242436409	0.2009812816977501	0.14815196488052607	0.34458164498209953	0.3726784251630306	0.18627667240798473	0.47890857979655266	0.1056411974132061	0.09125237725675106
3052317	1	0.3521238621324301	0.17263089027255774	0.25041066110134125	0.3475869093090296	0.219779372215271	0.5573051422834396	0.1730006579309702	0.2567902095615864	0.302390743046999	0.5434879213571548	0.2004921119660139	0.20440243743360043	0.40030268020927906	0.29409228079020977	0.22121428325772285	0.35915304720401764	0.4562523178756237	0.45699597150087357	0.1510268533602357	0.08056168630719185
3052319	0	0.13265636004507542	0.0697416365146637	0.1456016432493925	0.16022266820073128	0.1294456198811531	0.1824442781507969	0.06848443020135164	0.19203722476959229	0.20929760858416557	0.3485717847943306	0.09488721378147602	0.17346122115850449	0.10774606466293335	0.1213604174554348	0.1223627608269453	0.25412894785404205	0.16500713676214218	0.19278838858008385	0.03902743849903345	0.09072712995111942
3052320	0	0.13253334909677505	0.07493068836629391	0.1812722235918045	0.15838273242115974	0.13458746671676636	0.1762736290693283	0.07068468350917101	0.18689623847603798	0.18748682364821434	0.3539545238018036	0.09260912425816059	0.1583702191710472	0.10803159140050411	0.1284601241350174	0.1551399827003479	0.25487224012613297	0.1551138497889042	0.16172626987099648	0.03306869789958	0.09560554474592209
3052321	0	0.14018530771136284	0.07253104168921709	0.27176253870129585	0.1688834261149168	0.14648108556866646	0.2110564149916172	0.12402978166937828	0.2693585231900215	0.26276587322354317	0.4450078085064888	0.11041953973472118	0.2234930545091629	0.14983906038105488	0.1626756638288498	0.26083479449152946	0.34906890243291855	0.19844290055334568	0.25351839885115623	0.05638338718563318	0.12326250597834587
3052322	0	0.15444639138877392	0.16005695424973965	0.16492230165749788	0.21743759140372276	0.1515056062489748	0.23612505570054054	0.10582756996154785	0.24151061102747917	0.26045985519886017	0.4374363124370575	0.10041440837085247	0.2466791868209839	0.19781345315277576	0.15189066901803017	0.19621550664305687	0.3823144733905792	0.21980512887239456	0.19893050380051136	0.05723901465535164	0.11896941810846329
3052323	0	0.14173836633563042	0.08131867181509733	0.15763375908136368	0.16656968370079994	0.10150248184800148	0.18715443462133408	0.07142911478877068	0.19465496763586998	0.20049508288502693	0.3415418416261673	0.08381411992013454	0.18261361867189407	0.1115240827202797	0.11722582951188087	0.1423582322895527	0.225356824696064	0.15015628933906555	0.19581133127212524	0.047700172290205956	0.09940110892057419
3052324	0	0.13478568196296692	0.08082314487546682	0.16598206013441086	0.15886583551764488	0.12302791140973568	0.18342527374625206	0.069321702234447	0.17236648127436638	0.21250280737876892	0.35212814807891846	0.08288181200623512	0.16709411889314651	0.10454151034355164	0.11881417594850063	0.1405084878206253	0.2442016452550888	0.1742708832025528	0.17965471372008324	0.04971215408295393	0.08509146235883236
3052325	1	0.20228010788559914	0.14540539681911469	0.20737546868622303	0.2236226201057434	0.13457068242132664	0.3019997738301754	0.0992340836673975	0.20740904100239277	0.23703723028302193	0.49755410850048065	0.1152853462845087	0.1822162438184023	0.16209590807557106	0.12337507866322994	0.2312500923871994	0.3094879239797592	0.19745886698365211	0.2162727452814579	0.11086252424865961	0.09520675241947174
3052327	0	0.24899036064743996	0.26807407289743423	0.18465407192707062	0.26104165986180305	0.26809829100966454	0.6625658012926579	0.12462476640939713	0.31211795657873154	0.18285126611590385	0.7686348035931587	0.2277394700795412	0.18224607780575752	0.24843205884099007	0.22800108417868614	0.400504183024168	0.5042353793978691	0.26693591475486755	0.5043738037347794	0.055178928188979626	0.10070003755390644
3052328	1	0.1251591555774212	0.07582421880215406	0.16979653760790825	0.18476532772183418	0.1405220739543438	0.17134231328964233	0.07196814753115177	0.1883980706334114	0.20065417140722275	0.3625044450163841	0.07299706153571606	0.15787307918071747	0.11740422435104847	0.10867498815059662	0.1619407795369625	0.25021909177303314	0.14822928607463837	0.17256049066781998	0.04703634139150381	0.07213022746145725
3052330	1	0.19286591559648514	0.048757441341876984	0.0797269195318222	0.09678257629275322	0.08319474756717682	0.1233818344771862	0.07250307127833366	0.10212605074048042	0.08613342419266701	0.20078428089618683	0.037007465958595276	0.07107625529170036	0.15863176435232162	0.09367853961884975	0.09135406091809273	0.20433241873979568	0.10636870563030243	0.09857790544629097	0.016932817175984383	0.03578380402177572
3052331	1	0.12111358717083931	0.07523871399462223	0.16184857487678528	0.16724681854248047	0.13424422778189182	0.16680480912327766	0.07863709889352322	0.21542246639728546	0.21186628937721252	0.3382936120033264	0.07801500149071217	0.16687962412834167	0.10742701217532158	0.10789081081748009	0.13500651344656944	0.26891642808914185	0.15608365833759308	0.18768567964434624	0.046139342710375786	0.07523973286151886
3052335	0	0.23102932050824165	0.11844331584870815	0.16579781472682953	0.27083730697631836	0.12108886986970901	0.3423830233514309	0.06819227803498507	0.24118826538324356	0.3788377344608307	0.38513578474521637	0.07971018739044666	0.18360958620905876	0.11668780073523521	0.12441778182983398	0.1757545955479145	0.29583319276571274	0.27000420168042183	0.28541065752506256	0.040173121728003025	0.10546516440808773
3052337	0	0.18416161835193634	0.08134725596755743	0.17423314228653908	0.18214433267712593	0.1268290150910616	0.1766195073723793	0.07426180876791477	0.20104213804006577	0.19437119364738464	0.2875398248434067	0.10294120386242867	0.1191367506980896	0.11947023868560791	0.12439928203821182	0.14887021109461784	0.2047726772725582	0.1624862477183342	0.18961604312062263	0.04271607659757137	0.10304144211113453
3052338	0	0.1687886379659176	0.08110255375504494	0.18603284284472466	0.18570274114608765	0.1254890374839306	0.16721775755286217	0.06490120571106672	0.21610135585069656	0.22749269753694534	0.2819140926003456	0.08946851640939713	0.1100279726088047	0.11173684149980545	0.1158444695174694	0.12735513225197792	0.2425023466348648	0.17714319378137589	0.1820872314274311	0.04044406022876501	0.09864732064306736
3052342	1	0.6716079227626324	0.2084309768397361	0.46617625281214714	0.3883693665266037	0.43384314328432083	1.050055854022503	0.18126357020810246	0.6641904283314943	0.427544429898262	1.0026371851563454	0.25383357889950275	0.44877693988382816	0.44251153618097305	0.3741518184542656	0.4690039400011301	0.9038342535495758	0.5198569186031818	0.7451193276792765	0.13886555517092347	0.20992709882557392
3052344	0	0.4027545638382435	0.09819129074458033	0.41447199136018753	0.3626536577939987	0.22461852058768272	0.5720484852790833	0.09986308682709932	0.5705285891890526	0.4053133726119995	0.7508357465267181	0.190329996868968	0.297993503510952	0.2910943813621998	0.2321927845478058	0.41109922900795937	0.5627709850668907	0.4361195005476475	0.3993511237204075	0.046417002100497484	0.23135221004486084
3052345	1	0.5460502356290817	0.17765154608059675	0.37941028270870447	0.3424340719357133	0.2911422895267606	0.9981916174292564	0.10913290455937386	0.47753734327852726	0.30768033117055893	0.8584710136055946	0.1826938558369875	0.24487139470875263	0.4270034395158291	0.2376193394884467	0.5090446174144745	0.6352265775203705	0.36719304136931896	0.5721120648086071	0.1428862267639488	0.19364778883755207
3052371	1	0.16552939638495445	0.06604299880564213	0.13460000231862068	0.198118656873703	0.1532222367823124	0.15267407521605492	0.05918520502746105	0.23532338067889214	0.2531834691762924	0.27293039858341217	0.08077031373977661	0.17452392727136612	0.09941369481384754	0.07760161906480789	0.11650230921804905	0.21279651671648026	0.19247397407889366	0.17732104286551476	0.043047365732491016	0.13473942503333092
3052372	0	0.10077519714832306	0.055370986461639404	0.05038759857416153	0.12901439890265465	0.07751937955617905	0.10575858503580093	0.027131782844662666	0.18936877697706223	0.19213732331991196	0.11738649383187294	0.18936877697706223	0.03488372266292572	0.03488372266292572	0.01937984488904476	0.14562569558620453	0.14950166270136833	0.11738649383187294	0.18549280986189842	0.007751937955617905	0.07087486237287521
3052374	0	0.18506311625242233	0.06685961037874222	0.15467609837651253	0.19175121560692787	0.166067473590374	0.14087313041090965	0.06740067712962627	0.2544720321893692	0.24890901148319244	0.28070295602083206	0.09414361603558064	0.15184800326824188	0.10402502864599228	0.10272627137601376	0.11507400497794151	0.21858670562505722	0.1806509606540203	0.13828173279762268	0.027456185314804316	0.11043217405676842
3052381	1	0.15472657978534698	0.06604447215795517	0.1371413040906191	0.20017379149794579	0.15842410549521446	0.15228305011987686	0.06561545096337795	0.23781849816441536	0.23669890314340591	0.2876494452357292	0.0812392570078373	0.1628718189895153	0.09964006952941418	0.07751783356070518	0.1290687881410122	0.22242935746908188	0.2059701532125473	0.16000133380293846	0.041052334010601044	0.12363345175981522
3052384	1	0.1504196934401989	0.06530935317277908	0.16647325083613396	0.19917649403214455	0.16715553775429726	0.14703640714287758	0.05871426034718752	0.26459337025880814	0.26803163439035416	0.2637825086712837	0.07523004710674286	0.19993657618761063	0.10267620347440243	0.08041469100862741	0.12476641312241554	0.18790900334715843	0.17631740495562553	0.13262924924492836	0.04157826956361532	0.12784965708851814
3052385	1	0.14244422689080238	0.06294775567948818	0.13127129338681698	0.1953429915010929	0.162854865193367	0.16159838438034058	0.05935783125460148	0.24567347019910812	0.2391703948378563	0.2806055620312691	0.08121298812329769	0.18163559213280678	0.09909744188189507	0.0749947652220726	0.11699914187192917	0.23206362128257751	0.208612360060215	0.15681639686226845	0.04212355986237526	0.12517738342285156
3052386	0	0.19805430620908737	0.0711052343249321	0.14624403789639473	0.20827138423919678	0.17826096341013908	0.15250239148736	0.06567048281431198	0.23856161534786224	0.22160828113555908	0.2744407206773758	0.09844331257045269	0.16849004104733467	0.10132686421275139	0.09155387617647648	0.14797279052436352	0.18399237468838692	0.18413400650024414	0.13732711225748062	0.028277520090341568	0.10376268066465855
3052387	1	0.20984673500061035	0.06793780624866486	0.16110697016119957	0.2194221355021	0.21782201156020164	0.20562954992055893	0.06257713213562965	0.29440484568476677	0.3393707200884819	0.32923412322998047	0.15975245460867882	0.2067040614783764	0.11274253204464912	0.10492129623889923	0.1910544391721487	0.29707443714141846	0.23208307847380638	0.2764805927872658	0.09618627792224288	0.21564878895878792
3052388	1	0.2693684734404087	0.10311979055404663	0.1714356103911996	0.18880244065076113	0.2698183245956898	0.16540865413844585	0.09425320848822594	0.31112630665302277	0.2141275703907013	0.4437272474169731	0.10820179525762796	0.17226605955511332	0.17329748161137104	0.14839687291532755	0.19581040926277637	0.3242906294763088	0.21415620669722557	0.2197411134839058	0.0392264723777771	0.1734253652393818
3052389	1	0.20800352469086647	0.06724652461707592	0.14941595122218132	0.19342347607016563	0.17467912659049034	0.13540760800242424	0.08007543906569481	0.22193922847509384	0.21626228466629982	0.2899235263466835	0.09646473079919815	0.17807313054800034	0.10186731442809105	0.11257966049015522	0.14375172927975655	0.1760173849761486	0.1772260218858719	0.14380213618278503	0.02743913372978568	0.1064020749181509
3052390	1	0.17473870515823364	0.07278000982478261	0.1495928317308426	0.20027690008282661	0.1423732154071331	0.16152109950780869	0.06109524704515934	0.22603179141879082	0.23370583355426788	0.2748088091611862	0.07436319626867771	0.17273815348744392	0.10640622302889824	0.09344375506043434	0.13121946156024933	0.21194161847233772	0.1660662591457367	0.1655852310359478	0.039982096292078495	0.1413295492529869
3052395	0	0.1988547369837761	0.10285450518131256	0.19722383469343185	0.2530142180621624	0.20672496035695076	0.1770438626408577	0.06746700406074524	0.3345525860786438	0.41013627499341965	0.47007834166288376	0.16014746390283108	0.20317472144961357	0.16728609800338745	0.13110372610390186	0.13297741673886776	0.25043274462223053	0.19676627218723297	0.1402539499104023	0.027830325067043304	0.172076977789402
3052396	1	0.2033514641225338	0.07242652960121632	0.14988690242171288	0.19305767863988876	0.17501606792211533	0.13512158766388893	0.07305034250020981	0.21307207643985748	0.21448737755417824	0.28282380849123	0.10257973149418831	0.1762995570898056	0.10852707177400589	0.11293377168476582	0.14503556117415428	0.19125007465481758	0.17389672249555588	0.14439840242266655	0.028189383912831545	0.10459589399397373
3052397	1	0.15881486609578133	0.06716899201273918	0.13921398483216763	0.187520831823349	0.16381318867206573	0.14108340442180634	0.058946920558810234	0.2608291208744049	0.22366099804639816	0.27836696058511734	0.07258141227066517	0.19642647355794907	0.09865964949131012	0.099621856585145	0.1353638954460621	0.21999377012252808	0.18560921773314476	0.14344846084713936	0.034851583652198315	0.13402441889047623
3052399	1	0.1518482081592083	0.06376365572214127	0.13825544714927673	0.20166318118572235	0.15497937053442	0.14908688515424728	0.06464224867522717	0.25868358463048935	0.2401319220662117	0.2826654314994812	0.0874716192483902	0.17760399729013443	0.09497065655887127	0.07710708118975163	0.12651364505290985	0.21463358029723167	0.2032546065747738	0.13689231872558594	0.04086384363472462	0.13496872782707214
3052401	1	0.1444646567106247	0.06443488039076328	0.16167711839079857	0.17323914542794228	0.1593063920736313	0.14746988005936146	0.07957419380545616	0.2583339661359787	0.23893067240715027	0.27801497280597687	0.07340097427368164	0.1833660788834095	0.10740794986486435	0.08435716852545738	0.12138544395565987	0.2192894071340561	0.19695762544870377	0.14067072421312332	0.036314289085567	0.13140446320176125
3052402	1	0.4246642515063286	0.05657443776726723	0.15777968987822533	0.16342854872345924	0.1474337801337242	0.1550353579223156	0.06923815794289112	0.2127007208764553	0.1969192773103714	0.24118028581142426	0.07667730189859867	0.1516917124390602	0.09879449754953384	0.08301063068211079	0.13482873514294624	0.16609473899006844	0.16683078184723854	0.14370323345065117	0.04085167404264212	0.11256220750510693
3052405	0	0.14764657244086266	0.06633512116968632	0.12866993807256222	0.20379848778247833	0.1612895242869854	0.15030254796147346	0.0649765208363533	0.24115825071930885	0.24765409529209137	0.2869127318263054	0.084964819252491	0.1778215877711773	0.10272671841084957	0.08018796890974045	0.11031734012067318	0.2280827760696411	0.1869322471320629	0.16866211965680122	0.040966504253447056	0.12059414386749268
3052406	1	0.18733536079525948	0.06501769460737705	0.15800585970282555	0.18528306111693382	0.14940521866083145	0.1751759573817253	0.07151388190686703	0.2387046478688717	0.23319724202156067	0.26526137441396713	0.08414659649133682	0.16660353168845177	0.10216126590967178	0.08549080789089203	0.13662610203027725	0.1951867938041687	0.18296024948358536	0.14561571553349495	0.04207853600382805	0.1302301064133644
3052407	1	0.19323161244392395	0.07050834596157074	0.16374840214848518	0.18544373288750648	0.15013765171170235	0.15567341819405556	0.05666145496070385	0.21937227994203568	0.23739510774612427	0.2624424770474434	0.07810471206903458	0.16248131543397903	0.10812145471572876	0.09462551213800907	0.14631442725658417	0.21232151240110397	0.1667439602315426	0.16076680272817612	0.040713679045438766	0.1351921297609806
3052408	0	0.20390546321868896	0.06930433958768845	0.15401117876172066	0.19241146743297577	0.13383781164884567	0.13617751374840736	0.06023270171135664	0.25861604511737823	0.2613442987203598	0.26395250111818314	0.0993881244212389	0.12913398630917072	0.11200783401727676	0.11619624868035316	0.12129298411309719	0.17359274998307228	0.20514590665698051	0.15286070108413696	0.03188574407249689	0.12470242381095886
3052409	1	0.18552303314208984	0.07122954167425632	0.1718124970793724	0.17691999673843384	0.14559482038021088	0.16708049178123474	0.06408701092004776	0.22897453233599663	0.24031922966241837	0.2701169550418854	0.07792258821427822	0.17469756677746773	0.11253220215439796	0.10011373274028301	0.12567280605435371	0.19275008141994476	0.1691313348710537	0.15343130752444267	0.04132247623056173	0.1307677961885929
3052412	1	0.16096602007746696	0.06575052812695503	0.13369392044842243	0.20395828783512115	0.16450778394937515	0.1413363590836525	0.06015964783728123	0.26040295884013176	0.25096791982650757	0.27223967015743256	0.09196202084422112	0.17520518600940704	0.11017989180982113	0.10117643512785435	0.10728158429265022	0.19065024331212044	0.20054463297128677	0.14934425055980682	0.03704866301268339	0.12262400984764099
3052413	1	0.17739234864711761	0.0683344379067421	0.13916809484362602	0.2119034193456173	0.16318170726299286	0.1302892006933689	0.06271747127175331	0.23254071176052094	0.2576202377676964	0.28072085976600647	0.09643005579710007	0.16154855117201805	0.11143918707966805	0.10250808671116829	0.12000259011983871	0.2100023850798607	0.18673931434750557	0.14250393956899643	0.03493624506518245	0.11002114787697792
3052414	1	0.21560123562812805	0.0838921032845974	0.1550973691046238	0.32422591745853424	0.24016643688082695	0.20256775245070457	0.08280007168650627	0.32340583950281143	0.3208373412489891	0.39619650691747665	0.07943207025527954	0.21519504114985466	0.09978215768933296	0.11625301279127598	0.15938223898410797	0.28569470718503	0.24817220121622086	0.20279771089553833	0.06302984524518251	0.18547044694423676
3052418	1	0.17966508120298386	0.06716343574225903	0.13177231326699257	0.21214856952428818	0.151848915964365	0.13720963522791862	0.058526117354631424	0.2531975694000721	0.24748589098453522	0.2907812371850014	0.08459370024502277	0.16786373034119606	0.10486980713903904	0.10200400277972221	0.12065020762383938	0.2448943927884102	0.16498594358563423	0.13391192257404327	0.033694437239319086	0.11273307725787163
3052420	1	0.19671747833490372	0.06647093035280704	0.169861800968647	0.173267912119627	0.15777213871479034	0.15777809917926788	0.07111041061580181	0.25210248678922653	0.23074742406606674	0.26982224732637405	0.07181676290929317	0.16714772582054138	0.10983134247362614	0.09548811987042427	0.14421682804822922	0.18516084179282188	0.17691275104880333	0.13686327263712883	0.04209390468895435	0.12481750175356865
3052426	1	0.1818281076848507	0.06369298882782459	0.15586567297577858	0.17514882236719131	0.1548214964568615	0.16725029796361923	0.05189402960240841	0.24258645251393318	0.22824827954173088	0.2702520042657852	0.08030176721513271	0.1719786822795868	0.09825100004673004	0.13201101496815681	0.13229577988386154	0.200967226177454	0.17004258558154106	0.15549124777317047	0.038822551257908344	0.12824999168515205
3052428	1	0.17158625647425652	0.06652394868433475	0.13105149567127228	0.22435028105974197	0.1632665954530239	0.13329048454761505	0.06324283219873905	0.22622442990541458	0.25619517266750336	0.2839842066168785	0.0852319747209549	0.15769480541348457	0.1112172119319439	0.11103051155805588	0.12494218721985817	0.2087455540895462	0.18032817542552948	0.15356852114200592	0.03374059312045574	0.11378476768732071
3052429	1	0.19361639767885208	0.06936520431190729	0.15910685434937477	0.17721577733755112	0.19369617849588394	0.15500030294060707	0.06366963405162096	0.21560127846896648	0.20884639397263527	0.24369140714406967	0.09717511758208275	0.15839875489473343	0.10288010165095329	0.1202470101416111	0.15346408635377884	0.18680553883314133	0.17592087015509605	0.18162335455417633	0.03833272121846676	0.10534303821623325
3052431	1	0.18613655492663383	0.06869668141007423	0.17045163363218307	0.19006050378084183	0.16703777760267258	0.14212235808372498	0.06603141874074936	0.23535000532865524	0.23762530088424683	0.2861956059932709	0.08083279617130756	0.1481284648180008	0.10695057548582554	0.100942587479949	0.14812295138835907	0.1998649314045906	0.17387286573648453	0.14218610897660255	0.033140476793050766	0.1162504069507122
3052437	1	0.1939900852739811	0.08032086957246065	0.14546358957886696	0.14894737303256989	0.16280389949679375	0.14416835829615593	0.06679037399590015	0.236272182315588	0.21330592036247253	0.24268770217895508	0.10331366024911404	0.1741114817559719	0.11060256883502007	0.12212639302015305	0.11490225419402122	0.2065981663763523	0.18192404881119728	0.18542639166116714	0.0358362952247262	0.1304083839058876
3052439	1	0.13885507360100746	0.0639820247888565	0.12837515398859978	0.1957225576043129	0.1646558828651905	0.16121481359004974	0.05821354128420353	0.23949282616376877	0.23744530975818634	0.2842939794063568	0.07770396396517754	0.18509655818343163	0.1000926811248064	0.07528867945075035	0.11753465607762337	0.23353169113397598	0.20954834669828415	0.1637316457927227	0.04221491236239672	0.123005710542202
3052440	1	0.20158953219652176	0.08016456104815006	0.1542154774069786	0.15173012763261795	0.16925645992159843	0.14542003348469734	0.06475994363427162	0.23148220777511597	0.2259654849767685	0.261834554374218	0.09663169831037521	0.16887446865439415	0.10942046344280243	0.12284877523779869	0.11861486732959747	0.1767728067934513	0.1963859535753727	0.17252884060144424	0.03678756020963192	0.11471618711948395
3052441	0	0.19746451824903488	0.07362520880997181	0.14505479484796524	0.1659334860742092	0.16765939816832542	0.150493573397398	0.06187743321061134	0.21879337914288044	0.22832639515399933	0.2609485611319542	0.08534987643361092	0.16395583376288414	0.10920610278844833	0.1327168494462967	0.1173754408955574	0.174100574105978	0.19341596215963364	0.20024756342172623	0.03675626777112484	0.11669878475368023
3052444	1	0.17275792732834816	0.07317529758438468	0.13558073714375496	0.20720651745796204	0.1631465032696724	0.1342698223888874	0.07061785832047462	0.2492600604891777	0.2354608029127121	0.2990512549877167	0.0927982684224844	0.15227864310145378	0.11517734080553055	0.09426760114729404	0.13603979721665382	0.2048569619655609	0.18053019419312477	0.13078690692782402	0.026640530675649643	0.1260969378054142
3052446	1	0.14368237927556038	0.0660673538222909	0.16254647448658943	0.17194375023245811	0.1581762544810772	0.1520320102572441	0.06540715135633945	0.22406317293643951	0.25168779492378235	0.32167331129312515	0.0958417933434248	0.16149171814322472	0.12463774904608727	0.08147037029266357	0.11101444624364376	0.1954313088208437	0.21011870354413986	0.15918704494833946	0.028571559581905603	0.11495567671954632
3052448	0	0.1767418272793293	0.06930238101631403	0.17160777375102043	0.20891981944441795	0.17152899503707886	0.158737450838089	0.08846098370850086	0.20021671429276466	0.2698928266763687	0.25103455781936646	0.10114394687116146	0.16007903218269348	0.10738077200949192	0.08479401841759682	0.11824736185371876	0.17585216835141182	0.18251044303178787	0.16169331222772598	0.032751020044088364	0.1091045830398798
3052449	0	0.18725186958909035	0.07336279796436429	0.15855926647782326	0.18301209062337875	0.1672646552324295	0.1443505734205246	0.0662930365651846	0.19485504552721977	0.21918941661715508	0.25700637698173523	0.08785298280417919	0.14342049323022366	0.10698063299059868	0.13018020801246166	0.14738312363624573	0.18160093948245049	0.19019228219985962	0.212392870336771	0.0400695214048028	0.10878183878958225
3052452	1	0.20337074622511864	0.06790426932275295	0.16254253685474396	0.20097966864705086	0.1402004286646843	0.13750652223825455	0.060139174573123455	0.22502954304218292	0.26774077117443085	0.2772599011659622	0.08851361833512783	0.13428352400660515	0.08981337025761604	0.1114242784678936	0.11502372846007347	0.17108813673257828	0.235321257263422	0.1676013432443142	0.02499840036034584	0.11925878748297691
3052456	1	0.16179342567920685	0.06553494650870562	0.15358936414122581	0.18071571737527847	0.16861813515424728	0.16191628202795982	0.05898032709956169	0.2746840864419937	0.24878647178411484	0.2718471810221672	0.07400909997522831	0.17337076365947723	0.09388165734708309	0.1083901934325695	0.10737321712076664	0.1792955994606018	0.19807247072458267	0.15734633803367615	0.037050128914415836	0.12474460527300835
3052458	1	0.6956232562661171	0.1797856818884611	0.5881921928375959	0.5671149026602507	0.4679177235811949	0.6875018011778593	0.31186155416071415	0.6817618133500218	0.4908438343554735	1.033302191644907	0.22898214496672153	0.47736138664186	0.6571631282567978	0.5269063096493483	0.5831900741904974	0.8757068458944559	0.7892263876274228	0.6769916210323572	0.20031001744791865	0.28025725204497576
3052459	1	0.5180767700076103	0.12946403864771128	0.4418642669916153	0.3920215554535389	0.2708795927464962	0.43092382326722145	0.20730314683169127	0.4851001910865307	0.4241720922291279	0.8466601818799973	0.17466451786458492	0.40676284208893776	0.5459385365247726	0.4067888781428337	0.393809761852026	0.6339067630469799	0.5762537680566311	0.40191893465816975	0.11485918797552586	0.19863118883222342
3052460	1	0.5110280178487301	0.1407946329563856	0.47627364471554756	0.4822483789175749	0.3436559047549963	0.4573035165667534	0.21874423883855343	0.68601343780756	0.5194117426872253	0.8787142671644688	0.17562937969341874	0.42432622611522675	0.5278452690690756	0.4825284853577614	0.46837601996958256	0.6205805838108063	0.7731666304171085	0.4733036682009697	0.1156003875657916	0.22445567604154348
3052461	1	0.556824330240488	0.13957208255305886	0.4096876308321953	0.44034520722925663	0.3139340914785862	0.46268846467137337	0.2807697430253029	0.5398465543985367	0.4974728226661682	0.8931260481476784	0.17082935851067305	0.4684025328606367	0.6719535999000072	0.4779697433114052	0.4793297350406647	0.7156396955251694	0.7900909297168255	0.3892533238977194	0.12233718205243349	0.17992699705064297
3052462	1	0.6304138246923685	0.13906262256205082	0.4453845340758562	0.4307353114709258	0.46028969809412956	0.6022565867751837	0.26707588974386454	0.7874800451099873	0.5623785480856895	1.0616742447018623	0.20178347826004028	0.47735445760190487	0.5354382302612066	0.4945443235337734	0.53182452917099	0.7460325062274933	0.7384994551539421	0.4904268030077219	0.11373358918353915	0.2836113814264536
3052463	1	0.07966151088476181	0.01604902185499668	0.04318645969033241	0.061861686408519745	0.031222643330693245	0.08520571887493134	0.0221768319606781	0.049606069922447205	0.05981908366084099	0.08899912238121033	0.03822585195302963	0.0364750511944294	0.04260285943746567	0.025094835087656975	0.058360081166028976	0.06011088564991951	0.06944850087165833	0.08053690940141678	0.02684563770890236	0.02451123483479023
3052464	1	0.11992986872792244	0.017393868416547775	0.07101619429886341	0.11756721138954163	0.04214551858603954	0.12494999915361404	0.1030881255865097	0.11903293430805206	0.06132075563073158	0.15735424309968948	0.09044457226991653	0.036556605249643326	0.18556029349565506	0.04597389977425337	0.13375266641378403	0.15937625244259834	0.15968772768974304	0.07428411534056067	0.09190613031387329	0.08865903317928314
3052465	1	0.27217695489525795	0.07358470559120178	0.1438053660094738	0.19203635677695274	0.14125082455575466	0.20718609541654587	0.0869379211217165	0.07613924890756607	0.08668406307697296	0.3350748270750046	0.11589711159467697	0.084069162607193	0.20748256519436836	0.08957412466406822	0.19701585546135902	0.24672382697463036	0.08320818282663822	0.26948927342891693	0.0702810175716877	0.021382542327046394
3052466	1	0.2068285420536995	0.07991062104701996	0.08344406262040138	0.08230597339570522	0.13094592839479446	0.16747206449508667	0.021021896973252296	0.07471473328769207	0.05459854006767273	0.2091643065214157	0.05836436711251736	0.0784805603325367	0.08548785746097565	0.06592581421136856	0.10242216661572456	0.1368151344358921	0.09310889430344105	0.2152659073472023	0.02744525484740734	0.026277372613549232
3052468	1	0.07959183305501938	0.01953352801501751	0.04548104852437973	0.06005831062793732	0.03206996992230415	0.08950437605381012	0.01924198307096958	0.05451894924044609	0.05976676568388939	0.09125364571809769	0.035568512976169586	0.0399416908621788	0.04256559908390045	0.026239067316055298	0.057725947350263596	0.04956268146634102	0.07317784428596497	0.07230320572853088	0.026239067316055298	0.025655977427959442
3052470	1	0.19133026525378227	0.07700349856168032	0.17116737738251686	0.18353356048464775	0.13379031047224998	0.17174867540597916	0.06493467465043068	0.18778324872255325	0.21083653718233109	0.2854986935853958	0.0650263149291277	0.10590036027133465	0.1302408091723919	0.1278778836131096	0.12542779184877872	0.2160438820719719	0.19118162244558334	0.22981979697942734	0.037774656899273396	0.09308002889156342
3052471	0	0.17147230729460716	0.08330176677554846	0.1686442382633686	0.17615186795592308	0.13596538081765175	0.16943379864096642	0.06929715629667044	0.2231581062078476	0.20705411955714226	0.2754543647170067	0.08904708363115788	0.10915355756878853	0.12542959675192833	0.13547151535749435	0.1328585110604763	0.2176947370171547	0.19431255385279655	0.18019580096006393	0.03960501868277788	0.09629854373633862
3052472	0	0.19534458965063095	0.08274806197732687	0.1726522222161293	0.17969071865081787	0.13290289044380188	0.1731186993420124	0.06628599669784307	0.19356082007288933	0.207072414457798	0.2719406560063362	0.08487493358552456	0.11215736716985703	0.11658820137381554	0.1331571489572525	0.13687458261847496	0.21816382557153702	0.16511425748467445	0.21113403886556625	0.04119148664176464	0.10542714223265648
3052473	0	0.19374146312475204	0.07626107148826122	0.1736275926232338	0.17780157178640366	0.12987991608679295	0.16998600959777832	0.06929736491292715	0.18370704725384712	0.20365075767040253	0.2672547474503517	0.0892811194062233	0.11740532889962196	0.125324085354805	0.14292077720165253	0.1393292136490345	0.21343880146741867	0.17364570125937462	0.20800412446260452	0.038642119616270065	0.10680119507014751
3052474	1	0.14043797552585602	0.06393851526081562	0.10294546186923981	0.11801697686314583	0.08278397843241692	0.12159250676631927	0.0432182252407074	0.12027648463845253	0.14175399392843246	0.18305285274982452	0.04710150696337223	0.06269942782819271	0.09299632161855698	0.09212977066636086	0.08354119770228863	0.1393406093120575	0.14913587644696236	0.1387372650206089	0.024077163077890873	0.05222387798130512
3052475	0	0.1358986534178257	0.06653305981308222	0.11755723878741264	0.11084647476673126	0.08518107980489731	0.13029247522354126	0.046215977519750595	0.1413586437702179	0.13584992289543152	0.16059550642967224	0.05791972018778324	0.07270371913909912	0.08958521112799644	0.08497193828225136	0.09283602610230446	0.147431842982769	0.12242837995290756	0.1212507002055645	0.026463373564183712	0.054080065339803696
3052476	0	0.18543800339102745	0.07683683093637228	0.16674097254872322	0.17793914303183556	0.13633696362376213	0.1736847497522831	0.06609030719846487	0.18834591656923294	0.20091884583234787	0.2682802528142929	0.0842265859246254	0.0962754487991333	0.1242644302546978	0.13414062187075615	0.1393288355320692	0.22754064202308655	0.18759137019515038	0.23411449044942856	0.03771103918552399	0.09419455751776695
3052477	1	0.1749909482896328	0.08120020013302565	0.1751701794564724	0.17127326875925064	0.13297541625797749	0.17809176072478294	0.07004084624350071	0.19079748913645744	0.20867127180099487	0.27843113988637924	0.07955716922879219	0.12308921292424202	0.12029474973678589	0.12964466959238052	0.13640300557017326	0.2411494255065918	0.17254841700196266	0.2057161182165146	0.04100741818547249	0.08894728682935238
3052478	0	0.17276429384946823	0.09890093095600605	0.19440627098083496	0.19650417938828468	0.23959898203611374	0.279675655066967	0.08821787126362324	0.37035858631134033	0.2151290364563465	0.3278147242963314	0.11314730904996395	0.17457816749811172	0.13276075944304466	0.15126743540167809	0.1824173852801323	0.280500914901495	0.26199333742260933	0.296759732067585	0.06924900133162737	0.15395542606711388
3052479	0	0.21230421215295792	0.06918926350772381	0.1515254843980074	0.10608227550983429	0.14702579379081726	0.17584675922989845	0.058408504351973534	0.2152349166572094	0.18702498450875282	0.2392512559890747	0.07626301795244217	0.09085805527865887	0.16637491062283516	0.13061533123254776	0.11071142181754112	0.30827977508306503	0.13496173173189163	0.2784503102302551	0.045366561971604824	0.09622542560100555
3052480	1	0.18638194724917412	0.07920279912650585	0.16553987562656403	0.1841440200805664	0.1286973785609007	0.17538778111338615	0.06992588005959988	0.20906274765729904	0.19883330538868904	0.2778889015316963	0.0800979770720005	0.11012409999966621	0.12218693643808365	0.12268755957484245	0.14398803189396858	0.2336161509156227	0.1786290742456913	0.18931040912866592	0.04354723542928696	0.10074787028133869
3052481	0	0.17831457406282425	0.08153598196804523	0.171879593282938	0.1815662458539009	0.12708617001771927	0.16563447192311287	0.06380419060587883	0.2163906916975975	0.20946428179740906	0.27490924298763275	0.09137606993317604	0.12151699513196945	0.11148645356297493	0.15105489641427994	0.13288157433271408	0.2082323022186756	0.1931544914841652	0.18042509630322456	0.03969035763293505	0.09959631785750389
3052482	0	0.1851886808872223	0.07316522160544991	0.18300464376807213	0.1716187261044979	0.1315828301012516	0.16384164988994598	0.06404493935406208	0.19408424571156502	0.2112342044711113	0.2848362401127815	0.08840806223452091	0.11966193094849586	0.1152217760682106	0.13936065137386322	0.14287273213267326	0.2074572704732418	0.20232553780078888	0.17990289628505707	0.038615141063928604	0.10357261262834072
3052483	0	0.19666646420955658	0.11952673830091953	0.20016401261091232	0.2803911454975605	0.15698610618710518	0.20228469371795654	0.09510727412998676	0.3835715800523758	0.33449696004390717	0.314282663166523	0.13162328116595745	0.164326012134552	0.15340476855635643	0.15316659584641457	0.18876459449529648	0.21262110769748688	0.21837762743234634	0.24655159190297127	0.0589780043810606	0.18870874866843224
3052484	0	0.1698542833328247	0.08108469657599926	0.1902330368757248	0.17323262989521027	0.13977253437042236	0.17302624136209488	0.05954419914633036	0.18575361371040344	0.19827928394079208	0.2935160920023918	0.08244594559073448	0.09954101964831352	0.1256115362048149	0.13989313691854477	0.14142677374184132	0.2231852412223816	0.19648616388440132	0.19542879983782768	0.041003777645528316	0.09068098850548267
3052485	0	0.18675220385193825	0.0791114941239357	0.15622973442077637	0.18803487718105316	0.12924353033304214	0.17009494453668594	0.06970156356692314	0.18199896812438965	0.20661085098981857	0.28398849070072174	0.07653636112809181	0.11228024959564209	0.12784429267048836	0.1405906304717064	0.12835978902876377	0.23209772258996964	0.1798882894217968	0.21796246618032455	0.038986433297395706	0.09368710964918137
3052486	0	0.17292087525129318	0.1225957665592432	0.21240091137588024	0.24100320413708687	0.29833025112748146	0.1952045913785696	0.06107020564377308	0.32528170198202133	0.4936177432537079	0.675811842083931	0.17510085366666317	0.2841106131672859	0.1491952631622553	0.1561677847057581	0.1807718314230442	0.35332370549440384	0.24485858716070652	0.41146859526634216	0.03952094353735447	0.2072447780519724
3052490	1	0.18578096851706505	0.07751355227082968	0.1259912783280015	0.22099796310067177	0.12765848264098167	0.17152637243270874	0.07561609987169504	0.1611477378755808	0.21110548824071884	0.27435214817523956	0.06558106653392315	0.1260051280260086	0.10525606293231249	0.13524938002228737	0.12531793862581253	0.21719378232955933	0.20901723578572273	0.2484578862786293	0.03072152240201831	0.1055099219083786
3052493	1	0.17691607028245926	0.08071952499449253	0.18530188873410225	0.17664195224642754	0.13288387656211853	0.17226818203926086	0.05718960426747799	0.19666993618011475	0.20555810630321503	0.27989985048770905	0.08483691327273846	0.10502760857343674	0.1328163966536522	0.14243365824222565	0.1445068083703518	0.20133663713932037	0.19792793691158295	0.19296936318278313	0.03912022989243269	0.09497544541954994
3052495	0	0.15728120133280754	0.08216277230530977	0.17623919993638992	0.1735120639204979	0.1385122388601303	0.16510391235351562	0.06537825241684914	0.2043888010084629	0.21339517086744308	0.2941181808710098	0.06721440702676773	0.11892407201230526	0.10902869328856468	0.13436773791909218	0.1278722584247589	0.2385045289993286	0.19205523654818535	0.19462039694190025	0.039282980374991894	0.10803788900375366
3052496	1	0.22065556049346924	0.08163357712328434	0.23976832628250122	0.21736111491918564	0.134532131254673	0.3164408504962921	0.11015764251351357	0.21282600611448288	0.34165187925100327	0.31107322499156	0.08354751951992512	0.25452541559934616	0.19048750773072243	0.17688702791929245	0.17587832920253277	0.3127729892730713	0.2383975237607956	0.24674193188548088	0.04145369119942188	0.09320776350796223
3052498	1	0.20266573876142502	0.07882162276655436	0.16497838497161865	0.18299906700849533	0.13072996214032173	0.1821025088429451	0.07216232270002365	0.21362342685461044	0.19898954033851624	0.26982635259628296	0.0865724477916956	0.11738942563533783	0.12607011571526527	0.12487323582172394	0.141661012545228	0.22698108106851578	0.16217680647969246	0.17938020080327988	0.04142855852842331	0.09656817838549614
3052499	1	0.23043509386479855	0.07671778369694948	0.17154132947325706	0.25750451534986496	0.1559311617165804	0.23800065368413925	0.11344235949218273	0.26623423025012016	0.29006486013531685	0.33467067405581474	0.12032355181872845	0.1473657712340355	0.12665889784693718	0.19663632288575172	0.242239223793149	0.3534133657813072	0.27091550827026367	0.2508271597325802	0.06239292211830616	0.09468465484678745
3052501	1	0.19175247475504875	0.059868610464036465	0.19757908582687378	0.1918129250407219	0.1652495265007019	0.19034026190638542	0.1253198068588972	0.14243472181260586	0.18506573140621185	0.2977477088570595	0.07262778095901012	0.143659770488739	0.1357479728758335	0.11059858091175556	0.13390681147575378	0.2130982056260109	0.1354417111724615	0.1251971200108528	0.06864054035395384	0.11391061171889305
3052503	1	0.2057795338332653	0.10653491597622633	0.20335058867931366	0.23369228094816208	0.18611570447683334	0.1738283820450306	0.18376169726252556	0.2320961430668831	0.2588796243071556	0.3676210939884186	0.10003733821213245	0.11883635632693768	0.20823557302355766	0.1613481529057026	0.13426588103175163	0.2976607605814934	0.40802107751369476	0.19174207746982574	0.06476482469588518	0.16342796757817268
3052505	1	0.39311157912015915	0.0895422741305083	0.323397358879447	0.3694897014647722	0.2636676486581564	0.36996328085660934	0.2171962708234787	0.4241458773612976	0.391340471804142	0.7584561184048653	0.15596818830817938	0.42550515569746494	0.43142593652009964	0.3716025613248348	0.3148136008530855	0.5751515403389931	0.48359788954257965	0.3863227367401123	0.07790511380881071	0.17739669606089592
3052514	1	0.23255478218197823	0.11226114444434643	0.19900500774383545	0.23818623647093773	0.14139598421752453	0.25192101672291756	0.07243053987622261	0.20640526339411736	0.24610057473182678	0.4802987426519394	0.10238277353346348	0.1426885947585106	0.12215933576226234	0.10643985867500305	0.14523272588849068	0.25994217582046986	0.20799090713262558	0.5844003409147263	0.07879696879535913	0.06940697878599167
3052516	0	0.1719074510037899	0.08861469104886055	0.1689850129187107	0.1944849155843258	0.13133681565523148	0.1865418292582035	0.062171791680157185	0.15711496770381927	0.22053080797195435	0.28528425097465515	0.08074884116649628	0.14549671113491058	0.1133578009903431	0.09870722144842148	0.14078586548566818	0.22808422520756721	0.17702797055244446	0.19721846655011177	0.0483944620937109	0.10320589691400528
3052518	1	0.477265901863575	0.3380323676392436	0.3882219512015581	0.3902072459459305	0.2894425466656685	0.6107857711613178	0.21739457454532385	0.371071370318532	0.35338269732892513	0.9978771880269051	0.31610913295298815	0.23898757994174957	0.2517383489757776	0.11984005384147167	0.32793231308460236	0.5408084541559219	0.42467493284493685	1.0223999619483948	0.1829484635964036	0.14087913744151592
3052519	0	0.19232745096087456	0.09111875295639038	0.15105470642447472	0.19845467060804367	0.10918822512030602	0.18278731033205986	0.059135010465979576	0.1525455377995968	0.23825138807296753	0.30849287658929825	0.05554650537669659	0.13631518930196762	0.11535496264696121	0.10481730848550797	0.1473873108625412	0.26175108551979065	0.17898527532815933	0.18424785882234573	0.04587905574589968	0.0863595362752676
3052522	1	0.28322865441441536	0.08432300947606564	0.18966006860136986	0.24743913114070892	0.11294497549533844	0.18023008853197098	0.10737932100892067	0.24149945005774498	0.392239972949028	0.341892272233963	0.14744013361632824	0.2055940441787243	0.15469922497868538	0.18283160403370857	0.18450044095516205	0.3194884955883026	0.18570280447602272	0.27397943288087845	0.04625125881284475	0.11867558769881725
3052523	1	0.19581927359104156	0.07864725310355425	0.13621217384934425	0.2134384587407112	0.12188820540904999	0.18785427883267403	0.06280776020139456	0.1637343391776085	0.23883889615535736	0.26076608896255493	0.0696323411539197	0.15894385799765587	0.11791723221540451	0.09881620481610298	0.13123818300664425	0.2674546241760254	0.17049023509025574	0.19403104856610298	0.0511383805423975	0.08033115044236183
3052524	0	0.23910367488861084	0.13098119478672743	0.18972942978143692	0.21009981632232666	0.15166231617331505	0.3078777454793453	0.06937404535710812	0.2962723560631275	0.2227487750351429	0.4477219358086586	0.0947750099003315	0.15625402331352234	0.16242817603051662	0.1063322089612484	0.202667985111475	0.30485623702406883	0.23295452818274498	0.30336037278175354	0.05285591073334217	0.11794425547122955
3052529	1	0.28662537038326263	0.1408462943509221	0.19593483209609985	0.23360848054289818	0.10638287477195263	0.28427009657025337	0.05882192216813564	0.26530636101961136	0.30977360159158707	0.36119362711906433	0.10291684046387672	0.13372530043125153	0.10554683208465576	0.225321339443326	0.2126414254307747	0.35540857166051865	0.21359948813915253	0.29354963079094887	0.04554042126983404	0.06898675672709942
3052534	0	0.16465013846755028	0.07991106528788805	0.1354229599237442	0.19005433842539787	0.1134333610534668	0.17996394261717796	0.07409749738872051	0.1647171787917614	0.22353697568178177	0.3156059682369232	0.07645630650222301	0.14524853974580765	0.11936846747994423	0.09315386787056923	0.13344594091176987	0.25194963067770004	0.22197476029396057	0.18137357383966446	0.045974528416991234	0.08966095373034477
3052536	1	0.49466507136821747	0.2178373234346509	0.25083643198013306	0.40846512094140053	0.1412315834313631	0.34689292684197426	0.21781359519809484	0.19369757734239101	0.32455233111977577	0.4057123214006424	0.13763752952218056	0.15935731306672096	0.279974739998579	0.105969512835145	0.14509811252355576	0.3166542947292328	0.27851109579205513	0.3343079499900341	0.11830877233296633	0.12247642502188683
3052537	1	0.3327166885137558	0.20303436275571585	0.32303236424922943	0.3424409478902817	0.23587427288293839	0.3398343473672867	0.08914619497954845	0.22290721908211708	0.2780689336359501	0.4868154004216194	0.06567773595452309	0.17847242206335068	0.2517969012260437	0.16732080839574337	0.14626547694206238	0.42714089900255203	0.2574375197291374	0.4225131943821907	0.10053788032382727	0.12896639667451382
3052555	1	0.6422629654407501	0.17455418221652508	0.433736314997077	0.5297478102147579	0.21600021235644817	0.5142581611871719	0.22415973851457238	0.7754074893891811	0.4525958951562643	0.8615586496889591	0.24258445855230093	0.4095336254686117	0.5202579982578754	0.40868174843490124	0.3671079110354185	0.6266023367643356	0.6927052140235901	0.5204338300973177	0.08298905193805695	0.3048224523663521
3052556	1	0.3475636877119541	0.11295648105442524	0.32736053317785263	0.28600926138460636	0.2037443295121193	0.2911975532770157	0.10428160987794399	0.5514482893049717	0.3636033907532692	0.5984248071908951	0.1388551453128457	0.3579966872930527	0.28056495636701584	0.30828287079930305	0.3013938218355179	0.46429434418678284	0.40232931077480316	0.2996479980647564	0.05161416402552277	0.20843077171593904
3052557	1	0.5365350320935249	0.10125092742964625	0.29165659472346306	0.29972473718225956	0.28046390414237976	0.4849303588271141	0.11739944666624069	0.5904790386557579	0.3132401145994663	0.7253434881567955	0.17875957861542702	0.35007257014513016	0.38594934716820717	0.2520728297531605	0.30558349378407	0.6428404822945595	0.4963773339986801	0.38811930641531944	0.0507410978898406	0.20846027694642544
3052558	1	0.5130925998091698	0.14285666728392243	0.4068908169865608	0.5530275665223598	0.22314679343253374	0.47946467623114586	0.10078057972714305	0.6418963558971882	0.37688952311873436	0.8000838905572891	0.2102759014815092	0.3696286380290985	0.43725673854351044	0.3788140770047903	0.3359585627913475	0.6061192043125629	0.599378664046526	0.5344036556780338	0.06629224796779454	0.22374282917007804
3052559	0	0.6308861337602139	0.26053715497255325	0.4601440206170082	0.49187120608985424	0.2908948170952499	0.670172106474638	0.15580280497670174	0.6208592280745506	0.3543407516553998	0.7431047763675451	0.25198762491345406	0.28293317928910255	0.5504650259390473	0.4393816813826561	0.5355462171137333	0.7707322016358376	0.5126765165477991	0.587498389184475	0.14701609360054135	0.2431500842794776
3052560	1	0.5261881351470947	0.15239186817780137	0.3217673525214195	0.31772352010011673	0.23095912858843803	0.440589003264904	0.11415678448975086	0.5213343538343906	0.32783814519643784	0.6079321783035994	0.18036891613155603	0.3484580796211958	0.42801493406295776	0.3888651542365551	0.36903817392885685	0.5878893211483955	0.44154271110892296	0.42922625318169594	0.06263868534006178	0.20307726552709937
3052561	1	0.6748470701277256	0.13155851513147354	0.3659873679280281	0.36002144403755665	0.22581361792981625	0.544432807713747	0.15249665174633265	0.5475612692534924	0.3973669018596411	0.7505205646157265	0.21482845954596996	0.36752453073859215	0.48149247094988823	0.30640563927590847	0.5168529339134693	0.5864533074200153	0.5763711668550968	0.46566884592175484	0.07715364592149854	0.25664278119802475
3052562	0	0.6858368366956711	0.19389169104397297	0.3103966601192951	0.39358461648225784	0.2788836071267724	0.4869180154055357	0.10397205501794815	0.522209245711565	0.2830656850710511	0.8684002049267292	0.25086462311446667	0.3194420859217644	0.5331204235553741	0.3994325324892998	0.3991654198616743	0.6016309559345245	0.5915846675634384	0.47534430399537086	0.06617050571367145	0.23608588241040707
3052588	0	0.1976286917924881	0.10946569126099348	0.2374270111322403	0.2344638742506504	0.16825031116604805	0.19910648092627525	0.07876780070364475	0.2474174052476883	0.26267727464437485	0.3758698105812073	0.13728796876966953	0.204275231808424	0.1598695870488882	0.15465741604566574	0.20440912619233131	0.3986544534564018	0.21020867675542831	0.2325701154768467	0.04777456261217594	0.1392185129225254
3052593	0	0.45829836651682854	0.09131279028952122	0.2987956590950489	0.256703220307827	0.19160030782222748	0.34883397817611694	0.10848637390881777	0.3603404127061367	0.26090590842068195	0.6177110448479652	0.14733050484210253	0.28006333857774734	0.3564281351864338	0.32499463111162186	0.31027304008603096	0.5205853693187237	0.4393567107617855	0.37931881472468376	0.05642817332409322	0.19223322765901685
3052594	0	0.39200783148407936	0.12628731923177838	0.2991730161011219	0.25033894553780556	0.18916046898812056	0.30932388454675674	0.13687249645590782	0.5017162933945656	0.2645509419962764	0.6245160102844238	0.13535702601075172	0.29414862021803856	0.3188892938196659	0.2826767358928919	0.2889160253107548	0.604975163936615	0.43430690094828606	0.32671622559428215	0.03759112488478422	0.1824756539426744
3052595	0	0.46910218335688114	0.14101460622623563	0.33273938298225403	0.40899863094091415	0.22629837784916162	0.38206934183835983	0.12931665405631065	0.5726189278066158	0.4284956380724907	0.644550409168005	0.19284334778785706	0.318654241040349	0.431854285299778	0.38960959762334824	0.3629987798631191	0.5351443756371737	0.38825823366642	0.41099507361650467	0.059515709057450294	0.17492223344743252
3052596	0	0.4552618758752942	0.13269748724997044	0.323166124522686	0.3630164787173271	0.22067468240857124	0.4267703555524349	0.12643931061029434	0.5350864864885807	0.3657139800488949	0.7443116307258606	0.21888931840658188	0.3181520076468587	0.3056892082095146	0.33671945985406637	0.2932781055569649	0.5989245176315308	0.4744556397199631	0.48726028576493263	0.0655279797501862	0.20796506106853485
3052597	1	0.48093555122613907	0.14721625205129385	0.38167326524853706	0.5182623714208603	0.195279311388731	0.43794820457696915	0.11487427726387978	0.7380886487662792	0.3463217727839947	0.8303552865982056	0.21532669197767973	0.4322888422757387	0.44485481455922127	0.37015050277113914	0.3022814877331257	0.7220928445458412	0.4440706893801689	0.5953121669590473	0.06190418126061559	0.22076283395290375
3052598	0	0.5241885669529438	0.16348843509331346	0.30745882354676723	0.373828899115324	0.23311319947242737	0.36828451976180077	0.1328271790407598	0.5337290093302727	0.39788597263395786	0.6268034130334854	0.19763019029051065	0.3316781483590603	0.41287579014897346	0.3655899725854397	0.3587019331753254	0.5895247422158718	0.42627590149641037	0.4217360131442547	0.06347633991390467	0.17090296046808362
3052599	1	0.5248065814375877	0.1504432582296431	0.29830271378159523	0.30721784196794033	0.28802012372761965	0.4092182517051697	0.10305844806134701	0.5071485824882984	0.32604600489139557	0.6615667268633842	0.18979912251234055	0.3313389401882887	0.3770018257200718	0.34401678666472435	0.34630210883915424	0.6638746298849583	0.4674803093075752	0.43676621094346046	0.07177498703822494	0.1958166267722845
3052600	1	0.5476885810494423	0.21046595880761743	0.37746650725603104	0.5472067017108202	0.3081788867712021	0.5163203366100788	0.13241962669417262	0.6070699356496334	0.352058750577271	0.8366954922676086	0.18566131219267845	0.3662630766630173	0.48850880190730095	0.3257818017154932	0.37758174538612366	0.6479914262890816	0.41071921959519386	0.5378660373389721	0.06971724703907967	0.15433858707547188
3052601	0	0.5968028493225574	0.18924359465017915	0.45032266341149807	0.5606787130236626	0.3061084430664778	0.5281853377819061	0.14882814045995474	0.6795478612184525	0.4399284180253744	0.8045951016247272	0.2213167930021882	0.4356170352548361	0.4790477454662323	0.4693114124238491	0.44404301047325134	0.7828713543713093	0.48413558304309845	0.6844879761338234	0.08625663397833705	0.2086713695898652
3052602	1	0.43368757888674736	0.12643011007457972	0.2685669455677271	0.25325581058859825	0.20111797377467155	0.36135417595505714	0.09159827511757612	0.48305270448327065	0.27912769839167595	0.5893842838704586	0.15280047059059143	0.31433936581015587	0.3429326042532921	0.32656313106417656	0.3184494413435459	0.4745319113135338	0.4023673087358475	0.3448129631578922	0.056649710750207305	0.17897752672433853
3052604	0	0.12021531164646149	0.03349282220005989	0.040071770548820496	0.040071770548820496	0.03199760615825653	0.09061004966497421	0.018241627141833305	0.03050239197909832	0.020933015272021294	0.09300239384174347	0.01764354109764099	0.017045455053448677	0.0717703327536583	0.026614831760525703	0.06549043208360672	0.07625597715377808	0.06459330022335052	0.09001196175813675	0.022428229451179504	0.02900717779994011
3052605	0	0.11098027974367142	0.035914041101932526	0.04474536329507828	0.043273475021123886	0.030909625813364983	0.08595819771289825	0.023255813866853714	0.032381512224674225	0.02943773940205574	0.09802766889333725	0.01648513413965702	0.024433324113488197	0.061524875462055206	0.024433324113488197	0.056226082146167755	0.06535178422927856	0.06888431310653687	0.09655578434467316	0.026788342744112015	0.024433324113488197
3052606	1	0.16112186014652252	0.04706640914082527	0.07524178177118301	0.03384913131594658	0.03513862192630768	0.18156028538942337	0.01869761385023594	0.11695680394768715	0.054932303726673126	0.16241135448217392	0.08633140288293362	0.028046421706676483	0.15770470723509789	0.028368793427944183	0.29619600623846054	0.1045776940882206	0.14629271626472473	0.18027079105377197	0.021598968654870987	0.06363636627793312
3052607	0	0.10218068212270737	0.028348909690976143	0.043302182108163834	0.04267912730574608	0.03208722919225693	0.08785046637058258	0.023364486172795296	0.03769470378756523	0.023052958771586418	0.10778816044330597	0.013395638205111027	0.02274143323302269	0.0707165077328682	0.020249221473932266	0.06386292725801468	0.0735202506184578	0.07009346038103104	0.08255451917648315	0.025545170530676842	0.02897196263074875
3052608	1	0.09676296263933182	0.032718412578105927	0.04420466348528862	0.0449008010327816	0.03028193488717079	0.0898016020655632	0.017403410747647285	0.03550295904278755	0.02888966165482998	0.10546467453241348	0.020884092897176743	0.017751479521393776	0.0671771690249443	0.021232161670923233	0.06056386977434158	0.06996171176433563	0.06543682515621185	0.09676296263933182	0.026105117052793503	0.028193525969982147
3052609	0	0.12169919908046722	0.033582091331481934	0.043628014624118805	0.04075774922966957	0.03243398293852806	0.09385763853788376	0.02238805964589119	0.02985074557363987	0.026119403541088104	0.09931113570928574	0.01578645221889019	0.017221584916114807	0.06285878270864487	0.02066590078175068	0.05797933414578438	0.07089552283287048	0.06716418266296387	0.08983926475048065	0.02497129701077938	0.02898966707289219
3052610	1	0.19594878889620304	0.09044244978576899	0.14206119999289513	0.060938917100429535	0.08606793731451035	0.34541232138872147	0.05961177684366703	0.07569769583642483	0.08526434190571308	0.27524545788764954	0.05125285964459181	0.03218586277216673	0.38000813871622086	0.04949353542178869	0.28968509286642075	0.2114775963127613	0.19145487248897552	0.18306322768330574	0.09704204276204109	0.09764590673148632
3052611	0	0.09388016909360886	0.03620634227991104	0.044857416301965714	0.04197372496128082	0.03075937181711197	0.09323934465646744	0.017942966893315315	0.03107978217303753	0.03684716299176216	0.10669656842947006	0.017942966893315315	0.018263377249240875	0.06824735552072525	0.019224608317017555	0.06183915585279465	0.06728612631559372	0.06568407267332077	0.09355975687503815	0.026273630559444427	0.028196090832352638
3052612	0	0.10358680039644241	0.03931133449077606	0.04505021497607231	0.043615493923425674	0.02840746007859707	0.09325681626796722	0.018364418298006058	0.042180776596069336	0.02926829271018505	0.09870874881744385	0.018938306719064713	0.024103300645947456	0.05911047384142876	0.018651362508535385	0.05738880857825279	0.06915351748466492	0.06599713116884232	0.09153515100479126	0.024677187204360962	0.028694404289126396
3052613	0	0.18873517960309982	0.05478700064122677	0.055555556900799274	0.04512516409158707	0.036780851893126965	0.27272728085517883	0.05983750522136688	0.06949934363365173	0.07465963810682297	0.2099253386259079	0.041611770167946815	0.05720246024429798	0.12681159377098083	0.02503293752670288	0.10529204830527306	0.11572244018316269	0.16040843725204468	0.19049187749624252	0.08146684058010578	0.028326746076345444
3052614	0	0.09656796604394913	0.04172274470329285	0.04172274470329285	0.043405115604400635	0.03364737704396248	0.09353970736265182	0.02119784615933895	0.03028263710439205	0.027927322313189507	0.10733512789011002	0.01648721471428871	0.022543741390109062	0.0666218027472496	0.01985195092856884	0.06426648795604706	0.06325706839561462	0.061574697494506836	0.0938761755824089	0.026244953274726868	0.027927322313189507
3052616	0	0.060302797704935074	0.02232486568391323	0.040030792355537415	0.07056710124015808	0.03104952536523342	0.06620477139949799	0.022581472992897034	0.06594816595315933	0.0721067488193512	0.09468822181224823	0.023864511400461197	0.042083654552698135	0.042083654552698135	0.0336156003177166	0.05337439104914665	0.056710291653871536	0.07082371413707733	0.07364639639854431	0.01642289012670517	0.04157043993473053
3052618	0	0.062387675046920776	0.01925545558333397	0.04569961503148079	0.06829268485307693	0.031578946858644485	0.0744544267654419	0.021309370175004005	0.056739408522844315	0.0731707289814949	0.09730423986911774	0.02336328662931919	0.041848525404930115	0.04236200079321861	0.031835686415433884	0.05160462111234665	0.04749679192900658	0.07496790587902069	0.07804878056049347	0.015661103650927544	0.04261874035000801
3052619	1	0.10387982428073883	0.019057171419262886	0.056499041616916656	0.12477204576134682	0.030090270563960075	0.17749840021133423	0.043790463358163834	0.15284490212798119	0.11992796510457993	0.1667274534702301	0.04755174741148949	0.04972873255610466	0.10095058009028435	0.06668870523571968	0.18927236646413803	0.17690571770071983	0.13964620977640152	0.14265523850917816	0.02716102823615074	0.06435214728116989
3052620	0	0.06642729043960571	0.018979225307703018	0.046678636223077774	0.06847909837961197	0.02898178994655609	0.07591690123081207	0.020005129277706146	0.055911771953105927	0.07360861450433731	0.0987432673573494	0.02308284118771553	0.0366760715842247	0.04590920731425285	0.03334188088774681	0.05360348895192146	0.05026929825544357	0.06719671934843063	0.07796870917081833	0.016927417367696762	0.04129263758659363
3052622	0	0.06341463327407837	0.019512195140123367	0.0444159172475338	0.06854942440986633	0.03234916552901268	0.07573812454938889	0.01925545558333397	0.05725288763642311	0.07830552011728287	0.09550706297159195	0.02336328662931919	0.03722721338272095	0.04210526496171951	0.02952503226697445	0.05109114199876785	0.05134788155555725	0.07240051031112671	0.07933247834444046	0.016688061878085136	0.04261874035000801
3052625	0	0.06336583197116852	0.018984094262123108	0.04617752879858017	0.06695741415023804	0.03258081153035164	0.07414058595895767	0.020266802981495857	0.054130323231220245	0.07567983865737915	0.09748589247465134	0.024371473118662834	0.040790148079395294	0.04361210763454437	0.03078501857817173	0.04874294623732567	0.05002565309405327	0.07670599967241287	0.07696254551410675	0.01616213470697403	0.04207285866141319
3052626	0	0.06370905041694641	0.019344855099916458	0.0464276485145092	0.06680423021316528	0.03120969794690609	0.07247871905565262	0.01986071653664112	0.06835182011127472	0.07763735204935074	0.0969822034239769	0.02398761920630932	0.040753159672021866	0.04513799399137497	0.03043590486049652	0.048749033361673355	0.04952282831072807	0.06964147835969925	0.0719628557562828	0.016249677166342735	0.040753159672021866
3052627	0	0.21764402464032173	0.08775945729576051	0.15941675379872322	0.1874193176627159	0.23667562752962112	0.1702405996620655	0.04639569530263543	0.35589590668678284	0.3079754710197449	0.5303174182772636	0.11113904230296612	0.23377108946442604	0.13006033562123775	0.09301147796213627	0.1554824374616146	0.3882483169436455	0.20883005484938622	0.19896161928772926	0.09141065017320216	0.0893446858972311
3052631	0	0.19721589237451553	0.055768058402463794	0.1456972360610962	0.1845295988023281	0.13768896833062172	0.15920527651906013	0.047349995002150536	0.20730456709861755	0.15868547931313515	0.3145788908004761	0.0721158143132925	0.1781143844127655	0.09475707821547985	0.09876915253698826	0.18790817633271217	0.23238229751586914	0.19397102668881416	0.23533976450562477	0.022066934034228325	0.07655142061412334
3052633	0	0.18864605203270912	0.09189399448223412	0.16434238478541374	0.27180274575948715	0.22119884938001633	0.2790133208036423	0.054784552194178104	0.3188716620206833	0.38412125408649445	0.4009489566087723	0.15437039360404015	0.17926153726875782	0.12217341177165508	0.06474616378545761	0.16023089550435543	0.3110181726515293	0.237348273396492	0.23059934377670288	0.04245462012477219	0.12217341177165508
3052640	1	0.21869106218218803	0.09080353286117315	0.23729349672794342	0.2685050554573536	0.18777911737561226	0.23430553078651428	0.07649079710245132	0.2559339255094528	0.2842332795262337	0.36666591465473175	0.12838769145309925	0.1710527017712593	0.17018851079046726	0.11566434986889362	0.2074156515300274	0.36586689949035645	0.19696814566850662	0.2262767255306244	0.061899565160274506	0.13557801954448223
3052641	1	0.2664077254012227	0.2624437212944031	0.2310729594901204	0.24699780717492104	0.39126985147595406	0.24577597342431545	0.09086859039962292	0.2703736210241914	0.22766706347465515	0.5228162333369255	0.16089462488889694	0.20155949611216784	0.17871875688433647	0.13909620232880116	0.22922667860984802	0.42266707867383957	0.22362173069268465	0.4307163991034031	0.0996197173371911	0.15818578749895096
3052643	1	0.26674553751945496	0.2045324807986617	0.28628190606832504	0.2334233783185482	0.3303873725235462	0.24791882187128067	0.10786350257694721	0.30290714651346207	0.29681311175227165	0.5455804094672203	0.16990369744598866	0.1862853690981865	0.18588492646813393	0.14850515313446522	0.22782635688781738	0.42886241152882576	0.2227940745651722	0.3430180326104164	0.10071861278265715	0.16374769620597363
3052647	1	0.21938906237483025	0.10229470999911427	0.21963977813720703	0.2796553336083889	0.19191455096006393	0.22847630456089973	0.08701897226274014	0.255963284522295	0.2853317894041538	0.3814797028899193	0.11759518831968307	0.18416648358106613	0.16176455095410347	0.11733362078666687	0.2017011046409607	0.3549654707312584	0.20582440495491028	0.21053333207964897	0.05226917704567313	0.14268318191170692
3052660	1	0.21055197715759277	0.09000737685710192	0.22673829272389412	0.26917098835110664	0.18908125907182693	0.24084320664405823	0.07408889848738909	0.2703278586268425	0.28045646101236343	0.34728023409843445	0.13310654275119305	0.16789540648460388	0.16644197516143322	0.12135125324130058	0.20877720043063164	0.37845345586538315	0.19272604957222939	0.23259789124131203	0.061343821696937084	0.13875983469188213
3052662	1	0.3046394996345043	0.09310304187238216	0.21626394242048264	0.2586277015507221	0.17654670774936676	0.23406358808279037	0.08004008792340755	0.24729477986693382	0.2473937440663576	0.371465303003788	0.12850688211619854	0.13632139749825	0.18284947052598	0.11473756097257137	0.21558823809027672	0.33918996155261993	0.21512161940336227	0.27281569689512253	0.05164939817041159	0.11378139816224575
3052664	1	0.25680195912718773	0.12751830089837313	0.2363884374499321	0.22277672961354256	0.16592886298894882	0.26606395840644836	0.09063635114580393	0.22252679243683815	0.277915146201849	0.3622373789548874	0.13586148619651794	0.1482086516916752	0.16861510276794434	0.12099376879632473	0.24836473166942596	0.3403620161116123	0.1867804080247879	0.25253933668136597	0.07655882276594639	0.09292177483439445
3052665	1	0.28504490479826927	0.08553524920716882	0.21551524475216866	0.23968025296926498	0.18349695578217506	0.22984008118510246	0.08812778163701296	0.24790837988257408	0.22972596064209938	0.37097208201885223	0.13482410833239555	0.16934219375252724	0.15230830945074558	0.1265646042302251	0.23077331483364105	0.38288115710020065	0.20899255946278572	0.2457335703074932	0.052134472876787186	0.12059884890913963
3052666	1	0.24887105077505112	0.07987503800541162	0.2091400884091854	0.2724832147359848	0.16489543579518795	0.20360002852976322	0.08032497577369213	0.26577742397785187	0.34398943930864334	0.38543712347745895	0.1268261494114995	0.1580064557492733	0.18624666333198547	0.11138453148305416	0.2095857560634613	0.33928218483924866	0.2054603099822998	0.23444729670882225	0.04927973076701164	0.12508713081479073
3052676	1	0.3051900044083595	0.09262801497243345	0.23336144536733627	0.24767079949378967	0.1821393258869648	0.23472477495670319	0.09392123203724623	0.22063500061631203	0.2144139837473631	0.37645273655653	0.146445969119668	0.1502552181482315	0.20988282188773155	0.11808352172374725	0.2375800497829914	0.31824183091521263	0.18064182437956333	0.27686697989702225	0.048329174518585205	0.11253526620566845
3052681	1	0.26978209242224693	0.09172756224870682	0.23462378233671188	0.25940917804837227	0.185614425688982	0.23700634390115738	0.09832591190934181	0.25764334946870804	0.2238325048238039	0.3508572056889534	0.1332127209752798	0.14967631548643112	0.14558036997914314	0.14044330269098282	0.24726241454482079	0.3655007407069206	0.19122418388724327	0.2536741606891155	0.0452152993530035	0.11938812211155891
3052684	1	0.28507469594478607	0.24525556806474924	0.26252520456910133	0.28077195957303047	0.30232512578368187	0.252337709069252	0.1194159360602498	0.30026569589972496	0.29447124153375626	0.5645198225975037	0.20055182836949825	0.1779700629413128	0.17054855916649103	0.1585264066234231	0.21495682559907436	0.377729257568717	0.21834863349795341	0.32640016078948975	0.07908823806792498	0.16891708970069885
3052686	1	0.29917811788618565	0.08314676955342293	0.3005240373313427	0.34597521647810936	0.20361082069575787	0.28595391288399696	0.08462329488247633	0.3295541778206825	0.3270163405686617	0.545401468873024	0.18411637470126152	0.15501491073518991	0.23828649520874023	0.13369659706950188	0.3536223918199539	0.37055546045303345	0.29175179451704025	0.29041818901896477	0.05090624000877142	0.12664738669991493
3052690	1	0.32542478293180466	0.07908839173614979	0.2880476117134094	0.27005717158317566	0.21960416436195374	0.4961201995611191	0.0697220005095005	0.3201373293995857	0.3309437185525894	0.46484457701444626	0.21700740978121758	0.1782875433564186	0.21118474379181862	0.09704006649553776	0.31556882709264755	0.35372694209218025	0.2148997224867344	0.29068760201334953	0.11259694211184978	0.14501027390360832
3052713	1	0.12294963747262955	0.028297764249145985	0.13324281945824623	0.09906232729554176	0.0759514607489109	0.1326679140329361	0.05105222761631012	0.12356485053896904	0.11994781345129013	0.15931520611047745	0.03370316978543997	0.11849887669086456	0.11828036978840828	0.090557511895895	0.08698077872395515	0.11327167227864265	0.16881497204303741	0.1022423543035984	0.06112690456211567	0.06047138012945652
3052714	1	0.1370066162198782	0.03779525309801102	0.12737607629969716	0.1426264252513647	0.17801672965288162	0.1654903870075941	0.06758453929796815	0.20719027519226074	0.20753280818462372	0.3618828281760216	0.06813894025981426	0.1792839951813221	0.15673331543803215	0.13853049464523792	0.1348658837378025	0.18760902807116508	0.22958393394947052	0.08544591860845685	0.09686345979571342	0.0904430951923132
3052716	1	0.10711697861552238	0.025669068098068237	0.09956162422895432	0.12853673473000526	0.06941995024681091	0.1326584592461586	0.07386065647006035	0.137497890740633	0.15724069997668266	0.13147593289613724	0.039294226095080376	0.14336035400629044	0.11152579262852669	0.10267627239227295	0.07092145085334778	0.10109502822160721	0.17053092271089554	0.07093740254640579	0.057248447090387344	0.06937210261821747
3052717	1	0.19271646440029144	0.03194656316190958	0.1565239019691944	0.1784258671104908	0.14791269227862358	0.16953126899898052	0.0953118447214365	0.07925030589103699	0.20067143440246582	0.2118367739021778	0.05958208441734314	0.1581151857972145	0.1470504365861416	0.10153455659747124	0.22215387970209122	0.20218993350863457	0.24529410153627396	0.2582922838628292	0.07484640926122665	0.06681406684219837
3052718	0	0.15181414783000946	0.029206938110291958	0.10518093407154083	0.09953532740473747	0.07315118983387947	0.15061550214886665	0.044993069022893906	0.09490656852722168	0.11100034788250923	0.14467023313045502	0.041421111673116684	0.12723596394062042	0.11679578572511673	0.11680377647280693	0.08313389495015144	0.11606261506676674	0.15986503660678864	0.11040102690458298	0.05408477783203125	0.06912175565958023
3052720	0	0.11266951635479927	0.02935053128749132	0.08029261976480484	0.12065025418996811	0.06971859931945801	0.1308068372309208	0.05504072457551956	0.12022238597273827	0.10510621033608913	0.15799716860055923	0.05288052745163441	0.159296415746212	0.12476454302668571	0.10058492422103882	0.07057955116033554	0.10986490920186043	0.2132544368505478	0.07230666652321815	0.0459720641374588	0.06864110939204693
3052723	0	0.15437112003564835	0.07372298091650009	0.17142683640122414	0.19280292838811874	0.14272864907979965	0.17072555422782898	0.07039336860179901	0.19543280452489853	0.2352757565677166	0.3031727820634842	0.09361438453197479	0.15513591095805168	0.1433858722448349	0.07733900286257267	0.13410086557269096	0.23335431516170502	0.17484182864427567	0.17487598955631256	0.025026126764714718	0.07827289588749409
3052724	0	0.23082228563725948	0.17073269933462143	0.23184113763272762	0.23322442825883627	0.2726849801838398	0.377876041457057	0.08784682583063841	0.29368477407842875	0.2694788835942745	0.463361419737339	0.22496591601520777	0.1894116923213005	0.24618835374712944	0.15192784555256367	0.22671474982053041	0.4075908437371254	0.3763085827231407	0.3988358788192272	0.04478312283754349	0.10171956941485405
3052727	0	0.17068632505834103	0.08008349034935236	0.1816616216674447	0.23695000261068344	0.2252994030714035	0.18727589957416058	0.12655235268175602	0.2890949249267578	0.25696243438869715	0.4746811240911484	0.14622131548821926	0.20148426108062267	0.1720264721661806	0.13121091201901436	0.22427988052368164	0.30760954692959785	0.2054973654448986	0.28225310146808624	0.02952266577631235	0.07064691558480263
3052729	0	0.2678835242986679	0.08077236032113433	0.34749941155314445	0.3373740054666996	0.17800749652087688	0.3540165536105633	0.1011159447953105	0.5662836283445358	0.381181962788105	0.5316155143082142	0.14477104414254427	0.39122549816966057	0.23486833088099957	0.26138694770634174	0.2929127383977175	0.5192374959588051	0.4489852450788021	0.3051740415394306	0.05366644659079611	0.20202180463820696
3052731	0	0.44335195049643517	0.09091204521246254	0.39641307294368744	0.3943011574447155	0.2386693162843585	0.4703390449285507	0.17264898866415024	0.43784383684396744	0.3807485103607178	0.6620733141899109	0.12569863628596067	0.32665209472179413	0.306656202301383	0.23805494606494904	0.48600101098418236	0.5399543829262257	0.45467472076416016	0.5534413903951645	0.07616690173745155	0.20539847388863564
3052733	0	0.3328811228275299	0.09537939773872495	0.3212536871433258	0.3569304086267948	0.15301821753382683	0.3947824388742447	0.10399976465851068	0.5241422355175018	0.4008297808468342	0.5692950934171677	0.14996536076068878	0.3370835855603218	0.24081052653491497	0.19324559718370438	0.2987481374293566	0.5104910582304001	0.3903598003089428	0.3752375990152359	0.05158978048712015	0.19995639473199844
3052748	0	0.19360043853521347	0.0723617821931839	0.15586533397436142	0.21033867448568344	0.11767872422933578	0.1821587234735489	0.07251985371112823	0.23419946432113647	0.25651461631059647	0.24384675174951553	0.06361225061118603	0.167479258030653	0.0904308557510376	0.07773201167583466	0.13274217024445534	0.21559308841824532	0.1762370504438877	0.17128479853272438	0.026705491356551647	0.139098659157753
3052759	1	0.19788971170783043	0.08107870910316706	0.2310866415500641	0.2599179781973362	0.2705615237355232	0.18685313314199448	0.1306534893810749	0.24456779658794403	0.2663440704345703	0.3921789973974228	0.07702661119401455	0.2142987996339798	0.1785503812134266	0.13612744957208633	0.22857331857085228	0.31479888409376144	0.21206579357385635	0.21660754457116127	0.0343923163600266	0.12642688862979412
3052762	0	0.4769659535959363	0.436515836045146	0.9834725894033909	0.8613377716392279	0.7548515070229769	0.6707982160151005	0.3010789379477501	1.271789938211441	1.0107699129730463	1.5217191502451897	0.5074543645605445	0.8423643913120031	0.4287356734275818	0.435504331253469	0.6063871085643768	1.1664965208619833	0.768396969884634	1.1661715023219585	0.12715883646160364	0.6620305050164461
3052763	0	0.32041556760668755	0.1374386283569038	0.4446275420486927	0.3932224288582802	0.29642886482179165	0.31237838603556156	0.22536667343229055	0.4725087210536003	0.5560299977660179	0.6976014450192451	0.17707486264407635	0.3029678538441658	0.3321236986666918	0.18162484653294086	0.2626391164958477	0.6279033906757832	0.44588880613446236	0.4626728929579258	0.07200945168733597	0.27907686680555344
3052764	0	0.32192958518862724	0.15718437172472477	0.44599804282188416	0.40694694966077805	0.32524535804986954	0.3270462416112423	0.18305945303291082	0.4152588378638029	0.587811678647995	0.690533235669136	0.1980428211390972	0.31670234724879265	0.3184473607689142	0.18205149937421083	0.2631869977340102	0.5304191634058952	0.4784572012722492	0.4851735420525074	0.06647987756878138	0.3000254202634096
3052765	0	0.29901006259024143	0.15229991264641285	0.38205182179808617	0.3312614969909191	0.28754959627985954	0.2612440288066864	0.171174805611372	0.4001513198018074	0.5532147139310837	0.610048197209835	0.15744515135884285	0.23791863210499287	0.2549825683236122	0.16511337459087372	0.1817051861435175	0.4888371601700783	0.39721115306019783	0.37224428728222847	0.057387043721973896	0.23914947547018528
3052767	0	0.4200403578579426	0.17241640202701092	0.4715619646012783	0.3763176426291466	0.3932206891477108	0.30225185491144657	0.206718472763896	0.5507578402757645	0.6711564883589745	0.7873551994562149	0.2277236022055149	0.372730266302824	0.38003657571971416	0.26799069344997406	0.34769309125840664	0.617493886500597	0.5035768412053585	0.48911071196198463	0.0960262541193515	0.3458211347460747
3052770	1	0.16146519780158997	0.018365232041105628	0.11349676921963692	0.10888607427477837	0.07697753608226776	0.13307325914502144	0.05556435603648424	0.07626629248261452	0.07188992574810982	0.17270315438508987	0.04231808893382549	0.08874686062335968	0.17485997825860977	0.08791845291852951	0.11201982945203781	0.13502711802721024	0.11556778848171234	0.13118211925029755	0.05796376895159483	0.06570822186768055
3052788	0	0.21243994310498238	0.08358173165470362	0.21545184403657913	0.2532496005296707	0.14128987304866314	0.23988693580031395	0.06912370584905148	0.30073896050453186	0.35631097108125687	0.39024967700242996	0.06317614670842886	0.1333155818283558	0.1499868482351303	0.1390933133661747	0.16711906902492046	0.3221035748720169	0.27405906468629837	0.30102187022566795	0.04277242813259363	0.14502889290452003
3052789	1	0.17037781327962875	0.08066728431731462	0.1684720180928707	0.1825929470360279	0.12557698227465153	0.1734044924378395	0.06627274304628372	0.20571072399616241	0.2253814935684204	0.2806905433535576	0.08146033249795437	0.12363974004983902	0.12049031630158424	0.138163760304451	0.12085673958063126	0.21708616614341736	0.19205426424741745	0.16418001800775528	0.0420038397423923	0.12091779336333275
3052801	1	0.2730370182543993	0.14996947534382343	0.23005783185362816	0.2767264526337385	0.3547726832330227	0.3209414966404438	0.09060482122004032	0.2866264469921589	0.265180092304945	0.5459482744336128	0.17843236774206161	0.1808194350451231	0.17791243642568588	0.15667516365647316	0.26340223103761673	0.3783973455429077	0.2560318522155285	0.36476707831025124	0.11090495996177197	0.13879257068037987
3052808	1	0.16853855922818184	0.026698626577854156	0.09911588579416275	0.1373555287718773	0.07216193713247776	0.13402685895562172	0.04242255538702011	0.10377684235572815	0.12450531870126724	0.1922290325164795	0.06974318437278271	0.08020724356174469	0.1076718345284462	0.08020724356174469	0.12208656594157219	0.1061399057507515	0.113985575735569	0.1348254233598709	0.026698626577854156	0.057603247463703156
3052811	1	0.3132448270916939	0.08958647819235921	0.2592457998543978	0.333916075527668	0.2179193589836359	0.1932944692671299	0.17467321828007698	0.30343713983893394	0.45456238090991974	0.4758023414760828	0.16470557264983654	0.1908448040485382	0.18734699487686157	0.13170061446726322	0.2883961331099272	0.40153732150793076	0.33176591247320175	0.334381852298975	0.058663311414420605	0.0949754323810339
3060057	1	0.12177170068025589	0.03582935826852918	0.12936856970191002	0.12925558909773827	0.07364214770495892	0.14739518240094185	0.05782492272555828	0.11275839060544968	0.12233869358897209	0.14161436259746552	0.03305088263005018	0.10742949321866035	0.11820027232170105	0.0916687585413456	0.11315591260790825	0.11513934284448624	0.12415265291929245	0.09558122232556343	0.024207047186791897	0.10561553388834
3060422	1	0.3118042554706335	0.08743350487202406	0.17292207852005959	0.403761588037014	0.1306001152843237	0.3196883052587509	0.08537450432777405	0.2251640185713768	0.43852198123931885	0.5074497498571873	0.09955092007294297	0.15207954496145248	0.2752908244729042	0.2327631525695324	0.31967761367559433	0.4176071546971798	0.2774389982223511	0.36165961250662804	0.08959199395030737	0.09162010625004768
3060463	1	0.21027175337076187	0.06528037413954735	0.14553048461675644	0.18418923765420914	0.1408863477408886	0.1288212239742279	0.06549514271318913	0.24883128702640533	0.23641974478960037	0.2759997993707657	0.08007774874567986	0.14140312001109123	0.11600936204195023	0.11717067286372185	0.1304740607738495	0.1892688013613224	0.23441464453935623	0.14565350115299225	0.03244623076170683	0.11135646514594555
3060503	1	0.05719313770532608	0.019357677549123764	0.05983281880617142	0.07787065207958221	0.054553452879190445	0.034755829721689224	0.022437307983636856	0.07743071019649506	0.08578970283269882	0.09458865225315094	0.029476461932063103	0.0549934022128582	0.033435989171266556	0.036955565214157104	0.04531456157565117	0.05631324276328087	0.06379234790802002	0.04971403256058693	0.008358997292816639	0.037835460156202316
3060504	1	0.20527731999754906	0.082704558968544	0.1467258259654045	0.19250449538230896	0.12813585996627808	0.18267687037587166	0.07689436711370945	0.15122482180595398	0.2108451910316944	0.28380290418863297	0.0678572179749608	0.100230872631073	0.13757488131523132	0.11870035901665688	0.14330628514289856	0.27810489386320114	0.17228945717215538	0.1911265142261982	0.05273516569286585	0.07728215679526329
3060506	1	0.24591954052448273	0.0847459826618433	0.20800881832838058	0.24181163683533669	0.1455284934490919	0.2339666299521923	0.11963124945759773	0.272440105676651	0.26496701315045357	0.4343644827604294	0.07639052905142307	0.1556317489594221	0.19016419723629951	0.11096552759408951	0.16689816676080227	0.33750903606414795	0.3019471541047096	0.22579742223024368	0.05341907497495413	0.129893209785223
3060740	1	0.31455740891397	0.1970561952330172	0.39180812798440456	0.4415169842541218	0.26340623013675213	0.444615226238966	0.23950256034731865	0.5465615913271904	0.5929130986332893	0.8551071807742119	0.21517022978514433	0.34061638079583645	0.4075445719063282	0.22922591492533684	0.3948226924985647	0.8018116354942322	0.5497192032635212	0.3769841957837343	0.12980230059474707	0.2672582920640707
306276	0	0.9763778783380985	0.1779309343546629	0.6322821024805307	0.9554574452340603	0.5002757469192147	0.6693973988294601	0.3248718176037073	0.8760881423950195	0.8023213911801577	1.4830568507313728	0.42634839937090874	0.5617693904787302	0.6180084124207497	0.5402746964246035	0.8242860212922096	0.8038479536771774	1.0833967290818691	1.088412756100297	0.18370877485722303	0.47188720386475325
3067642	1	0.2819210458546877	0.11305523873306811	0.16817756928503513	0.2509451247751713	0.1536319274455309	0.33632388710975647	0.08008741517551243	0.17838343232870102	0.2285474594682455	0.44486669450998306	0.0969355208799243	0.18813598901033401	0.2151479870080948	0.17683518305420876	0.14231990464031696	0.2762354351580143	0.21594422310590744	0.2381114810705185	0.10842098388820887	0.10597351659089327
3092269	1	0.05048187077045441	0.021110601723194122	0.05828361585736275	0.054153282195329666	0.046810463070869446	0.054612208157777786	0.024323083460330963	0.06333180516958237	0.07159247249364853	0.08581918478012085	0.030289122834801674	0.05048187077045441	0.043597981333732605	0.039008717983961105	0.030289122834801674	0.07893528789281845	0.07434602826833725	0.07067462056875229	0.012391004711389542	0.039467643946409225
310907	0	0.06873008608818054	0.020937642082571983	0.049613106995821	0.049157943576574326	0.047337278723716736	0.0710059180855751	0.019116977229714394	0.06144742667675018	0.046882111579179764	0.08010923862457275	0.023668639361858368	0.05325443670153618	0.050978608429431915	0.039599452167749405	0.048702776432037354	0.0678197517991066	0.0728265792131424	0.07464724779129028	0.014110149815678596	0.04005461931228638
311228	0	0.7675926461815834	0.1744816794525832	0.6517349481582642	0.4523447025567293	0.5652237478643656	0.5760515630245209	0.4070502780377865	0.8670328818261623	0.3825877495110035	1.1835046038031578	0.2957338700070977	0.5126884337514639	0.7749734483659267	0.40424082800745964	0.632977556437254	1.0255680307745934	0.9291295483708382	0.8214986063539982	0.08726133173331618	0.4883235255256295
311229	0	0.9457141011953354	0.1898653218522668	0.7924471274018288	0.5073730032891035	0.4806583411991596	0.7747870646417141	0.3780735954642296	0.7387598715722561	0.36799012683331966	1.1098796892911196	0.3813756173476577	0.4731392730027437	0.7214174959808588	0.38953126035630703	0.8902541548013687	1.244139701128006	0.8353369813412428	1.1578272357583046	0.1666986222844571	0.45473141968250275
312185	0	0.15222866088151932	0.03815372660756111	0.11600617691874504	0.06866743788123131	0.051757436245679855	0.09832367673516273	0.043174970895051956	0.07978370040655136	0.06248744577169418	0.20690613985061646	0.05506373010575771	0.08364619314670563	0.16836616396903992	0.08364619314670563	0.0963924303650856	0.23184240609407425	0.134159903973341	0.1576361507177353	0.013132483698427677	0.05862495303153992
3161185	1	0.5413446174934506	0.29106216272339225	0.40704181510955095	0.3351202644407749	0.5801161304116249	0.52858517318964	0.14179834397509694	0.5188416447490454	0.4083572942763567	0.9403326623141766	0.22982956003397703	0.5013355780392885	0.38768281415104866	0.2666659075766802	0.3267261600121856	0.6639991961419582	0.5567630920559168	0.8555949367582798	0.13594440184533596	0.3828582502901554
318279	1	0.6664518713951111	0.17905663698911667	0.2731076944619417	0.5445357915014029	0.2386936154216528	0.7560246139764786	0.20818058960139751	0.2206296231597662	0.25728393346071243	0.8901581913232803	0.097636962775141	0.26345615088939667	0.6614303514361382	0.44646046310663223	0.6231001876294613	0.5051312502473593	0.4509568875655532	0.37707651033997536	0.20272277668118477	0.13790593296289444
3240447	1	0.7762613128870726	0.17887992388568819	0.7516550254076719	0.7600688189268112	0.4753253674134612	0.7075127493590117	0.3573242067359388	0.9240012802183628	0.8146114908158779	1.2033770307898521	0.33517216704785824	0.8405927121639252	0.44090092089027166	0.4176623122766614	0.5571559555828571	1.0620883703231812	0.6964039094746113	1.0603141263127327	0.1353023003321141	0.5053901374340057
3241402	1	2.412416523322463	0.7774771668482572	1.4841341003775597	1.8466677591204643	1.42602320574224	1.969228658825159	0.821748755639419	1.5383077953010798	1.26291672186926	3.4005982615053654	0.836750254034996	1.4998550126329064	2.1149671468883753	1.420023845974356	2.351872991770506	2.1450961204245687	1.96466566901654	2.2455803966149688	0.3787807519547641	1.1028890050947666
3241406	1	2.899461131542921	0.9355446842964739	1.7306313775479794	2.1167068732902408	1.4501821179874241	2.234506420791149	0.7603393783792853	2.2080451091751456	1.3790116962045431	3.596726482734084	1.0376164386980236	1.5505687026306987	2.2442678958177567	1.5082042440772057	2.4775881255045533	2.4541416075080633	2.398353910073638	2.2810083143413067	0.4959873715415597	1.2411082442849874
3241411	1	2.4952877946197987	0.6712646854575723	1.5588150843977928	2.0114483181387186	1.2234572125598788	2.0391360502690077	0.8493357035331428	1.4214012725278735	1.2140634511597455	3.02684408146888	0.958935659378767	1.3554309532046318	1.9558847155421972	1.2877075988799334	2.5870824167504907	2.129820216447115	1.7281472720205784	2.1914091370999813	0.38096836023032665	0.9135601911693811
3241417	1	2.5339161548763514	0.84010558295995	1.6048113061115146	1.954924700781703	1.5781143233180046	2.32165558449924	0.7826296938583255	1.4521296676248312	1.180254444014281	3.4511996395885944	0.9008443150669336	1.3451374480500817	2.0606178110465407	1.3024530597031116	2.380154689773917	2.1873546335846186	1.7863636715337634	2.692927397787571	0.4973363494500518	1.1470697168260813
3241420	1	2.3012186139822006	0.7611979735083878	1.388975976034999	1.8033298011869192	1.4382627154700458	2.1010539224371314	0.8749140340369195	1.6478128554299474	1.3031480247154832	3.293654939159751	0.9135920996777713	1.3346265563741326	1.9132440760731697	1.4888204373419285	2.437071983702481	2.177468990907073	2.05537686124444	2.2151200603693724	0.4608880481682718	1.0902221892029047
3241425	1	2.7253179475665092	0.8809400326572359	1.5817154897376895	2.0527623295783997	1.4800148028880358	2.1646575024351478	0.898183141136542	1.8057340197265148	1.3060500365681946	3.6576357651501894	0.9994158293120563	1.535050448961556	2.1897743763402104	1.7182230986654758	2.702600061893463	2.321339873597026	2.063958140090108	2.3173727160319686	0.47536642849445343	1.1238881461322308
3241426	1	2.332828912883997	0.6796768368221819	1.2184817343950272	1.7511466415598989	1.2481725737452507	1.8555568475276232	0.4982337257824838	1.3422115645371377	1.2053402727469802	3.1574098840355873	0.7867373069748282	1.447702175937593	1.7763826670125127	1.406026903539896	2.1282890010625124	1.9728241711854935	1.7148617515340447	2.1051133200526237	0.403429904486984	0.9695738647133112
3241434	1	2.4356077993288636	0.6443142753560096	1.4487388394773006	1.6457964479923248	1.285002663731575	1.7021614760160446	0.6313438978977501	1.2082022819668055	0.9821280357427895	2.694416154175997	0.7206844594329596	1.1336416909471154	2.1011038813740015	1.2977838404476643	2.089028976857662	2.1183418706059456	1.684775235131383	1.993106372654438	0.3243661243468523	0.8594557959586382
3241440	0	2.2556514404714108	0.7345212111249566	1.7095931358635426	1.9390699826180935	1.5524900825694203	2.107897851616144	0.6717339428141713	1.7152732014656067	1.192739814054221	3.205995075404644	0.8499773303046823	1.378833764232695	1.7073076944798231	1.237169629894197	2.6208227667957544	2.3425503224134445	1.6357157826423645	2.541905101388693	0.4963174881413579	1.1044344431720674
3241441	0	2.534356841817498	0.5205600839108229	1.1653248304501176	1.7588562471792102	1.1300609800964594	1.7352773137390614	0.6365251075476408	0.952809133566916	0.6138953259214759	2.8039307445287704	0.7030728105455637	0.9195012608543038	2.0106384865939617	1.2289413511753082	2.4603945100679994	1.9545861259102821	1.5781294470652938	1.9574333783239126	0.4225350976921618	0.9131710426881909
3241444	1	2.3820186499506235	0.8230816477444023	1.5017784368246794	1.9872456742450595	1.5035231271758676	2.043938420712948	0.7793561536818743	1.416754275560379	1.3308115806430578	3.15180479362607	0.6974440552294254	1.3312561381608248	2.1051340382546186	1.4723346354439855	2.4844503551721573	2.4382737930864096	1.7117383759468794	2.200864144600928	0.4750318033620715	1.1631600027903914
3241449	1	2.53465174511075	0.7963266533333808	1.758847737684846	1.987255197018385	1.334579547867179	2.4015785828232765	0.9149113921448588	1.2592807561159134	0.9780384625773877	3.672618366777897	0.829201172105968	1.3394999098964036	2.557079330086708	1.5926848659291863	2.7552765291184187	2.2914289832115173	2.0597969964146614	2.3994057923555374	0.4842092553153634	1.053328789304942
329641	1	0.23039472848176956	0.08595995046198368	0.24969253689050674	0.34615377336740494	0.14952472038567066	0.22668224666267633	0.10337737761437893	0.16273673810064793	0.1978425458073616	0.2898903600871563	0.1112675666809082	0.21496347524225712	0.22707530483603477	0.23022153601050377	0.23592673614621162	0.3507411256432533	0.20710521936416626	0.15982199646532536	0.0877291252836585	0.13289295881986618
3298505	1	0.08881634473800659	0.042916642501950264	0.0811898447573185	0.10114257037639618	0.075026735663414	0.13181741535663605	0.0275510773062706	0.1255698762834072	0.14704226702451706	0.1531490907073021	0.05515844002366066	0.08420104533433914	0.1102043092250824	0.04286035988479853	0.20051218569278717	0.10409748181700706	0.14383407682180405	0.08890077099204063	0.07806607708334923	0.11794337630271912
329862	0	0.39367708563804626	0.14403904788196087	0.23347191885113716	0.21336636506021023	0.36554859206080437	0.26989493519067764	0.09751498233526945	0.3606083132326603	0.2495008483529091	0.514172650873661	0.18153155222535133	0.3454547058790922	0.30385584756731987	0.3396609053015709	0.2537211859598756	0.5117572993040085	0.36674220487475395	0.4690053313970566	0.0880469661206007	0.2984292805194855
332097	0	0.2731834575533867	0.08656254410743713	0.14459826052188873	0.17226460948586464	0.10201572999358177	0.16864392906427383	0.07708158157765865	0.15524441748857498	0.19277795404195786	0.24667224287986755	0.06701228022575378	0.1293676421046257	0.17241891101002693	0.09812706150114536	0.16011975705623627	0.1801467202603817	0.2176181823015213	0.22456630319356918	0.026871067937463522	0.10470736213028431
333754	1	0.6871461179107428	0.5334064424969256	0.7478328933939338	0.6806191261857748	0.4116376731544733	0.5834555216133595	0.37720105703920126	0.61707385443151	0.6078376257792115	1.2996149957180023	0.2548555936664343	0.4736748840659857	0.5798382572829723	0.5802086964249611	0.4540771823376417	0.6817419240251184	0.8891268409788609	0.9070658031851053	0.17086306493729353	0.462722584605217
333757	1	0.3635733276605606	0.19300897186622024	0.29843828454613686	0.27632529754191637	0.24167711660265923	0.3590617310255766	0.15827231016010046	0.3066606819629669	0.4313638173043728	0.39687532000243664	0.1255925800651312	0.22204539272934198	0.3061931449919939	0.2785829156637192	0.38876375555992126	0.4207694064825773	0.5118848867714405	0.40056558325886726	0.08346520503982902	0.23688028566539288
333766	1	0.38671644777059555	0.2420483734458685	0.34321017377078533	0.32389516942203045	0.20160541124641895	0.33272627368569374	0.18861058726906776	0.28685544803738594	0.298740167170763	0.5055308565497398	0.12041374295949936	0.21297653019428253	0.3859560936689377	0.30883166193962097	0.3350554294884205	0.3821124341338873	0.4280565157532692	0.4041321501135826	0.088423783890903	0.22410278022289276
333767	1	0.6177123188972473	0.32350843772292137	0.5327979102730751	0.46239441307261586	0.2823181189596653	0.6012377291917801	0.2388815376907587	0.37305205501616	0.4371817335486412	0.7831779085099697	0.17038574162870646	0.2825464908964932	0.569116611033678	0.44219889119267464	0.5714391209185123	0.5595581894740462	0.6747049950063229	0.6003442276269197	0.15663495985791087	0.3208086481317878
333919	0	0.5161977708339691	0.2258744672872126	0.32046533189713955	0.5188295431435108	0.22988292388617992	0.5117481015622616	0.15493358299136162	0.23551088944077492	0.26270017866045237	0.6535404846072197	0.11569422809407115	0.22143719252198935	0.5403690747916698	0.27654461562633514	0.4794671796262264	0.5473671033978462	0.36491710506379604	0.4870164915919304	0.13943147286772728	0.19807222951203585
333924	1	0.26682772673666477	0.18489587493240833	0.3330058380961418	0.50583216547966	0.24767210520803928	0.38726796954870224	0.13047981169074774	0.37703102454543114	0.2999347485601902	0.5601676106452942	0.08586891321465373	0.21095062140375376	0.3201031368225813	0.30444377288222313	0.4021679311990738	0.42013481818139553	0.31535870023071766	0.36728087067604065	0.06522782798856497	0.21534854732453823
333926	1	0.37459544837474823	0.2331304089166224	0.38401540741324425	0.400486022233963	0.26759596541523933	0.3226137924939394	0.09396685473620892	0.3165511153638363	0.25270394422113895	0.6513605788350105	0.08945674216374755	0.24583660811185837	0.27229909831658006	0.24939004890620708	0.4032176844775677	0.4611848294734955	0.36582245491445065	0.328193387016654	0.06364867021329701	0.22393093816936016
333928	1	0.3466520756483078	0.23081695288419724	0.37649601697921753	0.3852047398686409	0.33999114111065865	0.29116623662412167	0.0982511481270194	0.33524714410305023	0.3147685993462801	0.5921372771263123	0.08201146824285388	0.2996915075927973	0.3067877385765314	0.17467200756072998	0.35619375109672546	0.4719380736351013	0.38674022629857063	0.34013155475258827	0.07459068857133389	0.19651167560368776
333929	1	0.3491354435682297	0.23525329865515232	0.4277578219771385	0.3569061979651451	0.3003478832542896	0.3046481739729643	0.11380885355174541	0.28783489391207695	0.34835588186979294	0.6364811584353447	0.09811709402129054	0.29423556476831436	0.3343336209654808	0.2022589175030589	0.3464788347482681	0.46233391389250755	0.2812958098948002	0.32739198952913284	0.05652891518548131	0.2364957258105278
333930	1	0.3205931819975376	0.21226393058896065	0.3468630537390709	0.40098199993371964	0.2999926805496216	0.317290173843503	0.07446383219212294	0.3115682676434517	0.280511855147779	0.6162117496132851	0.09348950535058975	0.2862512208521366	0.33310675248503685	0.24785483814775944	0.3786010481417179	0.44204096496105194	0.40091678500175476	0.34338513761758804	0.0677049090154469	0.22590811923146248
333931	1	0.38293737545609474	0.25835751346312463	0.419888723641634	0.4043869636952877	0.34980923496186733	0.39570129849016666	0.12403676100075245	0.3788791112601757	0.2988272663205862	0.7015827596187592	0.10634484048932791	0.3971623331308365	0.3341284301131964	0.31725594587624073	0.45729417726397514	0.5203034058213234	0.40685220435261726	0.43346359580755234	0.07302342192269862	0.23976468853652477
334203	1	0.27917449176311493	0.12225270178169012	0.26868974044919014	0.34489134699106216	0.21420853212475777	0.2616433408111334	0.08976318873465061	0.2515210323035717	0.21848535165190697	0.5040599927306175	0.07518562721088529	0.22091562300920486	0.25603305734694004	0.24385748244822025	0.3439650349318981	0.4179677926003933	0.31731445901095867	0.33634765446186066	0.061254560481756926	0.17246904969215393
334204	1	0.33084022253751755	0.1530226836912334	0.3576434254646301	0.4061034470796585	0.2083833683282137	0.2903237408027053	0.11985206417739391	0.37478306517004967	0.3140287846326828	0.5112924706190825	0.11907474230974913	0.2672271244227886	0.36475994810462	0.33554889261722565	0.40278035029768944	0.48010173439979553	0.3511703163385391	0.34480305574834347	0.06528432201594114	0.20297627709805965
334205	1	0.3552531264722347	0.17510273517109454	0.32434547133743763	0.405972421169281	0.21694983635097742	0.39895952492952347	0.15839690389111638	0.324179332703352	0.21180469961836934	0.5445671901106834	0.10576480580493808	0.23364085517823696	0.302239254117012	0.28882901184260845	0.4400433711707592	0.43161749467253685	0.36850292794406414	0.4263303428888321	0.06354709574952722	0.2239536177366972
334207	1	0.4376806225627661	0.24137664795853198	0.4026570338755846	0.5284880008548498	0.3197676036506891	0.6148423738777637	0.24254217371344566	0.44438567012548447	0.3762379540130496	0.7617445699870586	0.08627977315336466	0.2931657750159502	0.34919699653983116	0.29387212730944157	0.5990929305553436	0.584388017654419	0.5158121157437563	0.5307356975972652	0.14733716286718845	0.23039676062762737
334208	1	0.3525698073208332	0.2264532798435539	0.37312064692378044	0.4242719076573849	0.23407801799476147	0.37614478170871735	0.09508297126740217	0.34770677983760834	0.31897497922182083	0.5913768708705902	0.07779147126711905	0.2386264968663454	0.31700290739536285	0.29813216254115105	0.40025677159428596	0.3770822826772928	0.3393208682537079	0.3495250679552555	0.0666338112205267	0.19584815297275782
334209	1	0.295834019780159	0.22153262281790376	0.34753574430942535	0.4847245365381241	0.246890751644969	0.3805186226963997	0.097986432723701	0.33524317666888237	0.28128841891884804	0.5837619006633759	0.08274186588823795	0.23318737000226974	0.28869830165058374	0.2563841640949249	0.44305460527539253	0.4292973969131708	0.34390202164649963	0.3726789802312851	0.07695966400206089	0.19777944032102823
334212	0	0.43127942457795143	0.22185713495127857	0.40420256927609444	0.41110481321811676	0.2947211991995573	0.5627791658043861	0.20803357381373644	0.3655161652714014	0.2823816342279315	0.6432079821825027	0.12952200416475534	0.28982618590816855	0.5010139867663383	0.2562165455892682	0.4792772978544235	0.45158999413251877	0.32862882129848003	0.4917082153260708	0.055953018832951784	0.19118025479838252
335100	0	0.5935063678771257	0.17971361218951643	0.7766773924231529	0.6404066998511553	0.46202193200588226	0.3881356008350849	0.17784170806407928	1.0270983204245567	0.7597196018323302	1.163502100855112	0.36375446151942015	0.8997335992753506	0.30229093600064516	0.4461901690810919	0.552471537142992	1.002851452678442	0.7789953202009201	0.8094889987260103	0.08248744066804647	0.5931128039956093
337039	1	0.5968903042376041	0.30888161761686206	0.38650142401456833	0.46596259996294975	0.2715052179992199	0.4937374107539654	0.18801901582628489	0.40076460503041744	0.2901150956749916	0.7630084753036499	0.14459851570427418	0.205379880964756	0.38951987214386463	0.3250247184187174	0.6023292392492294	0.4698389321565628	0.5648787133395672	0.675265733152628	0.15827513905242085	0.2995035070925951
337041	1	0.37763306591659784	0.2755663450807333	0.41223066858947277	0.43731193989515305	0.2386323045939207	0.45334652438759804	0.21780284028500319	0.47396037355065346	0.4415506813675165	0.6306475698947906	0.14006804302334785	0.33403319120407104	0.40531800128519535	0.4654554985463619	0.37858017161488533	0.5222783703356981	0.7794828452169895	0.6300407983362675	0.08549411781132221	0.300566628575325
337042	1	0.30702635645866394	0.2410911680199206	0.3685954250395298	0.3282256629317999	0.19503103755414486	0.29100828990340233	0.19573810324072838	0.29022766649723053	0.29839289002120495	0.4958260841667652	0.1105318684130907	0.2694439571350813	0.35602937638759613	0.28962880559265614	0.3540172800421715	0.3987092636525631	0.49844126030802727	0.3997429646551609	0.08194907009601593	0.2303434330970049
337043	1	0.4187842234969139	0.24277412798255682	0.4030521586537361	0.3840644061565399	0.2573154605925083	0.49050943180918694	0.19889280945062637	0.29852696880698204	0.3733115904033184	0.6601098701357841	0.1387384757399559	0.2224024385213852	0.4359663389623165	0.298364769667387	0.36793428659439087	0.4252230618149042	0.49738481640815735	0.552375540137291	0.12050202884711325	0.21376717928797007
337044	1	0.6224071308970451	0.27293781330808997	0.4211602844297886	0.3921142593026161	0.2550018047913909	0.4801190346479416	0.18065466918051243	0.46630781795829535	0.5979497032240033	0.6736802570521832	0.271503540687263	0.42005036398768425	0.4103456884622574	0.6164045426994562	0.5210023559629917	0.6086879596114159	0.723023034632206	0.5512331314384937	0.1556341820396483	0.35978247597813606
337048	1	0.40605405904352665	0.26013128692284226	0.40104235894978046	0.3145743291825056	0.22755464259535074	0.3583946768194437	0.20082253124564886	0.3856617622077465	0.36196843814104795	0.6256406530737877	0.15882248897105455	0.22368647623807192	0.3849075809121132	0.4223655853420496	0.3485214225947857	0.4727274402976036	0.5966705121099949	0.4655380956828594	0.09260029718279839	0.2923154328018427
337049	1	0.3626502938568592	0.2741763941012323	0.41152180545032024	0.3185364194214344	0.20800338685512543	0.38059572502970695	0.40511793456971645	0.4748316053301096	0.5305472854524851	0.5676552765071392	0.19629424344748259	0.46861264295876026	0.3762482851743698	0.4749651551246643	0.3253805413842201	0.5364015977829695	0.7986764423549175	0.47947598062455654	0.07922492548823357	0.3310841042548418
337050	1	0.3531041368842125	0.2328463955782354	0.29409528337419033	0.39133162423968315	0.18652995117008686	0.28051209822297096	0.17704024631530046	0.25230945833027363	0.3210619669407606	0.5130822546780109	0.10763098066672683	0.23215349949896336	0.32098724134266376	0.35856081172823906	0.3257868029177189	0.41859037801623344	0.46427052840590477	0.4243515431880951	0.07898459397256374	0.2667702604085207
337051	1	0.3338853884488344	0.21568230050615966	0.3747642934322357	0.441579669713974	0.2618869375437498	0.3906976841390133	0.14078181982040405	0.3297573383897543	0.3054621610790491	0.504779901355505	0.07050632708705962	0.2134439367800951	0.31446318328380585	0.29241354390978813	0.39594483748078346	0.40609985403716564	0.3766310401260853	0.3582036942243576	0.06969051994383335	0.20332557149231434
337052	0	0.5525702200829983	0.22565815271809697	0.3028234448283911	0.3970093708485365	0.4540857672691345	0.6550830751657486	0.21004792861640453	0.24466261640191078	0.39489338360726833	1.0010815523564816	0.18507507839240134	0.2153798434883356	0.43990578316152096	0.21136813377961516	0.43357126601040363	0.677076319232583	0.38770153000950813	0.5858988873660564	0.15484747430309653	0.27126017585396767
33706	0	8.787943836301565	3.151575342286378	8.580355076119304	6.848313730210066	4.671370381023735	8.070828404277563	2.8811184994410723	6.4740661745890975	4.638205846305937	10.671788599342108	3.3372150661889464	4.40225295862183	5.923460125923157	3.3201440840493888	10.457568944431841	9.549294523894787	7.763827852904797	9.855372216552496	1.2784805461997166	4.336818117648363
33708	0	4.9859968246892095	2.1646325984038413	3.8803396166767925	4.277116267941892	3.585464413044974	6.168921925127506	2.0950549956178293	4.460489780642092	4.160571107990108	8.372782489284873	2.0201526230666786	3.112226969562471	4.769441955722868	2.659727749763988	3.8987690936774015	7.102213995531201	5.100103209260851	5.741743577644229	0.9102787938900292	2.533972191042267
33724	0	0.5911509171128273	0.149703856324777	0.7519957274198532	0.611620144918561	0.6451365016400814	0.5243442356586456	0.21839682012796402	0.9778122566640377	0.7958818562328815	1.0359714701771736	0.3019336089491844	0.8027639873325825	0.4518623407930136	0.42583054676651955	0.5176603272557259	0.8814981244504452	0.9847208149731159	0.7000203505158424	0.07647939375601709	0.5552167249843478
33756	0	0.1393144689500332	0.026969177648425102	0.06570686027407646	0.09244322404265404	0.07875210419297218	0.164774090051651	0.030176039785146713	0.08388908952474594	0.11020487919449806	0.2330269142985344	0.042372627183794975	0.1686118133366108	0.07405070960521698	0.07553773000836372	0.08260484412312508	0.2007104679942131	0.11342675983905792	0.14787610992789268	0.015410958789288998	0.05414113216102123
33758	1	0.06697038561105728	0.02232346311211586	0.05056947469711304	0.053758542984724045	0.042824599891901016	0.06833712756633759	0.02596811018884182	0.053302962332963943	0.05284738168120384	0.07744874805212021	0.030523918569087982	0.049658313393592834	0.054214123636484146	0.038724374026060104	0.04054669663310051	0.06970386952161789	0.06697038561105728	0.07835990935564041	0.014123006723821163	0.042824599891901016
338781	0	0.9007616546005011	0.18187990132719278	0.8225813694298267	0.6928813587874174	0.4681566674262285	0.8605066910386086	0.31695728562772274	0.8034267574548721	0.6669045947492123	1.0695334412157536	0.37290281895548105	0.6440488155931234	0.5796217340976	0.37497865967452526	0.6673141941428185	1.1072020903229713	0.9474741369485855	0.9721542820334435	0.10305054218042642	0.447663014754653
3407641	1	0.05345911905169487	0.06324465945363045	0.05795148387551308	0.0969373807311058	0.14041564241051674	0.0628930851817131	0.02470799721777439	0.10682057961821556	0.3658931851387024	0.2619633600115776	0.07627250999212265	0.1332278624176979	0.043575920164585114	0.03998203203082085	0.039083559066057205	0.16287745535373688	0.05929918959736824	0.16063127666711807	0.016172505915164948	0.034591194242239
340907	0	13.710561517626047	1.5040846874471754	4.0471428306773305	4.656992078758776	2.5333975730463862	9.903978694230318	1.797895948169753	1.6203128083143383	1.0003504145424813	7.953680593520403	1.1648633357835934	1.2978305167052895	9.606424245983362	1.9090269869193435	10.443457532674074	5.186999775469303	3.9531744346022606	5.8477691654115915	1.1048300222028047	1.757227249443531
341721	0	0.45937333162873983	0.11977913929149508	0.5735602509230375	0.5431239306926727	0.4677805993705988	0.36659785360097885	0.2288812925107777	0.8605416379868984	0.5844915993511677	0.8698601797223091	0.3254899140447378	0.7124488390982151	0.39727845788002014	0.5466499514877796	0.43817788548767567	0.7466408908367157	0.6918198801577091	0.6067544259130955	0.06322601321153343	0.3975239619612694
3418604	1	0.5517467260360718	0.2456450406461954	0.4324914179742336	0.4271831475198269	0.4883840661495924	0.47081560641527176	0.1916039204224944	0.6688552312552929	0.47864237800240517	0.9403984546661377	0.17409082036465406	0.4080625679343939	0.3812267016619444	0.39049066230654716	0.3488322589546442	0.6390759311616421	0.6173063032329082	0.6237246636301279	0.12214142829179764	0.3992826212197542
3418650	1	0.5162013992667198	0.22215352673083544	0.392349561676383	0.6431817207485437	0.22803420946002007	0.6164404414594173	0.3173435218632221	0.5167081095278263	0.587466268800199	0.7994082234799862	0.17715213261544704	0.33090654015541077	0.5054131150245667	0.5359923951327801	0.6039823926985264	0.4788340888917446	0.43842767737805843	0.5409029815346003	0.2714044963940978	0.27769721671938896
3418651	1	0.44587554410099983	0.12730515468865633	0.33631021343171597	0.5288371704518795	0.2651301249861717	0.5150549933314323	0.19258323032408953	0.3667108453810215	0.4167993376031518	0.5779896751046181	0.17854606360197067	0.22494617383927107	0.4326840043067932	0.3454608600586653	0.520879402756691	0.31536173820495605	0.4144039824604988	0.3374750632792711	0.2079180171713233	0.2497284021228552
3418654	1	0.4042523428797722	0.17565752193331718	0.35990244895219803	0.4635431068018079	0.23409988917410374	0.4862250704318285	0.26760189794003963	0.35001744516193867	0.4640577845275402	0.6077113449573517	0.20899549312889576	0.2648694133386016	0.39506115205585957	0.3435916304588318	0.4563279002904892	0.31267943046987057	0.30196169950067997	0.4314763490110636	0.19538583420217037	0.27658224664628506
3422298	1	0.7906155474483967	0.146327966125682	0.6370405964553356	0.406605938449502	0.35252414271235466	0.5790764652192593	0.1987756104208529	0.557114178314805	0.35819525830447674	0.9668904170393944	0.3375491788610816	0.4203355759382248	0.5302039422094822	0.4610305428504944	0.5893517844378948	0.8164161369204521	0.6350651271641254	0.7422973923385143	0.15434143948368728	0.32024276815354824
3426293	1	0.2552938610315323	0.08657855167984962	0.1625077798962593	0.1643851175904274	0.11639930307865143	0.1550932377576828	0.07977248914539814	0.1385161280632019	0.1871795617043972	0.24155160039663315	0.07296302914619446	0.1089850664138794	0.18691271916031837	0.11013002321124077	0.15880326181650162	0.1781502291560173	0.22994325309991837	0.2361193373799324	0.026349371764808893	0.10436607152223587
3426294	1	0.24489755928516388	0.08917039446532726	0.16437093913555145	0.15384981408715248	0.10590216144919395	0.16634242981672287	0.08806803822517395	0.15966271609067917	0.1887902319431305	0.23549886420369148	0.06918607279658318	0.11714839190244675	0.18258725479245186	0.09901387430727482	0.15141887590289116	0.21036385372281075	0.20724529027938843	0.22918400168418884	0.03353516384959221	0.10376408509910107
3426295	1	0.2841840013861656	0.09576812572777271	0.14877033606171608	0.16789964959025383	0.09934678114950657	0.1644395813345909	0.08723866008222103	0.12567522749304771	0.17630324140191078	0.24700715392827988	0.07598825171589851	0.10404083877801895	0.1770886927843094	0.0941698607057333	0.18098950758576393	0.171726044267416	0.219087615609169	0.2539741173386574	0.026916994713246822	0.09938532300293446
3426298	1	0.28793746419250965	0.10806181095540524	0.15861108992248774	0.18617840902879834	0.18800736404955387	0.1695766979828477	0.14650799334049225	0.22520332038402557	0.19037559069693089	0.4585408717393875	0.08383129769936204	0.14450708590447903	0.28248993307352066	0.10880423989146948	0.19220774993300438	0.35018691793084145	0.3017265945672989	0.25408945325762033	0.029188784770667553	0.13396734558045864
3426299	1	0.26115555316209793	0.11913292482495308	0.1608179248869419	0.1493370085954666	0.2634704262018204	0.16287167742848396	0.08624618873000145	0.3550056666135788	0.428267665207386	0.35680436342954636	0.09765204787254333	0.15586970001459122	0.19388801231980324	0.08994952030479908	0.15635255724191666	0.2756808511912823	0.21666423231363297	0.27269910275936127	0.029658909421414137	0.1684756763279438
3426301	1	0.2663718909025192	0.08658495545387268	0.14094805344939232	0.18854566290974617	0.09942185133695602	0.16098963096737862	0.0801731813699007	0.14692836999893188	0.19790352135896683	0.2552838772535324	0.07434249483048916	0.11862708628177643	0.17725779861211777	0.08400757983326912	0.16366605460643768	0.19748716428875923	0.20178919658064842	0.22215192764997482	0.027934929821640253	0.10958477854728699
3426303	1	0.27055899798870087	0.08613073825836182	0.16107522696256638	0.16811995580792427	0.09728221967816353	0.16512592881917953	0.07889922894537449	0.13955818489193916	0.18332448601722717	0.23715915158391	0.07561784610152245	0.11079573258757591	0.18467173725366592	0.10343097895383835	0.16997915133833885	0.17913729697465897	0.2208128497004509	0.23387489467859268	0.027583743911236525	0.1068616732954979
3426304	1	0.2629334032535553	0.08486862853169441	0.16965669766068459	0.149231918156147	0.09941013157367706	0.16258952021598816	0.08386818692088127	0.18080561235547066	0.18101124092936516	0.256087563931942	0.054370639845728874	0.11510378122329712	0.18470917642116547	0.08831540681421757	0.15699974074959755	0.18881938606500626	0.20843768119812012	0.2379489243030548	0.029262179043143988	0.10557019338011742
3426305	1	0.2596096694469452	0.08994176238775253	0.16587582230567932	0.1561673805117607	0.10780268721282482	0.16805247589945793	0.08347401581704617	0.17337537184357643	0.17717073112726212	0.2370738685131073	0.06636757962405682	0.12061477452516556	0.1753101758658886	0.09259556420147419	0.1506146341562271	0.16751471161842346	0.2231082022190094	0.24284988641738892	0.029624268878251314	0.1128564402461052
3426306	1	0.28010253608226776	0.08436057344079018	0.15248094499111176	0.16280634701251984	0.09717587940394878	0.15492524951696396	0.09102226793766022	0.13981344178318977	0.1717236563563347	0.24268044903874397	0.07783233374357224	0.10663744062185287	0.16967186704277992	0.10317244939506054	0.17602398991584778	0.18364721909165382	0.22808636352419853	0.23671160638332367	0.02736379997804761	0.11376162245869637
3426307	1	0.29319630190730095	0.09275633469223976	0.19098693504929543	0.2504841648042202	0.10589108802378178	0.1611580215394497	0.1159990020096302	0.25379737094044685	0.2590145245194435	0.32870257645845413	0.1310216672718525	0.268557108938694	0.19876184314489365	0.08666108548641205	0.20729931443929672	0.2048276700079441	0.3830351307988167	0.28928688168525696	0.026524093467742205	0.15203890390694141
3426308	1	0.26071468740701675	0.08619171753525734	0.15096015855669975	0.17376572266221046	0.09983114339411259	0.16257478669285774	0.07961714453995228	0.1368359848856926	0.1859130635857582	0.2543285936117172	0.07252158038318157	0.11948111280798912	0.1752631515264511	0.09330333769321442	0.16638179868459702	0.20016741752624512	0.21745393425226212	0.22950436174869537	0.027143689803779125	0.10804661735892296
3426309	1	0.2521444037556648	0.08877462521195412	0.14543850719928741	0.1851450689136982	0.0962711051106453	0.15781401842832565	0.0835109893232584	0.14602727442979813	0.1972419172525406	0.25366441160440445	0.06331965140998363	0.12037267535924911	0.17411190643906593	0.09439011663198471	0.1609717570245266	0.1914975941181183	0.21676350384950638	0.23533200472593307	0.027001149021089077	0.11020731553435326
3426310	1	0.2867949176579714	0.08579614199697971	0.18200602568686008	0.25259870663285255	0.36163976788520813	0.18841920234262943	0.08503116108477116	0.22930808365345	0.28218867629766464	0.3145842030644417	0.10371585749089718	0.26031725481152534	0.2060768362134695	0.1596483550965786	0.18580690026283264	0.19816858880221844	0.20078416168689728	0.2876266334205866	0.0267062452621758	0.10278231278061867
3426311	1	0.2731834575533867	0.08656254410743713	0.14459826052188873	0.17226460948586464	0.10201572999358177	0.16864392906427383	0.07708158157765865	0.15524441748857498	0.19277795404195786	0.24667224287986755	0.06701228022575378	0.1293676421046257	0.17241891101002693	0.09812706150114536	0.16011975705623627	0.1801467202603817	0.2176181823015213	0.22456630319356918	0.026871067937463522	0.10470736213028431
3426312	1	0.1685510352253914	0.06836462020874023	0.09652635082602501	0.1088600866496563	0.058649495244026184	0.11841776967048645	0.060563819482922554	0.10496804490685463	0.1138792634010315	0.1535046473145485	0.043766118586063385	0.075441624969244	0.1202491968870163	0.06764082610607147	0.09875276684761047	0.1331353485584259	0.15574220567941666	0.154225654900074	0.022203506901860237	0.07655761763453484
3426313	1	0.2678567171096802	0.09242784418165684	0.15865280106663704	0.17941347509622574	0.10143598355352879	0.16728319227695465	0.0878847073763609	0.13785305991768837	0.17293606325984	0.25587407499551773	0.07131192274391651	0.10665300488471985	0.175232645124197	0.08859766274690628	0.18104684352874756	0.18101441487669945	0.20254641398787498	0.23791014403104782	0.028278314508497715	0.10579068958759308
3426314	1	0.2794322893023491	0.08832640014588833	0.16253138333559036	0.17590317130088806	0.10166043974459171	0.16004669666290283	0.08131777308881283	0.1275487020611763	0.1929524689912796	0.24614953994750977	0.07449254021048546	0.10323177464306355	0.18287989869713783	0.1012426745146513	0.1638815738260746	0.17252633348107338	0.21458567306399345	0.23807192593812943	0.027720104902982712	0.10549864172935486
3426317	1	0.1823759526014328	0.0634006168693304	0.10192009806632996	0.09664636850357056	0.06362221390008926	0.11894349381327629	0.06103098392486572	0.08626404777169228	0.12390435487031937	0.14829731360077858	0.044148094952106476	0.07201441377401352	0.12697358429431915	0.06748952716588974	0.1043635942041874	0.12441419437527657	0.1481669843196869	0.16856230050325394	0.02302856557071209	0.07443328946828842
3426318	1	0.27098748832941055	0.08030523173511028	0.15202155709266663	0.17764469236135483	0.10643855854868889	0.15419219806790352	0.07516321539878845	0.14580462500452995	0.19529206678271294	0.23857323825359344	0.071695975959301	0.10928092524409294	0.1892976388335228	0.10715144127607346	0.15541280061006546	0.192074004560709	0.225233793258667	0.22275564074516296	0.026551010087132454	0.10412389039993286
3426319	1	0.25441812723875046	0.08578505367040634	0.14506011828780174	0.18520649895071983	0.09281250089406967	0.15697817131876945	0.08461613208055496	0.14464566111564636	0.1914096474647522	0.25810622423887253	0.06484698504209518	0.1219097152352333	0.1754715032875538	0.08585537038743496	0.16295474767684937	0.19956062734127045	0.22757906466722488	0.22535166144371033	0.027252881787717342	0.11017931252717972
3426321	1	0.2703470215201378	0.08496951870620251	0.1611579731106758	0.15037450939416885	0.186818091198802	0.16594984382390976	0.0848053302615881	0.1762559674680233	0.8900964520871639	0.2446260079741478	0.10921611078083515	0.1761920526623726	0.1862686239182949	0.09121045283973217	0.17731346935033798	0.2126665748655796	0.23767901957035065	0.23460766673088074	0.06617529829964042	0.09326999075710773
3426322	1	0.26267530769109726	0.0871601514518261	0.14480070397257805	0.1892169751226902	0.10053469240665436	0.16389605030417442	0.0790187418460846	0.15057526901364326	0.1984136700630188	0.24962718784809113	0.06971433572471142	0.11854327842593193	0.17958851158618927	0.0870086532086134	0.161105714738369	0.19284579157829285	0.20819325000047684	0.22179068624973297	0.027173812966793776	0.10811722092330456
3426323	1	0.2504883408546448	0.09005419164896011	0.16943618655204773	0.1546514593064785	0.10364147461950779	0.16917994990944862	0.08729603886604309	0.18271859735250473	0.17074882239103317	0.24942311644554138	0.056146648712456226	0.11965084075927734	0.17280277982354164	0.08455006033182144	0.15917015448212624	0.1926972009241581	0.21952245384454727	0.23390699923038483	0.0290658138692379	0.10484886541962624
3426324	1	0.25072432309389114	0.08088942058384418	0.15248843282461166	0.16635354980826378	0.11922463402152061	0.1525171957910061	0.07339731603860855	0.16453345865011215	0.1920090802013874	0.22695012390613556	0.07290918380022049	0.11519232019782066	0.19281372800469398	0.11219329386949539	0.15785620361566544	0.18989981338381767	0.2322075068950653	0.21628809720277786	0.02789742313325405	0.10365490429103374
3426330	1	0.14993160404264927	0.0720060933381319	0.2099420316517353	0.13486845791339874	0.1587105542421341	0.25495046377182007	0.06933275423943996	0.1254556318745017	0.17726469039916992	0.1551266349852085	0.07349458336830139	0.11877729184925556	0.19017368927598	0.0863078935071826	0.18871456012129784	0.22266725823283195	0.1751399040222168	0.195123802870512	0.082422761246562	0.15958934649825096
3426399	1	0.07339857518672943	0.016903914511203766	0.058718860149383545	0.04626334458589554	0.0569395013153553	0.0631672590970993	0.02179715223610401	0.040925268083810806	0.06049821898341179	0.09386120736598969	0.022241992875933647	0.03291814774274826	0.06227758154273033	0.040035586804151535	0.037811387330293655	0.07562277466058731	0.0680604949593544	0.08140569180250168	0.014234875328838825	0.03291814774274826
3426401	1	0.0850694477558136	0.0147569440305233	0.0607638880610466	0.0572916679084301	0.0473090261220932	0.0681423619389534	0.02690972201526165	0.04296875	0.0603298619389534	0.0833333358168602	0.02387152798473835	0.0460069440305233	0.0564236119389534	0.0338541679084301	0.0455729179084301	0.0520833320915699	0.0694444477558136	0.0802951380610466	0.010416666977107525	0.03515625
3426505	1	0.1955665871500969	0.04200735921040177	0.16285909712314606	0.18522100523114204	0.13200537115335464	0.21573983132839203	0.05222947243601084	0.14593850448727608	0.20821714028716087	0.28135180473327637	0.06509863957762718	0.10816708207130432	0.17503591254353523	0.12934932857751846	0.14584046974778175	0.1795196793973446	0.24172630906105042	0.1912444867193699	0.05113368760794401	0.09174825437366962
3426544	1	0.11124814301729202	0.054479459300637245	0.058583566918969154	0.06451905705034733	0.09081009775400162	0.13260187953710556	0.08265137672424316	0.07674888521432877	0.06675878539681435	0.23703183978796005	0.021795082837343216	0.07447615638375282	0.14759528636932373	0.07130423933267593	0.15351427346467972	0.21164000034332275	0.12035555019974709	0.11852417141199112	0.03996040113270283	0.06540174782276154
3427730	1	0.07940663397312164	0.013525305315852165	0.04712041839957237	0.05453752353787422	0.05584642291069031	0.05846422165632248	0.017888307571411133	0.03970331698656082	0.050174519419670105	0.08464223146438599	0.0222513098269701	0.04493891820311546	0.06369982659816742	0.0445026196539402	0.04842931777238846	0.07024432718753815	0.07940663397312164	0.07766143232584	0.014397906139492989	0.033158812671899796
3427731	1	0.1200435720384121	0.04313725605607033	0.07581699453294277	0.10936819389462471	0.11002178862690926	0.10871459916234016	0.052178649231791496	0.0705882366746664	0.11339869350194931	0.15076252818107605	0.028213507030159235	0.10239651426672935	0.11949891224503517	0.08126361668109894	0.18115469068288803	0.18213507533073425	0.14172113314270973	0.13474945351481438	0.029738563112914562	0.04509804118424654
3427732	1	0.06255467981100082	0.020559929311275482	0.054243218153715134	0.04243219643831253	0.05468066409230232	0.05249343812465668	0.024059493094682693	0.049431320279836655	0.053368330001831055	0.0831146091222763	0.0218722652643919	0.05861767381429672	0.05861767381429672	0.04811898618936539	0.040682416409254074	0.07086614519357681	0.08398950099945068	0.07349081337451935	0.01312335953116417	0.03368328884243965
3427953	1	0.18415581062436104	0.04935036785900593	0.08880288247019053	0.13381612673401833	0.09955445490777493	0.33768726140260696	0.034027361776679754	0.1097636902704835	0.20218222215771675	0.23887279629707336	0.07095224689692259	0.10256923735141754	0.19463621079921722	0.10081826895475388	0.2622256428003311	0.1666567400097847	0.19683413580060005	0.1869177371263504	0.09556890558451414	0.144607899710536
3428066	1	1.0797416660934687	0.2547556683421135	0.7607973702251911	0.903185585513711	0.722022658213973	0.9722085185348988	0.3793362230062485	0.7804330065846443	0.582268500700593	1.401724886149168	0.36671626567840576	0.489621352404356	0.7875085547566414	0.6319535793736577	1.1071904301643372	0.9366387818008661	0.9791237376630306	1.2022344265133142	0.20679606962949038	0.4557427167892456
3428067	1	0.9855857938528061	0.1972821408417076	0.7407107464969158	0.7834932468831539	0.5984193105250597	0.9218303933739662	0.27886366844177246	0.6452935710549355	0.5364127587527037	1.3090717196464539	0.3380449144169688	0.42676751408725977	0.6690104957669973	0.4692722335457802	0.9075785167515278	0.8355842772871256	0.6771776974201202	1.0458013862371445	0.20339661370962858	0.4304030127823353
3428069	1	1.017708107829094	0.2836838881485164	0.9475771598517895	0.9042039401829243	0.5919703543186188	1.1943580899387598	0.2322410987690091	0.806004224345088	0.6130524883046746	1.3559171855449677	0.550900736823678	0.424648966640234	0.6796795316040516	0.4064087439328432	0.9941829945892096	1.0419590026140213	0.8578848280012608	1.3285261541604996	0.25410806480795145	0.5149844363331795
3428094	1	0.13547297194600105	0.0410790890455246	0.08187649212777615	0.10872461274266243	0.1339002214372158	0.1413179337978363	0.03212971705943346	0.12416447699069977	0.09314389899373055	0.2254713773727417	0.040474639274179935	0.04775150492787361	0.08883059956133366	0.094816405326128	0.053455633111298084	0.14456317573785782	0.15059006959199905	0.17882900685071945	0.009735744446516037	0.07367241010069847
3428095	1	0.13346173241734505	0.05910803098231554	0.0919191911816597	0.09347714483737946	0.08721109107136726	0.1286081150174141	0.04030987806618214	0.06432117708027363	0.12154596671462059	0.2291131690144539	0.0508132167160511	0.0594675550237298	0.17688751965761185	0.06367060355842113	0.0563174095004797	0.1560606062412262	0.1427324041724205	0.16732580214738846	0.028539633378386497	0.0491097429767251
3428096	1	0.07055503129959106	0.01505174022167921	0.061147693544626236	0.041392285376787186	0.05174035578966141	0.0663217306137085	0.017873940989375114	0.05879586189985275	0.05926622822880745	0.08513640612363815	0.023988710716366768	0.050799623131752014	0.05644402652978897	0.03857008367776871	0.041392285376787186	0.07478833198547363	0.07196613401174545	0.06820319592952728	0.011759172193706036	0.034807149320840836
3428097	1	0.06909607350826263	0.012304780073463917	0.06105063855648041	0.04637955501675606	0.05395172908902168	0.06814955174922943	0.018930431455373764	0.05111216381192207	0.06199716031551361	0.0861334577202797	0.025556081905961037	0.052058685570955276	0.057264551520347595	0.030288688838481903	0.04117368534207344	0.07572172582149506	0.07335542142391205	0.06862281262874603	0.011831519193947315	0.03502129763364792
3428098	1	0.06676136702299118	0.013257576152682304	0.05871212109923363	0.05018939450383186	0.049242425709962845	0.06486742198467255	0.019886363297700882	0.04356060549616814	0.05587121099233627	0.09990530461072922	0.023200757801532745	0.04829545319080353	0.06392045319080353	0.029356060549616814	0.038825757801532745	0.07433712482452393	0.07433712482452393	0.0729166641831398	0.009943181648850441	0.04261363670229912
3428212	1	0.6080312430858612	0.187751654535532	0.38862716779112816	0.5636951262131333	0.3553776703774929	0.7990243993699551	0.24976862221956253	0.3832544665783644	0.3597611300647259	1.099942333996296	0.2388637214899063	0.2832569917663932	0.8594453558325768	0.5417177360504866	0.8186472561210394	0.6713964827358723	0.4906998807564378	0.5902670361101627	0.24286385346204042	0.2676078584045172
3428213	1	0.2430619988590479	0.14144507236778736	0.19304852001369	0.271625816822052	0.17667963728308678	0.3271227516233921	0.1623116759583354	0.2234027162194252	0.19286638125777245	0.6542270705103874	0.05881545739248395	0.1526536112651229	0.49686941504478455	0.3127010203897953	0.2903190478682518	0.35611211135983467	0.3208661787211895	0.20706693083047867	0.09598335530608892	0.1228211922571063
3428214	1	0.33300917595624924	0.17327812314033508	0.24656952545046806	0.2499732868745923	0.20508584938943386	0.3551053963601589	0.16957477340474725	0.25333776511251926	0.23399904742836952	0.7837255746126175	0.0789710907265544	0.1732001737691462	0.6140591017901897	0.38433925434947014	0.31164081022143364	0.466172493994236	0.3753836750984192	0.31455377116799355	0.11325627053156495	0.16476487834006548
3428500	1	0.17816956713795662	0.0626811059191823	0.08062121365219355	0.09579281508922577	0.13548476994037628	0.21900269761681557	0.07658152282238007	0.1607708502560854	0.09886355511844158	0.4088226482272148	0.08729577623307705	0.09715831279754639	0.15735385194420815	0.08041148073971272	0.1841711439192295	0.23540978133678436	0.1744193285703659	0.22424036264419556	0.09996070712804794	0.14278853684663773
3428501	1	0.052511416375637054	0.021917808800935745	0.05890411138534546	0.04840182512998581	0.04063927009701729	0.06118721514940262	0.026484018191695213	0.07534246891736984	0.06255707889795303	0.07397260516881943	0.026940640062093735	0.0502283088862896	0.054794520139694214	0.03287671133875847	0.039726026356220245	0.07305935770273209	0.07305935770273209	0.0680365264415741	0.013242009095847607	0.04611872136592865
3428502	1	0.06697038561105728	0.02232346311211586	0.05056947469711304	0.053758542984724045	0.042824599891901016	0.06833712756633759	0.02596811018884182	0.053302962332963943	0.05284738168120384	0.07744874805212021	0.030523918569087982	0.049658313393592834	0.054214123636484146	0.038724374026060104	0.04054669663310051	0.06970386952161789	0.06697038561105728	0.07835990935564041	0.014123006723821163	0.042824599891901016
3428503	1	0.04912763833999634	0.01974288374185562	0.056014690548181534	0.04407713562250137	0.038108356297016144	0.06290174275636673	0.022956840693950653	0.06703397631645203	0.063820019364357	0.09090909361839294	0.024334251880645752	0.056014690548181534	0.0583103783428669	0.03994490206241608	0.03627181053161621	0.07300275564193726	0.07805325835943222	0.06749311089515686	0.011478420346975327	0.04040404036641121
3428504	1	0.057534247636795044	0.023744292557239532	0.05570776388049126	0.04292237386107445	0.03789954259991646	0.0680365264415741	0.027397260069847107	0.06712328642606735	0.057990867644548416	0.08721461147069931	0.022374428808689117	0.05114155262708664	0.057534247636795044	0.047488585114479065	0.0356164388358593	0.060273971408605576	0.08447488397359848	0.05844748765230179	0.013242009095847607	0.04383561760187149
3428505	1	0.08111762255430222	0.01757548376917839	0.055430375039577484	0.04641730338335037	0.05000914540141821	0.08289345912635326	0.01847679167985916	0.07164051290601492	0.906915508210659	0.09280783496797085	0.04144672956317663	0.06037417706102133	0.05588102713227272	0.03650292754173279	0.06396601907908916	0.06985128670930862	0.0815548850223422	0.09910360164940357	0.012618296779692173	0.055416989140212536
3428506	1	0.07748404890298843	0.0191431175917387	0.053327254951000214	0.05059252679347992	0.044211484491825104	0.06836827844381332	0.020966270938515663	0.06563354283571243	0.060164082795381546	0.08067456632852554	0.029626253992319107	0.04876936972141266	0.054238833487033844	0.036918871104717255	0.03783044591546059	0.06198723614215851	0.07292616367340088	0.06381039321422577	0.012762078084051609	0.04056517779827118
3428507	1	0.11087875068187714	0.040815720334649086	0.09864293783903122	0.0972636267542839	0.08393029123544693	0.16665925085544586	0.04403411224484444	0.08972932770848274	0.0940452367067337	0.22070448845624924	0.03925843443721533	0.06150537542998791	0.09588431566953659	0.07455691322684288	0.16655543074011803	0.11629217863082886	0.14377456903457642	0.1661994755268097	0.03575824946165085	0.05351130943745375
3428510	1	0.06873008608818054	0.020937642082571983	0.049613106995821	0.049157943576574326	0.047337278723716736	0.0710059180855751	0.019116977229714394	0.06144742667675018	0.046882111579179764	0.08010923862457275	0.023668639361858368	0.05325443670153618	0.050978608429431915	0.039599452167749405	0.048702776432037354	0.0678197517991066	0.0728265792131424	0.07464724779129028	0.014110149815678596	0.04005461931228638
3428564	1	0.3698541820049286	0.09928820538334548	0.408545084297657	0.41324322298169136	0.1458899201825261	0.3676038235425949	0.18312876671552658	0.3458877094089985	0.2625281569780782	0.5445389300584793	0.09913945477455854	0.22143471660092473	0.5015918612480164	0.33363222051411867	0.3910723030567169	0.40297189727425575	0.33676235750317574	0.273238742724061	0.11826793430373073	0.1813805177807808
3428567	1	0.15222866088151932	0.03815372660756111	0.11600617691874504	0.06866743788123131	0.051757436245679855	0.09832367673516273	0.043174970895051956	0.07978370040655136	0.06248744577169418	0.20690613985061646	0.05506373010575771	0.08364619314670563	0.16836616396903992	0.08364619314670563	0.0963924303650856	0.23184240609407425	0.134159903973341	0.1576361507177353	0.013132483698427677	0.05862495303153992
3428959	1	0.2526770383119583	0.0743173286318779	0.15303136687725782	0.2472962699830532	0.11558239161968231	0.37313952296972275	0.05550764687359333	0.13288907520473003	0.20722010731697083	0.503739207983017	0.04011613689363003	0.09529150929301977	0.3117317371070385	0.19760974124073982	0.2537626326084137	0.2618286572396755	0.2597176134586334	0.2406841330230236	0.11754758283495903	0.10631033033132553
3428960	1	0.6477888710796833	0.22181488946080208	0.30724814906716347	0.5508143194019794	0.25615706108510494	0.5086963251233101	0.16725566610693932	0.37813909351825714	0.41021500527858734	0.8776144757866859	0.2143929461017251	0.2189341364428401	0.5088719986379147	0.4153821934014559	0.39650619961321354	0.4353489428758621	0.5366048086434603	0.5512400157749653	0.20345932990312576	0.1935156686231494
3430629	1	0.19689799845218658	0.04106062464416027	0.16568152606487274	0.17099155858159065	0.12661310471594334	0.19754711538553238	0.06869321782141924	0.15186049044132233	0.19091489166021347	0.24778813868761063	0.08137275278568268	0.14665933698415756	0.1611907184123993	0.10906032472848892	0.161867868155241	0.17335696518421173	0.2403988167643547	0.20446690544486046	0.054303902201354504	0.10927374102175236
3430630	1	0.16761172004044056	0.04751448426395655	0.1611616425216198	0.19343078881502151	0.09703242592513561	0.2200140804052353	0.04499535262584686	0.1522148847579956	0.20434483885765076	0.2447892427444458	0.09009464457631111	0.12353863939642906	0.14757807552814484	0.11168975755572319	0.14483148232102394	0.1911623440682888	0.20800968632102013	0.24286573007702827	0.08811630308628082	0.11900388263165951
3430631	1	0.19663670659065247	0.054714664816856384	0.15777898207306862	0.22397353872656822	0.13411175832152367	0.18809031322598457	0.051107654348015785	0.1585930548608303	1.089343823492527	0.2588479071855545	0.11895204149186611	0.1430552490055561	0.1558234803378582	0.10364581272006035	0.15280459076166153	0.18607664853334427	0.19852079823613167	0.2356042116880417	0.06049483269453049	0.13182394951581955
3430641	1	0.1514488197863102	0.04007942136377096	0.16008451953530312	0.1999228559434414	0.12307750806212425	0.21059732884168625	0.05657258350402117	0.17767854779958725	0.20923802256584167	0.23645088821649551	0.07038717158138752	0.1429741010069847	0.14680654183030128	0.13140914775431156	0.15517861396074295	0.17602324485778809	0.199729822576046	0.21908186748623848	0.08102159760892391	0.11223741061985493
3430671	1	13.998321202583611	7.457453541923314	12.338647621683776	24.727404402568936	16.535774402320385	17.001181843690574	5.182586640061345	13.515682998113334	23.832328114658594	25.678820135071874	6.2475464378949255	10.383170151617378	10.681642396375537	9.280311738140881	16.004378757439554	20.763685896992683	13.264343169517815	18.282736713066697	4.469877648632973	8.354107406456023
3430774	1	9.394680505618453	3.148865234106779	6.4216420240700245	4.016223278362304	3.1480740080587566	5.690095470286906	4.042875885032117	4.785024827811867	3.7930129000451416	8.674347832798958	4.3816105630248785	3.786050724796951	5.284307143650949	4.051566525828093	6.431677304208279	6.021093865856528	7.34777631983161	9.393407450988889	1.157648490043357	4.0300197610631585
3430922	1	18.873170633800328	5.186026773881167	7.623096875846386	9.510171553120017	6.874828325584531	9.593591392971575	4.512211907655001	4.500048449030146	4.796059764921665	19.205668112263083	3.6981884299311787	4.511896384414285	8.554076525382698	4.599385519046336	15.444429810158908	10.714722187258303	8.541821479797363	13.22599134594202	1.142388628795743	4.892226261785254
3431103	1	0.1868671365082264	0.02543552266433835	0.2854568287730217	0.19498487561941147	0.12985298782587051	0.1497756876051426	0.06723900511860847	0.12785367295145988	0.14324680715799332	0.2662598714232445	0.11238585133105516	0.1649697832763195	0.11665398627519608	0.11759569123387337	0.2188938781619072	0.12581278756260872	0.134436447173357	0.2550643980503082	0.042757523246109486	0.13445723056793213
3431196	1	0.26838498562574387	0.027852374128997326	0.13381188735365868	0.11905903369188309	0.12099285423755646	0.26152971386909485	0.062432000413537025	0.14456047862768173	0.11716783605515957	0.22444842755794525	0.10284847393631935	0.1465284563601017	0.1967877745628357	0.13931702077388763	0.1470399647951126	0.24340523779392242	0.23808782175183296	0.20456760004162788	0.04219445865601301	0.05898360162973404
3431237	1	0.9475088939070702	0.1934858337044716	0.695611760020256	0.6939969472587109	0.32692180294543505	0.6808617524802685	0.34733799239620566	0.6330173760652542	0.6353759435005486	0.9199645146727562	0.33536396361887455	0.35285429283976555	0.3930908665060997	0.33310674503445625	0.720876969397068	0.7749267071485519	0.6378752030432224	0.9144210070371628	0.1097197737544775	0.3536817030981183
3431241	1	0.7041086181998253	0.11090685846284032	0.547554126009345	0.7401080578565598	0.35872358828783035	0.6492379494011402	0.2390103293582797	0.6907736919820309	0.6448842324316502	0.8243736326694489	0.372139323502779	0.4809848479926586	0.4031969904899597	0.3680241722613573	0.6005749255418777	0.5332463048398495	0.5137042254209518	0.738749485462904	0.12232854217290878	0.3573701214045286
3431248	1	0.8084852434694767	0.09876088658347726	0.5932403318583965	0.6621004287153482	0.36350890900939703	0.6661521308124065	0.22160948254168034	0.5740883946418762	0.5544025460258126	0.8864130787551403	0.32034472189843655	0.37736085802316666	0.4486518707126379	0.33458016254007816	0.6883046329021454	0.6470017842948437	0.5590142831206322	0.7474604919552803	0.13442714838311076	0.314092599786818
3431249	1	1.006744734942913	0.13971023028716445	0.5727447159588337	0.5995281711220741	0.3231145069003105	0.6176227293908596	0.2622584756463766	0.4673212058842182	0.2890982332173735	0.934213325381279	0.2678186520934105	0.2544962977990508	0.5159895718097687	0.37867952324450016	0.9833589717745781	0.6595928072929382	0.6182085201144218	0.7020082697272301	0.1038734542671591	0.3036175863817334
3431250	1	0.7517733499407768	0.09678250085562468	0.5941214263439178	0.6756437569856644	0.37981797009706497	0.6687073335051537	0.22282346221618354	0.6301026865839958	0.5235702670179307	0.8786363489925861	0.3545949971303344	0.38325973227620125	0.42132125236094	0.36638081818819046	0.7235321067273617	0.5742201022803783	0.5795897282660007	0.7210873104631901	0.12856576382182539	0.3254691455513239
3431251	1	0.6774784363806248	0.12118033971637487	0.5988720916211605	0.7058301754295826	0.401288416236639	0.5875848028808832	0.1964478436857462	0.7555401474237442	0.6129654515534639	0.7993210665881634	0.35306049045175314	0.4020993374288082	0.3782156314700842	0.3650627722963691	0.6701938658952713	0.6546964086592197	0.5674168132245541	0.6551791504025459	0.12315091909840703	0.3744158707559109
3431295	1	0.1912015601992607	0.07824362441897392	0.16397690027952194	0.18119270354509354	0.13518400117754936	0.17287766933441162	0.06482693273574114	0.19717765972018242	0.20922566950321198	0.29062341153621674	0.06830080784857273	0.10186637192964554	0.12948905304074287	0.13586662709712982	0.12993654049932957	0.22445757687091827	0.18287037685513496	0.21125256642699242	0.038609606213867664	0.09282033517956734
3431302	1	0.37676696106791496	0.13599948585033417	0.14848130382597446	0.30950781889259815	0.17527897655963898	0.2560330405831337	0.10778947733342648	0.22509215585887432	0.1993273375555873	0.47252870351076126	0.0928269512951374	0.16347635351121426	0.3754564970731735	0.21168125607073307	0.5427500605583191	0.4309478737413883	0.2851039171218872	0.2947990372776985	0.0744437426328659	0.12170904502272606
3431360	1	0.3821360683068633	0.10412321193143725	0.36896248161792755	0.3974744416773319	0.2298053614795208	0.4344875440001488	0.0919501087628305	0.5470489747822285	0.42740752920508385	0.647125206887722	0.16771872993558645	0.3914765901863575	0.3645036481320858	0.2467214474454522	0.4203885290771723	0.57908134162426	0.45649411901831627	0.4261639192700386	0.05761050956789404	0.25932026468217373
3431388	1	13.711844302713871	3.3726280191913247	8.131851024925709	7.465445284731686	5.908339231275022	7.044719678349793	2.810431427322328	5.286309904418886	4.419429468922317	12.926226638257504	3.94524969952181	4.077402183320373	6.59868775960058	2.8068886967375875	10.60626612789929	8.771534622646868	7.197264372836798	12.18848485685885	1.0559422086225823	3.6750547937117517
3431389	1	14.465203960426152	3.3523225185927004	7.735567435622215	8.277308074757457	5.708035212010145	7.194555542431772	2.6370358536951244	4.536949401255697	4.48669782304205	13.6228768825531	3.990142851136625	3.924264257773757	6.997298933565617	2.994696433423087	11.086120638996363	8.67653500661254	6.777940607629716	11.220399161800742	0.9622787719126791	3.3537712320685387
3431390	1	15.34032323397696	3.355884560616687	7.6839806623756886	8.181965447962284	5.934481418225914	7.766798282042146	2.882332938257605	4.925075390376151	4.370753834955394	13.951820006594062	3.857431076467037	4.21269051451236	7.241735935211182	2.6855343375355005	12.016725521534681	8.528977440670133	7.105098362546414	11.471623094752431	1.019071765244007	3.467696676030755
3431395	1	0.09175712242722511	0.041977690532803535	0.0754792969673872	0.09818208962678909	0.045892611145973206	0.1761433370411396	0.14677206426858902	0.24975883215665817	0.09200063534080982	0.16745183616876602	0.07248222827911377	0.06951325573027134	0.043597981333732605	0.10115106403827667	0.05069728568196297	0.14107763767242432	0.17638684809207916	0.06654428690671921	0.012391004711389542	0.08074289932847023
3431396	1	0.1282229945063591	0.04520580172538757	0.06059054657816887	0.08568622916936874	0.05836634710431099	0.15083428472280502	0.09050392918288708	0.10232995450496674	0.08435171097517014	0.1788591966032982	0.04502115026116371	0.06913482770323753	0.08488887548446655	0.07465755939483643	0.08898475766181946	0.23422077298164368	0.14442187547683716	0.1731686070561409	0.03577183932065964	0.06477875635027885
3431402	1	0.06566347181797028	0.023711809888482094	0.05791153758764267	0.048791609704494476	0.05335157364606857	0.07022343575954437	0.024623803794384003	0.0414956696331501	0.04559963569045067	0.09575923532247543	0.026903783902525902	0.049247607588768005	0.049247607588768005	0.03055175580084324	0.04286365583539009	0.08253534138202667	0.05927952751517296	0.07615139335393906	0.016871865838766098	0.03921568766236305
3431480	1	8.15313271433115	4.927615486085415	14.596935218200088	11.464703593403101	9.258779934141785	8.721918243449181	4.609267007093877	20.47351769078523	15.442026128992438	18.514538911171257	6.574538403190672	14.906393140554428	7.057479115668684	4.767322353553027	9.132049840409309	17.132429271936417	13.022882104851305	13.306549437344074	1.5517441756092012	11.386178201530129
3431481	1	8.507485203444958	5.030972632579505	14.716744278557599	11.244601567275822	9.140547219663858	8.721061520744115	4.403579242527485	19.72202057670802	15.183458459563553	18.059426115825772	5.989053109195083	14.40076769143343	6.823832335416228	4.513590594287962	8.740269802045077	16.3681817445904	12.975926321931183	13.135440255515277	1.5404749033041298	10.782567323185503
3431482	1	7.895884731085971	4.787581908982247	14.599978608079255	11.161793041974306	8.847796357236803	8.720863472670317	4.437750200275332	20.01320823468268	14.962013201788068	17.57854393310845	6.055589272174984	14.472951281815767	6.423773526214063	4.625802622176707	8.81380229908973	15.521695088595152	12.514730271883309	13.019526650197804	1.4886100008152425	11.058105842210352
3431483	1	7.211776496376842	4.4620718215592206	13.986069155856967	10.805109527893364	8.517627720721066	7.832936706952751	3.981728228041902	18.905378968454897	14.215113460086286	16.590116316452622	6.278180080465972	12.89166655857116	5.978966284543276	4.254539292771369	8.549700465984643	15.264103352092206	12.295823926106095	12.33836071100086	1.5015065646730363	10.139225290622562
3431487	1	7.645144633948803	4.376294089015573	13.379939140751958	10.776479948312044	8.737889758311212	8.2375109475106	3.9870914118364453	19.177284545265138	14.936634528450668	17.7688141008839	6.240126403979957	13.91472404729575	6.438845922704786	4.687008902430534	8.519990389700979	15.218863809481263	12.277573332190514	12.77512485999614	1.46436578175053	10.440294454805553
3431493	1	0.9794935435056686	0.22105404548346996	0.6261387951672077	0.3820847477763891	0.4418218247592449	0.6342798508703709	0.22007754165679216	0.5182727091014385	0.3089400324970484	1.0942788198590279	0.2673451788723469	0.4694494754076004	0.6206332519650459	0.46353284642100334	0.6237734481692314	1.0940318629145622	0.7503231763839722	0.7963284216821194	0.16139390971511602	0.3267465438693762
3431496	1	0.9527942948043346	0.21758982259780169	0.6759231928735971	0.37954908516258	0.47612615674734116	0.5821053963154554	0.2925649997778237	0.5780335403978825	0.39424745738506317	1.2676696553826332	0.29481267742812634	0.42310106474906206	0.6828882899135351	0.4695749133825302	0.6811233833432198	1.3061199113726616	0.8332312181591988	0.955049678683281	0.192594638094306	0.3449006471782923
3431910	1	0.22044787742197514	0.06591238174587488	0.2494097501039505	0.25606202706694603	0.17276832647621632	0.2581828534603119	0.10713143460452557	0.22877079620957375	0.25233547016978264	0.32603807747364044	0.06592293037101626	0.28336333110928535	0.18105200119316578	0.1319696232676506	0.17288058251142502	0.31952085718512535	0.21086324006319046	0.2266039364039898	0.07040009694173932	0.2003643997013569
3431912	1	0.2214435413479805	0.09916169848293066	0.2292233407497406	0.2721688896417618	0.1819417756050825	0.1714148260653019	0.11038532759994268	0.2202701773494482	0.3152179643511772	0.3921816647052765	0.0854815011844039	0.2831677310168743	0.16706442274153233	0.12016542069613934	0.1542043723165989	0.28179604560136795	0.252376951277256	0.2143845073878765	0.05027398746460676	0.1776758600026369
3432145	1	0.23517506942152977	0.03332015033811331	0.12362851202487946	0.10041169449687004	0.1237850934267044	0.23915927857160568	0.052404933609068394	0.14400150626897812	0.1519971638917923	0.26992151886224747	0.06266096793115139	0.15371911227703094	0.18766587227582932	0.13263233751058578	0.08730795234441757	0.3407169468700886	0.21972506493330002	0.1827840507030487	0.04998509772121906	0.10899767652153969
3432189	1	0.15674253553152084	0.03718319162726402	0.0981784239411354	0.058252882212400436	0.046191249042749405	0.18320297449827194	0.0359676331281662	0.09565334767103195	0.14318346977233887	0.18248654901981354	0.046813709661364555	0.05379583314061165	0.143776573240757	0.10771498084068298	0.046191249042749405	0.19900523871183395	0.11195475980639458	0.15714772045612335	0.047218894585967064	0.04933878406882286
3432193	1	0.6087235659360886	0.15096851391717792	0.6705268174409866	0.6242512986063957	0.47734634950757027	0.3804404605180025	0.15575478319078684	0.8455813191831112	0.7730279136449099	1.0242472887039185	0.34645880945026875	0.752140324562788	0.36812355928123	0.44026135094463825	0.49573992006480694	0.8801913596689701	0.7200941983610392	0.6632949411869049	0.12084671296179295	0.5019805170595646
3432194	1	0.6026152763515711	0.1925025307573378	0.674587070941925	0.7066751830279827	0.4820448337122798	0.43313519936054945	0.21334778983145952	0.9025411903858185	0.8060386646538973	0.9494282379746437	0.27986367139965296	0.7375504486262798	0.3571386691182852	0.4469959978014231	0.5418284982442856	0.8891044333577156	0.6772416401654482	0.6262920591980219	0.0933503198903054	0.38771833665668964
3432195	1	0.6923152320086956	0.2069668318144977	0.7590133147314191	0.7019955646246672	0.5070953294634819	0.4744310830719769	0.25561042968183756	0.9202868044376373	0.7953996807336807	1.046868596225977	0.3592575881630182	0.7482568342238665	0.39295548014342785	0.5091483220458031	0.642590245231986	1.0465584471821785	0.7316192202270031	0.6715588569641113	0.10982958879321814	0.4282426694408059
3432203	1	0.048859935253858566	0.032573290169239044	0.05863192304968834	0.04560260474681854	0.03583062067627907	0.048859935253858566	0.013029315508902073	0.11400651186704636	0.03583062067627907	0.06514658033847809	0.026058631017804146	0.08794788271188736	0.03583062067627907	0.03908794745802879	0.026058631017804146	0.08469055593013763	0.08469055593013763	0.05211726203560829	0.02280130237340927	0.04234527796506882
3432241	1	0.16678722202777863	0.013924051076173782	0.12543701380491257	0.025316456332802773	0.04303797334432602	0.2128993421792984	0.019831223413348198	0.12121760472655296	0.09674503095448017	0.13065099343657494	0.04710669256746769	0.04599156230688095	0.23357445001602173	0.030379746109247208	0.15229053795337677	0.2079867422580719	0.14231465011835098	0.13387583196163177	0.015611814334988594	0.0350210964679718
3432266	1	0.1980099156498909	0.014028934761881828	0.08626466244459152	0.08590330928564072	0.0737050473690033	0.1628844365477562	0.049669867381453514	0.10021654516458511	0.08355718478560448	0.15200138092041016	0.06222948431968689	0.08538785576820374	0.11117664724588394	0.1178058534860611	0.10416218265891075	0.1509704701602459	0.15865449607372284	0.13134324550628662	0.034841177985072136	0.037187304347753525
3432451	1	0.34260667860507965	0.09963976591825485	0.3102755807340145	0.41360173746943474	0.16034195199608803	0.4099058024585247	0.15131968166679144	0.32512134313583374	0.3881525620818138	0.4970513544976711	0.13728900533169508	0.2600637646391988	0.4251674860715866	0.32476125843822956	0.28470458276569843	0.3850218914449215	0.39310989156365395	0.31543281860649586	0.14153021667152643	0.23490263801068068
3432452	1	0.361785713583231	0.08693582378327847	0.28321056067943573	0.6402015537023544	0.2731636855751276	0.5881322510540485	0.22821852564811707	0.47153231874108315	0.5435349568724632	0.7035824581980705	0.20369933126494288	0.2920212224125862	0.47486722841858864	0.43408605083823204	0.5426202714443207	0.6461907662451267	0.3847944624722004	0.4079323597252369	0.18426312878727913	0.24922729469835758
3432454	1	0.3657943084836006	0.13718680664896965	0.3116872049868107	0.383606581017375	0.1387543799355626	0.4127071611583233	0.15987451747059822	0.3216390274465084	0.27189250476658344	0.5125153549015522	0.1127916444092989	0.26902254950255156	0.45682165026664734	0.372047483921051	0.3376386687159538	0.42999671399593353	0.31031540781259537	0.2746399622410536	0.1273649400100112	0.293703131377697
3432456	1	0.37040018662810326	0.12903345003724098	0.3223889023065567	0.3721802178770304	0.14748325292021036	0.43594878539443016	0.1629684865474701	0.3423595614731312	0.2749574277549982	0.509020920842886	0.12458617519587278	0.25696351286023855	0.47530725225806236	0.33450187742710114	0.3396519161760807	0.43671149015426636	0.2921227142214775	0.2674187561497092	0.12667142320424318	0.2793236952275038
3432457	1	0.35888582468032837	0.13023572601377964	0.31796129420399666	0.36594019271433353	0.12807440385222435	0.43099649623036385	0.15889041125774384	0.33601075783371925	0.2704917509108782	0.5069459937512875	0.1304709119722247	0.274409587495029	0.47036755830049515	0.3440079689025879	0.3405027575790882	0.42932090163230896	0.3128778636455536	0.27888951636850834	0.1276918537914753	0.2870282083749771
3432458	1	0.3122703470289707	0.10888825124129653	0.3018754981458187	0.3977729566395283	0.15662414766848087	0.42999523878097534	0.15999963507056236	0.3220921605825424	0.3212027447298169	0.4373096078634262	0.11311141587793827	0.26555447094142437	0.45016396045684814	0.3091681897640228	0.4029964879155159	0.4431311637163162	0.36216383799910545	0.3046372476965189	0.15258871391415596	0.248453913256526
3432459	1	0.321507278829813	0.10236097639426589	0.3264247067272663	0.3973322920501232	0.14924005791544914	0.4171854928135872	0.1588982567191124	0.3194139786064625	0.3140074098482728	0.4497062899172306	0.11150617990642786	0.25519033521413803	0.45288513600826263	0.31522202491760254	0.4077085182070732	0.4243524856865406	0.35616739466786385	0.31747760996222496	0.15108566731214523	0.2523278668522835
3432460	1	0.30654299072921276	0.1066704336553812	0.30095289275050163	0.4060338921844959	0.1381292473524809	0.42147671431303024	0.16048627719283104	0.3181086741387844	0.3748059894423932	0.4573216810822487	0.10003506578505039	0.2653386555612087	0.4610072858631611	0.3031284473836422	0.3708118870854378	0.4088818281888962	0.3650517202913761	0.3250318914651871	0.15711478190496564	0.2530695963650942
3432910	1	0.11330549418926239	0.025792188942432404	0.10418406501412392	0.12838778644800186	0.08664537593722343	0.10403668135404587	0.03810693509876728	0.11577826738357544	0.16605256497859955	0.1672152578830719	0.0468025878071785	0.12026529386639595	0.0922950953245163	0.07433062791824341	0.11620404571294785	0.1316957324743271	0.10765577480196953	0.10200605913996696	0.04028494283556938	0.11895520985126495
3432911	1	0.10908796265721321	0.01900848839432001	0.08441909402608871	0.14571011811494827	0.09203654900193214	0.10356814786791801	0.027463912963867188	0.1264907792210579	0.1698870062828064	0.1615721508860588	0.04842947609722614	0.1205492801964283	0.09951343387365341	0.07407687604427338	0.10244904831051826	0.12683678418397903	0.11572687700390816	0.1214575357735157	0.03710872121155262	0.11460777372121811
3433198	1	0.2585676573216915	0.03287245985120535	0.21537243574857712	0.12664326280355453	0.1351138837635517	0.18608837574720383	0.07435735687613487	0.15156777948141098	0.16326376795768738	0.28047066926956177	0.05530733335763216	0.18902138248085976	0.13551241625100374	0.09449733980000019	0.1702815406024456	0.20927618443965912	0.193389181047678	0.15341962315142155	0.02951430343091488	0.1454630382359028
3433538	1	4.431778373196721	3.5511122993193567	8.140588863985613	8.18890084605664	9.025293723680079	5.348941163625568	2.1213681581430137	15.740002641454339	15.262508179992437	14.429858844727278	3.6965508768334985	13.429860782809556	4.164584779646248	3.0605046288110316	4.109347903635353	12.011909808963537	7.968012617900968	9.727665988728404	1.0795276779681444	7.511682432610542
3433539	1	3.9410474579781294	3.336054638493806	8.107082519680262	7.289581665769219	8.108122480101883	4.996519250329584	2.1499828710220754	13.69304110109806	13.321016989648342	12.729299921542406	3.612650624010712	11.258803618140519	3.7468847185373306	2.6624793824739754	4.353465519379824	11.303248055279255	7.190750471316278	9.645951529964805	0.9733548903604969	6.580662830732763
3433633	1	0.5743250921368599	0.22908094711601734	0.38460420072078705	0.266571500338614	0.4846713338047266	0.46465060114860535	0.21407334133982658	0.48366666957736015	0.35666803549975157	0.9112809747457504	0.23005573078989983	0.4302172362804413	0.49828533455729485	0.33605356235057116	0.4201653227210045	0.7689374834299088	0.6440429463982582	0.8040917478501797	0.10590445529669523	0.3926534913480282
3433742	1	0.4367372430860996	0.13048791605979204	0.3083849996328354	0.2445733081549406	0.23429500684142113	0.3130207620561123	0.13354504480957985	0.41907603293657303	0.31832918897271156	0.6034662798047066	0.10795558709651232	0.32499572820961475	0.34920186921954155	0.25160184130072594	0.3062308840453625	0.36295780166983604	0.41081463266164064	0.4210905469954014	0.07369044609367847	0.24954484775662422
3433756	1	0.47041920106858015	0.23607130139134824	0.38234250620007515	0.2593642948195338	0.5042226426303387	0.4288430279120803	0.1980096772313118	0.4823325593024492	0.43637678772211075	0.8027642294764519	0.17104277200996876	0.41752292588353157	0.27885053772479296	0.25283315125852823	0.3254492077976465	0.5239399848505855	0.46870486810803413	0.8219961673021317	0.15247766952961683	0.38643654063344
3433757	1	0.6159495823085308	0.2895593852736056	0.5673154387623072	0.36283461190760136	0.6218770928680897	0.6434113159775734	0.17650725692510605	0.6357600055634975	0.5246972944587469	0.7772498708218336	0.21390920551493764	0.59770343080163	0.4284830652177334	0.4092186186462641	0.38045259937644005	0.632165165618062	0.5723177269101143	0.8117435425519943	0.16705742105841637	0.571787366643548
3433758	1	0.3702901564538479	0.2593261697329581	0.3920593857765198	0.23373942263424397	0.5829504989087582	0.43289724364876747	0.15100177377462387	0.5280615836381912	0.39935218170285225	0.7860234752297401	0.1503517786040902	0.4805680215358734	0.31020962446928024	0.24367473926395178	0.27977227605879307	0.7283511236310005	0.44181123934686184	0.6448035947978497	0.12497857119888067	0.4597771428525448
3433809	1	0.32334480062127113	0.18220588704571128	0.4018846731632948	0.280475415289402	0.4576336666941643	0.34840573742985725	0.11003795452415943	0.34701162204146385	0.34522602893412113	0.7488506957888603	0.21862444933503866	0.3994741141796112	0.2826028782874346	0.1954113394021988	0.24166161008179188	0.5023630075156689	0.47317298501729965	0.7186022847890854	0.09186369925737381	0.3311471547931433
3433814	1	0.5020151399075985	0.19143415056169033	0.4460480511188507	0.3923816345632076	0.4203685000538826	0.4952614866197109	0.18218616861850023	0.4872291721403599	0.5006323419511318	0.7207962088286877	0.17266133334487677	0.4261574372649193	0.2472891379147768	0.2411704733967781	0.3148794583976269	0.5632232241332531	0.5086640045046806	0.692079808562994	0.10352450888603926	0.39199775643646717
348823	0	0.41442111879587173	0.08673569420352578	0.31964682787656784	0.3640836998820305	0.1642310805618763	0.3856203183531761	0.13205534033477306	0.42311641573905945	0.34538043290376663	0.5896156653761864	0.16209847945719957	0.22163607366383076	0.29656265676021576	0.19006920792162418	0.3034115396440029	0.5187949016690254	0.4489502124488354	0.3440643437206745	0.09692094940692186	0.19258505664765835
35243	0	12.283076703548431	1.437855166848749	3.9606451941654086	4.655025049112737	2.235713907983154	8.765257678925991	1.4905405049212277	1.3544139034347609	0.7281281929463148	7.003486046567559	1.0486798951169476	1.22314806538634	7.46520583704114	2.0288591959979385	8.543579455465078	4.673840025439858	3.4783080192282796	5.0897506810724735	0.9637446077540517	1.57074207928963
35244	0	13.91769490391016	1.6297106202691793	3.735908704344183	3.8879759460687637	2.4930823682807386	6.987608976662159	1.4097054412122816	1.4870624006725848	1.0787142922636122	7.447755258530378	1.1070196316577494	1.1242354167625308	6.537775427103043	1.6051414613611996	7.762138273566961	4.330263815820217	2.9415954183787107	4.890586351975799	0.7908099663909525	1.835215481929481
35246	0	5.042385997250676	2.207867500372231	3.731868418864906	4.1168197914958	3.111445755697787	5.261773005127907	2.225980993360281	4.849040291272104	3.3642827584408224	7.096746168099344	1.8550464874133468	3.9787169564515352	4.115732961334288	2.7855813084170222	4.91479560919106	5.751542104408145	5.530893029645085	5.298931196331978	0.8871798408217728	2.873369880951941
35252	0	4.655141648836434	2.2530446932651103	3.2283800477162004	4.043626280501485	3.5145113188773394	3.9790579341351986	1.9075919245369732	3.8717144946567714	4.280073696747422	8.20228223130107	1.6698059176560491	3.7538286270573735	4.220429815351963	3.0869423169642687	3.035897793248296	6.10604590177536	4.751805146224797	5.154688967391849	0.808963434305042	2.4761682357639074
35258	0	0.3284513717517257	0.31935540260747075	0.3815322145819664	0.5317741483449936	0.3438993599265814	0.5584373790770769	0.16061085369437933	0.35771601647138596	0.555026613175869	0.7570179123431444	0.15472955536097288	0.34248846769332886	0.3582342127338052	0.38185145147144794	0.4538186453282833	0.6155668683350086	0.4702574033290148	0.5292832143604755	0.08704348839819431	0.31290547735989094
35269	0	0.1618337258696556	0.06290598399937153	0.10391608625650406	0.07527583464980125	0.12969696894288063	0.13844599947333336	0.07418803498148918	0.1702253334224224	0.11389277502894402	0.2751981392502785	0.038834499195218086	0.16250194050371647	0.2780419588088989	0.16222222335636616	0.18433566577732563	0.24374514818191528	0.22745920717716217	0.19149961322546005	0.09482517465949059	0.11095571331679821
35279	0	0.07804735749959946	0.019877228885889053	0.04676995053887367	0.06518562138080597	0.029231218621134758	0.10406313836574554	0.02133879065513611	0.047062262892723083	0.042092956602573395	0.08535516262054443	0.033615902066230774	0.028646593913435936	0.03975445777177811	0.022215725854039192	0.07775504142045975	0.05495469272136688	0.06167787313461304	0.09003215283155441	0.029231218621134758	0.023092662915587425
356862	0	0.6003636494278908	0.12078864756040275	0.5040375282987952	0.7306738719344139	0.3804991617798805	0.5622580274939537	0.20231865346431732	0.7029060013592243	0.6738533976022154	0.9227890335023403	0.30639596097171307	0.5066977888345718	0.37106691859662533	0.3330685356631875	0.6247447952628136	0.7291111201047897	0.6395616196095943	0.6769073605537415	0.10661583882756531	0.3053421126678586
36370	0	0.18411754071712494	0.0646273260936141	0.14358806610107422	0.22865629196166992	0.0736369900405407	0.21340248361229897	0.0791813526302576	0.18247069790959358	0.1994646154344082	0.28619078546762466	0.05418192967772484	0.11630439572036266	0.16427722573280334	0.154070932418108	0.17860116064548492	0.14127567410469055	0.17682340741157532	0.1957906223833561	0.08206537365913391	0.0812731385231018
365327	0	16.425770699977875	1.596232645213604	3.459418665152043	5.239846492186189	2.3520352044142783	7.694730918854475	1.2849786011502147	1.0847622976871207	0.8857783228158951	7.75778973614797	1.0581796289188787	1.0114544596290216	7.47999625466764	1.6230481719831005	9.54121831804514	3.9224254516884685	2.5483535253442824	4.567261609248817	0.7801404364872724	1.6865788360591978
369960	0	0.2607918605208397	0.06630929140374064	0.15851886942982674	0.2213556170463562	0.1191191952675581	0.26425380632281303	0.10188455786556005	0.14618640579283237	0.27844810485839844	0.44667885452508926	0.039180449675768614	0.11273147584870458	0.3308659717440605	0.21271665021777153	0.24118956178426743	0.2433505803346634	0.2515871524810791	0.27709416672587395	0.10662706010043621	0.12111035920679569
3703027	1	0.5810117051005363	0.050549214938655496	0.30154096335172653	0.2864625621587038	0.1674050111323595	0.45202212035655975	0.13789580762386322	0.35040169954299927	0.3015720285475254	0.6106525510549545	0.18296017684042454	0.1972722988575697	0.2776679955422878	0.18645784817636013	0.40810994803905487	0.27803121134638786	0.4111231192946434	0.4483208693563938	0.10656664427369833	0.2639762479811907
381543	0	0.4049605168402195	0.10140555677935481	0.3082906901836395	0.36494218185544014	0.1794702522456646	0.4662470072507858	0.09314565639942884	0.3971282094717026	0.3285713978111744	0.5170942172408104	0.19487336743623018	0.28585792146623135	0.31403806805610657	0.18870529904961586	0.2907010279595852	0.47795096039772034	0.40799497067928314	0.42422664165496826	0.060270838905125856	0.1941251903772354
38170	0	0.9794935435056686	0.22105404548346996	0.6261387951672077	0.3820847477763891	0.4418218247592449	0.6342798508703709	0.22007754165679216	0.5182727091014385	0.3089400324970484	1.0942788198590279	0.2673451788723469	0.4694494754076004	0.6206332519650459	0.46353284642100334	0.6237734481692314	1.0940318629145622	0.7503231763839722	0.7963284216821194	0.16139390971511602	0.3267465438693762
38525	0	0.6401685401797295	0.2112932396121323	0.44241716992110014	0.7449712231755257	0.25264131650328636	0.512596171349287	0.14011247688904405	0.6317503750324249	0.8290034905076027	0.9908144474029541	0.2642428921535611	0.5398751813918352	0.3889079838991165	0.3132602167315781	0.45043402537703514	0.7632305026054382	0.8629604205489159	0.6431613881140947	0.1051558000035584	0.2730031805112958
38766	1	0.26321205869317055	0.10821645054966211	0.2825763188302517	0.33685820549726486	0.23093388602137566	0.28695129230618477	0.12005409970879555	0.2980089448392391	0.32694538310170174	0.46713224053382874	0.1546475626528263	0.2211824208498001	0.24984127283096313	0.15625523682683706	0.26351282373070717	0.4225437268614769	0.27045150101184845	0.30680543556809425	0.07971992809325457	0.15415122546255589
38767	1	0.2558831498026848	0.0969665921293199	0.2957562655210495	0.3417159132659435	0.21096361055970192	0.29197365418076515	0.11567794997245073	0.33630725368857384	0.29566869139671326	0.4503049924969673	0.12844099290668964	0.2160612791776657	0.2553279809653759	0.17481696140021086	0.2871745489537716	0.4572283923625946	0.24083678610622883	0.31406741216778755	0.08122359961271286	0.15360398404300213
38804	0	3.9410474579781294	3.336054638493806	8.107082519680262	7.289581665769219	8.108122480101883	4.996519250329584	2.1499828710220754	13.69304110109806	13.321016989648342	12.729299921542406	3.612650624010712	11.258803618140519	3.7468847185373306	2.6624793824739754	4.353465519379824	11.303248055279255	7.190750471316278	9.645951529964805	0.9733548903604969	6.580662830732763
390157	0	0.07611187547445297	0.009170105680823326	0.05685465410351753	0.04309949651360512	0.05410362035036087	0.06969279795885086	0.01925722137093544	0.03622191771864891	0.044933516532182693	0.09720312058925629	0.020632736384868622	0.04906006529927254	0.06831728667020798	0.038972947746515274	0.04355800151824951	0.07977991551160812	0.07106831669807434	0.07244383543729782	0.012379642575979233	0.0371389277279377
393049	1	0.25855257362127304	0.04899410530924797	0.13067564368247986	0.2731635496020317	0.10817062482237816	0.21959270536899567	0.09223436936736107	0.1255803257226944	0.13554048538208008	0.2197326421737671	0.06744098104536533	0.11953014507889748	0.1359849888831377	0.15391327627003193	0.17266471683979034	0.20224886015057564	0.2654835283756256	0.11628692131489515	0.05489611905068159	0.09931349195539951
394239	0	0.3686231039464474	0.0790460854768753	0.14068515226244926	0.34006335586309433	0.1525793857872486	0.3626154661178589	0.13805124536156654	0.12905685603618622	0.2442634254693985	0.6668398380279541	0.052407852839678526	0.19583609886467457	0.29861102253198624	0.18427596241235733	0.4598029814660549	0.3865133412182331	0.23087814822793007	0.3261311240494251	0.09926562011241913	0.14445392414927483
39637	0	9.316404381766915	2.257116199238226	4.776379022747278	5.338334903120995	3.4405155645217746	7.610027128830552	2.2777640849817544	4.035955546423793	3.1670468323864043	9.346019070595503	2.5809344737790525	3.171242634765804	6.364861290901899	3.1849298644810915	6.563365743029863	7.7559849712997675	5.722500621341169	7.735494019463658	1.4282699667382985	2.9268539850600064
39720	0	0.5499551687389612	0.17093423707410693	0.25628820806741714	0.5507339611649513	0.2646202761679888	0.3149812836199999	0.30956883914768696	0.5844944715499878	0.3669777645263821	0.8157647922635078	0.21579800453037024	0.33070965111255646	0.43386845849454403	0.4617749731987715	0.39814913645386696	0.6004192158579826	0.5846943818032742	0.38016086257994175	0.13837696239352226	0.2717294041067362
40004	0	0.07593832165002823	0.019784696400165558	0.04218795523047447	0.07128309458494186	0.025603724643588066	0.10183299332857132	0.018620889633893967	0.04160604998469353	0.047425080090761185	0.08815827965736389	0.03724177926778793	0.02996799536049366	0.03724177926778793	0.025312772020697594	0.07419261336326599	0.05469886586070061	0.06430026143789291	0.09106779098510742	0.028804190456867218	0.024730870500206947
40012	0	0.07860899716615677	0.019579192623496056	0.04500292241573334	0.06779661029577255	0.02951490320265293	0.10081823170185089	0.021917007863521576	0.05523085966706276	0.042665109038352966	0.08533021807670593	0.034774985164403915	0.026592636480927467	0.039742838591337204	0.022209234535694122	0.07860899716615677	0.05289304628968239	0.06341321021318436	0.08474576473236084	0.029807129874825478	0.02074810117483139
40050	0	0.7537336386740208	0.13495041709393263	0.5892303138971329	0.685775026679039	0.3251706585288048	0.7214698232710361	0.19977792911231518	0.6671825349330902	0.562719555106014	0.8395402878522873	0.36064257100224495	0.4014095216989517	0.3748058881610632	0.34561240673065186	0.7064317874610424	0.6125924102962017	0.5511056371033192	0.6760339885950089	0.12219708831980824	0.3696185005828738
40051	0	0.6747688092291355	0.10841667233034968	0.5448312573134899	0.6272515542805195	0.3694612327963114	0.4748893715441227	0.20135883428156376	0.6083576492965221	0.5065724852029234	0.7660912610590458	0.3607724066823721	0.3518694378435612	0.4008399937301874	0.35897353291511536	0.6141204312443733	0.501964271068573	0.47312502935528755	0.6166948862373829	0.1177562396042049	0.32188464142382145
40053	0	0.9369558431208134	0.14245551358908415	0.7772715799510479	0.7405457273125648	0.2979845181107521	0.7179748713970184	0.25061068311333656	0.718237541615963	0.6659617968834937	0.9395098574459553	0.32877962477505207	0.3840381074696779	0.40406645089387894	0.2707700002938509	0.8020936734974384	0.6710700243711472	0.6458704508841038	0.8313197121024132	0.10759303718805313	0.3668909873813391
40054	0	0.7120013684034348	0.1151716283056885	0.5876860097050667	0.8093038201332092	0.3446124857291579	0.587817195802927	0.20497448649257421	0.7217533141374588	0.632980995811522	0.7989611215889454	0.37291454896330833	0.3953123465180397	0.41452966071665287	0.4291236847639084	0.7037086188793182	0.522162402048707	0.5028543919324875	0.6693413518369198	0.1199667677283287	0.35482381004840136
40056	0	0.9059816971421242	0.11200724565424025	0.6772830039262772	0.7971884533762932	0.34492816403508186	0.7658588998019695	0.1966538375709206	0.6025074198842049	0.6079159053042531	0.8800034634768963	0.4035013224929571	0.46358137764036655	0.38740490563213825	0.3287296798080206	0.7054528594017029	0.6324442569166422	0.6198308281600475	0.9260990060865879	0.18082096241414547	0.4618067406117916
40060	0	0.7122532818466425	0.12637948791962117	0.6992381028831005	0.6986544486135244	0.3723535370081663	0.6935787759721279	0.3198882632423192	0.7336067147552967	0.6007602009922266	1.003710675984621	0.2878056988120079	0.46457184851169586	0.4095909530296922	0.48777810111641884	0.7495300285518169	0.8164524957537651	0.6845702826976776	0.6797566190361977	0.09723171673249453	0.3622887684032321
40061	0	0.6983401998877525	0.1953804527875036	0.545327065512538	0.9136909209191799	0.34576495829969645	0.7221315689384937	0.18738883826881647	0.6246757693588734	0.7636149367317557	0.9153697974979877	0.3613294158130884	0.5169180175289512	0.473801682703197	0.4837751239538193	0.6556517668068409	0.5924783572554588	0.5837648026645184	0.8772699683904648	0.1352335261180997	0.408092875033617
40062	0	0.7291091494262218	0.10819558892399073	0.578120831400156	0.8674970604479313	0.37907500099390745	0.6888592727482319	0.1856687122490257	0.7453009746968746	0.692959179636091	0.7839026153087616	0.4065507920458913	0.4940246008336544	0.4479887308552861	0.39165510050952435	0.7366102747619152	0.7006985247135162	0.678444717079401	0.824604369699955	0.12141049047932029	0.43932400457561016
40065	0	1.219034805893898	0.13407226488925517	0.5407994594424963	0.6248657777905464	0.3632557624951005	0.653840459883213	0.24777960497885942	0.4856080859899521	0.34362203860655427	0.9403348825871944	0.2779564126394689	0.25824776850640774	0.7376248575747013	0.3508387990295887	1.0716388002038002	0.7257694192230701	0.73131487891078	0.860051479190588	0.11206373083405197	0.32128075789660215
40067	0	1.1087258271872997	0.13443443877622485	0.7386233322322369	0.5352386422455311	0.3295340146869421	0.7617472633719444	0.3064896780997515	0.4717355817556381	0.3087596776895225	0.9961268045008183	0.30810891278088093	0.3723455173894763	0.6700024679303169	0.32954324409365654	0.9463696703314781	0.770222507417202	0.6618181206285954	0.8406652212142944	0.12586989463306963	0.2836392307654023
40537	0	0.5150227062404156	0.17943864432163537	0.2930908314883709	0.2771865203976631	0.21260272711515427	0.3928576372563839	0.160298939794302	0.24145143292844296	0.3056185394525528	0.5133000016212463	0.09367041243240237	0.17943571880459785	0.4325123466551304	0.3504636734724045	0.407200638204813	0.44526079669594765	0.3756919130682945	0.36522598937153816	0.0975481141358614	0.16212237626314163
405554	0	0.2758866995573044	0.09694019332528114	0.20079759322106838	0.1669367551803589	0.21364393457770348	0.22817544639110565	0.12541343085467815	0.3160705342888832	0.28508404456079006	0.497968852519989	0.1355349514633417	0.2726747617125511	0.28320600651204586	0.23972112871706486	0.15457459911704063	0.4325968697667122	0.5055152699351311	0.3211001120507717	0.02902437886223197	0.21913443133234978
42475	0	0.7768340744078159	0.2505411487072706	0.5414564199745655	0.6892935037612915	0.44480447098612785	0.7718629837036133	0.19544972572475672	0.6239049136638641	0.5630220547318459	0.9828143380582333	0.27869643084704876	0.444774080067873	0.4921211525797844	0.39135664887726307	0.6730562448501587	0.9099426120519638	0.6438401453197002	0.7816996946930885	0.10989160207100213	0.43463774397969246
432261	1	0.13231182470917702	0.03919354733079672	0.16123655438423157	0.10284946113824844	0.0903225801885128	0.1111827939748764	0.05252688191831112	0.11865591257810593	0.13118279725313187	0.17537634074687958	0.02306451555341482	0.10505376383662224	0.12338709831237793	0.1297849416732788	0.08672042936086655	0.12284946069121361	0.12145160883665085	0.056129030883312225	0.03779569827020168	0.07892473042011261
44158	0	0.24605734646320343	0.08501161821186543	0.15750399231910706	0.15896045789122581	0.11927733197808266	0.15763410180807114	0.08033657819032669	0.1363886296749115	0.18317721411585808	0.2393365353345871	0.07078812271356583	0.109296640381217	0.1971673034131527	0.10996941477060318	0.16830558702349663	0.18068977072834969	0.22911252081394196	0.23984235525131226	0.028099175076931715	0.10304528474807739
45455	0	8.91873536258936	2.0500976820476353	3.5601095245219767	5.221150573343039	3.5196028146892786	8.249793447554111	2.227525084046647	3.4675160016631708	2.932886427268386	11.031133455224335	2.288569420343265	2.6359128965996206	8.98069173656404	3.6645714240148664	7.396878252970055	7.632293321192265	5.651731431484222	6.717015971429646	1.4809430027380586	2.3728423515567556
45617	1	0.2943924516439438	0.10580107849091291	0.19109782949090004	0.23312584683299065	0.15007691085338593	0.4084203988313675	0.10101792123168707	0.33491697534918785	0.26703605335205793	0.445086769759655	0.09846899658441544	0.18543736450374126	0.41277726367115974	0.3173431493341923	0.230199059471488	0.3722837567329407	0.2756500542163849	0.31346575915813446	0.11390446312725544	0.14949792437255383
46221	1	0.09446100518107414	0.022280178032815456	0.08964232355356216	0.09215101972222328	0.10799800977110863	0.1178092360496521	0.04990064539015293	0.08251366391777992	0.11477893590927124	0.13616492599248886	0.022454047575592995	0.10586189478635788	0.1475658193230629	0.07930948957800865	0.18052658066153526	0.1434674635529518	0.13633880019187927	0.1281420812010765	0.0538251381367445	0.09480874612927437
47000	0	0.0729537382721901	0.016903914511203766	0.05827401950955391	0.04626334458589554	0.05604982376098633	0.0631672590970993	0.02179715223610401	0.040925268083810806	0.06049821898341179	0.09475088864564896	0.02179715223610401	0.033362988382577896	0.06227758154273033	0.040035586804151535	0.037811387330293655	0.07562277466058731	0.06850533932447433	0.08185053616762161	0.014234875328838825	0.03291814774274826
47418	0	3.650639805942774	1.6001766375266016	3.7604312347248197	4.184595447033644	3.469313232693821	3.4099204475060105	1.4864200539886951	5.626732673496008	4.314139313995838	6.859474133700132	1.6216351939365268	4.63645957224071	3.661982356570661	2.2995462380349636	3.3367599295452237	6.72329879924655	4.609253633767366	4.387521993368864	0.6765906687360257	2.68510889261961
47929	0	12.56926016509533	6.100693808402866	8.831974845845252	9.47826387360692	7.955554069485515	9.583452044054866	6.120277924463153	11.10515264980495	7.312981212744489	20.22172312065959	6.014254379086196	8.248963133897632	9.807090235874057	7.286539688240737	12.090067580807954	15.010723114944994	14.001055910252035	15.506355181336403	2.971530718030408	7.7840869864448905
48543	0	0.25072432309389114	0.08088942058384418	0.15248843282461166	0.16635354980826378	0.11922463402152061	0.1525171957910061	0.07339731603860855	0.16453345865011215	0.1920090802013874	0.22695012390613556	0.07290918380022049	0.11519232019782066	0.19281372800469398	0.11219329386949539	0.15785620361566544	0.18989981338381767	0.2322075068950653	0.21628809720277786	0.02789742313325405	0.10365490429103374
48544	0	0.2580680176615715	0.09002578444778919	0.16333246231079102	0.16711359843611717	0.09937872737646103	0.16599000990390778	0.0831377524882555	0.1786653809249401	0.16644871979951859	0.2509629502892494	0.06172679737210274	0.11562120541930199	0.16909019649028778	0.09157327376306057	0.15824145078659058	0.1908678188920021	0.20423871278762817	0.24178437888622284	0.028810078278183937	0.1149226762354374
488317	0	0.3700541816651821	0.08510276861488819	0.49967751279473305	0.42022018507122993	0.22954137437045574	0.37530622631311417	0.1306167133152485	0.5100513584911823	0.4033279474824667	0.4795189034193754	0.26398192159831524	0.37446950748562813	0.35904461704194546	0.2146063670516014	0.2936703450977802	0.7093876525759697	0.4619250111281872	0.43307216465473175	0.0729420529678464	0.31348327547311783
48981	0	0.12411800026893616	0.004943263134919107	0.10724630206823349	0.11258437111973763	0.047211265191435814	0.12182485684752464	0.03338448517024517	0.12390265613794327	0.11394628882408142	0.1852637231349945	0.06007092818617821	0.12282786518335342	0.11917473748326302	0.08163465186953545	0.09445842355489731	0.1758059412240982	0.12909715995192528	0.1240462213754654	0.027653560042381287	0.0908052958548069
50292	0	13.989108448848128	5.986596459057182	9.22959354147315	10.197250231169164	8.305768810212612	10.650641368702054	6.113757109735161	10.732959784567356	8.286404102109373	21.204452972859144	5.806861404096708	8.006108967587352	10.840948848053813	7.232254086295143	12.836346190422773	14.812090033199638	14.185300888493657	17.116130000911653	3.1697029964998364	7.297724339179695
519014	0	1.2506286762654781	0.20978825353085995	0.6287197731435299	0.5052721220999956	0.37283178232610226	0.6036470383405685	0.3989691510796547	0.6586552262306213	0.2766701243817806	1.3992961645126343	0.37118629552423954	0.5025380309671164	0.9978582076728344	0.5158909540623426	0.8186704628169537	0.9390661753714085	1.1355093121528625	0.8911446258425713	0.18751350929960608	0.3361441930755973
519497	0	0.44956767559051514	0.1817834321409464	0.7555146440863609	0.7096629701554775	0.789044301956892	0.4760344848036766	0.3000238696113229	0.8698784932494164	0.7778246104717255	1.2605151236057281	0.2652355022728443	0.8050156198441982	0.4095569606870413	0.3681586589664221	0.4945644997060299	1.055251456797123	0.7169472947716713	0.7375568114221096	0.08593074511736631	0.4919328801333904
53182	0	0.2653703801333904	0.10763326287269592	0.22903786227107048	0.43853404372930527	0.18103821575641632	0.43736036866903305	0.16680572368204594	0.3250756934285164	0.37650423776358366	0.5952881798148155	0.16430221032351255	0.35695264860987663	0.3682737797498703	0.28210771456360817	0.3361711837351322	0.439004547894001	0.3191157430410385	0.31624963134527206	0.09789987560361624	0.19727466721087694
55744	0	9.352193739265203	2.0368158649653196	4.807443066500127	5.395456126891077	3.609849845059216	7.074818228371441	2.269829622004181	3.900864351540804	3.1401560590602458	8.821314567700028	2.342829568311572	3.129518889822066	6.263131199404597	2.8729051081463695	6.989817269612104	7.802375365048647	6.0796649577096105	7.187244238331914	1.1584700478706509	2.7653019465506077
55987	0	0.44701776653528214	0.22042445931583643	0.464585829526186	0.5918658748269081	0.32585329562425613	0.7136183828115463	0.10757035983260721	0.3930898420512676	0.5667820014059544	0.5819260738790035	0.2891093846410513	0.34018341451883316	0.25193785689771175	0.24826744198799133	0.4983181431889534	0.5904379636049271	0.5147764198482037	0.554201552644372	0.11605941224843264	0.1839745230972767
56094	0	1.1091568693518639	0.2128053088672459	0.6507470794022083	0.4504594001919031	0.38508849032223225	0.8554553687572479	0.31526391115039587	0.6432725936174393	0.30951130110770464	1.1637423448264599	0.2871106145903468	0.4022209085524082	0.8148161228746176	0.3941481150686741	0.7248349599540234	1.0583413019776344	0.8122076690196991	0.9032847285270691	0.21155549492686987	0.29597745928913355
56144	0	0.4830552749335766	0.22780953347682953	0.3312044385820627	0.45548105612397194	0.26341977529227734	0.47080532275140285	0.13751364685595036	0.3685925807803869	0.39353123493492603	0.6981319785118103	0.1267572222277522	0.20402735844254494	0.4477275311946869	0.2580129634588957	0.3906036429107189	0.5963496156036854	0.47857630625367165	0.36703439615666866	0.07769486214965582	0.22367125004529953
57282	1	0.23793667182326317	0.11367644183337688	0.13051109109073877	0.1979384091682732	0.11566506139934063	0.2873426824808121	0.09608650393784046	0.16607123054564	0.27364546433091164	0.3805258944630623	0.06212360970675945	0.15324977040290833	0.30087311938405037	0.33279115706682205	0.20402033999562263	0.24104807525873184	0.2884805090725422	0.25045475736260414	0.07901556650176644	0.08854367258027196
574549	0	0.5999359898269176	0.2565009016543627	0.3598586544394493	0.32087859604507685	0.3598389131948352	0.4310675375163555	0.18349949270486832	0.6339058317244053	0.46990049816668034	0.9222962334752083	0.16829258762300014	0.5290953852236271	0.5033391378819942	0.4197851438075304	0.36966197937726974	0.5917287655174732	0.6842433288693428	0.6870945952832699	0.1160595421679318	0.39301691576838493
57747	0	1.048831831663847	0.23635177174583077	0.5331919323652983	0.38652562722563744	0.3263523178175092	0.5763452090322971	0.3574901260435581	0.563412057235837	0.18465603981167078	1.1336433216929436	0.24206341989338398	0.43849635124206543	0.8553731516003609	0.38908674381673336	0.6881134323775768	0.9798560962080956	0.7330675953999162	0.8036276958882809	0.1955638825893402	0.32795142009854317
59302	0	0.2867949176579714	0.08579614199697971	0.18200602568686008	0.25259870663285255	0.36163976788520813	0.18841920234262943	0.08503116108477116	0.22930808365345	0.28218867629766464	0.3145842030644417	0.10371585749089718	0.26031725481152534	0.2060768362134695	0.1596483550965786	0.18580690026283264	0.19816858880221844	0.20078416168689728	0.2876266334205866	0.0267062452621758	0.10278231278061867
59304	0	0.2703470215201378	0.08496951870620251	0.1611579731106758	0.15037450939416885	0.186818091198802	0.16594984382390976	0.0848053302615881	0.1762559674680233	0.8900964520871639	0.2446260079741478	0.10921611078083515	0.1761920526623726	0.1862686239182949	0.09121045283973217	0.17731346935033798	0.2126665748655796	0.23767901957035065	0.23460766673088074	0.06617529829964042	0.09326999075710773
59380	0	0.3738310355693102	0.10545668378472328	0.5329576805233955	0.4622158035635948	0.1679611736908555	0.41237759217619896	0.15245430637151003	0.5058013796806335	0.45069989934563637	0.5371571239084005	0.21508563496172428	0.3664608355611563	0.3234277479350567	0.23270061798393726	0.29229896795004606	0.572922833263874	0.5313706621527672	0.3981787972152233	0.10930239176377654	0.2573388544842601
59509	0	3.8062535622157156	3.420197971863672	9.378149821422994	8.674546705558896	9.064951792359352	5.37293145339936	2.2492271580267698	16.846864560618997	15.802325069904327	13.902620449662209	3.708548955619335	13.801135215908289	3.9283377551473677	2.7495760871097445	4.300619491841644	12.476728083565831	7.950272603426129	8.585593947209418	0.9845538283698261	7.996566109359264
59816	0	0.15427160263061523	0.011899311561137438	0.12034855410456657	0.13016018271446228	0.05907830223441124	0.13454527780413628	0.02953915111720562	0.09362813457846642	0.12327035143971443	0.18568870425224304	0.05072757229208946	0.09634140133857727	0.1429990753531456	0.07316956296563148	0.10135208070278168	0.128803551197052	0.1569848731160164	0.11283433809876442	0.027659998275339603	0.06669798493385315
60879	0	0.2590710520744324	0.0905170738697052	0.15209906175732613	0.17886163666844368	0.09880219399929047	0.15994437783956528	0.07793103158473969	0.15629906952381134	0.19798437505960464	0.2535097002983093	0.06223479472100735	0.1269771121442318	0.17072346806526184	0.09203570149838924	0.16164999082684517	0.18188855797052383	0.21318723261356354	0.2315581887960434	0.026140103582292795	0.10858528688549995
62352	0	0.9855857938528061	0.1972821408417076	0.7407107464969158	0.7834932468831539	0.5984193105250597	0.9218303933739662	0.27886366844177246	0.6452935710549355	0.5364127587527037	1.3090717196464539	0.3380449144169688	0.42676751408725977	0.6690104957669973	0.4692722335457802	0.9075785167515278	0.8355842772871256	0.6771776974201202	1.0458013862371445	0.20339661370962858	0.4304030127823353
642022	1	0.3208185788244009	0.16001835698261857	0.3258373662829399	0.40758679807186127	0.35031988099217415	0.29963598772883415	0.17928441986441612	0.3969144783914089	0.3754526115953922	0.554220050573349	0.1469630654901266	0.29732269793748856	0.2554016374051571	0.18401301000267267	0.27018832229077816	0.5437534004449844	0.28268526308238506	0.36270374059677124	0.08008519373834133	0.20679518952965736
64280	0	0.06674577295780182	0.01809552125632763	0.04568377509713173	0.06259270012378693	0.032037969678640366	0.0848412960767746	0.022841887548565865	0.050133492797613144	0.06051616743206978	0.0975971519947052	0.03025808371603489	0.03648768737912178	0.04271729290485382	0.02996143512427807	0.0551765039563179	0.06348264962434769	0.059032928198575974	0.08454464375972748	0.03055473230779171	0.026698309928178787
64283	0	0.06985731422901154	0.01843043975532055	0.04815695434808731	0.05648038163781166	0.03388822823762894	0.08055885881185532	0.024673007428646088	0.0526159331202507	0.05499405413866043	0.09542211890220642	0.03537455573678017	0.038644470274448395	0.03923900052905083	0.027942925691604614	0.06093935668468475	0.05826397240161896	0.07164090126752853	0.08204518258571625	0.0258620698004961	0.024970272555947304
64284	0	0.07817108929157257	0.017699114978313446	0.04395280405879021	0.05899704992771149	0.033923305571079254	0.08554572612047195	0.021533923223614693	0.05073746293783188	0.058112096041440964	0.09026549011468887	0.03362831845879555	0.0398230105638504	0.039528023451566696	0.024778760969638824	0.05486725643277168	0.06548672914505005	0.06460177153348923	0.08436578512191772	0.02890855446457863	0.025073746219277382
64288	0	0.10802489705383778	0.04463021643459797	0.04382120817899704	0.16479022055864334	0.054855166003108025	0.28027596324682236	0.023371310904622078	0.12074428796768188	0.12278927862644196	0.14768871292471886	0.05806872062385082	0.055147306993603706	0.12016000598669052	0.08166475780308247	0.12022742256522179	0.2076001763343811	0.0823164563626051	0.08647385239601135	0.029798422008752823	0.047551630064845085
64291	0	0.0744091048836708	0.017508024349808693	0.044645462185144424	0.06098628416657448	0.031222643330693245	0.08987452834844589	0.02071782946586609	0.051940470933914185	0.05631747841835022	0.08899912238121033	0.03764225170016289	0.038517653942108154	0.04377005994319916	0.025386635214090347	0.06011088564991951	0.05515027791261673	0.07207470387220383	0.07732710987329483	0.028596440330147743	0.024803034961223602
64294	0	0.06598540395498276	0.018102189525961876	0.04204379394650459	0.05897810310125351	0.03328467160463333	0.0791240856051445	0.025401460006833076	0.05313868448138237	0.059854015707969666	0.09839416295289993	0.0359124094247818	0.04291970655322075	0.042335767298936844	0.030948905274271965	0.05635036528110504	0.05518248304724693	0.0718248188495636	0.07708029448986053	0.025109488517045975	0.028029197826981544
64296	0	0.07556600868701935	0.018229931592941284	0.04557483270764351	0.055571891367435455	0.030873272567987442	0.08938547223806381	0.024698618799448013	0.052925609052181244	0.05615995451807976	0.0864451602101326	0.040282268077135086	0.03440164774656296	0.03881211578845978	0.02616877481341362	0.05704204738140106	0.062040574848651886	0.06262864172458649	0.08909144252538681	0.027050867676734924	0.027050867676734924
64297	0	0.07544945180416107	0.01679929345846176	0.04597701132297516	0.05776599049568176	0.03300913795828819	0.08517535775899887	0.023872679099440575	0.0565870925784111	0.0604185089468956	0.08694370836019516	0.03241968899965286	0.039493072777986526	0.037724725902080536	0.0253463014960289	0.05363984778523445	0.06395520269870758	0.06690244376659393	0.08664898574352264	0.027998821809887886	0.023872679099440575
64299	0	0.06312981992959976	0.02074688859283924	0.05068168416619301	0.056609366089105606	0.034676942974328995	0.0803200975060463	0.0213396567851305	0.0486069954931736	0.056609366089105606	0.09513930231332779	0.03852993622422218	0.036751631647348404	0.0397154726088047	0.028156490996479988	0.058684054762125015	0.06609366089105606	0.059869591146707535	0.09039715677499771	0.0272673387080431	0.02667457051575184
64300	0	0.06422287225723267	0.019648093730211258	0.04633431136608124	0.0633431077003479	0.03548387065529823	0.08416422456502914	0.017888562753796577	0.046041056513786316	0.06451612710952759	0.0956011712551117	0.037829913198947906	0.04134897515177727	0.037829913198947906	0.026099706068634987	0.052785925567150116	0.060703814029693604	0.060997068881988525	0.0888563022017479	0.028739003464579582	0.027565982192754745
64307	0	0.07581967115402222	0.02049180306494236	0.04566744714975357	0.06352458894252777	0.02985948510468006	0.0977751761674881	0.022833723574876785	0.04478922858834267	0.04303278774023056	0.09514051675796509	0.03834894672036171	0.025468384847044945	0.040690865367650986	0.026053864508867264	0.07435597479343414	0.05503512918949127	0.06440281122922897	0.08489461243152618	0.030152224004268646	0.021662764251232147
64309	0	0.07463126629590988	0.016519173979759216	0.04483775794506073	0.05899704992771149	0.03333333507180214	0.08702065050601959	0.02182890847325325	0.04837758094072342	0.05899704992771149	0.09469026327133179	0.03303834795951843	0.04218289256095886	0.03805309906601906	0.023893805220723152	0.0554572269320488	0.06902655214071274	0.06430678814649582	0.08259586989879608	0.028318583965301514	0.023893805220723152
64310	0	0.07902467995882034	0.02144535817205906	0.04289071634411812	0.06286721676588058	0.027908343821763992	0.09929494559764862	0.023795533925294876	0.045240893959999084	0.043478261679410934	0.08636897802352905	0.03349001333117485	0.029670976102352142	0.039952997118234634	0.028789659962058067	0.07285546511411667	0.05552291497588158	0.06198589876294136	0.09077555686235428	0.030846063047647476	0.023795533925294876
64311	0	0.08705813437700272	0.018989190459251404	0.04352906718850136	0.06281039863824844	0.026292726397514343	0.08910312503576279	0.02191060408949852	0.042944785207509995	0.06281039863824844	0.09290096163749695	0.033888403326272964	0.03155127167701721	0.04411334916949272	0.024247735738754272	0.05667543038725853	0.06456325203180313	0.06251826137304306	0.08121530711650848	0.028921999037265778	0.02395559474825859
64312	0	0.05982404574751854	0.02170087955892086	0.04134897515177727	0.06217008829116821	0.034310851246118546	0.08211144059896469	0.02346041053533554	0.055718474090099335	0.062463343143463135	0.094428151845932	0.03724340349435806	0.03812316805124283	0.03988269716501236	0.026392962783575058	0.0539589449763298	0.06363636255264282	0.06627565622329712	0.08123166859149933	0.02991202287375927	0.025806451216340065
64319	0	0.08279883116483688	0.016034984961152077	0.04781341180205345	0.05976676568388939	0.029446063563227654	0.08483964949846268	0.02215743437409401	0.050145771354436874	0.057725947350263596	0.09008746594190598	0.035568512976169586	0.03760932758450508	0.041107870638370514	0.025655977427959442	0.05947521701455116	0.05364431440830231	0.07055393606424332	0.08221574127674103	0.02711370214819908	0.026239067316055298
645161	1	0.2517816610634327	0.12270105257630348	0.3666812814772129	0.37387364730238914	0.13947001844644547	0.3334201443940401	0.09485385566949844	0.16352681256830692	0.3224508613348007	0.40670961141586304	0.15104748215526342	0.2514755502343178	0.28833090141415596	0.26603266783058643	0.20452682115137577	0.4713619835674763	0.27364530228078365	0.26324670389294624	0.10761744156479836	0.1472462397068739
64894	0	0.05094786733388901	0.021030806005001068	0.04413507133722305	0.06101895868778229	0.035841234028339386	0.08590047061443329	0.02251184917986393	0.05479857698082924	0.061611372977495193	0.09626777470111847	0.03406397998332977	0.036729857325553894	0.03850710764527321	0.02488151751458645	0.05598341301083565	0.07079383730888367	0.06368483603000641	0.08382701128721237	0.03021327033638954	0.02725118398666382
652810	1	0.44520530849695206	0.3155969139188528	0.3666638620197773	0.35254596918821335	0.278060469776392	0.32838359102606773	0.16470840014517307	0.37762994691729546	0.3432345278561115	0.6981949247419834	0.11431698873639107	0.2736525982618332	0.3928877990692854	0.32789841294288635	0.3512175567448139	0.47140491008758545	0.5283656362444162	0.4392297863960266	0.08028580248355865	0.35051662288606167
67605	1	0.024390242993831635	0.04878048598766327	0.03484320640563965	0.024390242993831635	0.07665505260229111	0.07665505260229111	0.024390242993831635	0.05574912950396538	0.045296166092157364	0.04878048598766327	0.024390242993831635	0.0662020891904831	0.08013937622308731	0.03135888651013374	0.017421603202819824	0.09756097197532654	0.08710801601409912	0.05226480960845947	0.010452961549162865	0.0731707289814949
682382	1	0.16761172004044056	0.04751448426395655	0.1611616425216198	0.19343078881502151	0.09703242592513561	0.2200140804052353	0.04499535262584686	0.1522148847579956	0.20434483885765076	0.2447892427444458	0.09009464457631111	0.12353863939642906	0.14757807552814484	0.11168975755572319	0.14483148232102394	0.1911623440682888	0.20800968632102013	0.24286573007702827	0.08811630308628082	0.11900388263165951
683172	1	0.19061987474560738	0.04633906111121178	0.16066593304276466	0.18740209564566612	0.1392773538827896	0.1963988095521927	0.061624551191926	0.15908338874578476	0.16467662528157234	0.24256018549203873	0.08020378090441227	0.13708467409014702	0.15452250093221664	0.10021511279046535	0.16736314445734024	0.18420536071062088	0.19763721525669098	0.23347770422697067	0.0648474171757698	0.13179522939026356
683174	1	0.1532265692949295	0.03818216733634472	0.17318711057305336	0.18296054750680923	0.11110064759850502	0.2120363861322403	0.05541610158979893	0.17609692364931107	0.20040994882583618	0.24343952536582947	0.07758800685405731	0.13474760204553604	0.16066813096404076	0.12532739713788033	0.15254323557019234	0.17122656852006912	0.19784312322735786	0.24379359185695648	0.07555125653743744	0.11465516872704029
686984	0	0.06029285117983818	0.01937984488904476	0.05512489378452301	0.04565029963850975	0.04478897526860237	0.06847545504570007	0.02067183516919613	0.05512489378452301	0.05641688033938408	0.08613264560699463	0.028854435309767723	0.0516795851290226	0.052540913224220276	0.042635660618543625	0.0396210178732872	0.06675279885530472	0.07708871364593506	0.06976744532585144	0.014211886562407017	0.04478897526860237
686985	0	0.052760735154151917	0.02494887448847294	0.05685071647167206	0.055623721331357956	0.052760735154151917	0.06257668882608414	0.017995910719037056	0.054396726191043854	0.05807770788669586	0.08139058947563171	0.026584867388010025	0.04376278072595596	0.05480572581291199	0.03762781247496605	0.044989775866270065	0.07811860740184784	0.06584867089986801	0.07075664401054382	0.013496932573616505	0.046625766903162
687347	1	0.15440306439995766	0.09109778143465519	0.11768129095435143	0.13332337886095047	0.1481369286775589	0.21110685542225838	0.10557597503066063	0.10342714190483093	0.16572494059801102	0.2223399579524994	0.06986168771982193	0.11034144647419453	0.2335956133902073	0.07337449863553047	0.15455947071313858	0.21900609880685806	0.16970838233828545	0.29215796664357185	0.032648149877786636	0.1919294111430645
688436	1	0.3898744769394398	0.10021696519106627	0.31409554183483124	0.4377075769007206	0.25408307276666164	0.4258340336382389	0.14423192851245403	0.301972933113575	0.3950504921376705	0.5560001656413078	0.176685044541955	0.2438240759074688	0.23961744830012321	0.18563856557011604	0.3721997272223234	0.42885950952768326	0.35116471722722054	0.3694249577820301	0.12320148665457964	0.19031730480492115
68887	1	0.08307789638638496	0.015082956291735172	0.10674840584397316	0.08911107853055	0.15408942475914955	0.05836131051182747	0.03121198806911707	0.07042767480015755	0.1620931252837181	0.17218897491693497	0.03724517114460468	0.14143920689821243	0.2115262970328331	0.09409818425774574	0.14248527958989143	0.05128205195069313	0.12832676619291306	0.09166544862091541	0.05789908953011036	0.10163966566324234
691956	0	0.06002667918801308	0.023566029965877533	0.05424633249640465	0.05602490156888962	0.04668741673231125	0.06580702215433121	0.021342819556593895	0.05824811011552811	0.058692753314971924	0.08759448677301407	0.0240106713026762	0.04490884765982628	0.04891062527894974	0.043574921786785126	0.04846598580479622	0.06936416029930115	0.07114273309707642	0.06847488135099411	0.016451755538582802	0.032458871603012085
693066	0	0.06315789371728897	0.01666666753590107	0.060087718069553375	0.05482456088066101	0.04517543688416481	0.07017543911933899	0.028947368264198303	0.046929825097322464	0.057894736528396606	0.09035087376832962	0.022807016968727112	0.048245612531900406	0.05000000074505806	0.026754386723041534	0.043421052396297455	0.06535087525844574	0.08070175349712372	0.07719298452138901	0.010526316240429878	0.04078947380185127
693997	0	0.6822896711528301	0.2611822159960866	0.5604510214179754	0.4133473075926304	0.647707212716341	0.5610507540404797	0.27125848922878504	0.7439214251935482	0.6894594449549913	1.3023128844797611	0.2628996968269348	0.5061226822435856	0.3460435215383768	0.2988641429692507	0.4946124255657196	0.6554918456822634	0.6714969277381897	1.015170056372881	0.13397060241550207	0.4823476504534483
693998	0	0.542593814432621	0.1872852430678904	0.32839556597173214	0.26914844661951065	0.5074395500123501	0.44947987236082554	0.12540437281131744	0.5242521464824677	0.3221249654889107	1.001423455774784	0.19349458813667297	0.4010408166795969	0.3262665383517742	0.2313917838037014	0.32053288258612156	0.5891179367899895	0.4774390906095505	0.7269685864448547	0.11771170981228352	0.35848868172615767
693999	0	0.4812582451850176	0.20041716285049915	0.375710753723979	0.2755591794848442	0.4114117808640003	0.47015150636434555	0.12883649300783873	0.47562805749475956	0.612386304885149	0.8454548567533493	0.17438725754618645	0.46706508845090866	0.26192333921790123	0.24933587945997715	0.3223075419664383	0.49791093170642853	0.47564392536878586	0.7858080603182316	0.11450555315241218	0.37429813854396343
694000	0	0.43254392594099045	0.221688870806247	0.310303570702672	0.2476533753797412	0.36807058937847614	0.37666909117251635	0.13670495944097638	0.45890821143984795	0.34595246240496635	0.7208176888525486	0.15351777337491512	0.4148396737873554	0.3050725422799587	0.2539868727326393	0.2610368551686406	0.4796264749020338	0.41845099441707134	0.6561702266335487	0.10041839722543955	0.33756745606660843
694001	0	0.5557319540530443	0.24094851128757	0.3831940218806267	0.300492811948061	0.43223475106060505	0.45173846650868654	0.15942780021578074	0.49513253197073936	0.33194052800536156	0.7751043140888214	0.1649421388283372	0.38728894852101803	0.4021289683878422	0.27569659147411585	0.34188346937298775	0.5489206053316593	0.47179355658590794	0.7812478989362717	0.11384869366884232	0.3863034276291728
694005	0	0.5428874287754297	0.2902729222550988	0.46489283069968224	0.35916695930063725	0.5187237858772278	0.6499206088483334	0.20838239882141352	0.5650441162288189	0.5792114064097404	0.9469722807407379	0.27444996032863855	0.5096513591706753	0.4755337033420801	0.38651275634765625	0.446886271238327	0.6745036318898201	0.6252611931413412	0.8419731482863426	0.11186969373375177	0.5278836265206337
694006	0	0.617325795814395	0.3142387103289366	0.45430433563888073	0.3385970275849104	0.5165215637534857	0.49760985746979713	0.1808091178536415	0.5203489493578672	0.33909508120268583	0.9511717222630978	0.21398867666721344	0.5099847689270973	0.3943010428920388	0.2724470980465412	0.4573130700737238	0.5694945435971022	0.5482071917504072	0.8497720025479794	0.11382125178351998	0.340648191049695
694007	0	0.6452585197985172	0.2522562562953681	0.40708668157458305	0.3136564213782549	0.5250694304704666	0.49976431392133236	0.20267489925026894	0.5184661373496056	0.39961665216833353	0.8748131617903709	0.24359305202960968	0.4803086519241333	0.477830957621336	0.28291114419698715	0.3505532145500183	0.6950509957969189	0.5823850557208061	0.7606498263776302	0.11597236385568976	0.37208227440714836
694008	0	0.6555555313825607	0.24327229615300894	0.543298501521349	0.34623243752866983	0.4810540918260813	0.5485734418034554	0.25870172400027514	0.5757126118987799	0.4969267938286066	0.8966771550476551	0.2597171189263463	0.44284489192068577	0.5573390685021877	0.41707778349518776	0.5367679875344038	0.7498140670359135	0.7102347947657108	0.750354316085577	0.07777117239311337	0.45207428373396397
694014	0	0.4609261639416218	0.20258356258273125	0.3749608788639307	0.39568859711289406	0.40877093374729156	0.47776274755597115	0.08219756465405226	0.41905883699655533	0.394597414880991	0.5866349004209042	0.10721941757947206	0.44630882889032364	0.28842927515506744	0.28964173793792725	0.25662525184452534	0.4624084662646055	0.37197864055633545	0.5176470801234245	0.12038292549550533	0.33617679961025715
694015	0	0.8875562609173357	0.3994047353044152	0.7564147170633078	0.7813321519643068	0.7640837356448174	1.0515962019562721	0.38520400505512953	0.8377140890806913	0.9083065912127495	1.3723994866013527	0.3950008610263467	0.7611127384006977	0.7597405966371298	0.3822880517691374	0.6380647886544466	1.1000896096229553	0.7550145089626312	1.186539426445961	0.18420402659103274	0.6939334738999605
694448	1	0.05535055324435234	0.033210333436727524	0.04132841154932976	0.02066420577466488	0.054612547159194946	0.05904059112071991	0.01697416976094246	0.05904059112071991	0.031734317541122437	0.0966789647936821	0.008856088854372501	0.08191882073879242	0.03468634560704231	0.04354243725538254	0.031734317541122437	0.09963099658489227	0.07675276696681976	0.09372694045305252	0.00959409587085247	0.05092250928282738
696863	0	0.20178800355643034	0.09107047691941261	0.3250819630920887	0.37480003386735916	0.18209144286811352	0.3439425975084305	0.14755191281437874	0.29992058128118515	0.33544259145855904	0.4473477527499199	0.15375595353543758	0.18719246797263622	0.24547097459435463	0.1403934322297573	0.250499464571476	0.3779267445206642	0.2721859887242317	0.3355138674378395	0.09686634782701731	0.19115740433335304
698672	0	0.2443646304309368	0.07418441772460938	0.2535102851688862	0.35326171666383743	0.1579598058015108	0.33678824827075005	0.11484601441770792	0.30291417986154556	0.34433549270033836	0.44834698736667633	0.12619719048961997	0.23231026902794838	0.24114466458559036	0.1573350690305233	0.24229117296636105	0.4526922181248665	0.35625720024108887	0.32250596582889557	0.08268630830571055	0.15606819279491901
70796	0	0.13358760252594948	0.04734082333743572	0.0928012989461422	0.09608152508735657	0.08554090932011604	0.16733893007040024	0.04335472546517849	0.11741188541054726	0.07896859757602215	0.14717117697000504	0.05577568709850311	0.054601212963461876	0.10804574191570282	0.047334891743957996	0.1258586123585701	0.18585173040628433	0.13217586278915405	0.1645154356956482	0.05343859922140837	0.06280474178493023
72149	1	0.0924784243106842	0.01191944070160389	0.046444717794656754	0.040279489010572433	0.04192355275154114	0.06329634040594101	0.026304973289370537	0.04808877781033516	0.02753801830112934	0.0912453755736351	0.01520756259560585	0.04233456775546074	0.08549116551876068	0.041101519018411636	0.044389642775058746	0.08877928555011749	0.07603781670331955	0.0628853291273117	0.020139744505286217	0.03411426395177841
72197	1	0.21330752782523632	0.16350687248632312	0.20926919020712376	0.21859468892216682	0.2493491917848587	0.33213854767382145	0.17311031557619572	0.24817031994462013	0.23642218671739101	0.5038796961307526	0.10033493675291538	0.2451669741421938	0.4769256263971329	0.1315600760281086	0.2468758374452591	0.21758421882987022	0.35519271343946457	0.36825301870703697	0.07568291202187538	0.23467520251870155
742919	1	0.14529597759246826	0.025566176511347294	0.09264130145311356	0.16267790645360947	0.11874844878911972	0.2688620649278164	0.042499011382460594	0.14758658409118652	0.1639784500002861	0.2235168293118477	0.03342529013752937	0.13862810656428337	0.23488710075616837	0.1245415024459362	0.3265296220779419	0.21444310992956161	0.21630799025297165	0.15588607639074326	0.031243985518813133	0.13273446261882782
74501	0	0.40549266152083874	0.19820097461342812	0.29894871450960636	0.2701241374015808	0.3974158652126789	0.3765692636370659	0.11699605546891689	0.37769245728850365	0.338546646758914	0.6304879039525986	0.18444456160068512	0.3723677210509777	0.36738090962171555	0.329356050118804	0.29428315348923206	0.5698281675577164	0.41572444327175617	0.6090948060154915	0.12810009717941284	0.3189454320818186
745716	0	0.43147948384284973	0.21538865379989147	0.38426827639341354	0.38134518079459667	0.16435443423688412	0.3895093575119972	0.17470926977694035	0.5680018849670887	0.3816800154745579	0.6533637493848801	0.3885882534086704	0.30035310983657837	0.32780716195702553	0.18848803080618382	0.34044238924980164	0.6616581380367279	0.3192140571773052	0.4648814834654331	0.09669032320380211	0.16777676809579134
746543	1	0.2498123086988926	0.10490509774535894	0.32270919531583786	0.33542539551854134	0.20534534938633442	0.3101418986916542	0.1104119224473834	0.3425840586423874	0.31258242577314377	0.4625862389802933	0.1412778664380312	0.22052378952503204	0.25573794916272163	0.16712297219783068	0.26586899161338806	0.4640735313296318	0.24255588836967945	0.24802885204553604	0.08296084962785244	0.15534542314708233
749224	1	0.5704063959419727	0.045971954241395	0.28836043551564217	0.4094126522541046	0.13929305970668793	0.36979761719703674	0.136591712012887	0.2010598871856928	0.21906878426671028	0.39092758297920227	0.13333139661699533	0.12900820560753345	0.5382478348910809	0.260549608618021	0.44184376671910286	0.8061415925621986	0.4176240600645542	0.3872041217982769	0.036946919397450984	0.0782124251127243
75888	0	0.6300722286105156	0.1746997085865587	0.6679044701159	0.5391639843583107	0.43867330998182297	0.5742754004895687	0.2806651033461094	0.7820835374295712	0.5474245585501194	1.0743355304002762	0.3001279612071812	0.6090792138129473	0.5270695015788078	0.4222869332879782	0.5526165068149567	0.8865397274494171	0.613097544759512	0.7081504613161087	0.19097485626116395	0.4807594604790211
77698	0	0.43567414954304695	0.1913858000189066	0.7507900893688202	0.7178744971752167	0.7454021330922842	0.49422136321663857	0.25902543868869543	0.9274556748569012	0.8708932362496853	1.2201149389147758	0.2816419843584299	0.8739510886371136	0.36534790229052305	0.35725327860563993	0.46972602885216475	0.9546364843845367	0.6915444396436214	0.7110708653926849	0.07480534678325057	0.6071852762252092
79891	0	15.159635432064533	1.4390945869963616	3.7830381088424474	3.962866462999955	2.2324830929283053	8.45941985398531	1.3325389949604869	1.3147122871596366	0.8419156719464809	7.184703305363655	1.09818532387726	0.9785589035600424	7.429053079336882	1.426442509284243	8.538422800600529	3.9617401780560613	2.554415214806795	4.727626154199243	0.8207161319442093	1.754432126879692
80341	0	10.849796794354916	1.9891337661538273	4.100042642094195	4.866719618439674	3.0585852721706033	6.9544040616601706	1.7784379962831736	2.35319286538288	1.973815601784736	7.975771259516478	1.587656080024317	2.0442384970374405	6.76120581291616	2.1669447915628552	7.77915651910007	5.818360563367605	3.982492431998253	5.721709404140711	0.9126088314224035	2.32572726579383
82676	0	0.2976389192044735	0.15586829232051969	0.32276200130581856	0.33157023787498474	0.2576996311545372	0.39669884741306305	0.10197582747787237	0.25629082322120667	0.44191048480570316	0.5662080124020576	0.09092364553362131	0.2300488818436861	0.3445252329111099	0.23027832992374897	0.36098692938685417	0.537266880273819	0.35835984721779823	0.4309156611561775	0.08900711359456182	0.19906440377235413
84589	0	0.206121563911438	0.05705329030752182	0.10559038817882538	0.09645593911409378	0.05563392676413059	0.13252351060509682	0.051436781883239746	0.0864507146179676	0.10470219701528549	0.14521943032741547	0.038514453917741776	0.06519505381584167	0.11342737451195717	0.058672936633229256	0.12466910481452942	0.1447579190135002	0.14623824506998062	0.17899686843156815	0.020175897516310215	0.0681644007563591
85708	0	0.09036264196038246	0.022280178032815456	0.08964232355356216	0.09215101972222328	0.10283159464597702	0.12190759927034378	0.04990064539015293	0.07948336005210876	0.11477893590927124	0.13723298907279968	0.025484350509941578	0.10586189478635788	0.1475658193230629	0.07930948957800865	0.18052658066153526	0.1434674635529518	0.13633880019187927	0.1281420812010765	0.0538251381367445	0.09890710189938545
90961	1	0.26659062318503857	0.10287265572696924	0.3288320805877447	0.40120910480618477	0.2777791563421488	0.28907477110624313	0.11158976145088673	0.40511302649974823	0.43940091878175735	0.5815429463982582	0.15484325401484966	0.3180648870766163	0.311019629240036	0.2954647112637758	0.29461017437279224	0.4927074294537306	0.30719105526804924	0.3630598299205303	0.0814464520663023	0.17758755013346672
931244	1	0.4890929237008095	0.20324285747483373	0.4053401071578264	0.26909640803933144	0.2809567451477051	0.429754801094532	0.1564499419182539	0.27314302511513233	0.2728700302541256	0.7671249248087406	0.1783757945522666	0.18638725019991398	0.48355884477496147	0.3495129458606243	0.3806168381124735	0.3674260079860687	0.42229099944233894	0.6335319317877293	0.1681129748467356	0.28311474435031414
93830	1	0.19521669670939445	0.0800738800317049	0.1661222130060196	0.18082449957728386	0.12823247723281384	0.17718865722417831	0.07185070402920246	0.20726186782121658	0.20262423157691956	0.27956583350896835	0.07730207778513432	0.11558546125888824	0.12032083421945572	0.12442971765995026	0.14259333163499832	0.22798998653888702	0.17915919050574303	0.1789570301771164	0.04354723542928696	0.10115405358374119
943084	1	0.401225496083498	0.015625	0.13694852963089943	0.11775939725339413	0.13347630761563778	0.5761846341192722	0.11389910243451595	0.0626838244497776	0.0117647061124444	0.12527573853731155	0.1182393804192543	0.10965073853731155	0.353870514780283	0.05091911926865578	0.22857435047626495	0.07483660243451595	0.12545955926179886	0.08650939725339413	0.05516748409718275	0.1019301488995552
948741	0	0.2833821438252926	0.06955963838845491	0.29720621183514595	0.421286940574646	0.24858138151466846	0.30819326266646385	0.11762908566743135	0.4199920855462551	0.4225251078605652	0.5989356264472008	0.12810212280601263	0.35163380578160286	0.28919604420661926	0.19353215396404266	0.26847959123551846	0.5101040452718735	0.3761047497391701	0.36483367532491684	0.09366310853511095	0.2370592374354601
99182	1	0.31182440742850304	0.131227252073586	0.2487485371530056	0.2884572148323059	0.12513376399874687	0.3688705191016197	0.07948384573683143	0.15826701186597347	0.2492960523813963	0.5518814846873283	0.05543744284659624	0.11767530161887407	0.4602135419845581	0.23289230652153492	0.4179137870669365	0.3608274795114994	0.3204454965889454	0.3104115817695856	0.10148313734680414	0.10950984712690115
