,accuracy,precision_macro,recall_macro,f1_macro,auc_macro
mean,0.6163333333333334,0.6469985832522596,0.5900833333333333,0.5856190043331795,0.8673304526748971
std,0.08768054965543264,0.1213010436718598,0.0950640327056119,0.10146847400814415,0.04508734935644762
