,accuracy,precision_macro,recall_macro,f1_macro,auc_macro
mean,0.8596551724137932,0.8537232645987484,0.8157932692307693,0.8182456948918514,0.9504726648351648
std,0.06900991256540467,0.09103800415806912,0.08907814956114458,0.09163767421107127,0.04000712124509167
