,accuracy,precision,recall,f1,auroc,auprc
mean,0.6620725388601033,0.6867681340937548,0.6818446601941747,0.6822608205853787,0.7420210355987055,0.7861318236123295
std,0.03384906474080666,0.04050329360954065,0.056608744705227164,0.033851865673701166,0.03676055302150547,0.033752035735653725
