,accuracy,precision,recall,f1,auroc,auprc
mean,0.7386010362694302,0.7488973613635309,0.7699999999999999,0.7584990915176293,0.8217912621359226,0.8552609094396593
std,0.03192616944191727,0.03505979431813958,0.04336822060598077,0.030248528446916924,0.0298704564212954,0.02437113232104703
