,accuracy,precision_macro,recall_macro,f1_macro,auc_macro
mean,0.5813333333333334,0.611734481341099,0.55225,0.551873964280486,0.8549938493194049
std,0.0834605090186764,0.11052825328245859,0.08861199067920315,0.09268457478047723,0.04236875423431971
