,accuracy,precision_macro,recall_macro,f1_macro,auc_macro
mean,0.539,0.579287644133796,0.47550000000000003,0.47742860896036854,0.8323229004431784
std,0.0801310654760124,0.13479285244868594,0.0929524824065197,0.09994028167870014,0.05114574998859287
