,accuracy,precision_macro,recall_macro,f1_macro,auc_macro
mean,0.7420689655172413,0.7010915464287174,0.6637980769230769,0.6581323761763724,0.9076570512820514
std,0.07392154110718864,0.12959810494129573,0.091916910390121,0.10100036002961806,0.04546317262198927
