,accuracy,precision_macro,recall_macro,f1_macro,auc_macro
mean,0.7672413793103448,0.7406343605332576,0.6995432692307691,0.7005065432418535,0.919090499084249
std,0.07006696201646154,0.10742731661428956,0.09503187623560415,0.09862307368180578,0.04076552521694586
