,accuracy,precision_macro,recall_macro,f1_macro,auc_macro
mean,0.8562068965517241,0.8470475037625772,0.8023557692307692,0.8065931873126844,0.9568200549450552
std,0.06649258430291617,0.0999262084209783,0.09115206807103939,0.09489694330056472,0.03453794125138213
