,accuracy,precision_macro,recall_macro,f1_macro,auc_macro
mean,0.829655172413793,0.8441078435453435,0.7859855769230769,0.7954082376753511,0.9563778617216119
std,0.07397676341176458,0.08710851821366666,0.09652611925977858,0.09601010380025223,0.02946810818201997
