,accuracy,precision_macro,recall_macro,f1_macro,auc_macro
mean,0.652,0.713549888410822,0.6140833333333333,0.6279959508551636,0.8658807502374168
std,0.08086513137627865,0.10097423233117092,0.08841524253688933,0.09255466429976753,0.04444434115819055
