,accuracy,precision_macro,recall_macro,f1_macro,auc_macro
mean,0.8217241379310345,0.8117140035320983,0.7575,0.761311212244841,0.9492667353479853
std,0.08447298403068104,0.14272221701859522,0.11736887710425166,0.12869461425056833,0.03268728579575221
