,accuracy,precision_macro,recall_macro,f1_macro,auc_macro
mean,0.5963333333333334,0.6396453481374147,0.5539444444444445,0.5616363916516198,0.864478081671415
std,0.07926358589783025,0.11709748839703316,0.0923921905380968,0.0975642271989237,0.047078933311555986
