,accuracy,precision_macro,recall_macro,f1_macro,auc_macro
mean,0.8110344827586207,0.7916662485798515,0.7639182692307692,0.7604348299571684,0.9268477335164838
std,0.06111343131854791,0.09568654199567161,0.08925400231287711,0.0911425138696267,0.039660733581677786
