AAA,AAC,AAG,AAT,ACA,ACC,ACG,ACT,AGA,AGC,AGG,AGT,ATA,ATC,ATG,ATT,CAA,CAC,CAG,CAT,CCA,CCC,CCG,CCT,CGA,CGC,CGG,CGT,CTA,CTC,CTG,CTT,GAA,GAC,GAG,GAT,GCA,GCC,GCG,GCT,GGA,GGC,GGG,GGT,GTA,GTC,GTG,GTT,TAA,TAC,TAG,TAT,TCA,TCC,TCG,TCT,TGA,TGC,TGG,TGT,TTA,TTC,TTG,TTT
0.018142857142857145,0.011463203463203462,0.0072203463203463205,0.013404761904761905,0.0010833333333333333,0.0033154645873944124,0.002549019607843138,0.09854723896292525,0.009955586112487612,0.017895534290271135,0.0017105263157894735,0.0014772727272727272,0.06955354716758226,0.005062537295620003,0.001354166666666667,0.008898723257418908,0.0034982192322912543,0.0014772727272727272,0.0,0.004455159638226001,0.006706349206349208,0.03214860066833751,0.0030694444444444445,0.024070074026420772,0.0019548872180451126,0.03958906714200831,0.004938851429900021,0.0,0.0023578431372549024,0.0027777777777777783,0.03401587301587302,0.0015294117647058827,0.007960858585858587,0.0,0.03302725015626085,0.01094387483861168,0.0,0.022841645104014492,0.0014772727272727272,0.01589473684210526,0.03443366750208856,0.04989784280954598,0.03768859649122808,0.003755555555555555,0.027641347861911917,0.013577380952380954,0.008289473684210527,0.0,0.0014444444444444444,0.07370197552705293,0.013234388053467001,0.04185760944694083,0.006152234765960257,0.029366322669418642,0.005206227219335649,0.018032647907647907,0.008310492139439508,0.013322718561108653,0.027138174982911822,0.028735601355166573,0.0017410714285714284,0.014316988900823486,0.006090986394557823,0.009695662507427214
0.021960827995915717,0.016553189634439632,0.0,0.03182688865019692,0.043576799140708916,0.009044657388647155,0.01144302832244009,0.005839677054589335,0.0009245506535947711,0.01,0.016388888888888887,0.011056265984654732,0.042226788627852285,0.014573611111111114,0.0,0.006462585034013606,0.005256939139292081,0.0,0.0014325068870523416,0.011248181216931217,0.0125292284926331,0.032327529957964736,0.0031922398589065253,0.016802532075611165,0.013588276673580844,0.06325333634838977,0.004852130325814536,0.002666666666666667,0.005527427637721755,0.0,0.018742708256548234,0.011808355118258165,0.0009027777777777776,0.0021666666666666666,0.0,0.00902138490164806,0.016935160868678877,0.041287511605338084,0.002905844155844155,0.005952380952380954,0.038735559375265266,0.012324415204678361,0.035618850366657386,0.05666826839776454,0.010585724728487886,0.006249999999999999,0.028866320563313046,0.0033986928104575167,0.0,0.03482014906795609,0.023252206943383414,0.0493871572871573,0.00782526491667766,0.003259259259259259,0.02760779638366068,0.008555555555555556,0.004759909031838856,0.017936507936507935,0.023816908581614463,0.008314583451108977,0.023752559598400766,0.027026399671704962,0.011007806826434279,0.011952559971356963
0.010548701298701297,0.009241301907968576,0.007532133906194056,0.018831452082095464,0.028975044671864847,0.00806243202579632,0.026834729585380884,0.005357142857142857,0.0014333177715530666,0.03281527264015654,0.007227443609022555,0.006519766702977488,0.051673544398324944,0.01972124491482329,0.0105796670942838,0.00909895833333333,0.04655854207711793,0.001428571428571428,0.03037747300142811,0.0025164930555555552,0.0071140819964349376,0.01527416025332692,0.0030137844611528818,0.030191840277777774,0.0071114924993643525,0.009085008504557046,0.0007878787878787879,0.010141975308641976,0.01,0.039809205129246766,0.030905186316951022,0.01297564935064935,0.0006828282828282832,0.011630591630591632,0.027801910792017638,0.0018571428571428565,0.018997350774440563,0.018571428571428572,0.010870916141156371,0.0,0.014657383090901097,0.0023636363636363646,0.013125902992776058,0.007771132376395535,0.05005306152232292,0.008232812499999999,0.003143033202841815,0.0,0.008289473684210525,0.03135433804962246,0.005652592725686769,0.04138950720284569,0.01000048069101378,0.043154503755751125,0.013260223245775362,0.06060324154548366,0.002780748663101605,0.043909067936633725,0.01599850512595611,0.004594575391199328,0.0011328976034858389,0.014948645603908763,0.0,0.001428571428571428
0.0048169642857142855,0.019867645644116232,0.029010532636881116,0.028642545472136217,0.0,0.007166997250474761,0.003417893217893219,0.008663695781342842,0.005400313829235399,0.006060606060606061,0.0030409356725146198,0.011961048153090759,0.10872674739309156,0.016102074901049892,0.028571105794790004,0.000902777777777778,0.008330717893217893,0.0056303827751196175,0.003370370370370369,0.0014444444444444444,0.0165559721496254,0.03026900584795321,0.008688387635756056,0.045215471710569756,0.005605194805194807,0.02647330447330447,0.00035635964912280796,0.005093073593073594,0.0032554787265783513,0.011727272727272727,0.011250992063492062,0.04181135021791811,0.0042148174084448604,0.0015294117647058827,0.015745341614906833,0.021453814040621376,0.007864033093301116,0.016698797232315238,0.0,0.022750583105442437,0.008849728126544738,0.01390651751928842,0.037163389757816995,0.004346031746031748,0.03991150037899264,0.005519556466924889,0.006958062956708469,0.012457191484603765,0.005392371087902826,0.04028676297738659,0.0007015873015873007,0.030449274953202973,0.004608644111239267,0.02995915460005512,0.007172534556087189,0.005164980158730159,0.0,0.06718130630019453,0.03426719232373363,0.012798611111111111,0.006773454078601138,0.0207129150107186,0.00038583300356153635,0.007346938775510204
0.009793650793650794,0.0018571428571428576,0.0,0.022346866497795288,0.017333333333333333,0.009376677402039721,0.0011915503043322593,0.015153508771929822,0.0,0.0,0.00300668449197861,0.0012881053737284391,0.016304136132567502,0.011398078529657478,0.0,0.028799422799422804,0.031190284487385936,0.004935064935064936,0.0017243487506645398,0.0,0.015876994275971258,0.03106454418671983,0.01,0.01751972474263496,0.0,0.017291666666666664,0.008142857142857144,0.0,0.0033154645873944115,0.02523164069810097,0.09724998860788334,0.005938768489852081,0.01033945162328621,0.0,0.03675,0.006847041847041846,0.003246486313823776,0.01591053391053391,0.016606789701526542,0.0,0.08524009096816114,0.008364614661654134,0.0417287397408124,0.0007738095238095238,0.03559406984484384,0.0,0.013187198067632848,0.0,0.0,0.14420845098982352,0.019888888888888887,0.012559855086815872,0.0017105263157894746,0.007887635756056806,0.014366161616161615,0.0044126067581028525,0.0026666666666666666,0.04952469316629718,0.03920087014071977,0.00769783354805057,0.006060606060606061,0.006356400259909033,0.0015394736842105263,0.0
0.0412701395372964,0.01981888544891641,0.002188210227272727,0.02844300383307048,0.033006110592385104,0.006359790768732675,0.015940871778004132,0.03893028726642172,0.0022698412698412703,0.04111273320687481,0.006886554621848739,0.0041258806552924195,0.02846000575607201,0.006053485987696513,0.0016049382716049382,0.0021581027667984167,0.023870454545454542,0.008376880257685213,0.01623529411764706,0.008080723198370256,0.011410193263908438,0.021223737200001386,0.0015476190476190483,0.009596129360835244,0.006366863075196409,0.008142857142857144,0.006750000000000001,0.00534028426185289,0.00454541446208113,0.0,0.0127718820861678,0.0024826388888888893,0.010088949721302663,0.005064935064935066,0.003988271604938271,0.005587244999009705,0.005291935357030514,0.0170739701381642,0.030535456234593784,0.0045833333333333325,0.01007241532976827,0.01342455917330604,0.029961401076468153,0.01613611111111111,0.03173620778277641,0.007219251336898395,0.009779276622929873,0.0024375000000000004,0.00334640522875817,0.049445086991468566,0.0011328976034858389,0.031915254981134754,0.005047755222946878,0.07637515885984023,0.022058547897273385,0.013692879725875818,0.00950826165793271,0.05154539300568712,0.049908818069137995,0.02734427640374331,0.015294117647058823,0.005915085332378567,0.0008496732026143792,0.008269756387403446
0.0014565826330532217,0.006769770534476416,0.0016049382716049382,0.036861194876674754,0.028543474264705878,0.005293446572936856,0.0032077922077922076,0.036298491326355105,0.004893465909090908,0.018817927170868345,0.009681766646052359,0.002382395382395383,0.05091013451044818,0.013049269388776248,0.008113378684807257,0.027600760174368105,0.038517075124618334,0.0108103466976016,0.00467580664949086,0.006653851333196756,0.0060823346206463095,0.012143796992481203,0.00730981908003322,0.0037576797385620907,0.0018055555555555555,0.016182718185313343,0.003791666666666667,0.010518695590124163,0.0059120460711470325,0.04228538141924946,0.015902882205513787,0.0009027777777777777,0.007908333333333333,0.006083950617283948,0.001428571428571429,0.008983572912998752,0.01844164233121922,0.03104837756877113,0.0030588235294117653,0.01227118119975263,0.01869108890144752,0.00730497053105714,0.031724858375261705,0.005183884297520663,0.014860629711630855,0.0044444444444444444,0.0091185510071475,0.0012513368983957218,0.011111535523300232,0.08938329173713111,0.005377777777777779,0.06050827944552602,0.0014216754239822287,0.011136397638977622,0.006236353752027127,0.010743031489173247,0.0014772727272727272,0.024420938276072435,0.027696118344229043,0.05333940648018467,0.006136173767752715,0.01057748806759546,0.013447268745461144,0.04244555145290439
0.0015294117647058827,0.0,0.009854895954483158,0.04653791887125221,0.0018055555555555555,0.0023636363636363633,0.026695818950546322,0.042133059922533606,0.0011328976034858389,0.042078576733723796,0.0017105263157894746,0.0028260869565217388,0.04478655672795434,0.0035877450980392155,0.006749999999999999,0.015581699346405228,0.01491729323308271,0.0,0.012188948306595367,0.0028888888888888888,0.0,0.02,0.006060606060606061,0.009937324743826291,0.006765480895915678,0.017936507936507935,0.018289473684210526,0.0,0.002532467532467533,0.0,0.04564450127877238,0.0,0.0018571428571428576,0.0,0.0536691725229084,0.0,0.02140722688037665,0.03777540106951872,0.0,0.023250000000000003,0.03129667519181586,0.02,0.03974779541446208,0.025263316393751182,0.0015294117647058827,0.015530492898913955,0.010666675404564679,0.02564450127877238,0.006060606060606061,0.06016410584169872,0.010146616541353383,0.0,0.0022159090909090913,0.015275605033680138,0.0015234375,0.0069982174688057045,0.0,0.023421052631578947,0.10541176470588236,0.0,0.007111111111111112,0.008167084377610693,0.0006797385620915038,0.03865106067223358
0.01914517726282432,0.01749824660465393,0.012437384293491949,0.01972233072078734,0.024890639353384453,0.010041092045849829,0.0016375721913479333,0.048596059097039485,0.0051641249092229495,0.017087978535067282,0.01031543423469606,0.008051544860368388,0.06697340314069802,0.022697827214678553,0.015083507100611245,0.013417928513275577,0.0,0.0252773542853674,0.0,0.006951860042262519,0.010345200369710175,0.018685463659147868,0.005610180754917597,0.08766196809797817,0.004848712690817955,0.04098385966811506,0.005957374395314165,0.0,0.0030758928571428578,0.006306818181818181,0.04406011607117633,0.0015993848519800084,0.0063473912315653355,0.003556709956709956,0.027322165903398393,0.013042502005232364,0.016426770752218326,0.004056184530231552,0.0016507936507936505,0.03870895564321777,0.007523809523809521,0.013640085010038874,0.012314598513514925,0.0016756176154672398,0.028486133812792847,0.0,0.017139091279213214,0.0,0.0,0.06505018516797137,0.01471635951291272,0.010974999999999997,0.004493827160493828,0.011053251468937743,0.0013032581453634084,0.008292543077837194,0.0048240641711229946,0.030986298428066012,0.0007552650689905597,0.008448439146613812,0.004803847854931447,0.02379722905698836,0.02109236111111111,0.023392825196709904
0.011529411764705885,0.02356766917293233,0.0,0.07504083124477863,0.010892715858273136,0.0,0.0,0.052597572362278244,0.0,0.017346938775510207,0.0009027777777777777,0.008289473684210529,0.009355158730158731,0.0,0.0,0.006343273395986452,0.010000000000000002,0.0,0.0014444444444444446,0.002063492063492064,0.0,0.051821428571428574,0.0,0.009008950948800575,0.0,0.00675,0.0,0.0,0.0017105263157894738,0.0015294117647058829,0.08144444444444446,0.0,0.004952380952380954,0.010000000000000002,0.026865649963689182,0.0,0.009672268907563028,0.027065759637188214,0.0,0.03711111111111112,0.020000000000000004,0.017111111111111115,0.0681497932506336,0.0017105263157894738,0.0,0.0,0.046407096171802054,0.0035374149659863946,0.0,0.09303350970017638,0.0029217171717171725,0.01671428571428572,0.0014444444444444446,0.02502793952299295,0.0,0.0,0.0014444444444444446,0.09829350292305475,0.07000000000000002,0.0,0.0015294117647058829,0.0,0.0,0.03536911060720585
0.017045454545454544,0.015248538011695909,0.011744260480698763,0.08733629103815438,0.0016049382716049382,0.0,0.01,0.008470588235294117,0.0,0.007346938775510204,0.0,0.0,0.0500544532627866,0.0017105263157894746,0.0,0.02,0.009766746411483253,0.0,0.0018571428571428576,0.0,0.0,0.04139285714285714,0.0,0.011542737314667137,0.0,0.021417748917748915,0.0020462962962962974,0.0015294117647058827,0.0,0.016989420890188435,0.03954144620811287,0.00908937198067633,0.0,0.0,0.02,0.0,0.02,0.06010558804418453,0.030534080298786178,0.018395061728395064,0.01668453541260559,0.0,0.08159649122807018,0.0,0.008194444444444443,0.0018571428571428565,0.011875901875901875,0.0,0.016388888888888887,0.03451219193817878,0.018395061728395064,0.008522727272727272,0.0,0.04640709617180205,0.0,0.0,0.0,0.09,0.12132969968839533,0.0,0.007936507936507938,0.0,0.0015294117647058827,0.0
0.013113988179003657,0.0,0.005301002506265665,0.0260725224255926,0.0028086419753086413,0.00393939393939394,0.0027850399419026874,0.030437944333825337,0.0,0.025684901250948723,0.014588298955946013,0.005605357142857144,0.02599225139855713,0.031440232781709175,0.01874112596848504,0.025008507106546323,0.0016993464052287586,0.0023947368421052633,0.00928042328042328,0.0,0.01058009383976876,0.054692551284868024,0.011360577369349301,0.04122068161105242,0.0016290726817042608,0.022319737572818372,0.005617743730488829,0.013321832224325831,0.0,0.005407011289364232,0.02634668752300332,0.002334455667789001,0.01042019570986289,0.004225193107546049,0.08480521267518171,0.006221373397843987,0.006659670942700884,0.04846281440905708,0.0,0.02593361119999568,0.02364359974009097,0.009985645933014353,0.039832753799730065,0.006670524691358024,0.01957823987050961,0.009013719733217341,0.0037920739348370936,0.0,0.0007021604938271605,0.07540439726085366,0.007173913043478261,0.01949341217968669,0.0013032581453634084,0.015313700918964078,0.0023636363636363633,0.025683621933621933,0.006191242490262099,0.02775044563279857,0.015825267733355967,0.013560259717922258,0.0,0.022181801226879006,0.01041634556802417,0.017667748917748916
0.018489389233954448,0.009708683473389356,0.006787668939629724,0.0465847304801107,0.002334455667789001,0.004585113885504957,0.003301587301587301,0.029513047138047133,0.0011328976034858387,0.029952398989898987,0.017702038072007112,0.008142857142857144,0.06301287177639088,0.014304231837662601,0.0,0.010097474747474751,0.0013594771241830063,0.004622222222222221,0.01751111111111111,0.0,0.005558198526619579,0.014747474747474747,0.007538290169869118,0.05820460698412502,0.0,0.03835996761809455,0.0,0.009822222222222224,0.0,0.0,0.015458174674375335,0.003537414965986394,0.01507233560090703,0.0,0.037113965744400526,0.009428200521636086,0.024676649465386013,0.0794301451042937,0.0014869281045751634,0.010586219336219336,0.018088023088023087,0.02420022034193332,0.04267482465252626,0.008959079026347383,0.0313711272387743,0.0076978241057188415,0.008142857142857144,0.005966810966810968,0.00786184210526316,0.05762809802283487,0.024686507936507937,0.0,0.001888162672476398,0.01237086222048628,0.00980989015976761,0.016750395168700125,0.013311051693404637,0.02768441294646514,0.025761542646475566,0.0021901154401154418,0.0026831128747795406,0.006747874588431863,0.013234648883476837,0.010127665544332209
0.04285036546306595,0.05696970857277875,0.009354248366013071,0.0,0.05445614035087718,0.0055204481792717084,0.003736565678903141,0.028522727272727276,0.0,0.01130929174788824,0.00829949494949495,0.0016250000000000004,0.03459920634920635,0.024186204864721006,0.01,0.028395061728395062,0.01894949494949495,0.0010833333333333333,0.00432327141382869,0.0,0.00806877291979594,0.05135572652444315,0.0076363636363636364,0.028878415401248216,0.0022698412698412703,0.0014186507936507936,0.012031496224220681,0.01007639419404125,0.005961331582074616,0.014912768031189082,0.018827067669172935,0.0037740183792815372,0.002688271604938272,0.0,0.014126984126984125,0.009467399367851858,0.011173913043478262,0.003912037037037037,0.007266764405567296,0.01379920331051553,0.055218308351435284,0.006389097744360904,0.02130816019517393,0.004497354497354496,0.00883743126880382,0.01021881501138467,0.008470588235294117,0.0,0.0254280756605318,0.07368512921737896,0.0012037037037037038,0.01863951545530493,0.0,0.08881439393939396,0.0012513368983957218,0.031866299736268776,0.001222222222222222,0.02666073153899241,0.0037540028835993215,0.007689848945957969,0.01,0.005353615520282188,0.00241684822076979,0.015248538011695909
0.04675,0.02,0.004769349845201238,0.08160493827160493,0.02,0.0,0.0,0.011857142857142858,0.0,0.04636082535885167,0.046860902255639096,0.006138888888888889,0.016697860962566844,0.0016049382716049388,0.0,0.027936507936507936,0.03358692956349207,0.0,0.0,0.0,0.0,0.022238322789069863,0.02821394717731147,0.01,0.0,0.0015294117647058827,0.00857142857142857,0.0,0.0,0.001428571428571428,0.0,0.0018571428571428565,0.0,0.0,0.04152052268718935,0.0,0.018555555555555558,0.031162489557226402,0.016109516214779372,0.0658665329768271,0.03,0.008458506944444444,0.048798319327731085,0.0,0.025581699346405227,0.0,0.07281121281464531,0.0,0.01,0.036537918871252205,0.0,0.022708333333333334,0.0,0.008522727272727272,0.0,0.0,0.0,0.0303340939246512,0.06669841269841269,0.0,0.016950617283950618,0.001428571428571429,0.0,0.009947860962566843
0.010412626589097175,0.006502923976608186,0.01393939393939394,0.032604232620245324,0.01691951089845827,0.014158217293467662,0.023956718542680226,0.060042871482550435,0.005192820027521871,0.0,0.012626050420168067,0.003791666666666667,0.05319123194200594,0.010011376518600462,0.009454956836535782,0.010264970360317422,0.0101576278659612,0.021463718677263568,0.0027263888888888893,0.0007169117647058827,0.010013847552910054,0.043737446972409375,0.0009774436090225563,0.056100244102602934,0.0077607623857623865,0.025826845522898153,0.0010833333333333335,0.004665664160401001,0.001428571428571428,0.012999989768634727,0.01936851885003514,0.0032500000000000003,0.004590258325552444,0.002016203703703704,0.012683706816059757,0.016020770703399596,0.014719651875901876,0.03929359857978279,0.004717341482047364,0.017936507936507938,0.004379699248120301,0.010917809675704415,0.0472095912005876,0.0031406091984346844,0.014583333333333332,0.0038640819964349373,0.0068654572940287225,0.0,0.001238095238095238,0.08231428571428571,0.003021060275962237,0.04543527126239511,0.003250000000000001,0.03217226679138036,0.014785871268585406,0.007258838383838384,0.00449671052631579,0.030027745911961282,0.02113110183467326,0.020351974434111762,0.0,0.015368397846468023,0.0013865218602060715,0.009476354284403821
0.016805795905106682,0.0014444444444444446,0.018028977272727273,0.07348465769692536,0.024892965627441185,0.002907647907647907,0.018184489000278473,0.0029930490714804438,0.0050756172839506175,0.02519745393151058,0.016338383389991704,0.0,0.05348072496054951,0.007876657579252737,0.0008077485380116967,0.03517424242424242,0.020204288557528274,0.005359261059795819,0.0030084325396825405,0.00779895170189288,0.012575699698161816,0.019274359095490048,0.031179318394024273,0.01249280685060624,0.0068958540141202665,0.04270145431910136,0.0036510200039611795,0.005903183885640027,0.007655507641653152,0.013390756302521007,0.015733945430023863,0.00472782446311858,0.0018571428571428576,0.008669590643274853,0.04124336433137848,0.004918318523581682,0.027183025968098507,0.005017792302106028,0.003436456063907045,0.0060018155410312265,0.016475471085120208,0.008738486842105262,0.03701400785163177,0.006136111111111112,0.01762941760968077,0.0018571428571428576,0.00640493827160494,0.008045640565594429,0.004347826086956524,0.07995128989040237,0.0007878787878787879,0.03220611561022563,0.0021949610869278456,0.011900763298095297,0.0,0.005994949494949497,0.008292371972712528,0.05479974294252823,0.016519690802536072,0.004469479799717159,0.010569336219336221,0.018155829230061687,0.003149691358024692,0.030785832004253062
0.0043502886002886,0.0,0.011221207781358156,0.031177060616910245,0.0,0.0,0.0,0.041096662203219426,0.0018866213151927439,0.01916804687496122,0.0403667803768681,0.0,0.044124429640720365,0.0014186507936507936,0.0016507936507936505,0.0,0.0,0.00393939393939394,0.008400705467372132,0.0,0.0,0.027883009663195422,0.009061309523809524,0.11253291527491735,0.0016049382716049382,0.026806595127476136,0.0,0.0015294117647058827,0.0030335097001763663,0.0,0.041899256291595834,0.0,0.0,0.0,0.02552437734962406,0.0,0.023712425039901966,0.04517681068528777,0.0,0.02408997584541063,0.04176117376775271,0.06228502219601291,0.04131228855178435,0.025663098129558394,0.011766666666666668,0.0017105263157894735,0.006395715185885318,0.00334107997265892,0.01300668449197861,0.09442857142857143,0.005894736842105263,0.022878817289808003,0.0,0.033089154153772796,0.0,0.0020634920634920633,0.006520904658159561,0.003120062059911684,0.037954865944251175,0.0,0.009180672268907564,0.0,0.0,0.025971292214497888
0.023,0.0028888888888888888,0.00461845088912758,0.044487860542767835,0.0,0.0008125000000000001,0.0009774436090225563,0.021905597326649956,0.0052311980347694645,0.02639209202199398,0.006749999999999999,0.0024490580545943872,0.050830494265442366,0.02737059456278785,0.0018462823725981625,0.014042016806722688,0.02099746944232238,0.006331023637525186,0.007751043970219668,0.0,0.005799550653594772,0.013162457912457912,0.00423943213649096,0.04168825060295877,0.008095068119840529,0.007936507936507936,0.005222104280308614,0.0,0.0,0.02248361644852873,0.036324753155476154,0.0,0.004074162679425838,0.0,0.0033258636788048553,0.008731035087142744,0.04701578992750559,0.015046141702294952,0.0015294117647058827,0.016768645097592464,0.024880755351936984,0.0026666666666666666,0.028995238836275253,0.0,0.012898522371911731,0.01018301066217733,0.000749711649365629,0.0,0.003466666666666666,0.16492420324445123,0.01,0.02810484544695071,0.013319094304388424,0.02616227457590376,0.02194648609044894,0.03424879826930772,0.005221976509902208,0.03580793213971749,0.014290526151981262,0.019703571428571428,0.006214447463768116,0.006991770746930705,0.007618537083449363,0.011480158730158731
0.01239625008252459,0.0016049382716049388,0.027344756626068823,0.039050264720898106,0.02131417317363931,0.005259249297545105,0.015169552669552671,0.04856031941319009,0.007375194983570943,0.0,0.02870357578576816,0.0038408782372598167,0.05141536448849008,0.015964505012531334,0.0021666666666666666,0.03177478734715576,0.016037402503088778,0.006058352402745997,0.0022821800896667206,0.011555555555555555,0.006629617522066033,0.013052689299625575,0.01374483082706767,0.008695942090012098,0.0,0.0312923800340114,0.0046340729274165805,0.0022159090909090913,0.004793222844693432,0.002913165266106443,0.012748200246282088,0.0,0.008988176937441646,0.012687969924812031,0.009236507936507937,0.008314792795330078,0.03838208285263423,0.018915946052572793,0.013047049798682169,0.0011328976034858389,0.029120300751879703,0.0042265105488178654,0.04084880315762668,0.011756812225695433,0.013936183546606664,0.020049153027771452,0.0052177854938271605,0.004733311093813707,0.0076363636363636364,0.06629214244620407,0.02118216737495913,0.01305931631912024,0.0027669938695261747,0.039418546381426924,0.017499416689190295,0.008241274181123805,0.0032372334455667796,0.04252025815835976,0.015272894458991448,0.00648148781043518,0.0012187500000000002,0.023695923030055493,0.019566346782265404,0.022722604193192428
0.010947301136363637,0.01997465886939571,0.003109272875816994,0.036610939112487105,0.02724618475779466,0.0,0.028694163733362203,0.03662971950553075,0.0,0.007501374287088572,0.0,0.0012287808641975307,0.06977913574520717,0.012649555631604747,0.007173913043478261,0.01,0.003250000000000001,0.008862745098039216,0.0023923611111111116,0.0036111111111111127,0.0023636363636363646,0.03361475869809203,0.011221148684916802,0.031407029478458054,0.01357102539757707,0.08050321610125533,0.0,0.0011328976034858389,0.004844240726593669,0.0012037037037037038,0.04793469742063492,0.004690174471992653,0.00393939393939394,0.0017052469135802476,0.01318727594274603,0.0,0.007659548611111112,0.03946086212262683,0.0018571428571428576,0.014944444444444442,0.023534341236494595,0.029703529896807204,0.05530523612953954,0.00975378787878788,0.021235130061239452,0.0027857142857142863,0.02417063492063492,0.0011328976034858389,0.0027331154684095867,0.052263535385800614,0.007968749999999998,0.03529107490949597,0.011288348712690816,0.03530335097001763,0.0,0.00393939393939394,0.010523954717453168,0.028199717753837072,0.029834415584415585,0.0,0.006750000000000001,0.0,0.0015294117647058827,0.0018519984170953707
0.008130429292929293,0.0013032581453634084,0.005823475662194703,0.026051367596480378,0.015361300979722037,0.007363951545530493,0.0014661654135338345,0.08836538427388924,0.0019080380690287813,0.013205295000447845,0.005264818314353919,0.00695906432748538,0.03140403138528139,0.006959141274238229,0.0036857769423558895,0.004347826086956524,0.004074162679425838,0.007955453418625613,0.0,0.0,0.005215415360451863,0.024867445695832453,0.003774018379281537,0.04047484134586425,0.0,0.012058333333333332,0.0007738095238095238,0.0037903091060985795,0.007335403726708076,0.0019345238095238107,0.058696261155534335,0.0,0.005311163283703331,0.005219820384294068,0.057044649376288906,0.0015294117647058827,0.012300160122528547,0.03417490144635999,0.0,0.009747795414462081,0.014678362573099412,0.022107142857142853,0.03162308425053523,0.0,0.01766502700495403,0.0044444444444444444,0.0061722689075630255,0.0007738095238095238,0.0008496732026143792,0.15389182602865709,0.006005039139213242,0.020765470719180116,0.003687595896058229,0.02523255196815568,0.002401853987782478,0.007152777777777777,0.0053134920634920636,0.048592860665755716,0.019537549407114625,0.0187749373433584,0.0,0.025335811859511774,0.0,0.0411172167431566
0.016521784630917757,0.02615085990326627,0.015029411764705885,0.021475164914450628,0.009950931570885436,0.00198095238095238,0.0,0.02913333333333333,0.0,0.02140594177064765,0.007291666666666665,0.0014772727272727272,0.10778422158337018,0.0157363896161118,0.00198095238095238,0.0016851851851851847,0.016743725959283237,0.0018571428571428576,0.0,0.0009027777777777776,0.014250955132455561,0.007949656694710117,0.004116370471633629,0.040696096660007876,0.0028888888888888888,0.007936507936507936,0.0006190476190476197,0.0035547856569528398,0.0,0.022924249028368024,0.023008950948800573,0.003386432013882994,0.0016756176154672398,0.0012037037037037038,0.021162328117808302,0.01140542364683639,0.013910353535353534,0.01,0.034349673202614374,0.017291666666666664,0.013820195416076424,0.01672361294100425,0.011303338001867414,0.019731336012665933,0.07652457356001297,0.012637264156061152,0.0,0.009949929971988796,0.01,0.04587024331687993,0.0018571428571428565,0.028732299879015936,0.0,0.045483620816747755,0.019978666905358634,0.03154624310294736,0.010668805704099822,0.025481791600212647,0.05417535798445469,0.008522727272727272,0.0,0.008468321778472154,0.002659090909090909,0.006427015250544662
0.027629318394024275,0.008894557823129251,0.007698166986092683,0.03739691027926322,0.009965091299677766,0.002653061224489796,0.04066426082255938,0.05759945920597549,0.0015294117647058827,0.006592455163883734,0.0061764705882352946,0.0018571428571428576,0.06804209598069248,0.0025338301237424047,0.0020526315789473693,0.0031343500363108213,0.0005487402717319625,0.0,0.0029579831932773104,0.0,0.0,0.062421291323546964,0.0167437641723356,0.06733672487408766,0.004507101086048454,0.035913989519252676,0.0,0.0,0.003537414965986394,0.0028888888888888888,0.006472383967437391,0.0018759018759018755,0.0031343500363108217,0.0035454545454545465,0.0074955882352941185,0.0,0.006060606060606061,0.03222568976553939,0.0015294117647058827,0.01,0.021969696969696972,0.041714494888864646,0.04681348903197643,0.012123224728487886,0.006285714285714286,0.0,0.01243341307814992,0.007111111111111111,0.007096786042240587,0.05093584251882571,0.0,0.060742369391492204,0.008136830170664756,0.030778680770553835,0.010974999999999999,0.003095238095238095,0.013812060789227974,0.057075045536716024,0.04565267335004178,0.0,0.007270194202082747,0.0,0.0023636363636363646,0.0
0.013060542398777695,0.01688353782058633,0.019770432611556362,0.0,0.01685474020157996,0.006404668308547253,0.004346031746031748,0.015609261248358994,0.002731313131313132,0.01377247474747475,0.021154278719806404,0.0,0.15145730036215393,0.014091547418630754,0.0046328976034858416,0.008194444444444445,0.019783106508596708,0.008729781474879515,0.010950542717086837,0.0,0.004563948934837095,0.030880895587630453,0.0,0.014832853836642634,0.008975413566099844,0.004559420289855074,0.0021572871572871585,0.002578395393245018,0.001456582633053222,0.024881517938116236,0.0110469467469918,0.022923701298701304,0.009801587301587303,0.005735145316707921,0.020846017549319924,0.011427128427128428,0.005962406015037597,0.0015234375000000003,0.0018055555555555557,0.007111278732490853,0.01919006393980594,0.03383901933770767,0.036879830190407685,0.0018571428571428567,0.017652777777777785,0.0,0.0,0.00551984126984127,0.0008496732026143793,0.1190568932923777,0.00304093567251462,0.07341359438346529,0.0,0.018584142233891612,0.0039847016609847585,0.012734510143770427,0.0025729166666666674,0.03548184535497599,0.023990501903609684,0.015291176329369684,0.0020392156862745108,0.007608974853453699,0.007818959162612415,0.01709686283713744
0.016650475341651812,0.03901383017555027,0.011760303536619325,0.0412373857437712,0.030995838554720132,0.0150763922793998,0.0005487402717319625,0.015666628692944485,0.0014772727272727272,0.009372400475341651,0.0013304093567251473,0.0026696428571428565,0.06948918608829936,0.0382480575411125,0.0014444444444444444,0.005695238095238094,0.03559468046477851,0.008504549168152109,0.00502723311546841,0.0033235550998708895,0.014105137062799603,0.0034346282372598163,0.01063420100822698,0.019946197014274816,0.0029292763157894738,0.017617311503669277,0.0021666666666666666,0.0018759018759018755,0.0032500000000000003,0.03263922902494331,0.036357548683088804,0.005660770975056691,0.005264468106083014,0.0,0.042714819456047534,0.004404012677195634,0.016515523593422142,0.018668933123488628,0.005951758481170247,0.0023636363636363646,0.007599983755685511,0.0072127854950844615,0.043258988440078514,0.021039939309056958,0.002972365554408898,0.013611683158111731,0.008647530284043444,0.0,0.0,0.03155899208568926,0.030502225216686,0.03777777446099391,0.0,0.015357142857142856,0.0154632506437188,0.029332265524054737,0.0014772727272727272,0.0818368760050538,0.025322055137844607,0.003984563681932104,0.0,0.017664161435325117,0.004980050505050504,0.0007738095238095238
0.04221253517355906,0.0,0.008494800950683303,0.007291666666666665,0.033172646209378674,0.016210396241549643,0.028832094797542954,0.010466687763178993,0.0,0.009508223684210526,0.013385082380135804,0.004774812030075187,0.03208014164198374,0.03430333003288433,0.004898989898989899,0.01845657369075755,0.016954875283446712,0.012940476190476193,0.017404032718882342,0.0029415869218500806,0.003386554621848739,0.028272795082945456,0.0,0.010148692810457516,0.001428571428571428,0.06600979061619794,0.012935353535353536,0.00490079365079365,0.006416766781083142,0.0,0.0027547761948731484,0.0,0.0024218880534670004,0.0,0.010422077922077923,0.013760402469010629,0.07172602333862838,0.04701550712789102,0.0038901515151515153,0.013744268077601412,0.030524241279003186,0.0063891913224620005,0.023975930962882037,0.028021586203651423,0.004590062919107038,0.003030243612596553,0.017263836675020884,0.006168834062550639,0.010768954248366013,0.025626350540216086,0.005420896491180899,0.01580708343943638,0.003277083333333333,0.012009094538932,0.025354369062323162,0.0060458333333333345,0.0016049382716049382,0.049325162398613544,0.03141230952726168,0.005880811335698555,0.03034414194527714,0.012462552913128358,0.012504053136406078,0.018629072945410666
0.008067319343119137,0.0014772727272727272,0.003258145363408521,0.025994975710969495,0.009399007936507936,0.0021066323215446024,0.02935914682078365,0.0481485721259973,0.0076363636363636364,0.007333333333333334,0.01078288574982035,0.007992570712495525,0.05698834095041525,0.017088429517313236,0.011885443307757884,0.014747240009657561,0.0069097222222222225,0.013843820861678005,0.010720970206264325,0.004257008261394225,0.003239938080495357,0.016860902255639097,0.004898078529657477,0.016310204433494773,0.0026309523809523805,0.039767232608648256,0.0,0.00941031227305737,0.0,0.02441272434899886,0.023776695526695528,0.006430371770636421,0.008675484283625731,0.004497354497354496,0.0020734126984126976,0.019404204565660794,0.015614405021267765,0.02868782696491675,0.003152890342739967,0.0048000000000000004,0.035888169656211076,0.002182017905201296,0.04335034916782752,0.0014161220043572987,0.06626616298527671,0.021058441558441558,0.0,0.0,0.00393939393939394,0.061747140287977675,0.0012638888888888886,0.04222149095682931,0.00543341103093265,0.03609620431550256,0.02103611300979722,0.0018571428571428576,0.0,0.035904401658545755,0.02618895401506341,0.0,0.00804580853174603,0.015161232562928752,0.012685605069987222,0.025617757897375627
0.03396216109632259,0.0018571428571428576,0.017662163855441164,0.0599670140275916,0.010079096727448379,0.014264546421701458,0.02534539507810922,0.018380707661409413,0.0,0.02025827149041435,0.019348285843339266,0.0,0.022397428353492423,0.008073507903959031,0.0,0.0,0.012760526315789474,0.003285714285714285,0.004599415204678362,0.0019500000000000001,0.0014772727272727272,0.02059774989417434,0.002715367965367965,0.021586124304794382,0.004100497455760613,0.01854747875581209,0.001962022825659191,0.001428571428571429,0.0020634920634920637,0.005669637551990494,0.01,0.0018571428571428576,0.014301907966488971,0.007767752715121135,0.00962012987012987,0.010296866177300962,0.01781072377914483,0.008470588235294117,0.009249452824608102,0.01711111111111111,0.031873965216070485,0.03621304561568535,0.04394758658526946,0.0017105263157894735,0.0637544728692014,0.011178921568627449,0.005450691121743754,0.011486928104575163,0.007219251336898395,0.07872753414972973,0.0005538847117794481,0.02726817711274233,0.0,0.047927306018359414,0.01303785030758715,0.010890436318067895,0.006629647034252297,0.027696663142755193,0.06191758460428296,0.01581919736705599,0.00409090909090909,0.011116456790052544,0.016576911976911975,0.004086785009861933
0.003948974219317359,0.0015294117647058827,0.001428571428571429,0.007572108512020793,0.033175699741175936,0.0007738095238095242,0.012358276643990931,0.058572248721276185,0.0015294117647058827,0.008830588375701158,0.0016507936507936505,0.0061764705882352946,0.08594263099471966,0.00803548833096386,0.016246677299308877,0.016101983218916857,0.008522727272727272,0.0009027777777777777,0.008466553287981859,0.0,0.0151629359909573,0.040401562060230795,0.0009774436090225563,0.019695003005632518,0.007984373378981221,0.026396831682614877,0.0032773109243697473,0.0028888888888888888,0.0023523809523809513,0.003205029380173122,0.05413381412602896,0.006437198067632852,0.0071563736783035025,0.0,0.028470588235294116,0.018642749415756103,0.020347933112638997,0.02138090050835149,0.00441358024691358,0.02132554301181752,0.02615471479450506,0.013480349715643835,0.004521739130434781,0.024575187969924816,0.022363636363636363,0.03186934402504578,0.008142857142857144,0.0,0.01897826086956522,0.06922367625489717,0.019123665062665527,0.010027893312207038,0.00969904009034444,0.02861809956012855,0.010424999999999997,0.01152216478696742,0.0060942833273660325,0.01343144829492277,0.031771597748345884,0.006478635983899143,0.0031655844155844153,0.011570631123262705,0.01526881554266968,0.017077731092436974
0.003092810457516339,0.0016049382716049382,0.005238997113997115,0.08233100621282798,0.0,0.004089575791330177,0.007596031746031748,0.010002893623909832,0.0010317460317460316,0.0,0.0025277777777777777,0.01194661986284008,0.04344379467186484,0.0268705541851995,0.006462585034013606,0.010458553791887126,0.029169323772393948,0.0,0.0017593984962406015,0.0049070631123262695,0.014637771669393245,0.023114703056040766,0.002843928001822738,0.02255869111777264,0.0,0.01,0.002708333333333334,0.001090909090909091,0.0036708437761069335,0.0037902597402597405,0.059135891295704186,0.003771123581011352,0.005068452380952382,0.0038259018759018754,0.032073488645857066,0.0020634920634920637,0.0033074494949494955,0.008252445675239792,0.025093135300372146,0.0013928571428571423,0.044222222222222225,0.022456071998177257,0.03314497132768154,0.0032500000000000003,0.027620813397129185,0.024040570175438595,0.022077198268049717,0.0013928571428571432,0.00040532879818594154,0.11724450812577376,0.004307539682539683,0.04559211469453988,0.009641333644167449,0.03171578433606297,0.003475563909774434,0.006820117011007841,0.008098930481283422,0.03502030224010105,0.03913852813852814,0.018122750005861766,0.0,0.006929067460317459,0.0,0.014350079744816587
0.007173913043478261,0.022259313808812554,0.0033613306982872198,0.062389508310855796,0.027652419802419805,0.004072801489016659,0.0,0.0031877990430622003,0.0,0.011857142857142858,0.02563197818927484,0.002708333333333334,0.026069444444444444,0.007548454469507101,0.0044687500000000005,0.0,0.008997732426303855,0.0045577380952380965,0.016191919191919188,0.0028859934049820547,0.01304093567251462,0.0,0.008571428571428572,0.020013241660300485,0.005294117647058823,0.031407628920786815,0.0,0.013826003086419753,0.001222222222222222,0.004694444444444445,0.05880077949253723,0.0,0.00734261316169211,0.0,0.043904924242424245,0.00883513534238172,0.01675,0.04105596588272026,0.022645124716553288,0.018618357487922704,0.04401585036005326,0.0,0.032412686809616634,0.007211570593149539,0.036765915713379484,0.008142857142857144,0.010859459254196098,0.0014444444444444444,0.01878125,0.06279235143941027,0.003385416666666667,0.03691778900112233,0.0017633477633477645,0.018901257472686048,0.026814916078073976,0.01914941654847301,0.004839065255731922,0.04385672456964818,0.04202251841725526,0.0028260869565217388,0.00196969696969697,0.005066826730692277,0.0,0.013023056653491438
0.0010505050505050504,0.0004267676767676767,0.014477970885323826,0.046907230196703883,0.008140159767610747,0.007223332953596113,0.007283816425120775,0.00501610644257703,0.002664891395154553,0.032699193218954245,0.011055194805194804,0.0051587301587301595,0.07954401863072852,0.027621238808626786,0.01165079365079365,0.0008125000000000001,0.02242593406315211,0.0025277777777777777,0.0,0.001805555555555556,0.00362291212781409,0.01647238396743739,0.0006565656565656567,0.055637564375065125,0.0015394736842105263,0.02653493223800241,0.0045000000000000005,0.0026127450980392157,0.004072681704260651,0.017128427128427128,0.01634433621933622,0.015744342740910248,0.006331059129304742,0.002567901234567902,0.022126996412600127,0.008189691027926322,0.0023636363636363633,0.030957165641376166,0.005193725053374176,0.010849673202614379,0.019631062951496386,0.012539805395842549,0.036960724723328425,0.011710526315789473,0.052486753034547154,0.006738095238095237,0.008984156820622985,0.0015394736842105263,0.0008496732026143792,0.07635538550764594,0.00656342132812721,0.04124991237152674,0.00251827485380117,0.011544105361442823,0.007952334043665313,0.016720428885713425,0.009961460022605532,0.05511237013778132,0.029083016252753096,0.0028888888888888888,0.010032828282828284,0.019682814166509813,0.004083542188805347,0.012873015873015871
0.007398692810457515,0.0,0.008232247284878862,0.04825202828222415,0.010659952701619369,0.005324931724692166,0.00361111111111111,0.0030694197615250243,0.0016993464052287581,0.02216377005347593,0.0038080808080808086,0.033521064217544375,0.04285015361792966,0.0015503105590062099,0.004325187969924811,0.012117245976895095,0.011510530137981118,0.0015294117647058827,0.005198143359908066,0.0,0.007248839535814326,0.029634302205730767,0.012814000911369328,0.0634644492542095,0.012812200956937794,0.03429471488338764,0.004635013459574863,0.01836928104575163,0.01614594809215552,0.003677513774104682,0.0,0.005958333333333333,0.002534318751424014,0.0,0.0181979929960747,0.008633697338584557,0.013539283815599603,0.033827849435490526,0.007830032597834454,0.011117081879873885,0.02174511124016466,0.012163680033416873,0.0631384943841084,0.006749999999999997,0.05145514739863068,0.013074611662846954,0.002045548654244305,0.0009774436090225563,0.002058333333333332,0.06331090726259335,0.018772403657707826,0.01945124659291326,0.001857142857142856,0.013847191775260828,0.009289063594290327,0.0005430242272347538,0.0038092414353655684,0.049872844991266034,0.03632332937372044,0.04603864233093556,0.0,0.010204223794781071,0.005699696009410805,0.016016188967169356
0.008466230936819173,0.012888888888888887,0.008608513708513708,0.04079128492849521,0.021246244261593526,0.0008024691358024695,0.01142345018815607,0.045185614313065295,0.0025179731386039995,0.010226984126984126,0.004508957404600691,0.003021060275962237,0.05584396012436518,0.012749486053843745,0.013362468977476265,0.0018041958041958043,0.014252887119760188,0.015655257936507936,0.006581481481481482,0.0,0.01660617552653564,0.031132218120593035,0.0012380952380952378,0.03237989234325664,0.006040379357484621,0.019288309788797996,0.0029612921191868556,0.0,0.0,0.03214568040654998,0.008026999874910094,0.028282119467833756,0.005876543209876544,0.007019424315619967,0.016509259259259258,0.0077462406015037615,0.010024117636488406,0.007291666666666668,0.014452040243706912,0.0012037037037037038,0.018289473684210526,0.02759470435347628,0.03098202614379085,0.0015394736842105263,0.07764577474763647,0.012848963944552181,0.0005966183574879255,0.005608233546830039,0.0,0.05707617384185643,0.006801587301587303,0.012634021648323706,0.0039894179894179906,0.013552083441918326,0.015261904761904761,0.018968288591353608,0.00591820987654321,0.07406519448998809,0.004602572129330201,0.042578023566328886,0.0,0.02462222331298766,0.0032581453634085216,0.003405318537671479
0.004952380952380954,0.00819669494592095,0.009114090734332949,0.003046675423982229,0.0,0.01569420527963071,0.033150365379300384,0.05981037699425901,0.0008496732026143792,0.0,0.0045562499999999995,0.003532760472610097,0.008005433119069484,0.017579669868451032,0.005401190476190476,0.01805687830687831,0.030440821446423686,0.0030333333333333328,0.007179244903703108,0.005202443609022558,0.005346872082166201,0.03365267091463557,0.008601102941176471,0.033239053283461176,0.00405155450609996,0.051697453703703704,0.0,0.005030731590881968,0.004333333333333333,0.019095357053288214,0.06114277942519702,0.002985036119711042,0.0072670660856935364,0.0017333333333333328,0.01596152601717793,0.011724079833640934,0.01008843537414966,0.04518952510928614,0.007665833168284148,0.019393441938178782,0.021399014420583052,0.003946164111577646,0.03325645540867419,0.0056879084967320255,0.03372525479002517,0.0016507936507936505,0.014685918003565062,0.0031537037037037037,0.0,0.08780880966629098,0.006462585034013606,0.03233845051670445,0.0,0.013322901951849321,0.011866293414295548,0.02179371775646285,0.004066293183940243,0.051620461874132474,0.023650042205434364,0.00593884297520661,0.0,0.019413782638385023,0.005956070732386523,0.012254861203740757
0.00551228784974915,0.0038846801346801353,0.01244501107842069,0.051114585293785965,0.024175009902951076,0.005087790386809996,0.010199152186686811,0.034843609816778025,0.0031306943830163654,0.0,0.015022187822497418,0.007858749437696808,0.04090710153054181,0.016593842142120008,0.002773989898989899,0.003770562770562772,0.06943678804855274,0.0014444444444444444,0.0039062499999999996,0.0016290726817042608,0.007636441440162298,0.035107983507297005,0.032893129287866134,0.044712515148213096,0.012377188961709085,0.03928885853473057,0.0006828282828282832,0.006179053287981861,0.0023636363636363646,0.004246202627781576,0.0177485670025586,0.020301774564158465,0.017992557900353125,0.007111111111111111,0.019933779253328125,0.0,0.006026448126654525,0.014158336876417233,0.0032500000000000003,0.03291701680672268,0.019383333333333336,0.0032627450980392157,0.022905662264905962,0.0017376775271512113,0.053165349196003436,0.0010505050505050506,0.01049931368081523,0.006611319966583124,0.0,0.04978399927802545,0.0027189542483660126,0.02713901770847589,0.0,0.056976387888447014,0.005221386800334169,0.011101530936670257,0.008445949759901516,0.022841503267973854,0.0302103882701406,0.012274255156608101,0.0014772727272727277,0.006730441671618143,0.006124149659863945,0.0016756176154672398
0.015404285619971895,0.003053030303030303,0.0023636363636363646,0.012221430482524396,0.004317460317460318,0.001238095238095238,0.0007738095238095238,0.01,0.0011255411255411266,0.01756415343915344,0.017546568627450982,0.0016049382716049382,0.01725263135557253,0.012972538372323004,0.002780748663101605,0.04925314400082202,0.0,0.015016624579124581,0.0,0.0,0.010779790660225446,0.04738158664139057,0.004705882352941177,0.0023636363636363646,0.0,0.03229411764705883,0.02017895116579327,0.0014444444444444444,0.0,0.02742250233426704,0.06978636933242195,0.005120879120879119,0.005279411764705882,0.002768518518518518,0.004515624999999999,0.00358642819169135,0.020423710792131847,0.026313380251976746,0.0,0.0,0.10303274340039045,0.018289473684210526,0.015055555555555558,0.007173913043478261,0.01990998329156224,0.014296176046176048,0.0,0.0012513368983957218,0.005666666666666665,0.1446038324808481,0.00997827903091061,0.007173913043478261,0.010950988582567529,0.035567691789634516,0.027126984126984124,0.00926984126984127,0.008665103415103416,0.014203463203463204,0.0032931402580525376,0.010776222964819457,0.006749999999999999,0.016613209886887206,0.010313822751322749,0.031183787744346755
0.01798576097105509,0.018451544211960876,0.004253086419753086,0.004182280319535221,0.023386507936507935,0.004694444444444446,0.000390977443609022,0.041688450374949226,0.0023606744133059915,0.014807670217209691,0.002560199518403854,0.0,0.03502689260296034,0.02067634137830216,0.0014772727272727272,0.02872424879042526,0.01824354587546134,0.010203324808184143,0.007879355747260803,0.004000854408749146,0.0020634920634920637,0.011486928104575163,0.0025312500000000005,0.020561533704390848,0.003950014854426619,0.016121910043478672,0.002512995451591944,0.008821637426900586,0.0042207792207792205,0.023316807951250674,0.06359191290950192,0.004274807388842477,0.006570001485442662,0.009805485527544351,0.027851614826331028,0.02172304927757418,0.0012513368983957218,0.021261647083075656,0.003938600985702436,0.0041199914748508105,0.02558169934640523,0.007130814757233745,0.024857646762408668,0.006710761619462599,0.03859713138073265,0.033060056115304534,0.0100076366194626,0.01,0.0018055555555555555,0.08656837764750171,0.00203921568627451,0.02327768917242601,0.007207528625485283,0.036030037214247745,0.012741013071895426,0.06460036811275548,0.0030423611111111116,0.01994119121454625,0.01539245395127748,0.0008796992481203002,0.0011328976034858387,0.014430493825326017,0.01796406313367098,0.01603207893781294
0.015574189608503335,0.011185064935064935,0.02894213121186805,0.0450568432486631,0.015700245098039217,0.0,0.0011255411255411266,0.06411454984262002,0.0,0.012404436522083579,0.0,0.006387366310160428,0.05211703947926858,0.016436199753692017,0.009633156966490301,0.019438756956574942,0.009870736624169117,0.0032098765432098763,0.004666459176263098,0.0031877990430622003,0.0,0.02329919004638893,0.008322698776480291,0.0693248059989546,0.0010833333333333333,0.04557971660337389,0.007847132034632035,0.0015294117647058827,0.0016049382716049382,0.0075317460317460335,0.04607803032474729,0.008289473684210527,0.013233660130718954,0.0,0.009927841547246918,0.0,0.006749999999999999,0.01346700083542189,0.0033491213151927448,0.024823326432022084,0.012067905950258893,0.005399470899470899,0.04146647642471896,0.0,0.048922089597228526,0.0014772727272727272,0.01699331550802139,0.0,0.005064935064935066,0.059063993435292776,0.0043828976034858405,0.05711733908481451,0.0,0.015778405169709523,0.01388898909732243,0.0012513368983957218,0.004366161616161616,0.04671028377681039,0.0343232861894758,0.0063947893972403766,0.003358377375405239,0.0023371603027175793,0.0028086419753086413,0.005735052329898822
0.003537414965986394,0.0035823863636363635,0.012509765876933799,0.026189542944977728,0.03780116959064327,0.007884024064171123,0.004225193107546049,0.059576079444328876,0.0,0.008571428571428572,0.0016049382716049382,0.0016213151927437647,0.08758310660787441,0.004099887766554434,0.008142857142857144,0.0008125000000000001,0.009405228758169935,0.0026666666666666666,0.008034090909090909,0.0,0.0017105263157894735,0.06700316857205403,0.001090909090909091,0.02035296574770259,0.0,0.012378878066378066,0.007936507936507936,0.0035160818713450294,0.005533834586466164,0.004317460317460316,0.007291666666666668,0.00790702947845805,0.008357142857142858,0.018639091140235303,0.02215538033395176,0.0018571428571428565,0.012244081336238197,0.031978507626690585,0.0041111111111111105,0.011966049382716051,0.026112399685256315,0.02304928307258436,0.028791275062656642,0.0009801587301587306,0.017460421205519244,0.020679857397504456,0.005606835619623344,0.0,0.01,0.12587557316360504,0.0,0.02574076949620428,0.0,0.048452380952380955,0.0040225957049486475,0.0,0.0,0.019050834431269217,0.0726622716426638,0.016169857017767235,0.005894736842105263,0.003864640991962973,0.0,0.007390977443609023
0.014212651727357608,0.0038391812865497077,0.0007965686274509809,0.042923052891190146,0.01701769674731491,0.0059868421052631585,0.037927762113617376,0.01956060606060606,0.0009801587301587306,0.007767326627620745,0.027857954545454543,0.010882137703566275,0.053110197019735086,0.01037200956937799,0.004816378066378065,0.010656565656565658,0.01570496894409938,0.0,0.006962081128747795,0.00037615740740740746,0.01721983536497603,0.09181588608330093,0.007933952528379773,0.0008496732026143792,0.005554949294532628,0.024677375256322628,0.0,0.004949956497750616,0.003475563909774437,0.003095238095238095,0.012143763051915784,0.004751461988304095,0.006196713870733479,0.0,0.026872929873703866,0.004427128427128429,0.011370350918145035,0.031611264681311126,0.004376775271512113,0.005666666666666666,0.04309226720991426,0.012886513157894736,0.018916107671138632,0.0010833333333333326,0.009405228758169935,0.0022846768336964424,0.01030329500221141,0.0028318713450292397,0.0018462823725981625,0.07433775391990002,0.0022023809523809518,0.03864339188834575,0.005840434419381789,0.08519062094168658,0.01153603327739035,0.00300668449197861,0.002803088555683712,0.03568868693105917,0.03375827938831035,0.0037860855843311987,0.013424165158266032,0.008738853921419714,0.0072732305641554865,0.012380952380952381
0.010231173171022796,0.016943191311612368,0.012449494949494948,0.05403374176181194,0.0167987012987013,0.019256995727583964,0.004253440012368584,0.0018571428571428565,0.0,0.01563641245972073,0.05691778900112233,0.014294468054193455,0.04839506172839506,0.0,0.0,0.02831972789115646,0.0007021604938271605,0.0017105263157894735,0.008979191399551511,0.0,0.0,0.04134325396825396,0.0022697109988776653,0.01375,0.002331349206349206,0.017381969853332086,0.0020462962962962974,0.007980748663101604,0.0,0.012571684335616224,0.0016049382716049388,0.0,0.0017376775271512113,0.011680272108843537,0.0,0.0026666666666666666,0.07194165858794341,0.10195786366076222,0.016666225749559085,0.019044738753201087,0.02821394717731147,0.0016049382716049382,0.053928131946674146,0.0016049382716049382,0.0015294117647058827,0.0,0.012081699346405229,0.003738562091503268,0.010252204585537918,0.027658891903945326,0.017291666666666664,0.05100960735171262,0.0,0.052519841269841265,0.0,0.0,0.0,0.04579895023754674,0.017412788010827226,0.0,0.008422955040602097,0.0,0.006510526315789472,0.022666666666666665
0.004958112874779541,0.0,0.0017105263157894735,0.047164444346959516,0.02957445148890674,0.022494287084137924,0.0,0.013696969696969697,0.0028888888888888888,0.02146431419457735,0.02723675837748849,0.0,0.07903022246403082,0.016680164850305518,0.0038062981527893797,0.012268398268398269,0.007939857761286332,0.003092295504060211,0.01881638251478293,0.0030557021207990743,0.005769951962396744,0.026442604972017753,0.008395061728395062,0.020025818231332933,0.0020634920634920637,0.02059180035650624,0.0,0.0,0.0018055555555555555,0.0,0.0014359974009096812,0.0,0.009059777419739828,0.0,0.03615500341550761,0.005313492063492064,0.01647132983975089,0.021438134202436263,0.023591782678708716,0.012760472370766487,0.014246240601503759,0.0013032581453634084,0.057593488122709785,0.04590079468314185,0.021627380952380953,0.005199999999999999,0.029132278526061896,0.0,0.0015394736842105263,0.06478527482364556,0.0,0.014311488949646844,0.009545488537118783,0.0018571428571428565,0.028456438505425324,0.019182318541451672,0.0036899596130365365,0.07944470828109167,0.040970766472619366,0.006408484446410144,0.0,0.008685425685425683,0.011661435484086711,0.007259803921568628
0.007219251336898395,0.007617669753086419,0.014136034530771373,0.03489285714285714,0.008555555555555556,0.005853304284676834,0.0,0.0028888888888888888,0.0,0.012788638262322474,0.03001380655697369,0.0014444444444444444,0.06643233082706768,0.006348417836033935,0.0018055555555555555,0.013754170243484439,0.036609900924750555,0.008395061728395062,0.008555555555555556,0.0,0.01768892137751787,0.011324514494793134,0.001274509803921569,0.021722356486454233,0.0017105263157894746,0.024535268652915714,0.005397515527950311,0.003309304228514018,0.0030493827160493823,0.002653061224489796,0.04644744225884577,0.0030335097001763676,0.004256471448228415,0.01587874779541446,0.036818620049087515,0.013174312677786676,0.006107256778309409,0.029985557380847076,0.008289473684210525,0.01357369614512472,0.039013147641327996,0.0335637489445539,0.050934228939344274,0.001354166666666667,0.03018127660332253,0.008395061728395062,0.0018571428571428576,0.0016049382716049388,0.024691666666666667,0.044739844402673354,0.010506493506493509,0.019576818202914695,0.005103096794273267,0.046592784295682844,0.008607933678521916,0.013675106833286372,0.006131983894036084,0.014747474747474749,0.0440313608218407,0.0366160881571913,0.001238095238095238,0.014343267982365729,0.003095238095238095,0.0018571428571428576
0.024510918003565058,0.002780748663101605,0.005777777777777778,0.025079597141000654,0.008255804953560372,0.005669637551990494,0.07905359513034789,0.02706636151020209,0.0,0.00465432098765432,0.015581140350877192,0.01821450617283951,0.03259852493185826,0.0018055555555555555,0.002521915584415585,0.008470588235294117,0.008821637426900586,0.0016756176154672398,0.005525573192239858,0.0,0.005966183574879225,0.06255548953588169,0.0032098765432098763,0.033550821001801394,0.0016049382716049382,0.03,0.0020583333333333326,0.003823529411764706,0.0016049382716049382,0.0015294117647058827,0.08169987056725186,0.00700088731144632,0.0016049382716049382,0.002708333333333334,0.08810598567078348,0.0012839506172839501,0.009592731829573936,0.02126388888888889,0.00937391774891775,0.020748603355366973,0.012058740601503758,0.01160493827160494,0.03788699690402477,0.0,0.011710526315789473,0.0,0.016516887456737083,0.006834415584415583,0.005687908496732027,0.09633799460773147,0.009376049191606468,0.002612407926133416,0.0029738562091503272,0.006472383967437391,0.0,0.019866008771929827,0.001477272727272727,0.030412698412698412,0.04839506172839506,0.002259266587521436,0.0,0.006328453710032656,0.0015294117647058827,0.002308270676691728
0.03729719254034662,0.006462585034013606,0.01011983557378294,0.04878902235535363,0.022415977443609018,0.01048015995872033,0.0063729275015602235,0.01759947299077734,0.0036460198114333453,0.0305779140582616,0.025547557383754492,0.0014006734006734006,0.021693900748705284,0.030313643723713358,0.004694444444444445,0.028339980360387994,0.02515758764885096,0.0,0.005909090909090909,0.009519565217391309,0.0023636363636363633,0.02353422246091419,0.009382635882635883,0.012069244658589115,0.010389230652388549,0.02242824249594436,0.006925097949865753,0.0016049382716049382,0.0,0.00742283950617284,0.004459764968939074,0.0014444444444444444,0.0073296176046176035,0.0020634920634920637,0.04268474426807761,0.008344864476004828,0.0152204071969697,0.03825488667556337,0.003537414965986394,0.011463536486719446,0.014895488374332544,0.0055762608405935474,0.07011940917526412,0.014651399911816578,0.02039982700428252,0.006227450980392159,0.008606237816764133,0.003786587098607559,0.021727272727272727,0.056771843604032764,0.002648148148148148,0.022500415721844292,0.003787321746880571,0.02201816741006167,0.0030378139390343784,0.006882756132756133,0.0,0.04222507959016171,0.02950253753814126,0.010409854440971238,0.01252121212121212,0.023472851531184863,0.018705456441835994,0.0022657952069716773
0.011777518662967579,0.0020634920634920637,0.01234468992984399,0.017518732111581014,0.0037113431231078297,0.014011409636510994,0.014935064935064937,0.07020704050753278,0.0,0.0069071895424836615,0.0015294117647058827,0.0,0.07362438654355949,0.013548461966433802,0.0,0.0031343500363108213,0.030674685876900774,0.005368547418967587,0.006057522370989864,0.0,0.019250551042781762,0.01647090474502755,0.0006647727272727273,0.035882822482063,0.0027189542483660126,0.0,0.003791666666666667,0.0017727272727272728,0.007936507936507938,0.0,0.04769322872689746,0.0023636363636363646,0.008594530668591253,0.005737047411557215,0.026407096171802057,0.012790065352355029,0.02419868310606185,0.013315175514076745,0.0048000000000000004,0.012408149185600167,0.01918470086953796,0.01386297852474323,0.008190124933545985,0.0017302436125965534,0.015843939393939393,0.005042730054984957,0.0,0.0025277479412817772,0.00857142857142857,0.12572047679075174,0.0021014515656050292,0.006715367965367965,0.003021060275962237,0.04966296688937396,0.0007552650689905597,0.022255316941591455,0.00454988198983297,0.060435505852172514,0.03995365348868592,0.010779629629629629,0.0024691558441558444,0.024591004413148446,0.013920816474738045,0.023904186795491143
0.0422873869571027,0.017883664704024815,0.006060606060606061,0.016211616161616163,0.034205792754812364,0.010375288871529473,0.013532855375276834,0.06621229742650206,0.0007552650689905597,0.041999102341680764,0.012006477232041141,0.0076256652661064435,0.05271207184628238,0.00640493827160494,0.00380952380952381,0.008270847864837632,0.008368546365914786,0.010138014562550167,0.006120129870129869,0.00285670236196552,0.0071388742648175706,0.021065851674399214,0.01507514366724893,0.024797890467435427,0.006276067152007002,0.018024692591408542,0.008581851904943842,0.01009346282372598,0.0,0.013664021164021165,0.01413497807825808,0.020492834740339142,0.008578030303030303,0.005028215592457079,0.014983854299295473,0.012432599626772562,0.0015166666666666672,0.008740259740259741,0.004769349845201238,0.0253020685772402,0.014399059242308667,0.020906637806637807,0.010579309881847474,0.016479435565075706,0.04811222840626866,0.0010833333333333337,0.022007364163614162,0.003021060275962237,0.00282608695652174,0.015010804473304475,0.002874343597087958,0.05120041799474877,0.0038007111935683367,0.03280253158147895,0.01005952380952381,0.01758788350058398,0.004044444444444444,0.018412084856676402,0.021992597136893974,0.04065091995862673,0.0,0.017247027067579336,0.003319642857142857,0.013049045544143583
0.007328215018064643,0.012883086650069897,0.0016010508778674867,0.054818300951427895,0.006890085010038873,0.007823953823953823,0.011060700169395818,0.03270296043135451,0.004569160997732426,0.0011328976034858389,0.032135072036793055,0.0027589509488005733,0.0803413995206864,0.008574058769513315,0.005177489177489177,0.002487973747003675,0.00815575396825397,0.007636363636363638,0.0,0.0015166666666666672,0.011876249709369915,0.049144028549634955,0.0028260869565217388,0.053412347532491654,0.0,0.01798291410541851,0.0013032581453634084,0.0020634920634920637,0.005618264411027568,0.024279865424430634,0.009929022552668065,0.0076363636363636364,0.007555935292777396,0.00282608695652174,0.006060606060606061,0.011921850079744818,0.0019589687726942633,0.05364207503226912,0.0008496732026143792,0.007111111111111111,0.030594660671286057,0.009386954227674452,0.029646884975472746,0.004895717554756455,0.0,0.008637433155080212,0.01,0.005782566264145211,0.0,0.03208776844070962,0.0166984126984127,0.0247915375806695,0.008449758655899007,0.05267929292929294,0.040036850649350655,0.0015639097744360897,0.005968547706163805,0.08047579426507445,0.027028571428571423,0.004761303128062371,0.0010833333333333333,0.006468899521531103,0.023303987249518987,0.008065476190476189
0.012553740014524327,0.0,0.012357321876118868,0.031542496392496386,0.014839249861164512,0.0065438194416522575,0.0,0.021220779220779223,0.0,0.008823320928584087,0.0,0.006100430882249064,0.05091756338899197,0.0032077922077922076,0.005082590612002378,0.012307635175282234,0.002798611111111111,0.0,0.010321255034000132,0.0,0.005200095827804805,0.05372347245871589,0.010623403086724886,0.0457237899600702,0.00156390977443609,0.012376574361628711,0.0008496732026143792,0.005613636363636363,0.018479532163742693,0.010201418067226891,0.049365653260405276,0.0063888888888888875,0.014619132017193781,0.007217256599609542,0.02121875,0.010306599832915622,0.0012025252525252525,0.005437094720929308,0.005824242424242423,0.002802768166089965,0.022932579449465414,0.04543043038775467,0.011909528723770213,0.0015798611111111113,0.047392230080052576,0.0005430242272347539,0.007496434937611409,0.0009774436090225565,0.0036111111111111127,0.14860279860200643,0.0012187500000000002,0.013479482323232322,0.005389213775178688,0.06563472337499593,0.0031020658263305324,0.012612945241892614,0.006603174603174602,0.035003690912391895,0.024990183792815368,0.011639835563855172,0.014674185960047673,0.01377283544996946,0.012191305503682956,0.0018571428571428565
0.007537051184110007,0.0,0.00667119373001726,0.011204651557592734,0.015795199648486847,0.0,0.006749999999999999,0.04649450758506486,0.021280063615162045,0.009898388648388648,0.012796588079676317,0.011602806205328135,0.042550604173088695,0.033770737924799545,0.0,0.004984817115251899,0.002780748663101605,0.01113669590643275,0.010527519779841761,0.005145833333333333,0.015292338019737403,0.01977154195011338,0.001857142857142857,0.06694197746984125,0.011415935672514619,0.024181437389770726,0.004799999999999999,0.0016851851851851847,0.011398979474830866,0.035767507002801124,0.017744536370442043,0.009604268449804165,0.008914285714285715,0.00504761904761905,0.0319435531788473,0.0035892393019585998,0.0,0.015074052191682775,0.0,0.01,0.01325,0.012951545530492901,0.011237182007305845,0.012363636363636363,0.03988275144327199,0.007605424188490551,0.007648927242348296,0.0035858906525573185,0.004001543209876546,0.12357714857518409,0.0,0.013421301113037808,0.0030409356725146198,0.0012839506172839501,0.01955392156862745,0.009878603509139841,0.0014444444444444444,0.1022450094072717,0.018099252141047805,0.0010833333333333333,0.0037401991947446493,0.012793859649122805,0.007450571895424838,0.013903561814589382
0.014287510017857559,0.003035776942355889,0.0011328976034858389,0.024949384432135426,0.019667740541192552,0.009996541226804387,0.0010833333333333333,0.014782716049382716,0.0031167133520074697,0.03421886824905401,0.04953609737355867,0.012533132072605757,0.061077392555462726,0.008403262942044106,0.0035216931216931215,0.004333333333333333,0.008272542492098736,0.00437719298245614,0.0017105263157894735,0.002440087145969499,0.021013649204143826,0.031278983800353016,0.02228132508762853,0.007259153661464587,0.005377777777777779,0.010990717534577183,0.009565580618212199,0.016924052555631505,0.011070222347312132,0.005613636363636363,0.013733044733044732,0.007400846702317292,0.001586056644880175,0.01538692859664727,0.0076363636363636364,0.003386554621848739,0.0104658118608067,0.017522889017942442,0.002932330827067669,0.023876359794316446,0.08157908578861763,0.006060606060606061,0.019218284320952322,0.014892857142857143,0.00393939393939394,0.011637399053188526,0.007238636363636365,0.002639097744360902,0.0061764705882352946,0.018818395252837974,0.009793650793650794,0.059526236629202936,0.006456017871454342,0.013751196172248802,0.018342606691316033,0.01820641882483988,0.007888684640522878,0.023809523809523805,0.00496384297520661,0.02336277431482035,0.008425583131976874,0.011645649210746163,0.032907852593456306,0.06094070861775509
0.00893827160493827,0.003890445066915654,0.012434920634920634,0.034787190793382744,0.023296046935520617,0.012735103332932375,0.007105869418917663,0.009257894736842107,0.0,0.00814800158290463,0.008891387363026018,0.004829861111111111,0.04268593568514996,0.019039123064934306,0.0,0.008394100167708099,0.008538925438596492,0.011156789701526544,0.002695781342840166,0.0031822037929017354,0.013256459503879527,0.028208373416706747,0.0033854166666666668,0.0564401479158915,0.0043177830940988845,0.001857142857142856,0.0017105263157894746,0.01886236424394319,0.0030066844919786105,0.02053763959470481,0.029708515443964356,0.003239938080495357,0.008628872761225703,0.01376935451695722,0.0017105263157894735,0.013865229579883863,0.025838878489549286,0.025345862986459498,0.0037265465108602368,0.0148,0.01913346471186383,0.010968427083752164,0.06571736257855969,0.006714891975308641,0.014686428305993524,0.0,0.015006523662096418,0.004972889433551199,0.012485970819304153,0.09747241914575504,0.0,0.02412335089210622,0.003283211432721238,0.00020061728395061762,0.003642766955266957,0.012028404344193817,0.0036111111111111122,0.07658126439836965,0.03194538322683318,0.03173209127927265,0.0028166666666666674,0.010178598552658704,0.006407438982034035,0.024066602597574076
0.034268077601410936,0.01852272727272727,0.006462585034013606,0.042296852747833145,0.04137168468308819,0.0,0.0,0.061710526315789466,0.0,0.02,0.0,0.008289473684210525,0.03348312331755314,0.0,0.0016049382716049388,0.017932611135509688,0.0015798611111111113,0.007936507936507936,0.0,0.0,0.0,0.06675644112864002,0.0,0.00987233445566779,0.00479273731466714,0.01,0.016959064327485382,0.00514570306236973,0.005990625206311482,0.002585227272727273,0.04025220458553792,0.0,0.0023636363636363646,0.0,0.06353123437927359,0.0,0.0007738095238095242,0.010075526506899055,0.0110427807486631,0.02218124568668047,0.0,0.00887951409520037,0.06162083449364152,0.016714891975308642,0.032919810348381776,0.0017105263157894746,0.010105588044184537,0.0,0.007936507936507938,0.07839506172839507,0.0,0.02361111111111111,0.0,0.03542746913580247,0.0,0.01,0.005694956096916881,0.06405432351923579,0.048976148354078465,0.01,0.01,0.0,0.002921717171717172,0.003250000000000001
0.009858813700918964,0.026941741174700953,0.004422033167333921,0.007373093681917213,0.013634868762319747,0.0027037037037037043,0.017599121466768525,0.011857808871608954,0.00508431150237873,0.004363329372152902,0.010430361972123988,0.009357319545251014,0.04982817386213745,0.01023380949973006,0.0007330827067669174,0.017984324164448395,0.016388888888888894,0.011592213697073032,0.0052,0.0034258040935672526,0.006872039052081548,0.00460248447204969,0.01830507512015971,0.09821943929302608,0.002888888888888889,0.04317370860624952,0.0,0.004733813700918965,0.004536739948504656,0.027492251461988308,0.023001132171812558,0.0,0.006070307108350589,0.0,0.028078804966962863,0.009555243164459463,0.0437471167928451,0.025610613810741693,0.009227081865884758,0.004560331750428705,0.0,0.014408891903945327,0.057540241690448614,0.012102614490772387,0.03886259655377303,0.018297619047619052,0.007429825428194993,0.009704323308270677,0.0016250000000000004,0.031821923536670516,0.03033449271415491,0.045357605398175585,0.0,0.020145721925133694,0.0023636363636363638,0.007922300738477212,0.0031063454089769885,0.05738261525181438,0.010352965747702591,0.011583662096502302,0.0008125000000000002,0.017853766450758937,0.001303475935828877,0.0
0.02362364447163907,0.022849296382141657,0.01808873444171844,0.039450990541143996,0.024586958773394632,0.0020173527500668893,0.019785151284007117,0.02329177682769014,0.011521263422114285,0.006485615079365079,0.02502984734563682,0.0030243055555555566,0.07407205036858375,0.010797020277013167,0.0,0.026461988304093565,0.012853746318658599,0.003144144317221239,0.02495301980441299,0.002440087145969499,0.003712912087912088,0.0393543568765447,0.0016756176154672398,0.058223424052356,0.0036305048335123526,0.024350097614803497,0.013980569413827335,0.00682075090801871,0.0,0.0067444100447196405,0.02153947368421053,0.0022465034965034967,0.0017105263157894746,0.0008125000000000001,0.012352375798804372,0.007527077595170621,0.021233350916124025,0.03608943688586546,0.004236850295673824,0.01,0.017143939393939392,0.009628629379773544,0.01722764903642795,0.00198095238095238,0.022562633743068532,0.0,0.0026666666666666666,0.0028658769063180834,0.008329861111111113,0.10535895616442574,0.0008253968253968254,0.01559018759018759,0.003924703972498091,0.015047354587768125,0.0063964335595734145,0.02665168459728389,0.006224607182940516,0.026442390289449117,0.01359947868036103,0.004264550264550264,0.009969251336898395,0.01705997230713448,0.00957608695652174,0.005945005221023321
0.003152890342739967,0.007452542697596121,0.014108749437696804,0.022507242355236955,0.019202886741263935,0.0033951422739647184,0.015029192298929139,0.0242153722386257,0.011518175451998984,0.0030646929824561403,0.00641019482753229,0.001428571428571428,0.09252259447250902,0.014453161755465077,0.0045890259837628265,0.008395061728395062,0.009824702390259666,0.015827303791887126,0.0146989403842345,0.0019080380690287809,0.012705756130863267,0.010318457785035326,0.0034218657159833634,0.04294451102526863,0.0041856060606060615,0.051535719493477385,0.013772509050903589,0.0,0.009305786788399571,0.01035273486954741,0.008603174603174604,0.007746735259200633,0.0030535130718954253,0.007588126159554731,0.005284226190476191,0.01800218808061945,0.012719323411631105,0.0,0.0287024756401038,0.0027283950617283947,0.03151972734867472,0.00889358813700919,0.049739508083935326,0.04202658748222959,0.028178213626554056,0.0009027777777777776,0.020125330533175806,0.002704517704517705,0.005478260869565219,0.0495904239766082,0.011379836460262359,0.031964171258171886,0.004491044604976493,0.011894129262550315,0.009172478297192256,0.0062094511847801325,0.006245989304812834,0.05138592058272046,0.03167851778464515,0.01973921184845409,0.002738927738927739,0.010438410120002857,0.0057522881029072985,0.01107510185892539
0.02411615364574132,0.020352965747702588,0.008424273608220094,0.0,0.024601522991351422,0.0019080380690287813,0.02486923102574363,0.08719360368637975,0.0,0.022501873157556484,0.01441229399255715,0.00565185678019686,0.0882161105626018,0.007986928104575165,0.017991179261559697,0.01717391304347826,0.008182365201973045,0.0065862155388471165,0.004383950948800574,0.0050448926606215605,0.0085573667243704,0.01,0.02057738095238095,0.009282246231826063,0.0014325068870523416,0.02,0.01035108024691358,0.003482669910069292,0.004044444444444444,0.04661216126420057,0.028663328119798243,0.010045338293420136,0.002659090909090909,0.0,0.006347019952762252,0.01489504723600834,0.005660770975056691,0.020113997113997115,0.002659632034632034,0.007159763313609469,0.0,0.02726626708553792,0.014927358379112765,0.0016250000000000004,0.04436987614545159,0.0016250000000000004,0.001470707070707071,0.0005068226120857709,0.0,0.03539683568802321,0.009594251777769786,0.05535000119048053,0.0023636363636363646,0.05350667275239,0.010884101519395638,0.010115864527629234,0.00452665544332211,0.02961892393320965,0.0076181362497151975,0.018217298048051403,0.03135416666666667,0.0036632716049382714,0.005335213032581453,0.008522727272727272
0.009940486738732351,0.0012187500000000002,0.008003837033661598,0.023372457730772248,0.007360333599149389,0.005685463659147869,0.02539934123847167,0.051093946235236956,0.011330828373015871,0.013500867013472055,0.03428269439842477,0.0,0.0344713978268653,0.015090567424528929,0.0009774436090225565,0.01893720366934653,0.0038120300751879697,0.007577246493139165,0.03103245524685154,0.004976076555023923,0.01237690449611127,0.026415375560112402,0.0018055555555555555,0.017151364684209955,0.0006565656565656567,0.02867644700978034,0.0013807189542483656,0.0016478510596157662,0.01275233906687629,0.006923288613691092,0.03629410140806279,0.017802380266744303,0.006612554112554112,0.017030096284482252,0.014997741438249407,0.01038471233200743,0.027537993259389132,0.0408770013454611,0.007449192152494526,0.0012526041666666668,0.027431935503246133,0.025389207260079295,0.04465222039551245,0.004587055874981571,0.008879840718850009,0.0019499999999999997,0.017489650299247827,0.009044524189261032,0.003046875,0.08992976131934718,0.005549735449735451,0.01523993425121245,0.005055555555555556,0.011727272727272729,0.013030006843959633,0.003075892857142857,0.004228282828282828,0.06164692249473736,0.011765990690977793,0.0015825277479412816,0.0061764705882352946,0.0070183211771020805,0.015680672268907563,0.0077331296154825565
0.0009027777777777777,0.003605680868838763,0.006002886002886003,0.012923915180107128,0.0025999999999999994,0.009309163059163059,0.0037915503043322585,0.055212329101793814,0.0,0.007219251336898395,0.024808833678398902,0.0,0.007105215419501137,0.013136641300038537,0.0012513368983957218,0.027106524427953,0.021268616218417195,0.01886011904761905,0.010345238095238097,0.0025646739130434754,0.010098253115976452,0.03424982911825017,0.0008496732026143792,0.11519420577043132,0.004999443052074631,0.012644736842105262,0.0006190476190476197,0.0014444444444444444,0.0,0.01786887673729779,0.03527862500662147,0.003250000000000001,0.009412927309857133,0.0014444444444444444,0.03196065917271831,0.003550420168067227,0.0057793292755698765,0.03869466123560143,0.0038095238095238104,0.0,0.011333333333333332,0.014347826086956523,0.01148825993360307,0.0,0.03595392590720961,0.009706924315619966,0.012834295901596505,0.0036154306220095695,0.0027619702851900997,0.1773317092054213,0.006346455070482529,0.004942421413009649,0.00981879447685507,0.019240683229813666,0.0008745548080728147,0.010408660540239489,0.013137452017844173,0.03979463196684398,0.024770013156777865,0.003444898478079258,0.0018759018759018755,0.012904731190721901,0.0056875,0.008215773229369722
0.015636948431685272,0.0059457813428401675,0.00844461658267773,0.05803701770563297,0.02238400600521813,0.005609779662268349,0.001477272727272727,0.03963200127877238,0.007683473389355743,0.0,0.008124098124098124,0.002832669910069291,0.04468468998583415,0.014648825350124796,0.00198095238095238,0.01095029239766082,0.0009027777777777776,0.004500992063492065,0.003714285714285715,0.0,0.015056228097299524,0.030523937563851834,0.005161616161616161,0.04311950160968655,0.004117748917748916,0.0,0.012522564581388111,0.0014625000000000005,0.0,0.012121276229790163,0.0008077485380116968,0.005756281761716546,0.0026262626262626267,0.008087496880729966,0.014350079744816587,0.0018462823725981625,0.03378924596366218,0.005221386800334169,0.016668214613669158,0.0016049382716049382,0.024635656282715107,0.03408928860359066,0.04221918070258407,0.0027887009189640766,0.035360171257072526,0.003686469032057267,0.004742822966507176,0.0,0.002932330827067669,0.13753607886535796,0.001231060606060606,0.0017105263157894735,0.009002814604377107,0.003890608875128999,0.0014186507936507936,0.013609327990455444,0.002615935262994086,0.052045162403079256,0.06689274059404463,0.03153183940242764,0.006922705314009663,0.022785340035743857,0.0032299382716049385,0.02308885850991114
0.004898078529657477,0.018555555555555558,0.0037795550968925586,0.013388337153043035,0.032957379168939774,0.01795346859831621,0.010525252525252524,0.0015798611111111113,0.0050235064786148375,0.02581299038544319,0.024553496039564155,0.01367748073888425,0.034689242532029645,0.007244946605644549,0.004550556333644569,0.0010833333333333333,0.05507961972667855,0.0035573604242334898,0.0013125000000000003,0.0,0.005938271604938272,0.021942933632783254,0.013928348674220707,0.04079066592695349,0.012212406015037593,0.018106522092267707,0.0030839826839826833,0.0143884211512888,0.0,0.035211640211640215,0.020528282942585005,0.003583754208754209,0.007039568618515987,0.0007738095238095238,0.019569821194471055,0.0016049382716049388,0.013262193362193364,0.014099715962940202,0.01319307657904149,0.017219251336898393,0.02365301059286022,0.009560436178164712,0.05367767184846648,0.032301240623841244,0.05141748955474445,0.0,0.01563099720776522,0.01,0.01388690476190476,0.07645478012222079,0.0,0.008104166666666666,0.0014325068870523416,0.02901354089232877,0.01320025960217348,0.018601739198634247,0.0016049382716049382,0.037459996793330126,0.017828794480755264,0.004081790123456791,0.007488701499118166,0.004221872082166199,0.0,0.013679038281979456
0.009715886134067953,0.0,0.011699926077497085,0.02121464375223774,0.025189312503310735,0.010782153250316147,0.00682330827067669,0.04541835751844597,0.001375661375661376,0.01105154173312068,0.0008125000000000001,0.005989927470190628,0.06780721731865896,0.017000070761957097,0.005877237851662407,0.0036385869565217386,0.004307189542483662,0.0010833333333333335,0.007132352941176471,0.003157894736842106,0.00412263993316625,0.04822099455412149,0.009732112143102855,0.028701473922902496,0.006519725239023484,0.01577070517202096,0.001529411764705883,0.00742149470899471,0.0,0.009212623033942637,0.039376452640552784,0.0012839506172839501,0.0033742034825626154,0.0014444444444444444,0.04302102203017058,0.005896781714635171,0.017710548750392605,0.027652980971105193,0.001354166666666667,0.025783477633477637,0.010694736842105264,0.01978720238095238,0.014440943505201819,0.00791830065359477,0.004935064935064935,0.0020634920634920637,0.008318541451668387,0.0,0.0038642107347989707,0.11024136911542926,0.011192239858906525,0.02262822691067529,0.006131344500909718,0.051693598990247544,0.010318261562998405,0.001805555555555556,0.0016049382716049382,0.027421600458365166,0.06981430656260378,0.0007965686274509809,0.0068796992481203,0.016455210265924555,0.015394275677692325,0.017394000875203885
0.010018055555555556,0.007076555023923446,0.02785327023564306,0.03081591262120269,0.025331731410118165,0.009039995822890562,0.0,0.03417788078487141,0.004913169392336059,0.016903301528944908,0.02229712154221958,0.0038285489634450275,0.04176479076479077,0.017278287836873883,0.0011328976034858387,0.0011328976034858387,0.007146116064154194,0.010910903544789297,0.004694444444444445,0.0034077044959397902,0.003395957120221827,0.016979126055880443,0.0075199494949494934,0.009489452619049057,0.00871905253329402,0.0023636363636363646,0.006622791877693839,0.00039682539682539623,0.0,0.04282006670823566,0.08021048220807891,0.01650692013647564,0.008277046783625732,0.004085599790155297,0.021813366750208854,0.007699703618821266,0.006462585034013606,0.01988710351441032,0.0007692307692307692,0.0,0.01015204678362573,0.019890876813245237,0.014535225498138293,0.016035429482797903,0.03614114863327486,0.008932718185313342,0.016646983961934942,0.0,0.011585888058927274,0.09681117000140478,0.0007109375,0.009716436813960033,0.0030983032943817258,0.053398992008641136,0.020578188893285845,0.021733134920634924,0.005946022727272727,0.030118120116312513,0.016821683138965312,0.01151666666666667,0.019182034632034634,0.010572271733991825,0.011783435237152686,0.01034980288411661
0.013822719677982835,0.0014772727272727272,0.004976076555023923,0.012660287081339714,0.07101292335115865,0.0015294117647058827,0.0015294117647058827,0.07608125159154572,0.0,0.024808441558441557,0.0,0.03,0.018470588235294117,0.0,0.0,0.0018571428571428567,0.0294406850459482,0.016896009787314138,0.006204353476283299,0.0,0.0,0.04320860781730347,0.01503030303030303,0.029261487050960735,0.007982133363712311,0.0048906525573192226,0.0,0.005122863978127137,0.006204353476283301,0.012354808590102706,0.01379591836734694,0.010946274804133118,0.0047460317460317454,0.0,0.043020541549953314,0.0,0.010850079744816587,0.03975239249557237,0.0014772727272727272,0.05276104585868126,0.0,0.02074281045751634,0.06756349094661789,0.006890085010038873,0.022088847660276235,0.0028888888888888888,0.03431932773109244,0.0,0.0,0.0413264221158958,0.0017105263157894735,0.017046794475365903,0.0,0.03462104334911352,0.0,0.001428571428571429,0.006284271284271285,0.02172947731281065,0.08911688311688312,0.0023636363636363633,0.0020634920634920637,0.0,0.01063121005978149,0.0050128787878787875
0.01092857142857143,0.0007878787878787878,0.00365625,0.04689175880580088,0.007180050505050506,0.0054248120300751865,0.01,0.014386363636363635,0.0,0.008522727272727272,0.018121952608794713,0.0008511904761904773,0.10089203006577593,0.013163705833210478,0.0,0.0017105263157894746,0.0014444444444444444,0.016209235209235208,0.0050319535221496,0.0,0.004889579020013804,0.014970921979133299,0.0029549745824255635,0.034444522765246455,0.00304607843137255,0.0874998588765811,0.0038302054154995325,0.01467436974789916,0.0,0.029308702401747516,0.024860877886233545,0.0,0.014472447741853306,0.0,0.0,0.011402562885306899,0.023675151756381643,0.02771537675504086,0.0,0.03481173226866504,0.06945476490259403,0.0190682154754095,0.03515852832361015,0.011630796977499296,0.018098777274510723,0.0,0.017415988821157757,0.007170083184789067,0.006060606060606061,0.05259338797819765,0.007111111111111112,0.0061764705882352946,0.0,0.03159616234851198,0.012507586494193637,0.012154856168942858,0.005597222222222222,0.028714704585537917,0.016577565124933545,0.016265426204151695,0.005939169000933708,0.007786613272311216,0.007124183006535948,0.008036967418546368
0.0,0.015634439359267734,0.0014661654135338345,0.03315672740178082,0.04297432600986523,0.0,0.0,0.004645873944119559,0.0011328976034858387,0.009560197563874035,0.00409967320261438,0.010530545112781954,0.06415675763482781,0.0,0.0,0.011650276565025073,0.0,0.01691013071895425,0.006397675586272078,0.0014772727272727272,0.01,0.021563662945241893,0.0245294323338054,0.04078420861521996,0.0028888888888888888,0.04915179101943808,0.04375220458553792,0.001428571428571428,0.0,0.041107333842627956,0.09045194102805042,0.0,0.0014772727272727272,0.0,0.017936507936507938,0.0006797385620915038,0.01566077097505669,0.03428803440568146,0.01,0.007173913043478261,0.060142475171886936,0.01689008501003887,0.03036815635345047,0.023598769651401234,0.0,0.0049350649350649355,0.011675617615467239,0.0012037037037037038,0.005894736842105263,0.05364645357118107,0.00046648724849416933,0.026576584062652175,0.0,0.045077433414443216,0.00624602269347259,0.005357142857142858,0.0030822109988776656,0.03,0.002780748663101605,0.0,0.008571428571428572,0.0026666666666666666,0.009019078742608154,0.015133902045666751
0.011120636806911315,0.01,0.002708333333333334,0.02770950475706852,0.0012896825396825407,0.0059940476190476185,0.011539473684210527,0.022628731041530945,0.003129177109440268,0.020999579124579122,0.00973391812865497,0.00406766917293233,0.09488190792886356,0.014626768251160114,0.0033355263157894732,0.0020634920634920637,0.020093414363796202,0.004339363017934447,0.0,0.0,0.006536480585500194,0.010829801777170198,0.021615239322736002,0.02,0.002458994708994709,0.028124098124098128,0.012872807017543859,0.010898374501315679,0.001986111111111111,0.007219251336898395,0.031381273047939716,0.01874857598541809,0.0029404761904761895,0.018205978605662025,0.034853022437044995,0.016716566336679596,0.01892977765268787,0.03145238666084899,0.003165511818762593,0.04084504710975299,0.017938854489164085,0.025813283208020045,0.03478288944901499,0.005148589065255731,0.028341630591630595,0.0,0.002914230019493177,0.0,0.006750000000000001,0.02078899044998116,0.007861645349261448,0.0438032095613365,0.0038598641210870325,0.011306890414441904,0.0028235449735449737,0.011149734304496211,0.008839390638410247,0.018617543077837195,0.06942826701830829,0.03374698275254775,0.0,0.03159901648265554,0.0,0.0044444444444444444
0.007394255050505052,0.001926237161531279,0.006548655368580182,0.05607278613199665,0.030218306120330416,0.015557164847154527,0.0014444444444444444,0.010539733171312116,0.0048086734693877555,0.007865720849743406,0.009263392857142855,0.010436974789915968,0.035102725619753486,0.020557806026450985,0.003066666666666668,0.013988271604938273,0.017253805016264494,0.00429029793735676,0.004418859649122807,0.014973100827753764,0.015328641840508129,0.028139822595704952,0.013641665438105067,0.025567638586110247,0.0015798611111111113,0.05438858837251047,0.0,0.005527986633249791,0.010922543213191709,0.00951055502610401,0.02519773945596314,0.0015294117647058827,0.007904074158460124,0.011808164432821186,0.028624907238045675,0.008351815541031227,0.04535739739974938,0.025102890011223344,0.01231154162887909,0.00876780527025625,0.026338678600497923,0.008055973266499584,0.056629470437829565,0.017892021720969088,0.0018571428571428576,0.0061764705882352946,0.022055843165225318,0.002101010101010101,0.0011328976034858387,0.040786392545233585,0.006570963393331814,0.019094042158773836,0.004914548041438798,0.024085566448801745,0.0028888888888888888,0.016445028011204482,0.011383358694354934,0.03703161772772196,0.04281717421374008,0.007407569509285197,0.001354166666666667,0.006213565136199404,0.012265665154950868,0.009211017740429504
0.029649711399711398,0.004037127814088599,0.0064507936507936505,0.03157659294654681,0.0010505050505050504,0.005027499303815094,0.006304720133667502,0.005292398777692896,0.0030409356725146198,0.0054920116194626,0.025018140589569162,0.0179749373433584,0.040523932441242486,0.01672524221809936,0.0,0.015534066151713212,0.021275451107640276,0.010469736060293338,0.001354166666666667,0.0,0.016533321710437726,0.020341547074261213,0.007143939393939393,0.024636059575345294,0.006933333333333331,0.05018352699931647,0.00540407647907648,0.008984884348919437,0.0014444444444444444,0.006285714285714287,0.026442889631486124,0.020009080571799873,0.0028888888888888888,0.004705882352941177,0.015506172839506173,0.01668535930897257,0.0012513368983957218,0.037041501815767645,0.0,0.013089473684210522,0.013670588235294115,0.006060606060606061,0.05574618988921104,0.0036111111111111105,0.03610318256882784,0.030278900112233446,0.01741327160493827,0.0,0.007144274376417233,0.06491741854636592,0.028874074654228164,0.02607321169208424,0.0031497587924058505,0.0,0.0032500000000000003,0.023275593001244443,0.009129843324889765,0.023862338664422,0.009617784992784994,0.008289473684210525,0.012973856209150324,0.026441836535521842,0.009374041163514847,0.0484332421964001
0.0,0.028289473684210528,0.011710526315789473,0.08053343896481152,0.016959064327485382,0.0,0.0,0.01318479938271605,0.0016049382716049382,0.02147727272727273,0.01,0.006060606060606061,0.062063492063492064,0.01418158567774936,0.0005015432098765437,0.014666666666666668,0.03280718651096803,0.008284633151506217,0.0,0.0,0.005247941281775867,0.02361111111111111,0.0031877990430622003,0.02168198695391678,0.0,0.03620779220779221,0.0012037037037037038,0.004472222222222222,0.0030409356725146198,0.0,0.03829960604434934,0.01,0.0013032581453634084,0.0,0.05313587463971095,0.0,0.0063888888888888875,0.045183516149681566,0.013049382716049383,0.020379870129870126,0.03145415622389307,0.012063492063492063,0.06231370091896408,0.0032500000000000003,0.01962012987012987,0.0,0.018669590643274857,0.0020634920634920637,0.0,0.04353741496598639,0.01464506172839506,0.051737334646777364,0.0035929038281979466,0.008522727272727272,0.0008125000000000001,0.01,0.002760472370766489,0.0486830734243015,0.04026406926406926,0.0030409356725146198,0.006959064327485382,0.0,0.005813492063492064,0.0014772727272727272
0.000543024227234754,0.016606354851308715,0.0016049382716049388,0.035461015382584005,0.0014444444444444448,0.0029026429973434166,0.0690569209652672,0.016861093241124205,0.0,0.02411263899499194,0.04043882433356117,0.009853383458646617,0.017721397969075986,0.0038413156331112987,0.0014118307255562162,0.012879448075526507,0.04414001122334455,0.0016049382716049382,0.014814814814814815,0.0,0.0,0.029818885448916407,0.007830656185919342,0.008470588235294117,0.003568627450980393,0.04149844518704168,0.006462585034013606,0.008447566107782826,0.0017105263157894735,0.017504324536832275,0.05461214856312895,0.009478395061728394,0.0,0.015674603174603178,0.014572510822510822,0.0023636363636363646,0.027636363636363636,0.056903814572080824,0.004044981983578474,0.009185729847494554,0.03384434239760055,0.009541446208112874,0.0432627705024948,0.009092063492063492,0.0016049382716049382,0.008352148940384234,0.009999999999999998,0.00619047619047619,0.011354166666666667,0.030258557614078772,0.0014444444444444444,0.020832576651075106,0.0018571428571428576,0.04084528691859519,0.005199999999999999,0.0014772727272727272,0.0,0.0166984126984127,0.03899409198377207,0.0076363636363636364,0.021710526315789472,0.0017105263157894746,0.011616161616161615,0.031392857142857146
0.02022263993316625,0.014328022875816996,0.0032500000000000003,0.05185714285714286,0.018323971693940733,0.0,0.008289473684210525,0.02517863441672966,0.0,0.033041852750315084,0.005357142857142857,0.008395061728395062,0.015873015873015872,0.0,0.0,0.008395061728395062,0.040003787878787875,0.018824189608503333,0.012888888888888887,0.001238095238095238,0.010287414965986395,0.07556239181832577,0.0,0.01962012987012987,0.0,0.02344523295761686,0.0,0.0026666666666666666,0.0,0.007991996798719488,0.034605442176870754,0.0,0.0006797385620915038,0.0016049382716049382,0.029320784941656974,0.0013032581453634084,0.03178169592752926,0.05330158730158731,0.014393164380376655,0.020327380952380947,0.046644756387403445,0.0015993848519800084,0.045600907029478464,0.01,0.012030663780663779,0.005212484993997599,0.014637891520244462,0.0011818181818181819,0.0,0.06100595238095238,0.011710526315789473,0.0016049382716049388,0.0,0.030664902998236335,0.0,0.004366161616161616,0.0,0.07611505846357682,0.03897920727745288,0.0,0.0,0.0028260869565217388,0.004637891520244461,0.01882256170442033
0.0,0.01,0.008259009532666823,0.06406326422115895,0.0020634920634920637,0.0023636363636363646,0.01607936507936508,0.016041500407804762,0.0,0.0,0.007824769433465084,0.004694444444444445,0.049312391942422894,0.0036111111111111127,0.0,0.0,0.0,0.023603174603174605,0.011604938271604939,0.0,0.0016049382716049382,0.03118543439920252,0.0017333333333333328,0.02337008079780773,0.004333333333333333,0.08885210157844428,0.018508234519104085,0.0016049382716049382,0.004333333333333333,0.020888198757763977,0.09242788129744652,0.007541752933057283,0.0,0.011604938271604939,0.04814285714285714,0.0018571428571428576,0.0,0.07091511185370834,0.0,0.008455246913580246,0.010252204585537918,0.01,0.024536613272311217,0.04372455648926238,0.03228658768132452,0.0,0.0003249999999999998,0.0,0.0,0.06025220458553792,0.02010814022578728,0.01856400259909032,0.0,0.0,0.006714891975308641,0.023225869247393848,0.0017105263157894735,0.030516128780060665,0.03764001122334456,0.0,0.01,0.0014772727272727272,0.001428571428571428,0.01035746352413019
0.02117233560090703,0.002334455667789001,0.003781818181818183,0.0,0.011302031302031302,0.0038534356725146196,0.008926046176046176,0.03690044239386345,0.002085459861775652,0.0013541666666666665,0.007762987012987012,0.02407102272727273,0.039746136895303937,0.02195849937529504,0.0,0.02575914372483,0.006128826969384244,0.00790702947845805,0.01689132130249346,0.003103383458646618,0.007393384842777554,0.05907884673805726,0.0022698412698412703,0.040182565835267824,0.0,0.008716049382716052,0.0017052469135802476,0.010642743221690591,0.0,0.03374698319873758,0.040394017451034984,0.003234126984126984,0.0025773420479302833,0.0,0.01370906432748538,0.012352896613190731,0.0,0.03322317650124023,0.007099414149852747,0.0,0.01797904118585233,0.04478483650852071,0.008521836007130124,0.0030409356725146198,0.03054839313854659,0.007111111111111112,0.01751849336225719,0.005915098699412425,0.001477272727272727,0.11442440616154313,0.008301136363636365,0.014488057528079459,0.005168911862990811,0.03931372639705973,0.012173275540058306,0.01161909113060429,0.002914230019493177,0.05303499825767628,0.0190163139329806,0.036204425077225634,0.0,0.017031938369889865,0.0,0.008048229000531633
0.019186787069900423,0.016375748398774714,0.0,0.022511363636363635,0.027864316403101625,0.011389837396772644,0.003759959846916369,0.04047244918922734,0.004324382951833933,0.013252026545072506,0.020630825750779618,0.002454716336295284,0.025366522366522367,0.009121063576945929,0.001238095238095238,0.01258434857196467,0.018302847570004433,0.0053571428571428555,0.00498533950617284,0.0,0.010001004423296567,0.020520062059911685,0.012436224489795915,0.04699536028914658,0.0033553761373830582,0.011930078009464653,0.009893790849673203,0.006734211866564809,0.0,0.02131602716478188,0.07252337296938496,0.004442804621848741,0.005373677248677249,0.0023380209783718554,0.03366379274773883,0.010446835839598996,0.0026773809523809524,0.005477272727272727,0.002922268907563026,0.004935064935064936,0.01257639419404125,0.009253132630538993,0.004950181966726085,0.018704897660818717,0.033832070707070706,0.013922077922077922,0.0074077731567243395,0.0,0.01,0.08906221779647532,0.0,0.017930859903770125,0.00499653630515387,0.023903668804044743,0.004898171354311705,0.04557985409652076,0.0,0.06944289723124522,0.006827490699837248,0.023751962316913296,0.011772727272727273,0.014936896436896439,0.024953425477935283,0.004136363636363635
0.0061764705882352946,0.0018462823725981625,0.009253914113053903,0.010109300595238095,0.00285923141186299,0.006506335282651074,0.0,0.025926751171849213,0.0037142857142857142,0.006149920255183413,0.02255676154034181,0.005286029411764707,0.0273547090867665,0.004231738437001594,0.01114729562024615,0.001083333333333333,0.02548251563251563,0.0,0.008338935574229694,0.0023582766439909295,0.004482893157262906,0.0272333138368984,0.024071801680630337,0.014094611963937624,0.0076485260770975064,0.02055631555741205,0.0016049382716049382,0.0014444444444444444,0.0,0.028380257824820516,0.04032466736694678,0.02133015359253749,0.012778987964138342,0.004572510822510823,0.008055507817161953,0.013567715858273138,0.01913303636346883,0.005338935574229692,0.0016049382716049382,0.000962962962962963,0.0866579261175718,0.02554140641241917,0.014686924223499249,0.022489175380297044,0.025841526374859713,0.016748183590288856,0.03142001908592298,0.0,0.002639097744360902,0.08095908965892894,0.004428571428571429,0.018604126055880445,0.00655033481536659,0.0488892992160536,0.009193707912457914,0.06252712931132048,0.0024046717171717176,0.03888344574704631,0.008338345864661655,0.017785992945822667,0.008289473684210525,0.007049633764546048,0.009533407382091592,0.01296990537355852
0.0035129481085363432,0.018025911799355962,0.003576719576719577,0.021664853278450885,0.03392704596458466,0.009095089550971902,0.0075954826374994445,0.0014444444444444448,0.003272146063812732,0.010344659749421654,0.00891762563611303,0.003120062059911684,0.10341862089865186,0.023427779474188407,0.004460784313725491,0.00453030303030303,0.013485591206179443,0.001083333333333333,0.0016250000000000001,0.006540003206669875,0.004152777777777779,0.05293672324148514,0.0,0.0879312951417293,0.0031877990430622003,0.017675046830326332,0.002400885792913657,0.0050668267306922775,0.014018588137009187,0.015316770186335404,0.03391809316319121,0.005660770975056691,0.005229076479076479,0.0,0.039752333320916156,0.016146868747499,0.0030409356725146198,0.0048162477954144635,0.0069970760233918124,0.020014478865535538,0.025398809523809525,0.021698863636363638,0.005058027011974381,0.005284060846560846,0.04931577979410797,0.0056312636165577355,0.0012037037037037036,0.0036949404761904762,0.003862179487179488,0.07056159288099433,0.009168871252204586,0.020292038461672098,0.002351772107035266,0.0010833333333333333,0.029406750809485592,0.027033696175000524,0.00198095238095238,0.035419429236341,0.02473113015940028,0.0037511140819964355,0.0,0.018970851498494135,0.0029404761904761904,0.00982936507936508
0.004570347437220502,0.008640522875816995,0.02046431642832571,0.014990990467333177,0.023563799762329172,0.0015294117647058827,0.008142857142857144,0.057714449815013724,0.001604938271604939,0.006464950254423939,0.006667789001122334,0.0,0.07425831736203253,0.0,0.0076363636363636364,0.0,0.002888888888888888,0.02953991596638655,0.0015294117647058827,0.0020634920634920637,0.0,0.036865649963689184,0.005787433155080215,0.032573370257193784,0.0020634920634920637,0.032224623182606375,0.0014444444444444444,0.002780748663101605,0.01409894867037724,0.014392857142857143,0.0681169649678053,0.0,0.0016049382716049382,0.0030409356725146198,0.01320906432748538,0.005223893065998329,0.00742063492063492,0.0028888888888888888,0.015873015873015876,0.019747795414462085,0.01282755183413078,0.011137254901960785,0.050768036401163334,0.022614026950493114,0.024350079744816587,0.0,0.017705882352941175,0.0004126984126984131,0.006959064327485382,0.11989204772818221,0.026783645276292335,0.010506493506493509,0.0,0.016943247669438145,0.0037500000000000007,0.00857142857142857,0.0020634920634920637,0.0662264172016494,0.032419437340153456,0.009204081632653061,0.001428571428571429,0.0014444444444444444,0.0,0.002363636363636365
0.03545403380207302,0.0,0.001184883380961814,0.03032463524130191,0.011083333333333334,0.0039393939393939405,0.01950233426704015,0.05604174125790666,0.0007878787878787878,0.010773809523809524,0.0036984126984126986,0.011447235641438538,0.04247745733270532,0.011764379506897566,0.004184058028669558,0.0,0.0,0.004583333333333333,0.0,0.012541353383458647,0.00739719669544231,0.05,0.02,0.021154469507101082,0.0,0.01587301587301587,0.011274509803921568,0.0,0.0010833333333333333,0.0,0.009693440421207981,0.0030335097001763663,0.0043555123029604004,0.0,0.017291666666666664,0.008628956650886479,0.011741071428571427,0.09943360522367345,0.0,0.016303362573099417,0.04847581917757356,0.0,0.040527097053913656,0.0011328976034858387,0.0,0.0,0.06318719806763286,0.015253968253968252,0.0,0.02315339554716717,0.0016049382716049382,0.01294476793487478,0.0038690476190476196,0.03306878306878307,0.0032098765432098776,0.00395001485442662,0.00393939393939394,0.037203363326546286,0.06251169590643274,0.008282210998877666,0.0,0.01635219845513963,0.013985524634599917,0.05029588510465044
0.030317275214179245,0.0,0.003421052631578947,0.02088496655085922,0.014305717300770722,0.0033424551638837354,0.004105263157894737,0.00603301127214171,0.0030534670008354214,0.034006210378888395,0.014060480859010273,0.0,0.049932247918601826,0.011754201202011906,0.0012037037037037038,0.005344128787878788,0.017636999813775926,0.0,0.021190859326050245,0.0,0.012659090909090912,0.031699576144860554,0.00881620718462824,0.07532793549636763,0.001274509803921569,0.031003584847787743,0.0042651159147869665,0.0,0.016472723698729888,0.003301587301587301,0.03416400908119658,0.0031601842491382516,0.010623994627090603,0.0,0.016245395127748072,0.012655721464556052,0.010809122975789641,0.03193979591836735,0.0070078977896315345,0.028973564425770308,0.015108585858585861,0.0024949494949494957,0.05028385357332725,0.0020634920634920637,0.002666666666666667,0.007190104166666667,0.0038650781861566176,0.0018055555555555555,0.0066367424242424235,0.09188699260482895,0.007328320802005013,0.006598903508771928,0.00940501632870054,0.06917600973542458,0.011741626794258372,0.024668128303953162,0.0026666666666666666,0.07400720932977124,0.0008563899868247703,0.003757977708184106,0.0,0.0030409356725146198,0.017978829528887578,0.0037799077964519147
0.008470588235294117,0.041364785627169526,0.00960725677830941,0.0035454545454545448,0.017765948963317388,0.0,0.0018571428571428576,0.01,0.0,0.022220475431001748,0.001477272727272727,0.0015294117647058827,0.11236499517974372,0.0,0.003537414965986394,0.028142857142857147,0.006647727272727273,0.009853383458646617,0.0018571428571428576,0.008289473684210525,0.0,0.0,0.03404011717127043,0.015929761904761905,0.0020634920634920637,0.0588966049382716,0.0,0.0030588235294117653,0.015463386727688789,0.03875402072007717,0.01581752701080432,0.013590272472625415,0.002666666666666667,0.0017105263157894735,0.028142857142857147,0.0,0.005473985890652558,0.039578337353459905,0.0,0.029853383458646618,0.006750000000000001,0.012653061224489797,0.0034314755690287814,0.058149895240747373,0.018470588235294117,0.0,0.04003820367416859,0.0017052469135802476,0.005023923444976077,0.034950570436507934,0.0,0.09324035178526024,0.0015294117647058827,0.03710853703522877,0.0,0.008142857142857144,0.0015798611111111113,0.05566581647721999,0.0,0.0032098765432098768,0.018015169704245337,0.0035676691729323307,0.0031963896669779026,0.0
0.01440277777777778,0.0053571428571428555,0.008354797979797981,0.0549287655157092,0.007762987012987014,0.003116269509753219,0.0,0.003675595238095238,0.0,0.004805764411027569,0.012822820941241994,0.02574422601914962,0.08548869377628776,0.008309244218686944,0.0023109684719591845,0.021948187922280767,0.012871572871572872,0.01224734742381801,0.012112745098039217,0.00334640522875817,0.008595395593887922,0.0023636363636363646,0.0021103412125083954,0.02300477150367501,0.003072853383777756,0.025118798680202187,0.004344860952421906,0.00939175210754158,0.0,0.05695759150550171,0.019473761499433695,0.0029919117647058836,0.004151260504201681,0.009728913787737319,0.01695906432748538,0.003915476190476191,0.011903351373603092,0.010284511784511785,0.011181818181818182,0.030305332341269843,0.041543154894533585,0.03461079213184476,0.060828756382935945,0.0,0.037644913587444546,0.007871203983985938,0.0,0.0035454545454545448,0.0016507936507936505,0.08340818632294815,0.00621920456779203,0.017965053006848673,0.01244067974079584,0.0,0.0,0.010870175657675658,0.0014444444444444444,0.0352403134743176,0.009228673287496818,0.03943929879068852,0.0014444444444444444,0.010762281786717877,0.01024280490433088,0.018137655062024808
0.001477272727272727,0.0010833333333333335,0.007115098351940458,0.04054311114187974,0.0018571428571428576,0.0014444444444444448,0.01,0.045930289181063164,0.0,0.01,0.0,0.0030409356725146198,0.0076363636363636364,0.009689696903655712,0.004185606060606061,0.021345504910601863,0.027105927698032967,0.0014772727272727272,0.006249999999999999,0.00040123456790123454,0.0033359788359788355,0.017333333333333333,0.014624999999999999,0.026769092042275,0.0,0.025153948362970916,0.0016049382716049382,0.0,0.0,0.010458553791887126,0.12014044258497304,0.0014444444444444444,0.002780748663101605,0.007219251336898395,0.022122424482258277,0.0,0.009766746411483253,0.06178078874647503,0.0,0.037159812409812414,0.023293616310160425,0.04108343640486498,0.04531052315707428,0.0,0.0014444444444444448,0.015478604637523605,0.0295929496200394,0.0018571428571428576,0.0012037037037037038,0.10349206349206348,0.008424242424242424,0.0020634920634920637,0.002780748663101605,0.007836537513556148,0.0,0.004237745098039216,0.0,0.03701290213054919,0.07886754920823548,0.0016250000000000004,0.0,0.0,0.0,0.03211656034024455
0.0,0.0016816102756892237,0.00777092352092352,0.041365241110294534,0.005433809887591401,0.014973871144567665,0.028126025368059686,0.05258568717342009,0.0015993848519800084,0.0018759018759018755,0.0014444444444444444,0.010140085010038873,0.012240183792815369,0.022301998475598307,0.0,0.0002256944444444444,0.0011607142857142858,0.007916828411881835,0.0026666666666666666,0.005608836907082521,0.0009801587301587306,0.04585623538135793,0.0026127450980392166,0.051850839548444244,0.0032757936507936515,0.027612467989144976,0.002723053548904943,0.005263253449527961,0.0018571428571428576,0.010464330808080808,0.04027436023990069,0.0039828431372549026,0.004931139122315593,0.0029547819127651066,0.06426882480264834,0.010135245521210434,0.0008125000000000001,0.07406987016635931,0.01,0.024037593984962403,0.055953537463186584,0.04054207516339869,0.032827884104199886,0.004039253979103603,0.008984126984126985,0.0015294117647058827,0.018813367097680823,0.0,0.0,0.0734070945213102,0.006393137254901962,0.007346938775510204,0.0,0.008413365346138457,0.010581976455299468,0.018442460317460312,0.0037500000000000007,0.01637950937950938,0.041845426399955386,0.004834821428571428,0.008395061728395062,0.022395917874504043,0.004875000000000002,0.003168546365914787
0.012665831244778613,0.009885271891850839,0.007361400462962963,0.031642648287385125,0.009786245390412056,0.005103456516786036,0.006440476190476188,0.02070005683432793,0.001848273103707887,0.007795210744230352,0.029495788025797262,0.0,0.05051845048226626,0.03648740620416909,0.0020764731818653397,0.004953044694751905,0.011596200096200096,0.010594813221731378,0.004260381593714927,0.0,0.0015757575757575758,0.07407860802516535,0.009218045112781957,0.06201993779291658,0.007912023395216674,0.01314160401002506,0.007346938775510204,0.006619404832640126,0.02340844671201814,0.02287279040404041,0.0476607997265892,0.0017105263157894735,0.00420512998587865,0.0010747354497354497,0.01630417710944027,0.0,0.00893344671201814,0.03064683070197776,0.002728609625668449,0.0,0.014233313836898395,0.004844240726593669,0.014537269098672607,0.004408667170571933,0.030461966441359675,0.004935064935064936,0.0,0.0,0.006095238095238095,0.10985642908715124,0.0,0.011323173128900682,0.0,0.05640458990613789,0.016830943098486963,0.01678917614892847,0.005821219715956558,0.030206491111418873,0.005112874779541445,0.013391186299081039,0.0,0.009293121120502075,0.01090280167163284,0.02988299319727891
0.028309858798166217,0.007219251336898396,0.006429261559696344,0.012421564327485382,0.007096786042240587,0.0055063643104300555,0.009813735177865615,0.023453393478603566,0.003667112299465239,0.020775210600952915,0.03929054280885609,0.004605263157894736,0.059890376284888046,0.025431380310930177,0.007227082858661807,0.011111535523300232,0.01644104823747681,0.02705208760497416,0.017567496755480506,0.0015234375,0.012037536186295024,0.006136111111111112,0.008518939393939393,0.035931848337421086,0.0,0.017916444249151012,0.004188919150300933,0.0011328976034858387,0.004,0.017210850352491217,0.033811956478170244,0.0,0.004222556390977444,0.0012999999999999997,0.0014181818181818184,0.005049851190476189,0.005293928763131659,0.02929452092833913,0.010445526695526697,0.0031186024271204348,0.026931452447406398,0.01572848115842967,0.050067206278687326,0.005238160761380577,0.03634077759111411,0.002382330246913581,0.017412770956335755,0.006805177795023734,0.0010833333333333333,0.06772391518010713,0.01151388888888889,0.00886400462962963,0.003662698412698413,0.04592018128812004,0.013202256471492741,0.012814416590222834,0.013750035766702433,0.013907924892445016,0.01675,0.041206333978918215,0.008916666666666668,0.011380477365771486,0.019917382980128077,0.012618666269197838
0.006049382716049383,0.01588888888888889,0.01403282828282828,0.026953216374269003,0.01749748571455873,0.0014625000000000005,0.013044466403162053,0.10351259877511168,0.0021666666666666666,0.019754538852578066,0.007291666666666666,0.004677012910427329,0.04997937034108344,0.004418859649122807,0.0,0.009739812990586984,0.030379870129870132,0.006703634085213032,0.010374269005847954,0.0,0.006249999999999999,0.019182940516273853,0.007394642857142858,0.06249439775910364,0.0030409356725146198,0.03577922077922078,0.0011328976034858389,0.002157287157287158,0.0,0.0015294117647058827,0.03498742093328559,0.0,0.0,0.0017105263157894746,0.04654870018182712,0.0,0.018129830046496712,0.034258924650229006,0.0028606516290726803,0.02423012075643655,0.026954807473228523,0.011294903926482873,0.049940267335004174,0.0,0.002217019822282981,0.0,0.006457671957671957,0.0,0.0017105263157894735,0.08527182539682539,0.008470588235294117,0.0112279126465401,0.0015105301379811184,0.03301143790849673,0.0,0.0026666666666666666,0.0010505050505050504,0.05570109645165256,0.04389391061891708,0.007219251336898395,0.0015993848519800084,0.0017105263157894735,0.0,0.0024761904761904764
0.012273915626856802,0.009160258042610985,0.005535541752933059,0.04517871748236332,0.014112361633249793,0.009636912730940113,0.014184210526315785,0.031110415751720098,0.0003639657444005276,0.007822388214545077,0.02287670453614726,0.007160830114874233,0.016569674334380217,0.008101158894930523,0.0029090583601861803,0.031509619958521196,0.02325762099098012,0.0,0.0027189542483660126,0.0,0.008441490115137902,0.021076367289339978,0.004871059525174593,0.03371859248515367,0.009874815630351964,0.017730800064133398,0.011919027499357002,0.005168937271878448,0.0031195144724556496,0.018971103693330164,0.03209580368158188,0.0028888888888888888,0.011182256804588803,0.003446969696969697,0.01559405193236715,0.005461447310405645,0.03167854698066095,0.013108972545247058,0.002659090909090909,0.025726181339539186,0.030949884583463007,0.008435393703822127,0.032318009303094745,0.001470707070707071,0.011555123417095373,0.008468081225047169,0.01121875,0.0031438836898395723,0.0,0.05786809256536677,0.0021542090520418693,0.05653609164957849,0.010702697112386108,0.023007031684727758,0.018226524235425166,0.011572302658437112,0.009131809163059163,0.037826443191909934,0.021852646502826666,0.024538650392817062,0.0,0.033940753148127056,0.012503649675358356,0.029363038894895194
0.0,0.004645873944119558,0.007025077160493827,0.023908089689388765,0.051990477667232055,0.005822548963764136,0.024098948670377242,0.015145061728395061,0.00514935064935065,0.0015294117647058827,0.008914650894914056,0.0,0.05665487917516358,0.017922430439037216,0.0,0.009723482976078134,0.025731677182657578,0.004152777777777778,0.0051037037037037014,0.0013032581453634084,0.008020247933884297,0.10044589676534939,0.0016993464052287586,0.019257457916045172,0.011826768207282914,0.00935506035620452,0.0,0.0,0.007059523809523809,0.007936507936507936,0.01906519250443399,0.0032306547619047623,0.00366454294135955,0.0,0.01621163761801017,0.01846921705323423,0.0168869950111406,0.047702855468903474,0.01480638551716983,0.011604938271604939,0.026117676237161533,0.003277405753968254,0.048501190476190476,0.024012698719838816,0.002947140578719526,0.00841436925647452,0.015741926610594995,0.0023346702317290553,0.0014772727272727272,0.06716003558299095,0.0027914160401002496,0.009290935672514619,0.004841674447556802,0.0,0.008824189608503334,0.0016765873015873018,0.0,0.09214253534088206,0.019608775727196773,0.006851183092411165,0.014510918003565059,0.013317973897056468,0.004590258325552443,0.035504237357821905
0.01,0.04,0.0017105263157894735,0.08,0.030160493827160493,0.0,0.011857142857142858,0.0015294117647058827,0.0,0.0930493827160494,0.028289473684210528,0.0,0.03882163742690058,0.0,0.0,0.04668453541260559,0.09297385620915032,0.0,0.0,0.0,0.01,0.01,0.0,0.0,0.0,0.01,0.01,0.0,0.0,0.0017105263157894735,0.02,0.0,0.0,0.0,0.01973391812865497,0.0,0.02,0.02,0.01,0.07,0.018470588235294117,0.01,0.06,0.02,0.0,0.0,0.058395061728395065,0.0,0.0,0.01,0.0,0.01,0.0,0.018289473684210526,0.0,0.0,0.0,0.04171052631578947,0.058470588235294114,0.0,0.018142857142857145,0.0,0.0,0.0
0.01390050505050505,0.0064219274547727264,0.014133846341566931,0.03957631499879768,0.0061764705882352946,0.02443176689058537,0.012441644707949057,0.01569287106738286,0.0,0.015703179756751187,0.008787084398976984,0.0,0.07531665116986395,0.03887773710004441,0.0020462962962962974,0.015730727506797028,0.01674122421695951,0.01572268907563025,0.00807067452180234,0.0019696969696969702,0.012862727058478584,0.015339237421617285,0.017065296932169998,0.030845382276714517,0.0016507936507936505,0.060078610339343586,0.0016049382716049382,0.002680976430976431,0.0,0.009679012345679014,0.024368838763575606,0.0032499999999999994,0.014408529913342747,0.003972222222222222,0.007996240601503758,0.01012666906375788,0.028936587471819365,0.03977112955939066,0.006577109440267335,0.029789035818432407,0.01473702443940539,0.0010317460317460316,0.05891608674188765,0.0,0.015382775119617225,0.0066713575382306035,0.011527117474670182,0.0014772727272727272,0.0045833333333333325,0.05016645999530416,0.008194444444444447,0.027615800865800864,0.0,0.008438735177865616,0.0012037037037037036,0.03645798431015149,0.010002715121136175,0.022124388513986834,0.007787490922294847,0.009365079365079364,0.01600328683662017,0.02503439707222602,0.007825821237585942,0.002708333333333334
0.002553571428571428,0.0009027777777777777,0.009083537581699348,0.024424886621315197,0.0012380952380952382,0.013032668846379596,0.04233304642076573,0.017120329471501522,0.002888888888888889,0.014426143790849675,0.018767876691527532,0.00315135059871902,0.06607470889449094,0.009807802568014239,0.0019499999999999995,0.002389146886824906,0.010150860344137655,0.0,0.0038235294117647065,0.0010505050505050506,0.008935086775114667,0.021877715121136176,0.012541531385281385,0.021663765687513225,0.0,0.009150484436198723,0.014365594722737582,0.010080854989523724,0.004359126984126985,0.03782893521044782,0.02696459447681253,0.010367928426137813,0.012677204876567065,0.005996172248803828,0.004176498724489797,0.010323377063651662,0.027204901873646548,0.038295934416651654,0.010818124685771745,0.0198452380952381,0.026060997400909683,0.0016049382716049384,0.04613167713922358,0.0,0.022263478485493086,0.004579545454545456,0.0015294117647058829,0.0,0.014928030303030304,0.07822215712622588,0.0014772727272727275,0.027131437568279678,0.010000000000000002,0.021056715863733404,0.006799406716434583,0.02481603323147441,0.0028086419753086418,0.04033212786266377,0.015567016527026849,0.009195946863593926,0.009207936507936509,0.016318980616750113,0.058013469630276364,0.00931198125183088
0.01694204533665318,0.011115560640732264,0.008703324808184143,0.07822721495075081,0.007876450261125186,0.00835735171261487,0.0,0.023263697442086187,0.005512189564821144,0.011604938271604939,0.00453781512605042,0.017656505046699134,0.013565516273849608,0.037828962992948134,0.0022569444444444442,0.005221386800334169,0.010509099493066765,0.005715017825311943,0.016089285714285712,0.0,0.017533176827349763,0.026414141414141414,0.008720036860789912,0.030790555935292785,0.0007738095238095238,0.03413297737096364,0.0022341568206229855,0.009428694666272308,0.004285914702581369,0.026468137254901963,0.02928532216575695,0.0,0.012643939207793697,0.0020054186391905687,0.012395482637499445,0.004727272727272728,0.007936507936507936,0.03401216412490922,0.009754972696149167,0.020241066821465425,0.02888306960210985,0.0,0.03889046633146012,0.0059105339105339095,0.01884136198338985,0.005888888888888889,0.03685558804418453,0.0,0.002669642857142858,0.05592209118495884,0.0015798611111111113,0.027372929833090257,0.0048431372549019615,0.01156140350877193,0.044295722245127005,0.02420739866194412,0.002879448075526507,0.01686564996368918,0.02278941387343987,0.006575344952795934,0.008201757619021754,0.009739838864838866,0.014375960232577882,0.03208343596166094
0.0030335097001763663,0.013934143312207038,0.015290100762527232,0.02169191329730545,0.022323232323232328,0.008317412467066448,0.009458333333333332,0.02167491912589952,0.0,0.01864695507832763,0.01524404761904762,0.0015105301379811184,0.01846369395711501,0.024219527406922365,0.0,0.012368345879604092,0.005338935574229693,0.010106829573934837,0.006682330827067668,0.0024352240896358545,0.007496096152442902,0.06913194787125501,0.0,0.026878720960600004,0.004168793443303247,0.004105263157894737,0.007799703927154908,0.0054397233201581045,0.03748474925589587,0.0018055555555555555,0.04813067417499778,0.006336473711473711,0.0,0.01041310952820648,0.019424850003797373,0.02044725874539539,0.014178749931345087,0.012488888888888891,0.009220116604146534,0.0037848347871844113,0.05316722714894572,0.0026021241830065365,0.0265508328375653,0.00496384297520661,0.010993055555555555,0.015720794593029323,0.0,0.0,0.0013034759358288763,0.07170016975890404,0.007936507936507936,0.0,0.004230045009456774,0.06509295898050874,0.013880217428101844,0.012784151034151037,0.003143033202841815,0.06443123886777434,0.05959156304720447,0.02468584972532341,0.0012310606060606062,0.015285296082656852,0.0,0.001231060606060606
0.02508306147600406,0.04496969696969697,0.01229274891774892,0.020562200956937796,0.023110853432282,0.004403679653679653,0.0,0.022063492063492066,0.0,0.028841031149301827,0.00496384297520661,0.01126388888888889,0.11466097847158455,0.0,0.0015294117647058827,0.017291666666666664,0.014717210807768085,0.0019080380690287809,0.0012310606060606062,0.0,0.0,0.05236363636363636,0.033909681611436,0.020525252525252523,0.0007330827067669173,0.011857142857142858,0.007111111111111112,0.0,0.0,0.0076363636363636364,0.009403061224489797,0.008693048128342248,0.0,0.0011328976034858387,0.02,0.0,0.006959064327485379,0.04686564996368918,0.006961940836940837,0.018142857142857145,0.0,0.008142857142857144,0.058984126984126986,0.059772300068352706,0.0006647727272727275,0.0023636363636363633,0.007291666666666666,0.0,0.01,0.021166261518457796,0.027291666666666665,0.021874228395061732,0.0003939393939393942,0.0466969696969697,0.0009774436090225565,0.0,0.004854938271604939,0.03367058823529412,0.06347755741262341,0.0,0.01852272727272727,0.0,0.0026666666666666666,0.01
0.009073438466295611,0.00282608695652174,0.002743434343434343,0.06029072452844774,0.00478530328798186,0.0021197395291347298,0.003095238095238095,0.030965911980214034,0.006992152004342406,0.03304226251904271,0.013748169124108972,0.0026479835953520164,0.04349936673233887,0.011088820908480353,0.013278508771929827,0.0027616959064327485,0.010564617425917735,0.0012037037037037038,0.000902777777777778,0.0018571428571428576,0.009690680560723317,0.02104265160255135,0.012788048552754434,0.016521172459768953,0.001470707070707071,0.03498980107194393,0.0003001443001443012,0.0030409356725146198,0.003205029380173122,0.00991503267973856,0.04258323620133919,0.0,0.00971539555216026,0.0,0.01424823096702796,0.0035676691729323307,0.022554430973517878,0.02026066116017557,0.0014444444444444444,0.009910312273057371,0.021027573085263512,0.018284783929520772,0.014080185997400912,0.0,0.05539239970032809,0.02787131020459892,0.0,0.0028511576807031353,0.0015931372549019608,0.15227716628916318,0.0,0.01693482664995823,0.0014370748299319732,0.03886045327221798,0.009824282364460936,0.0012187500000000002,0.003285714285714285,0.01332763016639828,0.053893483445566784,0.036390945098578154,0.0020634920634920637,0.016987388690407425,0.0032340109533091988,0.014428571428571431
0.026609088079676317,0.0021064814814814817,0.01581303632564137,0.022770274170274173,0.007497927689594355,0.006107125614173035,0.004185606060606061,0.030990476190476193,0.0012745098039215691,0.0073469387755102054,0.01542028628215419,0.01743785860303718,0.08068662654340206,0.016700981338913245,0.005789835383914331,0.012894736842105268,0.0,0.02242540875999523,0.006750000000000002,0.0017210673743181491,0.011717597061972939,0.034807833927787794,0.013781485303673128,0.027851308048582716,0.0030335097001763667,0.013752204585537919,0.0022657952069716778,0.001203703703703704,0.0,0.011607142857142858,0.009324798739272425,0.02274262071516077,0.0016049382716049384,0.0016049382716049384,0.0037288647342995185,0.01249129955012308,0.01940217391304348,0.03157993260252426,0.0005068226120857712,0.013301587301587302,0.02487530101045077,0.019033257434829576,0.04163824489688925,0.019989366116817103,0.030576497237824473,0.002808641975308642,0.02183693190194739,0.0,0.0,0.1294131681557968,0.018049293000354873,0.02068394024276378,0.0017896241830065362,0.0013032581453634084,0.006996651785714286,0.019525657330094898,0.006888015493278651,0.04230359104832789,0.030000000000000002,0.0,0.0021125000000000002,0.011686104981657043,0.0032210998877665546,0.004432032745758237
0.009947860962566845,0.00393939393939394,0.007936507936507936,0.03877186430127606,0.015788809144072304,0.004333333333333333,0.0,0.07346239807282119,0.0,0.004898078529657477,0.0020634920634920637,0.009999999999999998,0.11616930373070725,0.0014661654135338345,0.0015294117647058827,0.0020634920634920637,0.0,0.014393398268398267,0.021173522040395104,0.001354166666666667,0.0,0.051873015873015876,0.0070320572673513845,0.07569833352444291,0.005968253968253969,0.058981791600212656,0.0,0.0,0.0014661654135338345,0.004469507101086048,0.028768939393939395,0.0,0.0,0.0,0.017219251336898393,0.004935064935064936,0.01393939393939394,0.02604978354978355,0.0,0.028625901875901874,0.008555555555555556,0.038142857142857145,0.022579272254710854,0.00817311134980308,0.029723794905167456,0.0008077485380116967,0.003537414965986394,0.0035929038281979466,0.008142857142857144,0.10620392838155997,0.0,0.014089611283109735,0.0006797385620915038,0.04950474770805008,0.002585227272727273,0.0,0.0,0.022063492063492066,0.02587050960735172,0.001428571428571429,0.0,0.0,0.0,0.0
