AAAA,AAAC,AAAG,AAAT,AACA,AACC,AACG,AACT,AAGA,AAGC,AAGG,AAGT,AATA,AATC,AATG,AATT,ACAA,ACAC,ACAG,ACAT,ACCA,ACCC,ACCG,ACCT,ACGA,ACGC,ACGG,ACGT,ACTA,ACTC,ACTG,ACTT,AGAA,AGAC,AGAG,AGAT,AGCA,AGCC,AGCG,AGCT,AGGA,AGGC,AGGG,AGGT,AGTA,AGTC,AGTG,AGTT,ATAA,ATAC,ATAG,ATAT,ATCA,ATCC,ATCG,ATCT,ATGA,ATGC,ATGG,ATGT,ATTA,ATTC,ATTG,ATTT,CAAA,CAAC,CAAG,CAAT,CACA,CACC,CACG,CACT,CAGA,CAGC,CAGG,CAGT,CATA,CATC,CATG,CATT,CCAA,CCAC,CCAG,CCAT,CCCA,CCCC,CCCG,CCCT,CCGA,CCGC,CCGG,CCGT,CCTA,CCTC,CCTG,CCTT,CGAA,CGAC,CGAG,CGAT,CGCA,CGCC,CGCG,CGCT,CGGA,CGGC,CGGG,CGGT,CGTA,CGTC,CGTG,CGTT,CTAA,CTAC,CTAG,CTAT,CTCA,CTCC,CTCG,CTCT,CTGA,CTGC,CTGG,CTGT,CTTA,CTTC,CTTG,CTTT,GAAA,GAAC,GAAG,GAAT,GACA,GACC,GACG,GACT,GAGA,GAGC,GAGG,GAGT,GATA,GATC,GATG,GATT,GCAA,GCAC,GCAG,GCAT,GCCA,GCCC,GCCG,GCCT,GCGA,GCGC,GCGG,GCGT,GCTA,GCTC,GCTG,GCTT,GGAA,GGAC,GGAG,GGAT,GGCA,GGCC,GGCG,GGCT,GGGA,GGGC,GGGG,GGGT,GGTA,GGTC,GGTG,GGTT,GTAA,GTAC,GTAG,GTAT,GTCA,GTCC,GTCG,GTCT,GTGA,GTGC,GTGG,GTGT,GTTA,GTTC,GTTG,GTTT,TAAA,TAAC,TAAG,TAAT,TACA,TACC,TACG,TACT,TAGA,TAGC,TAGG,TAGT,TATA,TATC,TATG,TATT,TCAA,TCAC,TCAG,TCAT,TCCA,TCCC,TCCG,TCCT,TCGA,TCGC,TCGG,TCGT,TCTA,TCTC,TCTG,TCTT,TGAA,TGAC,TGAG,TGAT,TGCA,TGCC,TGCG,TGCT,TGGA,TGGC,TGGG,TGGT,TGTA,TGTC,TGTG,TGTT,TTAA,TTAC,TTAG,TTAT,TTCA,TTCC,TTCG,TTCT,TTGA,TTGC,TTGG,TTGT,TTTA,TTTC,TTTG,TTTT
0.04128980595427964,0.0,0.0,0.011857142857142858,0.005221386800334169,0.0,0.0,0.007291666666666665,0.0,0.0,0.0,0.0,0.023667789001122336,0.0,0.0,0.01,0.0,0.011124306979570137,0.0,0.0,0.023320973712278065,0.0,0.0,0.00282608695652174,0.0,0.0,0.003968574635241303,0.006993398268398268,0.01,0.0026937008033347505,0.0022341568206229855,0.0,0.0,0.0,0.00393939393939394,0.0006190476190476197,0.0,0.01852272727272727,0.0,0.0,0.01,0.0,0.0,0.0,0.006060606060606061,0.0,0.0,0.002708333333333333,0.0015294117647058827,0.007356845768610474,0.0016756176154672398,0.0,0.0,0.007219251336898395,0.0,0.0,0.0014772727272727272,0.0020634920634920637,0.0,0.0,0.03360685941043084,0.0,0.0,0.005357142857142857,0.0018759018759018755,0.0,0.0,0.0,0.0,0.0,0.02497852474323062,0.0,0.007728211821364254,0.0,0.0,0.00393939393939394,0.0,0.0,0.005499749373433584,0.006060606060606061,0.0,0.0,0.0,0.0,0.0,0.015357142857142856,0.0,0.008470588235294117,0.0,0.0,0.0,0.0,0.0,0.0,0.04504706005209101,0.0,0.001428571428571428,0.0014181818181818184,0.0,0.0,0.0,0.01,0.0,0.0,0.0,0.0,0.0,0.0018462823725981625,0.0,0.0,0.0,0.0,0.0,0.0048000000000000004,0.0020634920634920637,0.002932330827067669,0.0,0.0,0.0,0.008939621781727046,0.0,0.006472383967437391,0.006136111111111112,0.0037769274376417234,0.0,0.0,0.0139,0.0,0.0030409356725146198,0.0,0.001805555555555556,0.0,0.0,0.0034469696969696983,0.0,0.0,0.0,0.0,0.0414756465584639,0.0,0.01711111111111111,0.0076052631578947365,0.0,0.0,0.0,0.0,0.0,0.0,0.029746056317263746,0.0,0.0,0.041541517661082876,0.0015798611111111113,0.0,0.0,0.0,0.0,0.008522727272727272,0.01,0.01,0.0020634920634920637,0.0,0.0015931372549019608,0.0,0.0,0.0033154645873944132,0.0,0.015478260869565219,0.0,0.008470588235294117,0.01067637275005696,0.0,0.0,0.0017052469135802476,0.003823529411764706,0.0018055555555555555,0.015506172839506172,0.0017105263157894746,0.0,0.025107958466654114,0.0023636363636363646,0.0,0.0,0.0012999999999999997,0.0,0.015581699346405227,0.007126936388590525,0.0016290726817042608,0.0,0.0016049382716049382,0.0,0.0,0.008522727272727272,0.0,0.0,0.0,0.004347826086956524,0.004418300653594771,0.0,0.0014370748299319732,0.005375391340303621,0.00600477619487315,0.0038080808080808094,0.009659375712007291,0.0254252094356261,0.0,0.0,0.017877886002886,0.0,0.0,0.0,0.002905844155844155,0.0,0.01,0.0020634920634920633,0.0,0.0,0.004642857142857145,0.0,0.0,0.0,0.0,0.0,0.024243464052287583,0.0,0.0,0.011886695347995656,0.0,0.0,0.0,0.0010833333333333333,0.0,0.002932330827067669,0.0,0.06645536106405672,0.00196969696969697,0.018137426900584792,0.0,0.005434964222149574,0.0,0.0,0.0,0.005221386800334169,0.0,0.0020634920634920637,0.0,0.0,0.0,0.0,0.0,0.0,0.0,0.008571428571428572,0.001477272727272727,0.0,0.0
0.009152494331065759,0.0,0.004797619047619048,0.0,0.005478260869565218,0.0,0.0044586167800453515,0.001805555555555556,0.001428571428571428,0.0,0.0,0.0,0.05638850038850039,0.0016756176154672398,0.0026666666666666666,0.0,0.008544330012706835,0.005478260869565219,0.0069156223893066,0.013433678286129267,0.0,0.0,0.0018055555555555555,0.0017376775271512113,0.0,0.0,0.006185331750428704,0.0020634920634920637,0.01714017887856897,0.0,0.0013032581453634084,0.0,0.0,0.0,0.0015046296296296296,0.0,0.0,0.006959064327485382,0.001428571428571429,0.0,0.003250000000000001,0.00282608695652174,0.006136111111111112,0.0,0.02607936507936508,0.0,0.0012037037037037038,0.005973823813920766,0.010110902255639098,0.020105215419501138,0.0014444444444444444,0.014686507936507937,0.00235827664399093,0.0,0.04540762527233115,0.0,0.0020634920634920637,0.007562674802949401,0.0,0.0,0.008220707070707071,0.0,0.0,0.0,0.0016756176154672398,0.006472383967437391,0.0,0.006749999999999999,0.0,0.0,0.027207729468599035,0.0,0.004275197798417614,0.002932330827067669,0.0018571428571428565,0.0,0.006060606060606061,0.0057726190476190455,0.0,0.0,0.0,0.0,0.0,0.0,0.0,0.014686507936507935,0.010303628117913834,0.01874967061923584,0.0,0.0020462962962962974,0.0015294117647058827,0.004521739130434782,0.0031390977443609023,0.0,0.011775581906016687,0.0,0.0,0.0,0.0,0.0,0.009199956412771059,0.022058333333333336,0.0,0.0,0.007111111111111111,0.0056203208556149745,0.0,0.0,0.0,0.0,0.0,0.0,0.0,0.0012513368983957218,0.00485858585858586,0.0,0.0,0.0,0.0,0.0,0.002334455667789001,0.008395061728395062,0.0,0.0035187969924812042,0.0,0.0016049382716049382,0.0,0.0,0.0,0.0047666666666666664,0.0014325068870523416,0.0,0.0,0.01,0.0,0.0,0.0,0.0016049382716049382,0.05928090105437885,0.0,0.05968233082706767,0.0043696172248803835,0.005221386800334169,0.0015294117647058827,0.001359477124183006,0.0,0.0,0.0,0.0,0.0,0.0,0.0,0.0,0.02745891812865497,0.0,0.0,0.01,0.0,0.01042391304347826,0.0,0.0,0.0,0.0,0.0012380952380952378,0.0,0.0047351712614870515,0.0,0.0,0.0,0.011529411764705884,0.014414050634104057,0.0,0.0,0.0,0.008131996658312449,0.0,0.0038930481283422475,0.0,0.005279411764705883,0.02970215362787133,0.015034013605442178,0.002708333333333333,0.006249999999999999,0.0,0.0,0.0020634920634920637,0.0,0.0020634920634920637,0.0,0.0,0.004694444444444445,0.0,0.0016049382716049382,0.0,0.0,0.0,0.0077113997113997124,0.0,0.0,0.0,0.0,0.0048549382716049395,0.0,0.0,0.017946275946275948,0.0018571428571428565,0.0,0.0,0.0,0.0,0.02158312447786132,0.0,0.0,0.006060606060606061,0.0044444444444444444,0.0,0.0020634920634920637,0.018468671679197995,0.0,0.00198095238095238,0.0,0.0,0.0,0.02316394663128409,0.008395061728395062,0.0020526315789473693,0.005894736842105262,0.0,0.0028888888888888888,0.0,0.0,0.006136111111111112,0.0,0.0,0.0,0.0,0.0,0.0,0.005221386800334169,0.0,0.008395061728395062,0.0,0.0,0.0,0.0,0.010223997493734337,0.0,0.0,0.0,0.0,0.00393939393939394,0.0,0.003537414965986394,0.0,0.0,0.007219251336898395
0.024867445695832456,0.007327479338842975,0.0,0.0035374149659863946,0.014605442176870752,0.0,0.0,0.002063492063492064,0.0,0.00675,0.0,0.0,0.013714285714285715,0.0013541666666666671,0.0,0.0,0.011777725905176888,0.0,0.0,0.007570354457572503,0.001444444444444445,0.0,0.0,0.0015798611111111115,0.0,0.00675,0.0,0.0017052469135802478,0.0,0.0,0.005652173913043478,0.0,0.0,0.0026390977443609023,0.0,0.002058333333333333,0.00304093567251462,0.0,0.0,0.0,0.008212500000000003,0.0,0.0,0.0,0.012853801169590645,0.0,0.0,0.003611111111111113,0.005748299319727891,0.020103174603174605,0.012910686728395064,0.012019251336898398,0.0,0.0,0.0,0.003668430335097003,0.0,0.003251300520208084,0.001650793650793651,0.011392857142857146,0.0,0.0027083333333333343,0.0,0.008525015546384762,0.010926704014939307,0.008289473684210527,0.00591053391053391,0.008289473684210529,0.0,0.0,0.010000000000000002,0.0,0.0,0.0,0.0,0.0008745548080728148,0.0,0.0,0.00675,0.0031287081339712933,0.0,0.0,0.002437500000000001,0.0,0.00167561761546724,0.0071111111111111115,0.0,0.012452559971356966,0.0,0.010000000000000002,0.0,0.0,0.0,0.0,0.007429180695847364,0.002063492063492064,0.0,0.0,0.0035886818495514125,0.0027575757575757573,0.01568914760348584,0.014859477124183007,0.0,0.0009774436090225567,0.01404166666666667,0.0,0.0,0.009361607142857145,0.0,0.006959064327485381,0.0,0.0017105263157894738,0.0,0.0,0.007392877435064936,0.0026390977443609023,0.0,0.010000000000000002,0.0,0.003910331750428704,0.0,0.0,0.008395061728395064,0.002158102766798417,0.0015294117647058833,0.0,0.018151585451764443,0.0,0.0026666666666666674,0.0,0.0018055555555555557,0.0,0.0,0.008438735177865617,0.0,0.0,0.0,0.010221590909090913,0.008067523305618546,0.0,0.00547826086956522,0.008678494124922699,0.0,0.0,0.012714008853585741,0.002063492063492064,0.0027807486631016053,0.001251336898395722,0.01074514991181658,0.0,0.0,0.0,0.0,0.0,0.002046296296296298,0.0,0.006462585034013607,0.004347826086956523,0.01480334914804612,0.002063492063492064,0.0,0.026334586466165415,0.0,0.0,0.0,0.004778613199665833,0.0,0.0,0.0,0.009402673350041772,0.008395061728395064,0.0,0.0034579613095238114,0.002626262626262627,0.008571428571428574,0.0,0.006714891975308642,0.0,0.001604938271604939,0.04765881659891356,0.0034196127946127955,0.025826394194041258,0.0018571428571428567,0.0,0.0029323308270676695,0.020429177689594357,0.0080630088292627,0.0,0.0,0.0014285714285714281,0.0,0.0015798611111111115,0.013089473684210528,0.0,0.0,0.0,0.0060606060606060615,0.005545048701298701,0.0,0.006490088858509911,0.0,0.0,0.0,0.0,0.019582887700534762,0.0,0.0,0.0015294117647058829,0.0,0.001629072681704261,0.0,0.0,0.00250685537372844,0.024808441558441564,0.013322718561108655,0.012600000000000002,0.0,0.021647855743577377,0.0,0.0,0.004231864095500461,0.0023636363636363638,0.0,0.0032500000000000016,0.0,0.02410277333909515,0.009673526077097507,0.0,0.0,0.0,0.0,0.008102130325814538,0.0,0.0,0.01630604575163399,0.0052,0.005064935064935066,0.0,0.0,0.009774891774891777,0.0018055555555555557,0.0,0.0,0.01185714285714286,0.0,0.0,0.0,0.009667124467515541,0.009081571302658563,0.0,0.0,0.0035374149659863946,0.008555555555555558,0.0014632034632034638,0.0,0.0008796992481203004
0.0015105301379811184,0.0,0.0,0.0,0.004771825396825397,0.004074162679425838,0.0,0.005759889920880632,0.0,0.0014201183431952658,0.0,0.0,0.019793650793650794,0.0,0.0,0.0017105263157894746,0.014732026143790851,0.0,0.005687908496732027,0.0014444444444444446,0.00282608695652174,0.0,0.0,0.005545041204887753,0.0,0.0,0.0,0.0,0.02062148820348464,0.0,0.006712418300653595,0.0,0.0,0.0,0.0,0.0008796992481203003,0.0022857142857142855,0.0,0.0,0.0036406926406926414,0.0033531746031746023,0.00047204066811909993,0.0,0.0,0.0014444444444444446,0.0,0.0015294117647058827,0.0034502801120448166,0.006136111111111112,0.007111111111111112,0.008142857142857144,0.0,0.007219251336898395,0.0,0.0018055555555555555,0.0,0.0071597633136094695,0.0,0.01192659791189203,0.018522727272727274,0.0014201183431952658,0.0,0.0015757575757575756,0.02076814574314574,0.0,0.03138181019682996,0.0016851851851851847,0.0042982456140350876,0.0015294117647058827,0.0,0.03628427128427129,0.0,0.00235827664399093,0.0,0.0023636363636363646,0.002659090909090909,0.0,0.00286764705882353,0.0,0.0,0.0,0.00282608695652174,0.0,0.0,0.0,0.023473065449819832,0.0,0.02143838383838384,0.0,0.0,0.0,0.0,0.0,0.0,0.018340362811791383,0.0,0.0,0.0,0.0,0.0,0.001354166666666667,0.001857142857142857,0.0015294117647058827,0.00453781512605042,0.0,0.001477272727272727,0.008470588235294117,0.0,0.0,0.0,0.0,0.0014444444444444444,0.002585227272727273,0.012326587301587302,0.0,0.0,0.0,0.0,0.0,0.0,0.0,0.01,0.0,0.010868838763575606,0.0,0.0,0.002780748663101605,0.01,0.0,0.0008496732026143792,0.0,0.0,0.0,0.0,0.0,0.0,0.0,0.0,0.03634863251260563,0.0,0.015185988687132852,0.008939621781727046,0.0,0.0034104938271604947,0.0,0.0011328976034858387,0.0,0.0,0.013909774436090226,0.0030409356725146198,0.0,0.01751536248027476,0.0,0.0,0.0,0.0,0.0,0.0,0.00990559186637618,0.01657894736842105,0.0,0.0,0.0,0.0,0.0,0.0,0.0,0.006363636363636365,0.0,0.030305042910306067,0.006716619981325862,0.0,0.0,0.0,0.0,0.0,0.0173497335138202,0.0,0.0,0.026904761904761904,0.023681382275132275,0.0,0.0015294117647058827,0.0,0.0,0.036118862106246014,0.0031437908496732025,0.006750000000000001,0.0,0.0,0.0,0.0,0.0,0.006134363686995266,0.0,0.0020583333333333326,0.0,0.0017105263157894746,0.003714285714285715,0.008821078431372548,0.0,0.0014444444444444444,0.0,0.0016049382716049382,0.06027647247451169,0.013602965747702589,0.0014285714285714281,0.0018571428571428576,0.0017052469135802476,0.0,0.0,0.003475286727881884,0.0,0.008869141883228572,0.01443144626271561,0.0056879084967320255,0.0028086419753086418,0.011301817950673787,0.010095029239766082,0.0018055555555555555,0.0037114295478957128,0.0016049382716049382,0.0,0.0,0.016328854543766824,0.0020634920634920637,0.004935064935064936,0.0,0.0,0.0,0.002590579710144927,0.0,0.0037500000000000007,0.0007434640522875817,0.00938095238095238,0.0,0.04564536894179339,0.0,0.0,0.0016049382716049388,0.0,0.0,0.010433361542384096,0.0,0.00286764705882353,0.007318563789152025,0.0,0.0,0.00392063492063492,0.0,0.0,0.0,0.008395061728395062,0.0,0.0,0.0
0.0,0.0014625000000000007,0.0,0.0,0.0,0.008896604938271603,0.008289473684210527,0.0,0.0015931372549019608,0.0,0.01072041446208113,0.0,0.014033292104720676,0.0,0.0,0.006462585034013606,0.014041666666666664,0.0,0.0,0.0,0.001477272727272727,0.0070140625,0.0,0.0,0.0,0.0,0.00393939393939394,0.01,0.012811594202898553,0.0,0.0,0.0,0.0,0.0,0.0018571428571428576,0.0,0.0,0.0026666666666666666,0.0,0.0,0.008395061728395062,0.05117836257309942,0.007111111111111111,0.0,0.020276143790849674,0.01,0.0,0.0037740183792815385,0.0,0.01334640522875817,0.0,0.0,0.0,0.0,0.00456547619047619,0.0,0.0,0.0,0.0015993848519800084,0.006060606060606061,0.0,0.0034185682070099,0.0,0.02892696816940673,0.0,0.008142857142857144,0.0,0.04228658768132452,0.0,0.0,0.006749999999999999,0.0,0.0,0.006285714285714286,0.012585784313725493,0.0017105263157894746,0.0,0.0022403492647058826,0.0,0.0,0.0016049382716049382,0.0,0.0,0.0,0.0,0.002264411027568923,0.013830765639589172,0.0032500000000000003,0.008470588235294117,0.010619047619047618,0.0018571428571428576,0.0,0.0,0.0,0.004088493292053665,0.0,0.0014444444444444444,0.0,0.0,0.0,0.0016049382716049382,0.014126984126984128,0.0,0.0,0.0,0.0,0.006136111111111112,0.020335022338454835,0.0,0.0,0.0,0.0,0.0,0.0,0.012541392356489309,0.0,0.0,0.001477272727272727,0.007333333333333334,0.0,0.0,0.0014444444444444448,0.0015234375,0.0,0.0,0.0,0.0,0.0,0.0,0.0,0.010675324675324678,0.0,0.0,0.0,0.0,0.0,0.0,0.01,0.055282789192231924,0.0,0.007096786042240587,0.01773774509803922,0.0,0.003415773229369722,0.0,0.0,0.0,0.003239938080495356,0.028403508771929823,0.0,0.0,0.011079746329111956,0.0,0.0,0.0,0.0,0.0,0.0,0.0014359974009096812,0.0,0.0,0.0,0.0015394736842105263,0.008131357806280408,0.0,0.0,0.007535947712418301,0.02653791887125221,0.015409124228395061,0.0013032581453634084,0.008142857142857144,0.008289473684210525,0.0,0.006472383967437391,0.020297476885491036,0.0014325068870523416,0.0015798611111111113,0.004898078529657476,0.0011328976034858389,0.03355992121507472,0.0,0.0,0.0,0.0,0.0,0.006959064327485379,0.0,0.0,0.0,0.0,0.0,0.0,0.0,0.0,0.0,0.011222222222222222,0.052584841882881095,0.0,0.0,0.01,0.0,0.0,0.0030450277479412823,0.0017105263157894746,0.007111111111111112,0.006712418300653595,0.0,0.0,0.0,0.0,0.0,0.0,0.0,0.0,0.0,0.0016756176154672398,0.0,0.006787414965986396,0.0,0.0017105263157894746,0.0017105263157894735,0.001274509803921569,0.0,0.009967171717171718,0.03470798207640313,0.0018571428571428576,0.0017105263157894746,0.0,0.0015294117647058827,0.0,0.0031877990430622016,0.0,0.0,0.0,0.026714285714285718,0.0,0.0,0.0,0.0036111111111111127,0.001428571428571429,0.01278571428571429,0.0,0.006462585034013606,0.0,0.0,0.003883637891199328,0.0076363636363636364,0.0,0.0,0.0016049382716049388,0.0,0.0,0.0,0.005564393939393939,0.0,0.012341911764705886
0.013008403361344536,0.0,0.0016049382716049382,0.011392857142857144,0.001477272727272727,0.0,0.01708641774891775,0.0,0.001477272727272727,0.005666666666666665,0.0010505050505050504,0.0,0.016331569664902998,0.008142857142857144,0.0,0.0115234375,0.006060606060606061,0.0027926960257787323,0.0,0.0014625000000000007,0.0008496732026143792,0.0,0.001428571428571429,0.0035187969924812042,0.0,0.0,0.00434952445652174,0.005088137009189639,0.020073517126148705,0.0,0.0,0.0,0.0,0.0,0.0,0.0,0.002507716049382716,0.013468137254901959,0.0,0.0,0.0,0.0014444444444444448,0.0,0.0,0.03847363154491777,0.0,0.0,0.0,0.01,0.015481791600212654,0.0,0.0014444444444444444,0.003841584967320262,0.0,0.005666666666666665,0.0022941176470588232,0.008470588235294117,0.0,0.007897017153019001,0.0,0.006094887955182073,0.002424603174603175,0.0023636363636363646,0.0018571428571428565,0.0015931372549019608,0.016714891975308642,0.0,0.01974841088227816,0.0,0.0028888888888888888,0.02194390331890332,0.0008024691358024696,0.009715966386554621,0.011429608880589272,0.0,0.0035049939167586235,0.0,0.0018571428571428565,0.0,0.007643398268398269,0.0,0.0032500000000000003,0.0,0.0015798611111111113,0.015633838383838385,0.006176470588235294,0.0,0.022146892133230702,0.0016993464052287586,0.010032828282828284,0.0,0.0,0.0,0.01,0.0,0.0,0.0015294117647058827,0.0,0.0,0.0,0.0,0.0,0.0,0.0,0.0,0.0,0.0,0.004852130325814536,0.0,0.0,0.0,0.0,0.0015476190476190479,0.0,0.0020583333333333326,0.0,0.0,0.0,0.0,0.0,0.0018571428571428576,0.003680905695611577,0.0,0.005478260869565219,0.0,0.0,0.0,0.0,0.0,0.0,0.0,0.0,0.0,0.0,0.0010833333333333335,0.0,0.0,0.0016290726817042608,0.017439369256474522,0.0014772727272727272,0.0027283950617283947,0.0,0.0017105263157894735,0.006412337662337663,0.008537202987150539,0.0,0.0,0.003172113289760349,0.0,0.0016049382716049382,0.008522727272727272,0.0,0.0033154645873944124,0.0,0.003334415584415584,0.0028260869565217388,0.0012839506172839501,0.0,0.0,0.010276143790849672,0.0,0.0010833333333333333,0.008395061728395062,0.0,0.0015993848519800084,0.003361319966583125,0.0018055555555555555,0.03183114035087719,0.0014772727272727277,0.017644632414369258,0.01,0.0,0.0017052469135802476,0.0,0.015506172839506177,0.0014772727272727272,0.0,0.0,0.0045833333333333325,0.04246666006469928,0.0004460784313725494,0.009861227141928896,0.0016049382716049388,0.0014625000000000005,0.008142857142857144,0.03403339788866105,0.0017302436125965534,0.002427637721755369,0.0016049382716049382,0.005534055727554179,0.0062544117647058825,0.0015798611111111113,0.0013928571428571423,0.0,0.0,0.02136188858695652,0.007291666666666665,0.0022159090909090913,0.0,0.009643640350877192,0.0028888888888888888,0.0015294117647058827,0.0023636363636363646,0.016865649963689177,0.012711262956360993,0.002987802865253846,0.006890085010038873,0.0,0.005687908496732027,0.0,0.0,0.0,0.0,0.010548740271731962,0.0015294117647058827,0.0,0.0,0.007014062499999999,0.0,0.0,0.005527596223674654,0.0,0.0,0.0,0.0,0.01628571428571429,0.0,0.0,0.0,0.001083333333333333,0.0,0.01849162679425837,0.0,0.0,0.03716825188311309,0.001359477124183006,0.0,0.01,0.0,0.0016049382716049388,0.002585227272727273,0.0018571428571428576,0.0,0.008289473684210525,0.0,0.010507309116004768,0.00496384297520661,0.0,0.005416666666666666,0.0,0.0,0.01,0.008522727272727272,0.0016290726817042606,0.0013304093567251458,0.0
0.005666666666666667,0.0032500000000000007,0.0,0.007292846768336966,0.0,0.0,0.0,0.0062499999999999995,0.0,0.0015394736842105265,0.0,0.0,0.018893588137009195,0.0019809523809523806,0.0030335097001763667,0.0,0.007162698412698414,0.0015798611111111115,0.002613304093567253,0.008763991013071898,0.007293341579055866,0.0015234375000000003,0.0,0.007487025113075534,0.0,0.0,0.001593137254901961,0.0013541666666666671,0.001857142857142857,0.0,0.0,0.0,0.0,0.0,0.0,0.0,0.0,0.0,0.0028260869565217405,0.0,0.0,0.018207972912605588,0.007219251336898396,0.0,0.019614209320091676,0.020058711730306163,0.004333333333333334,0.0,0.006959064327485381,0.037237984419356975,0.0,0.013583333333333333,0.0,0.0,0.003491174247476769,0.0,0.00415108082706767,0.0,0.006722689075630253,0.024843650793650793,0.0,0.00691357199445435,0.0,0.0014444444444444446,0.0,0.006714891975308642,0.0,0.016578947368421058,0.0,0.0,0.0,0.0,0.001851998417095371,0.0015860566448801744,0.0,0.0013032581453634087,0.0,0.0,0.0032500000000000007,0.0,0.0036111111111111127,0.003304284676833698,0.0,0.0,0.0,0.024686507936507937,0.0,0.016485963745767673,0.0,0.0018398938522777538,0.0,0.0,0.0,0.0,0.016670191409897298,0.0034032346491228087,0.0,0.0,0.0,0.004800000000000002,0.0015394736842105265,0.013034847272242233,0.0018571428571428567,0.013691635304335786,0.0,0.0,0.0,0.0028260869565217405,0.0,0.0,0.001961607142857143,0.0,0.0014285714285714281,0.015270763187429854,0.001462500000000001,0.003066161616161616,0.0,0.0,0.00167561761546724,0.002058333333333333,0.0,0.005200000000000001,0.0,0.0,0.0,0.0,0.0018055555555555557,0.0036406926406926414,0.0,0.0,0.0,0.00304093567251462,0.0,0.0,0.0034620811287477964,0.0,0.0,0.0,0.018681806729425782,0.0,0.00695906432748538,0.0023582766439909303,0.0,0.0,0.0014772727272727275,0.006403703703703703,0.0,0.0,0.024585537918871254,0.006714891975308642,0.0017376775271512115,0.010000000000000002,0.004333333333333334,0.0,0.008142857142857146,0.0017105263157894738,0.0017105263157894748,0.0,0.0060606060606060615,0.0,0.0,0.0048,0.007219251336898396,0.0018571428571428567,0.0009027777777777781,0.0,0.002626262626262627,0.005666666666666666,0.005894736842105264,0.001604938271604939,0.008395061728395064,0.0,0.0,0.0014772727272727275,0.011604938271604939,0.0025852272727272733,0.0,0.0,0.0,0.052204692854959836,0.01726216412490923,0.0,0.0,0.0,0.0,0.015660770975056693,0.0,0.001132897603485839,0.0,0.0,0.0,0.0,0.0,0.0,0.0014661654135338347,0.002063492063492064,0.0017105263157894748,0.0017052469135802478,0.0,0.010000000000000002,0.0,0.006644616095596491,0.0,0.0016049382716049384,0.014187975543478261,0.0,0.0,0.055078841125881135,0.0,0.0,0.0,0.0017105263157894738,0.0,0.0,0.0,0.0033196428571428574,0.0,0.0018462823725981627,0.009810606060606061,0.0,0.00304093567251462,0.0,0.0,0.029559720397107987,0.02681921219666318,0.0070140624999999995,0.018142857142857148,0.0,0.0,0.0,0.0,0.008289473684210529,0.0027083333333333343,0.0,0.013923913043478262,0.0,0.0,0.0,0.0035987696514012306,0.013782164741998539,0.006285714285714288,0.0,0.0,0.002063492063492064,0.006942589428115748,0.0,0.0,0.0,0.004583333333333333,0.006621230158730159,0.01744184226720992,0.0024436090225563914,0.0016049382716049384,0.005710201429499676,0.0028260869565217405,0.013827731092436976
0.02,0.0014772727272727272,0.0,0.0029415869218500797,0.0,0.0,0.0,0.0,0.0,0.0,0.0,0.0,0.04771392193240933,0.0,0.0,0.0,0.0,0.0017105263157894746,0.0,0.0018055555555555555,0.0,0.0,0.0,0.0,0.0,0.008289473684210525,0.0,0.0023636363636363633,0.03847058823529412,0.0,0.002780748663101605,0.0,0.006192552459580323,0.0,0.0,0.0,0.0,0.016407096171802055,0.0016049382716049382,0.0,0.01,0.0,0.0017105263157894746,0.0,0.0,0.0015105301379811184,0.0018571428571428576,0.0,0.008395061728395062,0.01,0.0,0.011477272727272727,0.007291666666666666,0.0,0.0,0.0017105263157894735,0.01,0.0,0.0015476190476190483,0.0,0.026301797385620915,0.0015294117647058827,0.0,0.0,0.0,0.0,0.005221386800334169,0.0,0.0,0.0,0.02,0.0,0.0,0.0,0.0,0.0,0.0,0.0,0.0,0.0,0.0,0.0,0.0,0.0,0.0,0.015572871572871572,0.0,0.011368917937545388,0.0016049382716049382,0.0,0.0,0.0016049382716049382,0.0,0.0,0.021529411764705887,0.0,0.0,0.0,0.0,0.0,0.007219251336898395,0.03239390030334303,0.0,0.0,0.0,0.0,0.0,0.012701970996732027,0.0,0.011908038069028782,0.0,0.0,0.0,0.0015294117647058827,0.0,0.0,0.0014444444444444444,0.0,0.0,0.0,0.0,0.013537414965986394,0.0020634920634920637,0.018289473684210526,0.0014625000000000005,0.0,0.008470588235294117,0.0,0.0,0.0,0.0,0.0,0.01,0.0,0.0,0.0,0.0,0.003537414965986394,0.04828947368421053,0.0,0.02847058823529412,0.0,0.0,0.0,0.0,0.0,0.00619047619047619,0.0,0.0744192242114237,0.0,0.009282743400390458,0.003230994152046784,0.0,0.0,0.008488476092191263,0.0,0.0,0.0,0.0,0.0,0.02035531788472965,0.0,0.0,0.0,0.0,0.0,0.01380952380952381,0.0017105263157894735,0.0,0.018470588235294117,0.05352012383900929,0.0015234375,0.0,0.0,0.0,0.0,0.006462585034013606,0.0,0.0,0.0,0.0,0.0015294117647058827,0.0,0.0,0.0,0.02684502923976608,0.018382337153863157,0.0,0.0,0.0,0.0,0.0,0.01,0.0038930481283422475,0.0016049382716049382,0.0,0.01,0.0,0.0,0.0,0.0,0.0009749999999999993,0.0,0.0018571428571428576,0.01613611111111111,0.0017105263157894735,0.0,0.016136111111111115,0.008395061728395062,0.0,0.0,0.0,0.0,0.008142857142857144,0.0,0.0025773420479302833,0.0,0.0010833333333333333,0.0,0.0,0.0015294117647058827,0.0,0.0,0.0,0.029532316630355847,0.008142857142857144,0.0015294117647058827,0.0,0.0,0.008395061728395062,0.0,0.0015294117647058827,0.0,0.0,0.0,0.0,0.0,0.0016049382716049382,0.0,0.0,0.0,0.01,0.0,0.018555555555555558,0.0,0.0,0.0,0.0,0.0018055555555555555,0.0,0.0,0.0,0.017333333333333333,0.0,0.0,0.03
0.0,0.0061764705882352946,0.0030409356725146198,0.0010833333333333335,0.004521739130434781,0.0,0.0,0.009721980571262867,0.0,0.016312637552545278,0.0,0.0032632561796648485,0.030491127049567867,0.0,0.0,0.0,0.0,0.003037581699346405,0.0014772727272727272,0.0,0.0028888888888888888,0.011197121591858435,0.0,0.0,0.0,0.0,0.0,0.0,0.031810228696741855,0.0,0.0041306348519800085,0.0,0.0,0.0,0.0,0.0,0.0,0.005023923444976077,0.0,0.0,0.0,0.02180780109314681,0.01460544217687075,0.0,0.00976417233560091,0.0,0.0,0.0014186507936507936,0.018142857142857145,0.03011901555234889,0.00121875,0.022652339911999653,0.0,0.0009774436090225565,0.01,0.0,0.009341154601571268,0.0,0.0,0.006959064327485382,0.0,0.0027189542483660126,0.0076859974009096796,0.014305595638928975,0.0006981740064446834,0.01,0.0,0.0020462962962962965,0.0010833333333333333,0.0013125000000000003,0.019503520706528225,0.0005068226120857709,0.0,0.00368421052631579,0.0,0.012390064399350722,0.0,0.0,0.011604938271604939,0.0012037037037037036,0.0,0.0015993848519800084,0.0,0.0028888888888888888,0.0,0.0,0.0,0.020968944099378883,0.0,0.0,0.0013415892672858614,0.0,0.0,0.0020634920634920637,0.01367888706729229,0.0,0.0,0.0,0.0,0.0014869281045751634,0.0014632034632034638,0.0,0.00121875,0.0,0.0,0.0015993848519800084,0.002455456823877876,0.0,0.0,0.0,0.0,0.0,0.0,0.0,0.001428571428571428,0.0,0.0,0.005687908496732027,0.0,0.0,0.0,0.0,0.006440476190476192,0.0,0.0,0.0,0.0015105301379811184,0.0009774436090225565,0.0014444444444444444,0.0,0.0,0.0,0.0,0.0,0.0,0.0,0.0015105301379811184,0.0,0.05976121463077985,0.0,0.0056879084967320255,0.001477272727272727,0.0,0.0028888888888888888,0.0,0.0028888888888888888,0.0,0.0,0.020216537013529493,0.001354166666666667,0.0,0.018723252601335963,0.0,0.0,0.021670723022819745,0.0,0.0037500000000000007,0.0,0.020272461456671984,0.0033042846768336965,0.00888479914382907,0.0014632034632034638,0.021436193327233424,0.0,0.007474666780587833,0.0,0.0,0.0,0.0,0.005862440191387561,0.011150109044995409,0.0,0.0,0.0014444444444444448,0.01186797385620915,0.003537414965986394,0.0016049382716049382,0.006750000000000001,0.001805555555555556,0.014645873944119559,0.016424126238419857,0.0,0.0015105301379811184,0.0022657952069716773,0.0,0.0314161220043573,0.0032942176870748296,0.0,0.003908496732026145,0.0026262626262626267,0.0,0.004642857142857142,0.0017105263157894746,0.003891526706376331,0.0,0.0061764705882352946,0.005492011619462599,0.002780748663101605,0.0,0.0,0.0,0.0010833333333333333,0.0,0.0,0.05988428401663696,0.016086369059408277,0.0,0.0,0.0,0.0,0.0,0.0,0.003891203703703704,0.0,0.002585227272727273,0.0,0.0,0.0,0.0,0.0,0.0,0.0,0.0023636363636363633,0.011648366013071893,0.02281159420289855,0.0004460784313725494,0.0,0.0,0.003437003968253969,0.0,0.0,0.01,0.0,0.0,0.026077953447518665,0.0,0.001238095238095238,0.0015294117647058827,0.0014632034632034638,0.0018519984170953707,0.0,0.0076363636363636364,0.011186507936507937,0.0011818181818181819,0.0,0.006285714285714286,0.0,0.0014444444444444444,0.0,0.0,0.00198095238095238,0.004497354497354496,0.00496384297520661,0.0017105263157894746,0.0,0.006959064327485379
0.05233899452036707,0.0,0.0,0.02486842105263158,0.0,0.0,0.0017105263157894735,0.006749999999999999,0.0,0.010653110047846892,0.0,0.0,0.01,0.0,0.0,0.011710526315789473,0.0,0.0020634920634920637,0.0,0.007333333333333334,0.0,0.004431025228126679,0.0018571428571428565,0.0,0.0014772727272727272,0.0,0.0,0.0,0.03484126984126985,0.0,0.0,0.0,0.0,0.0,0.0,0.0016049382716049382,0.0,0.004333333333333335,0.0,0.0,0.0,0.0,0.025728395061728398,0.0,0.0342716049382716,0.0,0.0016049382716049382,0.0023636363636363646,0.0,0.01,0.0,0.0017105263157894735,0.0,0.0,0.002653061224489796,0.0,0.01,0.0018571428571428576,0.0,0.0,0.0,0.0015294117647058827,0.0017105263157894735,0.03144444444444444,0.0,0.0,0.0,0.01,0.0,0.0,0.018248445187041683,0.0,0.0,0.005894736842105263,0.01584722222222222,0.0,0.0,0.0,0.0,0.007936507936507936,0.0014444444444444444,0.0,0.0,0.0018571428571428565,0.0,0.01,0.01,0.01590105132962276,0.0,0.0,0.0,0.0,0.002653061224489796,0.004105263157894737,0.01,0.0,0.002780748663101605,0.0,0.0,0.0,0.0,0.018289473684210526,0.0,0.0,0.0014444444444444444,0.0,0.0,0.015272727272727273,0.0,0.0,0.0,0.0,0.0,0.01,0.0,0.0,0.0,0.002666666666666667,0.001222222222222222,0.0,0.0,0.027636363636363636,0.0,0.007291666666666665,0.0,0.0,0.0,0.0,0.004705882352941177,0.0,0.0,0.0,0.0,0.0,0.002708333333333334,0.0,0.0,0.0,0.041604938271604934,0.0,0.018289473684210526,0.0,0.0,0.0018571428571428576,0.0014444444444444444,0.007333333333333333,0.0,0.0,0.03855555555555556,0.0,0.005357142857142858,0.02414040334330189,0.002708333333333334,0.010412698412698413,0.006462585034013606,0.0,0.0,0.0,0.017636363636363638,0.0016049382716049382,0.0017105263157894735,0.0018571428571428576,0.0018571428571428576,0.0,0.0,0.0,0.0023636363636363646,0.028289473684210528,0.003968574635241303,0.0,0.033832696715049654,0.008142857142857144,0.0,0.0,0.0,0.0018571428571428576,0.0,0.0,0.0,0.0,0.0,0.004800000000000001,0.0,0.0,0.0,0.01,0.0,0.0,0.005199999999999999,0.0,0.0,0.0,0.0,0.0,0.0,0.0,0.017860902255639098,0.0,0.0,0.018601410934744267,0.0,0.0076363636363636364,0.0019897959183673474,0.01,0.008555555555555556,0.0,0.0,0.0,0.0,0.0,0.0,0.0,0.0,0.009057465091299677,0.0,0.0017105263157894735,0.0014444444444444444,0.0,0.0,0.0,0.0,0.0016250000000000004,0.0,0.0,0.033154970760233916,0.0014444444444444444,0.016537918871252208,0.0,0.0,0.0,0.0,0.0,0.0,0.0,0.027039462081128746,0.0,0.0017105263157894735,0.0,0.0,0.0018571428571428565,0.0,0.0,0.016331569664902998,0.0,0.0,0.0,0.005294117647058823,0.0,0.0,0.0,0.0015294117647058827,0.0,0.0,0.0,0.01,0.016578947368421054
0.037936507936507935,0.007219251336898395,0.0,0.0,0.0,0.0,0.0,0.0,0.0014772727272727272,0.0,0.0,0.0,0.03857142857142857,0.0,0.0,0.006959064327485382,0.0,0.0,0.0,0.01,0.0,0.02217458506948486,0.0,0.0,0.0,0.006749999999999999,0.0,0.0,0.0014772727272727272,0.0,0.0,0.0,0.0,0.0,0.0,0.0,0.0,0.0,0.0020634920634920637,0.0,0.0,0.0,0.001428571428571428,0.0,0.027111111111111114,0.0,0.0016756176154672398,0.0,0.020327731092436973,0.014455667789001123,0.0,0.0,0.0,0.0,0.0,0.0,0.0,0.0,0.0,0.0,0.0,0.0,0.0,0.030206349206349205,0.0,0.0,0.003095238095238095,0.01,0.0016049382716049382,0.002780748663101605,0.01839506172839506,0.0,0.0,0.0,0.0,0.0,0.004952380952380953,0.0,0.011710526315789473,0.0,0.0,0.0,0.0,0.0,0.007111111111111112,0.018142857142857145,0.0,0.01,0.0018571428571428565,0.0,0.0,0.011604938271604939,0.0,0.0,0.01699331550802139,0.0,0.00629093567251462,0.0,0.0,0.0015294117647058827,0.006249999999999999,0.01,0.0,0.0,0.0,0.0,0.0,0.01,0.0016756176154672398,0.012184873949579834,0.0,0.0,0.0028888888888888888,0.0,0.0,0.0,0.0,0.0,0.0,0.0017105263157894735,0.0,0.07650793650793651,0.0,0.008289473684210525,0.0,0.0,0.0015294117647058827,0.0,0.0,0.0,0.0,0.0,0.007936507936507936,0.0,0.0,0.0,0.0,0.0,0.03,0.0016049382716049382,0.02,0.0,0.0,0.0,0.0,0.0,0.0,0.0017105263157894746,0.011175810391496668,0.0,0.0,0.0,0.0,0.0030409356725146198,0.0,0.0,0.0,0.0,0.023228441970444033,0.0,0.0017105263157894735,0.0,0.008289473684210525,0.0,0.0,0.0,0.0,0.0014444444444444444,0.01,0.0,0.04171052631578947,0.0,0.0,0.0,0.0,0.0,0.0,0.0,0.0,0.00647238396743739,0.0,0.01161437908496732,0.0,0.0,0.0,0.06628350970017637,0.032063492063492065,0.0,0.0,0.0,0.0,0.0,0.015272727272727273,0.0015294117647058827,0.0,0.018289473684210526,0.006285714285714286,0.0,0.0,0.007219251336898396,0.0,0.0,0.0,0.027996240601503762,0.007219251336898395,0.0,0.0,0.0016756176154672398,0.0,0.0,0.0,0.0,0.0,0.006959064327485382,0.0,0.007459141274238228,0.0,0.0,0.0,0.0,0.0,0.0018571428571428576,0.0,0.0018571428571428565,0.0,0.00647238396743739,0.01,0.0,0.0,0.0,0.0,0.018470588235294117,0.0,0.0,0.0282183836497562,0.0,0.0,0.0,0.007936507936507936,0.0,0.0,0.008289473684210525,0.008001795732143272,0.008289473684210527,0.0,0.0,0.004852130325814536,0.0,0.010000000000000002,0.0,0.0,0.0,0.008289473684210527,0.0,0.0,0.012334455667789002
0.0,0.0,0.0022159090909090913,0.0,0.0,0.0,0.0,0.016331569664902998,0.009976633986928102,0.0,0.0030155068563373064,0.0022857142857142855,0.03254111782012576,0.0,0.0,0.008395061728395062,0.006285714285714287,0.005862745098039216,0.0,0.0,0.0035187969924812042,0.003095238095238095,0.0,0.0,0.0,0.0,0.0,0.0018571428571428565,0.015419590643274854,0.0,0.0,0.002757575757575757,0.0018571428571428576,0.0016290726817042608,0.02381410934744268,0.0,0.0,0.0,0.0018571428571428576,0.0,0.007936507936507936,0.008142857142857144,0.0,0.0,0.010494117647058822,0.01,0.0,0.006380556852370579,0.0,0.029816890886823506,0.0,0.0,0.0,0.0,0.002578227124183006,0.0,0.0014772727272727272,0.004310160427807488,0.005848186934706543,0.008470588235294117,0.0015105301379811184,0.003250000000000001,0.0,0.007026143790849672,0.0,0.00871604938271605,0.0,0.04989832193523082,0.004705882352941177,0.0,0.019281055900621114,0.0,0.003250000000000001,0.008142857142857144,0.0,0.0,0.0,0.0,0.0,0.0,0.0031138668430335105,0.0017105263157894746,0.006890085010038873,0.0,0.0,0.02407017543859649,0.0,0.011455882352941175,0.0,0.009078251183514343,0.0,0.0,0.0,0.0,0.014425584795321638,0.0,0.0,0.0,0.0,0.005492011619462599,0.0,0.0,0.0,0.0,0.0,0.0031748544293063487,0.0,0.0,0.003334415584415585,0.006457068597419475,0.0,0.0,0.0,0.0,0.0,0.0,0.0,0.0,0.0,0.008651185770750988,0.0,0.025593071235228096,0.008470588235294117,0.0,0.0,0.0033703703703703704,0.0,0.008289473684210525,0.0,0.0,0.0,0.0,0.0,0.0,0.0014661654135338345,0.0,0.002637362637362638,0.0,0.017284080298786184,0.0,0.0012037037037037036,0.002820247933884299,0.0,0.008205043607408216,0.0015394736842105263,0.0016648284313725492,0.0,0.0,0.04182306560968614,0.001529411764705883,0.0,0.0,0.0015294117647058827,0.0048521303258145364,0.0020526315789473693,0.0,0.0,0.0,0.015047619047619048,0.00544375,0.0018055555555555555,0.0,0.02210631860399662,0.008015873015873014,0.0,0.0029323308270676695,0.005185185185185186,0.016225981620718463,0.0,0.018065196817791975,0.021903607503607505,0.0,0.004418300653594771,0.0,0.0,0.0,0.0,0.0,0.0,0.02608187134502924,0.0,0.0,0.0,0.0,0.0,0.04063814616755794,0.0020634920634920637,0.0,0.0014181818181818184,0.0014285714285714281,0.0012513368983957218,0.0,0.007219251336898395,0.003021060275962237,0.005167463004489783,0.0,0.02157659294654681,0.0056172839506172835,0.0,0.00780118480349161,0.0020634920634920637,0.0014444444444444444,0.0,0.0,0.011428571428571429,0.00847720906544436,0.0028888888888888888,0.013247192054209598,0.0,0.0,0.00156390977443609,0.0,0.0018571428571428565,0.020628488716060586,0.0,0.006749999999999999,0.0,0.0017105263157894746,0.0,0.0,0.0,0.002780748663101605,0.0,0.008395061728395062,0.0054920116194626,0.0020634920634920637,0.004834821428571428,0.0,0.0,0.008522727272727272,0.0,0.007111111111111112,0.0,0.0,0.013795031055900624,0.0,0.009009905844798891,0.0,0.0,0.0,0.0,0.0011328976034858387,0.0016290726817042608,0.0015394736842105263,0.005229323308270679,0.0014772727272727272,0.0,0.0016049382716049382,0.0,0.0028086419753086413,0.0,0.0,0.009647034252297411,0.0032500000000000003,0.0,0.017045454545454544
0.0462973547827779,0.0,0.0,0.010974548469601893,0.0037740183792815385,0.0,0.009876190476190476,0.00830258467023173,0.00393939393939394,0.0,0.0,0.0,0.02,0.0,0.0,0.0,0.0032500000000000003,0.0034569366887003093,0.0018519984170953707,0.0,0.0,0.008142857142857144,0.002780748663101605,0.0023636363636363646,0.0,0.0,0.0018571428571428565,0.0,0.0,0.0,0.00422610447687847,0.0,0.0,0.0,0.0017105263157894735,0.0018571428571428565,0.0,0.04391944468022899,0.0,0.0,0.0,0.0018571428571428565,0.015039473684210524,0.0,0.02526984126984127,0.01,0.0,0.003230994152046784,0.0,0.017363315696649034,0.0,0.007936507936507936,0.0,0.0,0.001805555555555556,0.0008796992481203003,0.0,0.0030588235294117653,0.0,0.0,0.0,0.0,0.005412868177574059,0.006462585034013606,0.0015476190476190483,0.003537414965986394,0.0,0.007936507936507936,0.003537414965986394,0.0,0.011444444444444445,0.0015294117647058827,0.003537414965986394,0.0,0.0,0.0,0.0,0.0015294117647058827,0.005478260869565219,0.0,0.0009774436090225565,0.008142857142857144,0.0,0.0,0.002780748663101605,0.004588554720133669,0.0,0.035311537700935106,0.0,0.0,0.0,0.004852130325814536,0.00453781512605042,0.0,0.003335526315789475,0.0,0.0,0.0,0.0,0.0017105263157894746,0.0,0.017636363636363638,0.0,0.0,0.0,0.0,0.0,0.0,0.0,0.0,0.0,0.0,0.0,0.0,0.0018571428571428565,0.02496265172735761,0.0,0.0,0.0,0.0020526315789473693,0.0,0.006472383967437391,0.0016049382716049382,0.0028888888888888888,0.0,0.0,0.0088866930171278,0.0003301587301587311,0.006462585034013606,0.0,0.0,0.0017105263157894735,0.0010833333333333335,0.0015993848519800084,0.0,0.002653061224489796,0.0026666666666666666,0.0,0.019975217864923747,0.0,0.0447563025210084,0.001477272727272727,0.0,0.005468573394269989,0.0,0.0,0.0026666666666666666,0.0,0.04611057756435908,0.0,0.0,0.007111111111111111,0.0014444444444444444,0.0076363636363636364,0.0,0.0,0.01628571428571429,0.003932773109243697,0.021863169829335245,0.0,0.0,0.0,0.0,0.0,0.0,0.003334415584415583,0.0020634920634920637,0.01,0.0,0.0015294117647058827,0.0018571428571428565,0.008470588235294117,0.004604166666666666,0.0,0.0,0.0,0.0,0.006750000000000001,0.0,0.0,0.0032500000000000003,0.0,0.001428571428571428,0.0018571428571428576,0.004313271604938272,0.01606060606060606,0.0,0.0,0.0,0.0,0.0048000000000000004,0.0016049382716049382,0.01,0.0016756176154672398,0.0020634920634920637,0.0,0.005894736842105263,0.007880718954248366,0.0,0.0,0.0,0.0,0.0,0.0,0.008183006535947713,0.0,0.0,0.024368838763575606,0.0,0.0,0.0,0.0,0.0,0.0,0.013414165666266506,0.03105367585630743,0.0,0.0,0.0,0.0,0.004039253979103604,0.0015294117647058827,0.0,0.06466061641100505,0.006750000000000001,0.0020634920634920637,0.0,0.0,0.002708333333333334,0.0,0.003891203703703704,0.006813725490196079,0.007111111111111111,0.0,0.016225981620718463,0.0014444444444444444,0.0020634920634920637,0.0,0.003095238095238095,0.0,0.0,0.0,0.007173913043478261,0.0,0.0,0.009237405106970324,0.0,0.0,0.0,0.0,0.0,0.0,0.007291666666666666,0.0,0.001805555555555556,0.03082908163265306
0.0,0.01,0.0032500000000000003,0.0,0.0,0.0,0.007991996798719488,0.003537414965986394,0.0,0.0,0.0017105263157894746,0.0,0.0,0.0,0.006749999999999999,0.03989359974009096,0.017333333333333333,0.011214047022317701,0.0,0.009967171717171718,0.013751133786848075,0.0,0.0,0.0,0.0023636363636363633,0.0010505050505050504,0.003334415584415583,0.0016049382716049388,0.021093395252837977,0.0,0.0,0.0053304473304473295,0.0016049382716049388,0.0014444444444444446,0.00286764705882353,0.0,0.0,0.018289473684210526,0.0,0.0,0.01,0.0056879084967320255,0.0,0.0,0.023960384153661467,0.0026666666666666666,0.0,0.007311728395061727,0.0014181818181818184,0.0,0.0,0.024752058718224133,0.0,0.007173913043478261,0.0017105263157894746,0.0,0.0,0.0029323308270676695,0.0017105263157894735,0.0,0.00857142857142857,0.0,0.0,0.01,0.0,0.008374999999999999,0.0,0.005185185185185186,0.0,0.0,0.0016049382716049382,0.0,0.0,0.018142857142857145,0.0,0.00375,0.0,0.0,0.0,0.01,0.0,0.0,0.0013032581453634084,0.0,0.007291666666666665,0.007333333333333333,0.008395061728395062,0.008819223985890651,0.0,0.007333333333333334,0.0,0.008395061728395062,0.0,0.0,0.037212450592885374,0.0,0.0,0.0,0.0,0.0,0.0020634920634920637,0.007724263038548754,0.0,0.0,0.0,0.0,0.0,0.04264890389967789,0.0016049382716049382,0.0,0.0,0.0,0.0,0.003421052631578948,0.0,0.0,0.0,0.0,0.0018571428571428576,0.003537414965986394,0.002659090909090909,0.010125305340991615,0.01839506172839506,0.02224722786718173,0.0,0.0,0.0,0.008395061728395062,0.0,0.005489081996434939,0.0,0.0,0.0,0.0,0.0,0.0,0.0,0.0,0.008987012987012988,0.0,0.01,0.0020634920634920637,0.0016213151927437647,0.0,0.001428571428571429,0.0015294117647058827,0.0,0.0,0.0,0.0,0.0,0.0,0.0,0.0,0.0014444444444444448,0.0,0.0,0.0,0.0,0.008607142857142855,0.0018571428571428576,0.0016049382716049388,0.0,0.007346938775510205,0.0,0.008289473684210527,0.0,0.01,0.007936507936507936,0.0029323308270676695,0.0,0.0,0.0,0.01,0.009853383458646617,0.0,0.0016049382716049388,0.0,0.0,0.020160493827160498,0.0,0.0,0.001428571428571429,0.0,0.00198095238095238,0.028696524064171128,0.0012244897959183684,0.0017105263157894746,0.0,0.0,0.0,0.0,0.014137254901960782,0.007936507936507936,0.0,0.0,0.03240208764665286,0.0035929038281979466,0.0017105263157894746,0.007636363636363638,0.0,0.0,0.0,0.0,0.025416666666666664,0.0,0.0,0.0,0.0,0.0,0.0,0.0,0.0,0.04597972600346181,0.02438582251082251,0.0,0.0,0.0015166666666666672,0.006650623885918004,0.0,0.0,0.0,0.0,0.039330448622517465,0.0,0.0,0.008470588235294117,0.0010317460317460316,0.0,0.004712962962962964,0.0,0.0,0.0,0.002234156820622986,0.0,0.0,0.0018571428571428576,0.0,0.0,0.0,0.01,0.004254658385093167,0.0,0.0,0.0017105263157894746,0.0015294117647058827,0.0,0.0,0.005824242424242424,0.002708333333333334,0.0,0.0,0.0015294117647058827,0.0,0.0,0.0355444921225623
0.006750000000000001,0.0,0.0,0.028289473684210528,0.018522727272727274,0.0,0.0,0.0,0.0,0.0,0.0,0.0,0.02,0.0,0.0,0.01,0.02,0.0015294117647058827,0.0,0.008142857142857144,0.0,0.0,0.0,0.0,0.0,0.0,0.0,0.0014772727272727272,0.01852272727272727,0.0,0.0,0.0,0.0,0.0,0.0,0.0,0.0,0.01,0.0,0.0,0.05,0.0,0.0,0.0,0.01,0.0,0.0,0.0,0.0,0.0,0.0,0.0015234375,0.0,0.0,0.0015294117647058827,0.0,0.0,0.0,0.0,0.0018571428571428565,0.0,0.0,0.0,0.024448564593301435,0.0,0.0182699709513435,0.0,0.01839506172839506,0.0,0.0,0.01,0.0,0.0,0.0,0.0,0.0,0.0,0.0,0.0,0.0017105263157894746,0.0,0.0,0.011529411764705884,0.0020634920634920637,0.001428571428571428,0.008470588235294117,0.0015294117647058827,0.0,0.0017105263157894735,0.0016049382716049382,0.0,0.0,0.0,0.0,0.0,0.0,0.0,0.0,0.0,0.0,0.008142857142857144,0.02643233082706767,0.0,0.0030409356725146198,0.005824242424242424,0.0,0.0,0.0,0.0,0.01,0.0,0.0,0.0,0.005894736842105262,0.0,0.0018571428571428576,0.0,0.0,0.0,0.0,0.0,0.01053408029878618,0.028604126055880447,0.0,0.0,0.0,0.03,0.0,0.010018055555555556,0.0018571428571428565,0.0014181818181818184,0.0,0.008289473684210525,0.0,0.0014444444444444444,0.0,0.0,0.008289473684210527,0.03160493827160494,0.0,0.008470588235294117,0.0,0.0,0.0,0.0,0.0,0.0,0.0,0.04666558441558442,0.0,0.0,0.01,0.0,0.0023636363636363646,0.0,0.0,0.0,0.0,0.02839225068017638,0.0015294117647058827,0.0014772727272727272,0.0016049382716049388,0.0,0.0,0.0016049382716049382,0.0,0.0017105263157894735,0.016966490299823632,0.02,0.05640709617180205,0.008470588235294117,0.01,0.0017105263157894735,0.008522727272727272,0.01,0.0,0.007219251336898396,0.0,0.0,0.0,0.0,0.01,0.0,0.0,0.0016049382716049382,0.01,0.008142857142857144,0.001477272727272727,0.0,0.0014444444444444444,0.0,0.002708333333333334,0.008395061728395062,0.0020634920634920637,0.0,0.0,0.045093474426807764,0.0,0.0,0.0,0.0,0.0,0.0,0.0,0.0,0.0,0.0,0.008395061728395062,0.0,0.0,0.0,0.0,0.0027807486631016036,0.018555555555555558,0.0,0.0018571428571428576,0.0,0.007014062499999999,0.0018571428571428576,0.0,0.0,0.0014772727272727272,0.0,0.0,0.03964703425229741,0.0,0.0,0.0,0.0,0.0,0.0,0.02,0.0,0.0,0.0014772727272727272,0.0,0.01,0.0,0.0,0.0,0.017936507936507938,0.0,0.0,0.0,0.0,0.0,0.0,0.0,0.007291666666666665,0.0,0.0,0.0,0.015107142857142857,0.0,0.0,0.01
0.01857142857142857,0.0,0.0,0.0015089285714285714,0.003277261200338121,0.0,0.012586221988795516,0.0,0.0015234374999999996,0.0,0.004724789915966384,0.0036562499999999993,0.019612125551975175,0.0,0.0014625000000000005,0.0,0.0031225490196078423,0.02395153205501762,0.0,0.0,0.0034210526315789484,0.0014325068870523414,0.0,0.0017052469135802471,0.0,0.0,0.0035374149659863933,0.003939393939393939,0.017096786042240582,0.0,0.0014444444444444442,0.0,0.0,0.0026530612244897956,0.0015046296296296292,0.0,0.0,0.0,0.001805555555555555,0.0,0.0029323308270676686,0.01475205871822413,0.011547619047619048,0.0,0.008821637426900585,0.0,0.0061683823529411754,0.004427128427128428,0.0,0.012682539682539679,0.006749999999999999,0.0,0.0,0.0,0.0011818181818181817,0.00231111111111111,0.0,0.0036479591836734693,0.0,0.003404761904761904,0.009999999999999998,0.0,0.0,0.001805555555555555,0.0,0.0019809523809523797,0.0,0.05752227306673312,0.0,0.0,0.009541446208112873,0.0036128354249566367,0.0,0.0,0.0029644153957879434,0.0,0.0,0.0030588235294117636,0.0014707070707070705,0.0,0.0,0.0,0.0,0.0,0.0,0.011242716003258664,0.0,0.007067669172932329,0.0,0.003939393939393939,0.0,0.0,0.0,0.0,0.02157117089259946,0.0,0.0,0.0,0.0,0.002998846597462514,0.0,0.0028676470588235295,0.0,0.0,0.0,0.0,0.0,0.005909090909090907,0.0,0.0,0.0,0.003999999999999999,0.001710526315789473,0.013499999999999993,0.007855762594893031,0.007742877693342088,0.0026894570707070705,0.0014444444444444442,0.0,0.0,0.0,0.008289473684210524,0.0028888888888888883,0.01813461538461538,0.0,0.0,0.00128395061728395,0.0,0.0,0.0,0.010281954887218043,0.0,0.0019809523809523797,0.0,0.0,0.0,0.0,0.0,0.013597278911564623,0.0,0.027911046555783386,0.0037635802469135797,0.005769330734243013,0.0,0.0030822109988776648,0.0031502976190476194,0.0,0.0,0.0749525498751689,0.0,0.0,0.005357142857142856,0.0,0.0,0.0,0.0,0.0,0.016936412459720725,0.0,0.011857142857142854,0.0,0.0028260869565217396,0.0,0.0,0.0014069264069264068,0.004523391812865496,0.0044444444444444444,0.008470588235294115,0.0,0.009247211611917492,0.017497553933854243,0.0,0.0,0.0,0.0,0.0,0.0,0.0,0.0,0.030391823715131976,0.005294117647058822,0.0,0.0,0.00411111111111111,0.0016249999999999997,0.01671489197530864,0.007116479925303453,0.012624305555555554,0.0,0.0,0.003909774436090225,0.0,0.0,0.0,0.0,0.0015798611111111109,0.0,0.002561378490790255,0.0,0.008185064935064936,0.0014444444444444446,0.006823633156966487,0.0029475935828877,0.0020634920634920633,0.014686507936507933,0.0,0.009076086956521737,0.02913163962277234,0.0,0.0,0.006749999999999997,0.0,0.010245377257761158,0.0073333333333333315,0.0,0.0,0.004976076555023922,0.0031343500363108204,0.0,0.0,0.0,0.0,0.0,0.03058900226757369,0.009999999999999998,0.0,0.009999999999999998,0.0,0.0,0.0,0.0014444444444444442,0.0,0.0026434277414669567,0.0,0.019001624683689898,0.0,0.009999999999999998,0.0,0.0,0.009268398268398266,0.0,0.010765540745803904,0.001875901875901875,0.0,0.0,0.0014444444444444442,0.0023582766439909295,0.0,0.00566077097505669,0.0,0.005365079365079364,0.0,0.0,0.006126951331496785,0.006667658730158728,0.018748027476097648
0.0015105301379811184,0.00043333333333333266,0.0016049382716049382,0.0,0.0,0.0,0.0,0.0,0.0,0.0,0.0,0.0018055555555555555,0.015388874068145778,0.0,0.0,0.0,0.005377777777777779,0.001456582633053222,0.0,0.002708333333333334,0.0,0.016675804434834362,0.002780748663101605,0.00980808370180028,0.0,0.023691099119386317,0.004498333003234965,0.0027926960257787323,0.020829478949432812,0.0,0.0,0.0,0.004027173913043476,0.0,0.0,0.0,0.0,0.03973285651546521,0.0015294117647058827,0.0010505050505050504,0.009154710032161013,0.014459653977754141,0.0,0.0,0.007111111111111112,0.0,0.0,0.0,0.00830065359477124,0.003537414965986394,0.0054920116194626,0.019682539682539683,0.002780748663101605,0.0016250000000000001,0.0018055555555555555,0.0,0.0,0.0,0.005926746456158221,0.0,0.0,0.004952380952380953,0.0,0.008289473684210527,0.0,0.006136111111111112,0.0,0.01431375303975923,0.0014869281045751634,0.0,0.0,0.0013032581453634082,0.004369444444444443,0.0018571428571428565,0.0014444444444444444,0.0016993464052287586,0.0022857142857142855,0.0016049382716049388,0.007959980164314533,0.0,0.0,0.0024161561310684122,0.0,0.0028888888888888888,0.0,0.020466666666666664,0.00365625,0.007021423384168482,0.0,0.0,0.0,0.0021949610869278456,0.0,0.0,0.0149167118296594,0.0014006734006734003,0.0,0.0,0.0,0.0020634920634920633,0.01562928849902534,0.005084552339454301,0.0014444444444444444,0.0,0.0015394736842105263,0.0,0.008522727272727272,0.0,0.001359477124183006,0.007111111111111112,0.0,0.0,0.0033203463203463203,0.0,0.0,0.0056879084967320255,0.0,0.0095,0.0,0.0,0.0021666666666666666,0.013640085010038874,0.0,0.006303030303030303,0.0,0.0012037037037037036,0.005428467683369644,0.004521739130434781,0.0,0.0,0.0,0.0,0.0,0.009214367565207902,0.0032500000000000003,0.0,0.0,0.0,0.021190781469419245,0.0,0.007936507936507936,0.0,0.0,0.0031759539842873188,0.0,0.02958876507718097,0.0,0.01280079365079365,0.01424346405228758,0.0,0.006060606060606061,0.0013032581453634084,0.0020583333333333326,0.0,0.0,0.0,0.0,0.0,0.019171564824760314,0.0,0.004013492063492064,0.006749999999999999,0.0,0.0028086419753086418,0.0,0.005845310245310245,0.0,0.005950310559006209,0.0,0.018716049382716052,0.008395061728395062,0.0,0.004834821428571428,0.0,0.005023923444976077,0.0,0.0,0.0,0.0,0.034223665223665226,0.011800000000000001,0.006959064327485379,0.013880513077107503,0.0,0.007936507936507938,0.025559547152194207,0.0017105263157894746,0.0,0.0,0.0,0.0,0.0,0.006749999999999999,0.0,0.0,0.004935064935064936,0.007936507936507936,0.0017105263157894746,0.0,0.006267813522715484,0.0,0.0034528935976304398,0.0,0.0,0.025581180620396306,0.005221386800334168,0.006734449760765552,0.0061764705882352946,0.0,0.0,0.0,0.0018055555555555555,0.0,0.008187074829931975,0.0,0.00873611111111111,0.0015476190476190479,0.015602711348583381,0.0,0.0,0.0015798611111111113,0.0,0.0,0.006701190476190477,0.013151003933849206,0.0,0.02128826937473554,0.0,0.0026198257080610023,0.0014186507936507936,0.0,0.011062718062265164,0.0014444444444444446,0.0028086419753086418,0.0,0.0,0.013880737143342188,0.0017105263157894735,0.009270482603815937,0.026241807727875835,0.0,0.0015931372549019608,0.0,0.010615683229813669,0.00286764705882353,0.0031388585361905347,0.0,0.0,0.008744555963903035,0.0,0.0,0.0,0.0,0.0,0.00282608695652174,0.007219251336898395
0.01722138548180215,0.0016049382716049384,0.0,0.0,0.0,0.0,0.0,0.0,0.0,0.0029862012987012998,0.0,0.0029323308270676695,0.028522727272727273,0.0,0.0,0.0,0.0,0.0,0.0,0.00304093567251462,0.0,0.0,0.0,0.0,0.0,0.0,0.0,0.005185661764705884,0.00743464052287582,0.0,0.0014772727272727272,0.010000000000000002,0.0,0.0,0.0,0.012255102040816325,0.0018571428571428578,0.008395061728395064,0.002808641975308642,0.0018571428571428578,0.011538866930171282,0.007555503682954665,0.0015798611111111115,0.0,0.0,0.001132897603485839,0.0,0.0016049382716049384,0.010000000000000002,0.01185714285714286,0.006285714285714288,0.0,0.0025852272727272733,0.0,0.006750000000000002,0.0,0.0,0.008289473684210527,0.0,0.0,0.0,0.0,0.0,0.001604938271604939,0.0018055555555555557,0.0017105263157894738,0.003611111111111113,0.0,0.0,0.0,0.025272727272727277,0.0,0.0,0.0,0.0,0.0,0.0,0.0016478510596157664,0.0,0.008910770975056692,0.0,0.0,0.0,0.0,0.0,0.020361111111111115,0.0017105263157894738,0.04017851955597054,0.0,0.0,0.0,0.0,0.0,0.0,0.008470588235294119,0.0,0.0,0.0,0.00522138680033417,0.0,0.006640037593984963,0.028054638522075497,0.0019809523809523806,0.0,0.0,0.007724263038548755,0.0,0.0,0.0,0.0,0.0027807486631016053,0.0,0.0,0.00793650793650794,0.0,0.0,0.0,0.011980952380952382,0.0,0.0,0.0,0.021600320245057095,0.0028260869565217405,0.01803091607013176,0.0017105263157894738,0.0,0.0,0.0,0.0015294117647058829,0.0,0.0,0.006147486772486773,0.0071739130434782614,0.0,0.002063492063492064,0.0,0.0,0.0,0.0784598496141324,0.0,0.03661344537815127,0.0,0.004976076555023924,0.0015294117647058829,0.0,0.0,0.0,0.0,0.06711310684117704,0.0014772727272727275,0.0,0.0,0.0,0.011359477124183007,0.015508725021108921,0.0,0.0,0.0013541666666666671,0.025779220779220784,0.011175810391496668,0.0018571428571428578,0.0,0.0,0.006388888888888888,0.0,0.0,0.0,0.017875816993464057,0.0,0.01852530134860962,0.02026371774006045,0.0,0.0,0.0,0.0,0.006959064327485383,0.0035374149659863946,0.0,0.0,0.014917831947593855,0.0,0.0,0.001203703703703704,0.0,0.0,0.008555555555555558,0.0,0.0,0.0,0.0,0.0026530612244897965,0.0,0.0,0.0,0.0,0.0,0.0071111111111111115,0.0,0.0,0.0,0.0,0.0,0.0,0.002808641975308642,0.01906493506493507,0.017932843410268594,0.0023582766439909303,0.0032500000000000016,0.0032500000000000016,0.0,0.0,0.0031825196408529753,0.0,0.007291666666666666,0.005023923444976078,0.018522727272727274,0.0,0.0,0.0,0.0,0.0,0.0,0.0,0.007219251336898396,0.02828947368421053,0.0,0.0156311612364244,0.0,0.0,0.0,0.0,0.008548185941043087,0.0,0.0,0.030342105263157903,0.0,0.0,0.0,0.0,0.0,0.0,0.0,0.012771329365079366,0.0,0.0015476190476190485,0.0,0.0,0.0,0.0,0.0,0.001685185185185185,0.0,0.0017105263157894748,0.0017105263157894748,0.0,0.017219251336898396
0.024086048454469506,0.0,0.0,0.00282608695652174,0.0,0.0,0.0,0.0014161220043572987,0.001428571428571428,0.01376075036075036,0.0,0.0,0.027752691985885262,0.0,0.0,0.0,0.007219251336898395,0.001354166666666667,0.0,0.02317149662822937,0.004878203133105093,0.0,0.0034620811287477955,0.0027575757575757577,0.0007878787878787878,0.004029671717171717,0.0,0.0,0.0018571428571428576,0.004852130325814536,0.0,0.0,0.004965986394557822,0.0,0.0,0.0,0.0,0.0017105263157894746,0.005687908496732027,0.0,0.00198095238095238,0.012985684651319324,0.014153524598245098,0.0,0.0,0.0022657952069716773,0.0,0.0016410256410256414,0.0076599909125860685,0.025158667502088557,0.00668093487394958,0.00235827664399093,0.0016049382716049382,0.006890085010038873,0.014986148845503115,0.004497354497354496,0.0,0.0,0.0,0.007150000000000001,0.0,0.0,0.0,0.03360437072432459,0.0025312500000000005,0.01155261768006866,0.0,0.01,0.0,0.0,0.010303099797423842,0.0015294117647058827,0.0018519984170953707,0.007111111111111112,0.0045079883805374,0.006060606060606061,0.0010256410256410256,0.00235827664399093,0.004960526315789476,0.005221386800334169,0.0,0.0,0.0,0.0011328976034858389,0.0,0.03996491228070176,0.0,0.0014359974009096812,0.0,0.006249999999999999,0.0,0.0,0.004642857142857142,0.0020634920634920637,0.024544642857142862,0.0,0.0014772727272727272,0.0,0.0,0.0,0.007936507936507936,0.0018571428571428576,0.0,0.00198095238095238,0.008555555555555556,0.0,0.0012187500000000002,0.0,0.0,0.008522727272727272,0.0,0.0,0.0,0.00674862596553773,0.0,0.0,0.0016507936507936505,0.0,0.0,0.0,0.0,0.007123268398268396,0.0,0.025637013401316473,0.0,0.0,0.019649509803921567,0.005824242424242424,0.0022698412698412703,0.0016478510596157662,0.0,0.0,0.0,0.0,0.0,0.003537414965986394,0.0,0.0,0.02564113827349121,0.0,0.015400584795321635,0.0034816738816738826,0.0,0.00428698752228164,0.0,0.0,0.0056952380952380935,0.0006893939393939392,0.005875986758339699,0.0,0.0,0.0,0.00196969696969697,0.0,0.0,0.0028888888888888888,0.0,0.0014325068870523416,0.0,0.0,0.0,0.0,0.0,0.0,0.0,0.0029323308270676695,0.0032500000000000003,0.0014772727272727272,0.0,0.001354166666666667,0.024041666666666663,0.0,0.0,0.0,0.0,0.0,0.0,0.0,0.0,0.03183775732515229,0.005927448830409357,0.0011328976034858389,0.006285714285714287,0.0,0.0,0.031008870888422704,0.0018571428571428565,0.008522727272727272,0.0018055555555555555,0.0,0.0,0.002810530137981118,0.0,0.0,0.0015476190476190479,0.0,0.004706278470984353,0.004678499278499278,0.007925246618229078,0.01393939393939394,0.0,0.0029549745824255635,0.0,0.0,0.03113528206095558,0.004935064935064936,0.0,0.004834821428571428,0.0,0.0,0.0,0.0014772727272727272,0.0014181818181818184,0.011819727891156461,0.0,0.0,0.0,0.01692539134030362,0.005357142857142857,0.0,0.0,0.0,0.0,0.018380900508351488,0.023624648743069798,0.01940526082188287,0.009602401726240734,0.0027926960257787323,0.0,0.0011328976034858387,0.0,0.0,0.008897621270730516,0.0,0.0023636363636363646,0.0015294117647058827,0.0019080380690287813,0.0,0.0,0.010294784580498866,0.0,0.006285714285714286,0.014935064935064937,0.01,0.0,0.005719742063492064,0.00046648724849416933,0.0,0.0018571428571428565,0.0,0.006060606060606061,0.0,0.0,0.0037998993585327844,0.0,0.009373747549702143
0.0,0.0016049382716049382,0.0,0.0,0.0,0.0039912280701754396,0.003462081128747796,0.0,0.006458333333333333,0.00282608695652174,0.00441358024691358,0.0,0.02324477861319967,0.0,0.0016756176154672398,0.01,0.008564002599090318,0.0,0.0,0.0,0.01182636492600261,0.0016993464052287586,0.0,0.0,0.0,0.0,0.0016802721088435375,0.00282608695652174,0.01759352034274635,0.003791666666666667,0.0,0.0,0.0,0.0,0.0,0.0,0.0016507936507936505,0.002659090909090909,0.004138018843901198,0.0,0.0015105301379811184,0.013070091922687078,0.006890085010038873,0.008314814814814817,0.018165263748597085,0.0028888888888888888,0.0014772727272727272,0.005055218383649755,0.0,0.035977433557154916,0.0024276377217553693,0.006959064327485382,0.0,0.0,0.003134817563388992,0.0,0.0,0.0018571428571428565,0.004062982768865122,0.01,0.00859126984126984,0.0,0.002681436210847975,0.01020906432748538,0.0,0.008395061728395062,0.0,0.0,0.0,0.0,0.011929992471296821,0.0,0.005824242424242423,0.0,0.0,0.008067523305618544,0.0,0.0015993848519800084,0.001616161616161616,0.0016250000000000001,0.005294117647058823,0.0,0.006646616541353384,0.0016049382716049382,0.0014772727272727272,0.012437325197050599,0.0,0.02713362307886117,0.0,0.0,0.0,0.002780748663101605,0.0,0.0,0.017871525714662967,0.0,0.0,0.0,0.006472383967437391,0.000506822612085771,0.0,0.007111111111111111,0.007173913043478261,0.0038268398268398274,0.02114509192106595,0.0020583333333333326,0.0,0.013734155971756893,0.0062477954144620805,0.0,0.0,0.0,0.0,0.008395061728395062,0.009447038074489055,0.0009801587301587306,0.005555555555555556,0.0,0.0,0.0,0.0,0.0018571428571428576,0.0015993848519800084,0.0016049382716049382,0.0,0.0,0.0,0.0,0.0,0.007173913043478261,0.002780748663101605,0.0014444444444444444,0.002870945479641131,0.007085148874364562,0.0,0.0,0.0031655844155844153,0.0,0.034976120857699806,0.0015105301379811184,0.006462585034013606,0.0,0.0,0.012092231567059943,0.0,0.01,0.00393939393939394,0.0,0.009831059129304744,0.0,0.0,0.0,0.005377777777777779,0.0015166666666666672,0.0,0.0,0.0,0.0,0.006714891975308641,0.0018055555555555555,0.002780748663101605,0.01460544217687075,0.010355204292055503,0.0,0.0,0.002913270128182408,0.008137541566334136,0.009670294274009445,0.0,0.0016927083333333334,0.0,0.008395061728395062,0.0,0.0,0.0013032581453634082,0.006031189083820662,0.0,0.0,0.0,0.028635373341255696,0.0,0.009113636363636364,0.0,0.0,0.0054920116194626,0.03069166789522827,0.026294774369077775,0.0,0.0,0.0,0.003738562091503268,0.0,0.0,0.0,0.0,0.015359692265010928,0.0,0.006890085010038873,0.006305267204921186,0.0007552650689905597,0.0,0.0,0.0,0.003434343434343433,0.008142857142857144,0.0,0.0015798611111111113,0.010762594893029675,0.012400546770500636,0.0,0.0,0.006163281216626084,0.0,0.011045202020202023,0.0,0.0018571428571428565,0.0,0.014669521473748861,0.006206283683063869,0.0,0.0,0.0,0.0,0.021965729889108783,0.0,0.0,0.01838990299823633,0.0,0.0,0.0,0.0,0.002454545454545455,0.0,0.0,0.008522727272727272,0.0,0.0007738095238095238,0.0016049382716049382,0.0016851851851851845,0.0010505050505050504,0.010381066302118934,0.0030409356725146198,0.011857142857142858,0.015241183574879226,0.0018571428571428565,0.013948220995322442,0.0,0.0,0.0,0.0,0.01149090909090909,0.0,0.009894957983193276,0.002272727272727273,0.0,0.0
0.017144274376417235,0.0,0.0,0.006959064327485382,0.006175285708825441,0.0,0.005097080937638214,0.0,0.001428571428571428,0.0,0.0,0.0,0.03474747474747475,0.0,0.0,0.0,0.008470588235294117,0.0,0.0,0.01,0.0,0.008522727272727272,0.0,0.0,0.0,0.006749999999999999,0.0,0.0020634920634920637,0.011720588235294118,0.0,0.0,0.0,0.0,0.0,0.0,0.0,0.0,0.008571428571428572,0.0014201183431952658,0.0,0.0,0.0,0.013250000000000001,0.0017105263157894735,0.003809523809523811,0.0,0.0,0.0,0.0036684303350970017,0.0,0.0,0.0016049382716049388,0.0,0.0,0.006060606060606061,0.0015294117647058827,0.0,0.0,0.0018571428571428576,0.01004616477272727,0.017624170274170275,0.0,0.0,0.010496479293471776,0.0,0.0,0.006749999999999999,0.01,0.0028260869565217388,0.0023636363636363633,0.04196825396825397,0.0,0.0,0.0018571428571428565,0.0,0.0,0.0012037037037037038,0.0,0.0,0.0,0.0020634920634920637,0.0,0.0,0.0,0.0056521739130434775,0.0800508210018014,0.022856951871657757,0.021128787878787882,0.003095238095238095,0.0,0.0,0.004347826086956522,0.0,0.004852130325814536,0.045670314253647586,0.0,0.0,0.0,0.0,0.0,0.01,0.01585813099943535,0.0,0.00375,0.0018571428571428565,0.01,0.0,0.0018571428571428565,0.0,0.0,0.0010505050505050504,0.0,0.0,0.0,0.006749999999999999,0.0,0.0015294117647058827,0.0,0.0,0.0,0.0,0.0,0.008470588235294117,0.0,0.0016049382716049382,0.0,0.0015294117647058827,0.0,0.0,0.0,0.0,0.0,0.0,0.0,0.0,0.0016993464052287586,0.0006647727272727273,0.0,0.024474426807760144,0.0,0.04738415905082572,0.0,0.0,0.0,0.0037500000000000007,0.008619000771604936,0.0,0.0014370748299319732,0.0,0.0,0.0,0.008142857142857144,0.00393939393939394,0.01625,0.0,0.0,0.0,0.0,0.014740299823633157,0.008395061728395062,0.0,0.0,0.0,0.0,0.0,0.0,0.0,0.0023523809523809513,0.0,0.018142857142857145,0.04065311004784689,0.0,0.0,0.0014186507936507936,0.0014625000000000005,0.0,0.004346031746031748,0.0,0.0,0.015034316417269789,0.0,0.0,0.00564935064935065,0.0,0.0,0.018470588235294117,0.0,0.0,0.0,0.0,0.0041269841269841265,0.0,0.01603526493000177,0.0008125000000000001,0.0030409356725146198,0.0,0.005652173913043476,0.0,0.0,0.016749999999999998,0.0,0.0,0.0,0.0025785123966942146,0.01715976331360947,0.0,0.0,0.006462585034013606,0.0,0.0,0.0,0.0,0.0,0.023393939393939394,0.0026666666666666666,0.012808641975308642,0.004521739130434782,0.003301587301587301,0.0,0.0,0.0032500000000000003,0.0,0.0015294117647058827,0.009439886480908153,0.0020526315789473693,0.0,0.0,0.0,0.004812454611474219,0.0,0.007173913043478261,0.01,0.0,0.0,0.01,0.0,0.0,0.0,0.0,0.01,0.007333333333333334,0.008395061728395062,0.01,0.018395061728395064,0.0014201183431952658,0.0,0.0,0.0,0.006711462450592889,0.0,0.0014772727272727272,0.0,0.0,0.0,0.0,0.0
0.02070988076251234,0.0,0.0,0.0,0.0,0.0,0.0,0.00282608695652174,0.006363636363636364,0.019493506493506493,0.0014661654135338345,0.0,0.02115875868866065,0.0028888888888888888,0.00393939393939394,0.0023008344312692146,0.0018759018759018755,0.004982683982683982,0.00047204066811909993,0.007636363636363638,0.004062907268170426,0.0,0.0,0.0,0.0,0.0,0.0023636363636363646,0.0,0.03035296574770259,0.0,0.0018055555555555555,0.0027661654135338345,0.00794388755502201,0.0017105263157894735,0.0,0.0,0.0,0.007219251336898395,0.0,0.0,0.0,0.013283931754519989,0.0,0.0,0.02270106483139065,0.0,0.0,0.0018462823725981623,0.0,0.04906757418752806,0.0,0.0018571428571428576,0.0,0.001616161616161616,0.0,0.0017105263157894735,0.0,0.0017593984962406006,0.005662261714893294,0.0,0.005492011619462599,0.0018571428571428565,0.0,0.010510728575825528,0.0,0.0,0.0,0.006136111111111112,0.0,0.0,0.010932564253771683,0.005652173913043476,0.0,0.0,0.0,0.008742011619462602,0.0,0.0,0.004814814814814814,0.0,0.0,0.0,0.0,0.0,0.0,0.011392857142857144,0.0,0.008178571428571427,0.0,0.0013541666666666665,0.0,0.0,0.0014444444444444444,0.0,0.01628571428571429,0.0020634920634920637,0.0,0.0,0.0,0.0017052469135802474,0.0,0.009842203548085902,0.0,0.0,0.0063888888888888875,0.0015294117647058827,0.0,0.007333333333333334,0.0018055555555555555,0.0,0.0,0.0014869281045751634,0.0,0.035023849856147996,0.00773549596309112,0.0,0.0,0.0,0.0,0.004346031746031747,0.0,0.0,0.0,0.02387981802148469,0.0030409356725146198,0.0,0.0,0.005185185185185186,0.0,0.0,0.0,0.0,0.005401190476190476,0.0,0.0015294117647058827,0.0,0.0015476190476190483,0.002560199518403854,0.036941176470588234,0.0,0.0,0.0011328976034858389,0.0,0.0015394736842105263,0.0032287581699346414,0.00709047619047619,0.0,0.0,0.008470588235294117,0.0031140164731496005,0.0,0.0028888888888888888,0.0,0.0,0.008789001122334456,0.0,0.004346031746031748,0.0015105301379811184,0.0,0.01150375939849624,0.0028086419753086418,0.0,0.0,0.0,0.0,0.0,0.012421825396825398,0.05715989046690801,0.0,0.017653336773305814,0.013063492063492064,0.0,0.0,0.0,0.0,0.0009774436090225565,0.0,0.007196078431372549,0.0,0.008723005771509385,0.0,0.0054920116194626,0.0,0.0017105263157894735,0.001428571428571428,0.007111111111111112,0.014350079744816587,0.017585023163970533,0.0,0.00461467920501534,0.0,0.006522927689594355,0.0018571428571428576,0.008657838893133011,0.001274509803921569,0.014935064935064935,0.009712057550292842,0.003915476190476189,0.0,0.032801882351381095,0.0,0.003250000000000001,0.0,0.0,0.0,0.010080225196582266,0.0,0.016732030270020466,0.0016802721088435375,0.0,0.006472383967437391,0.0016049382716049382,0.0,0.006060606060606061,0.0,0.0,0.0,0.005264299465018651,0.0,0.0,0.0,0.0,0.0,0.0,0.018485080988917307,0.01224004753416518,0.005666666666666666,0.0,0.0024761904761904756,0.0,0.004090909090909092,0.0,0.0,0.0,0.03804479578392622,0.0,0.013288789428815001,0.0,0.0,0.0,0.0,0.0,0.0,0.0,0.00392063492063492,0.0,0.0,0.0,0.0011328976034858389,0.0014444444444444444,0.0,0.0,0.01,0.0027829991645781115,0.008354938271604937,0.015357142857142856
0.017287414965986393,0.013604976985347515,0.0,0.009139050634104055,0.0,0.0,0.0061764705882352946,0.00393939393939394,0.0,0.0,0.0030409356725146198,0.0,0.02,0.0,0.0,0.0,0.007333333333333334,0.006136111111111112,0.0,0.0,0.009523238925199708,0.0,0.0,0.0,0.0,0.0007878787878787878,0.0036617525798198058,0.0,0.0,0.0,0.016998217468805702,0.002321428571428572,0.0015294117647058827,0.0017105263157894735,0.0,0.0,0.0,0.008064814814814816,0.0,0.0,0.012598696145124717,0.0018571428571428565,0.02370906432748538,0.0,0.02392331206804891,0.0,0.0,0.005099269005847953,0.0,0.016257477025898078,0.007936507936507938,0.0061764705882352946,0.0,0.0014359974009096812,0.0,0.0012037037037037038,0.008522727272727272,0.0,0.0020583333333333326,0.0,0.0,0.003899055918663761,0.0,0.01053408029878618,0.0,0.008142857142857144,0.0,0.01599963924963925,0.0,0.0,0.020570494864612515,0.0,0.0,0.0,0.0,0.0,0.0026666666666666666,0.0,0.0,0.007173913043478261,0.0017105263157894735,0.0028888888888888888,0.006136111111111112,0.0,0.0,0.007111111111111111,0.0,0.001428571428571428,0.0,0.0,0.0,0.0,0.0,0.0,0.0018571428571428565,0.0,0.0,0.0,0.010272108843537416,0.001274509803921569,0.0,0.006060606060606061,0.0,0.0,0.0,0.0,0.0020462962962962974,0.012083296476485332,0.0,0.01,0.0015798611111111113,0.0,0.0,0.0,0.0,0.0,0.0,0.0,0.0,0.0024949494949494957,0.0,0.0,0.0,0.0,0.0,0.0,0.00453781512605042,0.0,0.0,0.0,0.004642857142857142,0.0018571428571428576,0.0,0.0032077922077922076,0.0,0.0014772727272727272,0.0,0.0008496732026143792,0.04486624464600655,0.0,0.009017397660818714,0.013454261477144775,0.0017105263157894735,0.008142857142857144,0.0,0.003035094739650246,0.0036921768707482996,0.0,0.015220588235294118,0.0,0.0,0.0,0.0,0.0,0.001428571428571428,0.0012037037037037038,0.0,0.0,0.018022486772486773,0.00647238396743739,0.0,0.0,0.012576394194041253,0.0,0.0,0.001857142857142856,0.015145061728395061,0.027111111111111114,0.0,0.031300505050505044,0.02233877517868746,0.0,0.0,0.0,0.002653061224489796,0.0027318295739348366,0.007936507936507938,0.0017105263157894735,0.0,0.02620539347882377,0.02843341307814992,0.0,0.0,0.0,0.0,0.010146616541353383,0.015354126055880442,0.0015105301379811184,0.0,0.0,0.006249999999999999,0.0,0.0,0.001805555555555556,0.00198095238095238,0.008910770975056692,0.022033446712018137,0.0035259920634920644,0.0,0.0,0.0,0.000749711649365629,0.0035929038281979466,0.023240044120718464,0.040556010414706065,0.0063045847968817145,0.0,0.0,0.008832251082251084,0.0,0.005185185185185186,0.0016049382716049382,0.0,0.02,0.0,0.0030345471521942106,0.0,0.0015234375,0.009654761904761906,0.0,0.0008496732026143792,0.0,0.0,0.0018519984170953707,0.0,0.008564002599090318,0.0,0.0,0.005107142857142858,0.0,0.0,0.014203463203463204,0.0,0.0,0.03388114224956331,0.0016507936507936505,0.016531652661064423,0.002549019607843138,0.0009774436090225565,0.0,0.0,0.0018055555555555555,0.0,0.0,0.003250000000000001,0.006232683982683983,0.0,0.003120062059911684,0.0,0.0028260869565217388,0.0,0.0,0.0,0.0,0.0,0.0
0.014402777777777778,0.0,0.0,0.008289473684210527,0.0,0.0,0.0030409356725146198,0.006749999999999999,0.0023636363636363646,0.0,0.0,0.004333333333333333,0.03695906432748538,0.0,0.0032500000000000003,0.0,0.0,0.0,0.0,0.008395061728395062,0.0016049382716049382,0.0,0.0,0.0,0.0,0.0,0.008142857142857144,0.0,0.04257927225471086,0.0,0.0016049382716049382,0.0,0.0,0.0,0.0,0.0,0.004607948442534909,0.01,0.0,0.0,0.019771929824561402,0.0035929038281979466,0.0196969696969697,0.0,0.0,0.0,0.0,0.0,0.0197827903091061,0.010855263157894736,0.0,0.0,0.0032500000000000003,0.0,0.0,0.0020634920634920637,0.0,0.0,0.0,0.023967933301266633,0.0014772727272727272,0.0,0.0,0.0030409356725146198,0.0,0.0,0.0,0.0020634920634920637,0.0,0.0,0.04980099759201926,0.0,0.0,0.0,0.0,0.0,0.0,0.0,0.0,0.0,0.0,0.0,0.0,0.0,0.0,0.010968944099378883,0.0,0.023130338100152345,0.0,0.0018571428571428565,0.0,0.015728395061728396,0.0020634920634920637,0.0,0.0566984126984127,0.0,0.0,0.0,0.0,0.0,0.0016049382716049382,0.01235732187611887,0.0,0.0,0.0018055555555555555,0.01683731072383625,0.0,0.0,0.0028888888888888888,0.0076363636363636364,0.0,0.0014444444444444444,0.0,0.006959064327485379,0.0,0.0,0.0,0.0,0.0,0.010919191919191919,0.0,0.002780748663101605,0.0017105263157894735,0.01582424242424242,0.0,0.0,0.0014772727272727272,0.003537414965986394,0.0,0.0,0.0,0.0,0.0,0.0,0.0,0.0,0.0,0.0,0.007936507936507936,0.0,0.026302091206853114,0.0,0.0,0.0,0.0,0.0,0.0,0.0,0.016959064327485382,0.007936507936507938,0.018571428571428572,0.01,0.002659090909090909,0.01,0.0,0.0,0.0,0.0010317460317460316,0.015514619883040936,0.0,0.003537414965986394,0.0,0.01,0.0016049382716049388,0.0,0.010283828033439387,0.023271333094641366,0.007636363636363638,0.0,0.0,0.021449197860962565,0.0,0.0,0.001222222222222222,0.006531862745098041,0.001428571428571428,0.0,0.0,0.0,0.0,0.0014444444444444444,0.012945238095238096,0.0,0.0,0.0,0.0030409356725146198,0.008460526315789474,0.0,0.0,0.0,0.0,0.0,0.017936507936507938,0.0,0.0,0.0,0.0,0.0,0.0,0.007219251336898395,0.0026666666666666666,0.0,0.0,0.0,0.021444444444444443,0.0,0.0,0.008555555555555556,0.0,0.0,0.0,0.0037740183792815372,0.0,0.009647034252297411,0.0,0.0,0.0,0.0,0.0014444444444444444,0.0,0.0,0.0,0.0,0.016462585034013606,0.01306084656084656,0.007346938775510204,0.025145061728395063,0.0037500000000000007,0.0,0.008470588235294117,0.015221386800334169,0.0016049382716049388,0.0,0.0,0.008093699160181154,0.0,0.0018571428571428565,0.0,0.0,0.024671493869879105,0.011680272108843539,0.0,0.01,0.003250000000000001,0.0,0.0020462962962962974,0.0,0.0,0.00392063492063492,0.0,0.0015294117647058827,0.0,0.0,0.0,0.0,0.025514619883040938
0.013780170020077748,0.0,0.00167561761546724,0.0,0.0,0.0,0.007291666666666666,0.00547826086956522,0.004814814814814815,0.0,0.0,0.0,0.01954050711193569,0.0,0.0,0.010000000000000002,0.013691635304335785,0.0,0.0015294117647058833,0.020865592010328855,0.0,0.0,0.0,0.0,0.0,0.002888888888888889,0.006906832298136649,0.002363636363636365,0.0,0.0,0.001851998417095371,0.0,0.0021438878581735727,0.0,0.0,0.0,0.0014772727272727275,0.01075666630288479,0.0,0.00167561761546724,0.002063492063492064,0.005652173913043477,0.007636363636363637,0.0027231060606060613,0.0,0.0,0.0015105301379811187,0.003527616032562611,0.0,0.037525879040569754,0.004686002886002886,0.0,0.0016478510596157664,0.0,0.013707912457912459,0.0,0.0,0.0,0.001604938271604939,0.0,0.005492691057788014,0.0,0.0,0.02043915343915344,0.0,0.013151515151515154,0.0,0.039202741702741704,0.0039393939393939405,0.0,0.03778119429590019,0.0,0.006958467597565344,0.0,0.0,0.0,0.0,0.0,0.005799019607843139,0.005687908496732026,0.0,0.0,0.0,0.0,0.0,0.02285380116959064,0.008395061728395064,0.000749711649365629,0.0,0.0,0.0,0.0,0.0,0.0,0.008657986514764012,0.0015294117647058829,0.0,0.0027807486631016053,0.0,0.0,0.0058947368421052625,0.0015294117647058833,0.0,0.009890756302521009,0.0012187500000000004,0.0,0.0033154645873944137,0.007096786042240588,0.0,0.0,0.0,0.0,0.0,0.0,0.0,0.0,0.0,0.0,0.0,0.0,0.0,0.0,0.0,0.011359477124183007,0.0,0.002158102766798417,0.029346256684491978,0.00675,0.0,0.0,0.0,0.0,0.0015394736842105265,0.0060606060606060615,0.0027807486631016053,0.0018571428571428578,0.0,0.0,0.024198983297022515,0.0,0.025508725021108927,0.0014325068870523418,0.0005068226120857712,0.010196078431372553,0.0107115383278954,0.0,0.005294117647058824,0.00304093567251462,0.01222886762360447,0.0,0.0,0.007219251336898396,0.0,0.002158102766798417,0.0,0.0,0.0,0.0,0.013764062500000002,0.016225981620718467,0.0027807486631016053,0.0,0.0,0.0,0.0,0.005107142857142858,0.0,0.005894736842105263,0.003109914989961127,0.013431448294922769,0.014752058718224135,0.0,0.0017105263157894748,0.01106172839506173,0.002826086956521739,0.0,0.0017105263157894748,0.0025758513931888553,0.0,0.036959064327485386,0.0,0.0,0.0,0.0,0.0,0.016364389233954453,0.003309911167769482,0.0,0.0,0.0017105263157894738,0.002780748663101604,0.0,0.0,0.0,0.001132897603485839,0.004225000000000002,0.0014359974009096814,0.0014444444444444446,0.0,0.01831349206349207,0.0,0.001444444444444445,0.00167561761546724,0.0014707070707070712,0.04306740114905029,0.00807732223904233,0.0027083333333333343,0.0,0.0,0.0,0.006673915626856803,0.0,0.0,0.013040935672514622,0.006285714285714288,0.008555555555555558,0.0,0.01375827938831035,0.0,0.0,0.0,0.0,0.00304093567251462,0.023394461889515317,0.0,0.0,0.0,0.0,0.0,0.0,0.0,0.008571428571428572,0.009958333333333333,0.0,0.0,0.0,0.0172192513368984,0.0,0.0,0.0,0.0,0.0,0.006750000000000002,0.010522876794258375,0.0,0.0014772727272727272,0.0027807486631016053,0.004814814814814816,0.0,0.0,0.005951180472188877,0.0,0.0084229550406021,0.011282913165266108,0.0,0.008696524064171124
0.030493464052287585,0.0,0.002334455667789001,0.00393939393939394,0.0,0.0,0.0,0.0028888888888888888,0.0014772727272727272,0.0,0.0,0.0,0.023714285714285716,0.0,0.0,0.0,0.01,0.008532594856124266,0.0017105263157894746,0.008142857142857144,0.0015294117647058827,0.006959064327485379,0.003823529411764706,0.0,0.0,0.0,0.0,0.0009774436090225563,0.022082251082251085,0.0,0.01096622632971317,0.0016049382716049382,0.0057529581529581555,0.0,0.0,0.0,0.007242424242424241,0.011871148459383753,0.0,0.0010833333333333335,0.0015294117647058827,0.013077922077922079,0.006249999999999999,0.0,0.028066711089894048,0.005478260869565219,0.002708333333333334,0.0,0.01,0.00993719806763285,0.005824242424242423,0.011281992860940232,0.0,0.0,0.0033738095238095233,0.01688023088023088,0.0031847993827160493,0.0015294117647058827,0.004126984126984127,0.003714285714285713,0.0,0.0,0.006285714285714286,0.0,0.0,0.0,0.0018571428571428576,0.026830158730158735,0.0,0.0,0.01,0.0018571428571428576,0.005507111935683364,0.0,0.004968750000000001,0.003525992063492064,0.0,0.0,0.0,0.0022698412698412703,0.0,0.0,0.0015394736842105263,0.0,0.0,0.0,0.008289473684210527,0.0014772727272727272,0.0037090847419300136,0.0,0.0,0.0,0.0,0.0,0.009649943310657598,0.0,0.0033015873015873,0.0,0.0,0.0,0.013997113997113998,0.010369009645325434,0.0,0.0016756176154672398,0.0,0.0,0.0,0.0,0.0,0.0,0.0,0.0,0.0,0.0,0.0,0.0,0.0,0.007291666666666666,0.0,0.0,0.0010505050505050504,0.007160269093787101,0.007014062499999999,0.0054682539682539685,0.0,0.0045238095238095246,0.0,0.01,0.0,0.0,0.0,0.002476190476190476,0.0,0.0,0.0,0.0,0.0,0.0,0.020163296568627455,0.0,0.025481791600212647,0.0017105263157894746,0.0,0.0030409356725146198,0.008753509963768114,0.0,0.0,0.0026666666666666666,0.0317351799949393,0.0,0.0,0.0,0.0,0.0,0.008640522875816995,0.0028888888888888888,0.001428571428571428,0.0018571428571428565,0.04490291906236179,0.0036363636363636364,0.0009027777777777776,0.008289473684210525,0.0014325068870523416,0.0,0.0,0.0032077922077922076,0.009158990207347945,0.0,0.0,0.0,0.01197138680033417,0.0,0.0018571428571428565,0.002932330827067669,0.004497354497354499,0.0,0.008470588235294117,0.0,0.0,0.0,0.0061764705882352946,0.0,0.001231273776728323,0.0016250000000000004,0.0,0.043293650793650794,0.0,0.0,0.0020634920634920637,0.0027926960257787323,0.004515625,0.0037500000000000007,0.0,0.004366161616161616,0.0,0.0,0.015047619047619048,0.0017052469135802476,0.0,0.0063888888888888875,0.0028888888888888888,0.0030409356725146198,0.0,0.0,0.03896825396825397,0.020692602718918512,0.0,0.0,0.008986220453093517,0.0,0.0,0.0,0.0,0.0027189542483660126,0.025512605042016804,0.0,0.002272727272727273,0.01710779220779221,0.0,0.0,0.0015294117647058827,0.0,0.0,0.013446969696969697,0.00393939393939394,0.008142857142857144,0.0,0.003791666666666667,0.0,0.0,0.0,0.0,0.0,0.0014444444444444444,0.016554398148148144,0.0016049382716049382,0.013396825396825398,0.0,0.0008077485380116967,0.0,0.0017105263157894735,0.0,0.01,0.0018571428571428565,0.0,0.007173913043478261,0.0,0.0,0.0,0.00198095238095238,0.001454545454545454,0.0,0.030207251082251082,0.0,0.0,0.0
0.01442796379791766,0.0014772727272727272,0.0024375000000000004,0.00046648724849416933,0.003451220644203101,0.0,0.0,0.0,0.001650793650793651,0.0015105301379811184,0.0015105301379811184,0.0,0.029746320346320347,0.0,0.0,0.0,0.0,0.0071736179740090455,0.0,0.01,0.005230952380952381,0.0,0.0,0.002708333333333334,0.0,0.0016802721088435375,0.006515245332582794,0.0014444444444444444,0.03083604845446951,0.0,0.0,0.0,0.0,0.0,0.0,0.001406926406926407,0.0,0.01427667548500882,0.0,0.0,0.01,0.03139209320091673,0.005221386800334169,0.0,0.00908080808080808,0.003095238095238095,0.0,0.006067417918229156,0.004105263157894738,0.032492000503905265,0.005660770975056691,0.0,0.0,0.0,0.008460526315789474,0.0010833333333333333,0.0,0.0,0.004254982694832319,0.008289473684210527,0.011985286181962082,0.0,0.0018055555555555555,0.0072157666894509,0.0,0.004746031746031745,0.003239938080495357,0.0,0.0,0.0,0.0023636363636363633,0.0,0.0020583333333333326,0.0,0.01562119349124691,0.002932330827067669,0.0,0.0,0.005714871594570844,0.0,0.0,0.0,0.0,0.0,0.0,0.003386554621848739,0.008289473684210525,0.02854331550802139,0.0,0.007111111111111112,0.0,0.0,0.0016049382716049382,0.001586056644880175,0.0,0.0,0.0,0.0,0.0,0.001083333333333333,0.0,0.025250161745215167,0.0,0.0,0.030887806637806638,0.0,0.00282608695652174,0.0,0.0,0.004706278470984353,0.0,0.0,0.0,0.00496384297520661,0.005861183606398919,0.0,0.0,0.0,0.00947955747955748,0.0,0.0,0.026544543258673697,0.0,0.0,0.0010505050505050504,0.0,0.0,0.0,0.006750000000000001,0.0,0.0,0.0,0.0,0.01496384297520661,0.007936507936507936,0.0,0.0,0.0,0.019808823529411764,0.0,0.011921844301134916,0.01216713788603741,0.0,0.0068282828282828275,0.002197134746154354,0.008470588235294117,0.0,0.0018055555555555555,0.032086656034024455,0.0,0.01176673454469507,0.007605281570923229,0.0,0.0023636363636363646,0.0,0.008968850698174007,0.0,0.002251082251082251,0.0,0.0,0.0,0.0,0.008555555555555556,0.0,0.003537414965986394,0.009843995215814859,0.003537414965986394,0.0,0.0,0.0027575757575757577,0.018083124477861322,0.0,0.0,0.0,0.0022159090909090913,0.0023636363636363633,0.0,0.0027075654202847175,0.0,0.0,0.0,0.0,0.007333333333333334,0.0,0.0,0.05262500099277705,0.0015089285714285719,0.0,0.0,0.0037142857142857134,0.0020634920634920637,0.0,0.0,0.0,0.0,0.006462585034013606,0.011710526315789473,0.0,0.0004126984126984131,0.0,0.0,0.0020526315789473693,0.0,0.0,0.018388167388167388,0.0038690476190476196,0.0,0.008470588235294117,0.0,0.0015294117647058827,0.006061525920957111,0.0016756176154672398,0.0,0.0,0.0,0.0,0.0032500000000000003,0.00282608695652174,0.0,0.0,0.0,0.0,0.0,0.01384155701754386,0.012052631578947369,0.0015476190476190479,0.014466089466089467,0.0,0.015357142857142856,0.004497354497354499,0.0,0.0018571428571428576,0.0,0.004779411764705883,0.006618181818181817,0.0033266879319510893,0.007825986534964862,0.00814800158290463,0.0,0.004090909090909092,0.011678037686809615,0.0008688387635756061,0.0,0.0,0.0036111111111111127,0.00393939393939394,0.0032500000000000003,0.0012839506172839501,0.0,0.0015294117647058827,0.005966810966810968,0.0,0.008470588235294117,0.0016756176154672398,0.005894736842105262,0.019962585034013606
0.01747437681212836,0.0,0.0,0.007333333333333334,0.0,0.0,0.0009749999999999993,0.003604284814114682,0.0035817708333333326,0.0018571428571428576,0.0,0.0,0.03932891022021457,0.0015105301379811184,0.0,0.0,0.0,0.007791681487409779,0.0012310606060606062,0.007936507936507936,0.0018571428571428565,0.0016507936507936505,0.0,0.002820247933884299,0.0,0.0,0.0,0.0020634920634920637,0.017590841280690907,0.0,0.0,0.0,0.0,0.0,0.001153846153846154,0.0,0.0,0.0017105263157894746,0.0,0.0020634920634920633,0.0,0.0,0.02686564996368918,0.0,0.028714381207028263,0.0014444444444444446,0.0,0.0,0.00647238396743739,0.04104464816229522,0.0,0.0,0.0017105263157894735,0.001274509803921569,0.0,0.0018055555555555555,0.0,0.0,0.0022159090909090913,0.01105050505050505,0.017291790081263768,0.0,0.0,0.01607936507936508,0.0,0.0,0.0024274380804953566,0.0,0.0,0.00198095238095238,0.01,0.0064797917373531745,0.0017052469135802476,0.0,0.0,0.0,0.0,0.0,0.004015245623941273,0.011678734950515253,0.0,0.0025120772946859897,0.0,0.0,0.0,0.011330409356725144,0.0,0.034868421052631576,0.0,0.0015294117647058827,0.006459482038429406,0.0,0.007573529411764706,0.0,0.016225981620718463,0.0,0.0014772727272727272,0.0,0.0,0.0,0.0,0.014896167557932265,0.0,0.0,0.0,0.002820247933884299,0.0,0.010327731092436974,0.0,0.0015294117647058827,0.0,0.0,0.0015294117647058827,0.007116479925303455,0.0014772727272727272,0.030542072853149454,0.0,0.0,0.0,0.0,0.0,0.004521739130434781,0.0,0.0023636363636363646,0.0,0.0015798611111111113,0.007333333333333334,0.0,0.00393939393939394,0.0,0.0,0.0016756176154672398,0.0,0.0,0.0,0.0,0.003129177109440267,0.0,0.02700248281130634,0.0,0.01645800106326422,0.020461727666273122,0.0,0.0020634920634920637,0.0017843137254901957,0.0,0.0014772727272727272,0.0,0.016147043783400296,0.0,0.001354166666666667,0.012196717171717173,0.0,0.0,0.0,0.0,0.0,0.0,0.0,0.0,0.0,0.005478260869565219,0.0,0.0,0.0,0.0030822109988776665,0.005333333333333333,0.0,0.015619513314967859,0.0,0.018470588235294117,0.0008125000000000003,0.0,0.0,0.0027189542483660126,0.0,0.0065246212121212125,0.0,0.0028260869565217388,0.027971005946238147,0.006249999999999999,0.0017105263157894746,0.0014772727272727272,0.0016756176154672398,0.0,0.008395061728395062,0.021599384851980007,0.0016049382716049388,0.0,0.0028888888888888888,0.0,0.0,0.0,0.0,0.0018571428571428576,0.0017105263157894735,0.008854465709728868,0.0036684303350970025,0.0015798611111111113,0.0,0.0,0.004825854626245698,0.0011255411255411266,0.006136111111111112,0.032864432493270215,0.003482142857142857,0.01766106442577031,0.02206364704463797,0.0,0.0028888888888888888,0.0,0.0,0.0,0.007936507936507938,0.006462585034013606,0.0,0.005984126984126983,0.001406926406926407,0.015696640316205532,0.0,0.006890085010038873,0.0,0.004733954159987273,0.02329838416848221,0.0,0.0018462823725981623,0.005478260869565219,0.0,0.0020634920634920637,0.0,0.0,0.008142857142857144,0.0,0.0,0.007936507936507936,0.0030674382716049386,0.0,0.0013304093567251458,0.0,0.0,0.0,0.004310160427807488,0.016432330827067673,0.0,0.0,0.0,0.01021921253349825,0.005478260869565219,0.0,0.0,0.0,0.0,0.011070222347312132,0.0055386145787115326,0.006580004591368226,0.0014444444444444444
0.011460317460317459,0.0,0.0,0.0,0.0014772727272727272,0.0,0.029945441813088874,0.0,0.00388171414399093,0.0,0.0,0.0,0.0076363636363636364,0.0,0.0,0.0,0.0,0.0018462823725981625,0.0,0.0,0.01239436683555848,0.0,0.0,0.0015234375,0.0,0.0,0.0,0.0,0.02262638249199462,0.0,0.0,0.002966486594637856,0.0,0.0,0.0,0.0009801587301587306,0.0016049382716049382,0.014624999999999999,0.00282608695652174,0.0,0.0018519984170953707,0.014427299308878256,0.03430782851861283,0.0,0.02084126984126984,0.0,0.0,0.0,0.0,0.012449456975772766,0.024909090909090912,0.0,0.00304093567251462,0.0,0.0,0.0016049382716049388,0.0,0.0,0.004642857142857145,0.0,0.018500996079943446,0.007055575321028049,0.0,0.007144274376417233,0.0,0.005660770975056691,0.007144274376417232,0.006285714285714286,0.0,0.0,0.015110420979986196,0.0,0.0,0.0,0.0,0.009811594202898552,0.0,0.0,0.0,0.0,0.0017105263157894746,0.0,0.0,0.0,0.002932330827067669,0.008289473684210525,0.0015394736842105263,0.01,0.0,0.0,0.0,0.005221386800334169,0.0,0.0011607142857142858,0.015002145872199295,0.0035929038281979466,0.0,0.0008745548080728147,0.007173913043478261,0.0,0.0,0.002932330827067669,0.0,0.0016049382716049382,0.009939919530230535,0.0014444444444444444,0.0,0.0016049382716049382,0.0,0.012561469032057267,0.0,0.0,0.0016756176154672398,0.0,0.004303359683794468,0.0,0.0,0.0041960784313725494,0.0,0.0013928571428571432,0.002932330827067669,0.0,0.0,0.018087745243024745,0.0016478510596157662,0.0,0.0026666666666666666,0.016546720061022122,0.0,0.0,0.005236327864479127,0.0,0.0,0.004243248663101604,0.0,0.0,0.006845238095238095,0.007014062499999999,0.0276404363180679,0.0,0.0018571428571428565,0.0017105263157894746,0.0,0.004521739130434781,0.0,0.0,0.0,0.0017105263157894735,0.0023636363636363646,0.0015294117647058827,0.0,0.0027723171828070757,0.0,0.012488888888888891,0.01,0.0,0.0,0.0,0.006959064327485379,0.0,0.0,0.0005064935064935076,0.00198095238095238,0.0,0.0,0.0023636363636363646,0.0,0.006749999999999999,0.005894736842105263,0.03550439756799406,0.021632850241545896,0.0,0.0,0.0,0.002708333333333334,0.002817252192252192,0.00198095238095238,0.0,0.0,0.00625,0.0,0.013608286979509152,0.003920634920634921,0.0,0.0022941176470588232,0.007291666666666668,0.026303865673819534,0.0,0.0,0.0,0.0,0.0017333333333333328,0.009083991110294534,0.0,0.0,0.02410386762360446,0.0,0.0028888888888888888,0.0,0.0,0.0,0.0,0.0,0.0,0.029619151364249408,0.009858744873547504,0.0012187500000000002,0.007936507936507938,0.005221386800334169,0.0008796992481203003,0.0,0.0,0.0,0.0015105301379811184,0.0,0.0,0.0,0.003920634920634921,0.0017105263157894735,0.0,0.0013488142292490126,0.0,0.0,0.011892857142857144,0.04156285544520839,0.013708553791887125,0.03216279628217081,0.0,0.0018055555555555555,0.0020634920634920637,0.0,0.008470588235294117,0.0022159090909090913,0.0,0.031938503666573845,0.0,0.0028888888888888888,0.0,0.010264062499999999,0.01539790764790765,0.0,0.006249999999999999,0.0,0.0,0.0,0.0,0.0,0.0,0.00810809125085441,0.0,0.0,0.0,0.0,0.004355054302422723,0.0016049382716049382,0.01395614035087719
0.01668453541260559,0.0,0.0,0.0,0.008395061728395062,0.0,0.0009801587301587306,0.007936507936507936,0.00393939393939394,0.0047125000000000005,0.0,0.0,0.03290909090909091,0.0,0.0,0.014686507936507937,0.013689179375453886,0.008802196804647784,0.0012310606060606062,0.022942857142857143,0.015947210938936533,0.0,0.0,0.0,0.0,0.0,0.0023636363636363646,0.0,0.00393939393939394,0.0,0.004105263157894737,0.0,0.0,0.0,0.0,0.0,0.0,0.0023636363636363633,0.0,0.0,0.0,0.00647238396743739,0.0,0.003176470588235294,0.01568672839506173,0.0,0.0,0.0,0.0,0.027190229310183174,0.0,0.013934143312207038,0.003334415584415584,0.0,0.008395061728395062,0.0,0.0,0.005478260869565219,0.0021438878581735723,0.0,0.006285714285714286,0.002780748663101605,0.0,0.008571428571428572,0.0,0.01,0.0,0.0016049382716049388,0.0076363636363636364,0.008142857142857144,0.02557287157287157,0.0023636363636363646,0.0015234375,0.0021581027667984167,0.0036111111111111127,0.0021666666666666666,0.0,0.0030333333333333328,0.001477272727272727,0.008289473684210525,0.0,0.0,0.0,0.0,0.0,0.01811545910230121,0.0,0.013212585034013607,0.0,0.006249999999999999,0.0,0.0,0.0,0.0,0.03155699855699856,0.0,0.0,0.0,0.0,0.0,0.0,0.015614527629233509,0.0011607142857142858,0.0015105301379811184,0.008118939393939394,0.0,0.0,0.0016290726817042608,0.0,0.0,0.0,0.0,0.0,0.0030137844611528818,0.004887218045112782,0.0,0.0,0.0,0.0,0.0026628151260504203,0.0,0.001857142857142857,0.0,0.0156796992481203,0.001428571428571428,0.0016049382716049382,0.0,0.006929761822210333,0.0014444444444444444,0.002708333333333334,0.0,0.0018519984170953707,0.003562389770723105,0.0,0.0011328976034858389,0.0015993848519800084,0.0,0.0,0.03772991190096453,0.0,0.0015798611111111113,0.005903731189445475,0.0,0.0038870738636363643,0.0,0.0,0.0018571428571428576,0.0,0.019419304152637484,0.0,0.002532467532467533,0.0023636363636363646,0.0,0.0,0.0,0.0,0.0,0.0015294117647058827,0.0063888888888888875,0.0,0.005894736842105263,0.0020634920634920637,0.008289473684210527,0.00388171414399093,0.0,0.008490313765676084,0.013928571428571427,0.01,0.0,0.003753246753246753,0.0,0.0,0.0,0.0023636363636363646,0.0,0.0,0.01,0.0,0.0,0.01452644864640251,0.0,0.005478260869565219,0.0,0.0,0.003537414965986394,0.025484650735294115,0.016176470588235296,0.0,0.0014625000000000005,0.005909090909090911,0.0011818181818181819,0.0030588235294117653,0.0,0.0,0.0,0.006136111111111112,0.0012999999999999997,0.009225753459278447,0.0,0.019751973684210528,0.0018571428571428576,0.00653514142499105,0.0,0.0018055555555555555,0.033510050576251234,0.0020634920634920637,0.003358377375405239,0.0,0.0,0.0,0.0,0.0,0.0,0.029191871453525593,0.0036406926406926414,0.0,0.0,0.00817311134980308,0.0,0.0020634920634920633,0.002701298701298702,0.0029391015665525466,0.0025312500000000005,0.0032098765432098763,0.01,0.0,0.02577922077922078,0.0,0.0016049382716049382,0.008555555555555556,0.0,0.01223544930033417,0.0,0.0,0.02410933634693727,0.0,0.0,0.0,0.0,0.0023636363636363633,0.0,0.0,0.0017105263157894735,0.0012187500000000002,0.0,0.0,0.00198095238095238,0.0032828282828282827,0.0,0.0036632716049382705,0.0,0.0,0.007885099137694295,0.0037142857142857134,0.0076363636363636364,0.0214034650897396
0.003250000000000001,0.0,0.0,0.0007738095238095238,0.0,0.0,0.0,0.0,0.003540372670807455,0.0,0.012042903828197947,0.0,0.014573953823953824,0.0,0.0018055555555555555,0.0,0.01,0.0,0.0,0.0,0.008142857142857144,0.003250000000000001,0.0,0.0,0.0,0.0,0.0,0.0,0.005221386800334169,0.0,0.0,0.0,0.0,0.0,0.013950244659267214,0.0,0.0,0.014552584670231728,0.0,0.0,0.009113636363636364,0.003122822351980008,0.013640085010038874,0.0,0.008395061728395062,0.0,0.0,0.004498333003234964,0.0,0.0027189542483660126,0.00695906432748538,0.0017105263157894746,0.0,0.0023697916666666667,0.008607142857142857,0.0032500000000000003,0.004602484472049689,0.0012037037037037038,0.0020634920634920637,0.006750000000000001,0.0,0.0032496273363146425,0.0,0.0054920116194626,0.0,0.003883637891199328,0.0,0.018841354723707664,0.0056521739130434775,0.0016049382716049382,0.03165291906236179,0.0,0.0018571428571428576,0.0,0.0070140625,0.00393939393939394,0.0,0.0,0.0027575757575757577,0.013035714285714284,0.0032500000000000003,0.0,0.0,0.0,0.0,0.017293341579055866,0.0,0.00982312925170068,0.0,0.008395061728395062,0.0,0.0,0.0,0.0,0.01678830530971914,0.0,0.0014325068870523416,0.005687908496732027,0.008289473684210525,0.0,0.0,0.015539336104812293,0.0,0.0,0.008813492063492063,0.0,0.0,0.0,0.002272727272727273,0.023618196706291946,0.0,0.0,0.0,0.0,0.0,0.0,0.0,0.0,0.0,0.00892977765268787,0.0,0.007173913043478261,0.0,0.0,0.0,0.00647238396743739,0.0,0.0008745548080728145,0.0,0.0,0.0014625000000000007,0.0,0.0011818181818181819,0.0,0.0,0.0,0.0,0.0,0.05519934640522876,0.0,0.017096786042240585,0.003965141612200436,0.0,0.0034620811287477955,0.0,0.0,0.0,0.006113189383497507,0.0276373251970506,0.0,0.008522727272727272,0.007318775995246584,0.00282608695652174,0.012926470588235293,0.010453395061728394,0.0,0.0,0.0,0.013588681849551412,0.0,0.0,0.0,0.0071439393939393935,0.0018571428571428565,0.0,0.0015931372549019608,0.008465686274509806,0.03196439558689999,0.006249999999999999,0.017118146981784405,0.0,0.0020634920634920637,0.0,0.0,0.0,0.0,0.0010317460317460316,0.004456366278568845,0.0016993464052287586,0.014507426303854876,0.0054920116194626,0.0036914786967418545,0.0,0.0,0.001470707070707071,0.0,0.0020462962962962974,0.0048000000000000004,0.0,0.0,0.0,0.0043478260869565235,0.0,0.0011328976034858389,0.001428571428571429,0.01,0.006749999999999999,0.003250000000000001,0.0016993464052287586,0.01,0.0009774436090225563,0.0016049382716049382,0.0,0.007727443609022558,0.0,0.025764023099936414,0.0,0.0,0.004918318523581682,0.0,0.0,0.0,0.0,0.0016049382716049388,0.0,0.00804613302224017,0.0,0.02922872657835063,0.0,0.0,0.0,0.0,0.0,0.017330381105743423,0.038734783496732025,0.02807770704241292,0.00695906432748538,0.0014181818181818184,0.0,0.0,0.0,0.0,0.0,0.0,0.02622598162071846,0.0,0.0,0.0,0.005314811129904157,0.0015394736842105263,0.0,0.008236928104575164,0.002532467532467533,0.0008796992481203003,0.0048431372549019615,0.004347826086956522,0.0012037037037037038,0.0,0.012673711909006027,0.0032500000000000003,0.005742543313621744,0.0016756176154672398,0.0,0.0,0.0,0.009384302205730779
0.010000000000000002,0.009446115288220555,0.0,0.008470588235294119,0.0,0.0,0.008555555555555558,0.002888888888888889,0.0,0.0026530612244897965,0.0,0.0,0.024733149678604228,0.0,0.0027083333333333343,0.0,0.008142857142857146,0.002363636363636365,0.0,0.0014444444444444448,0.0023523809523809517,0.003141093474426807,0.0,0.002063492063492064,0.0,0.007936507936507938,0.006408929783435711,0.0,0.016917789001122337,0.0,0.0,0.0,0.0,0.0,0.002058333333333333,0.01095345643939394,0.0,0.0,0.010000000000000002,0.0,0.0,0.0,0.0,0.0,0.022843986079280208,0.008522727272727274,0.0,0.0035374149659863946,0.007636363636363637,0.030235827664399095,0.008571428571428574,0.010000000000000002,0.003410493827160494,0.00793650793650794,0.008821637426900586,0.0,0.010000000000000002,0.0,0.0,0.002780748663101604,0.0,0.002063492063492064,0.002063492063492064,0.062339285714285715,0.0,0.0,0.0,0.008975757575757578,0.0,0.0,0.0,0.0,0.004220779220779222,0.0,0.0,0.0,0.0,0.0,0.0035374149659863946,0.006060606060606061,0.0014325068870523418,0.0018571428571428578,0.0,0.0,0.01160493827160494,0.03394497495968085,0.01590476190476191,0.008289473684210527,0.006136111111111113,0.011529411764705885,0.0,0.0015234375000000003,0.0,0.0,0.014752058718224135,0.0,0.004705882352941178,0.0,0.0015294117647058829,0.0,0.0,0.0,0.0,0.0,0.006388888888888888,0.003104189044038668,0.0,0.008395061728395064,0.0,0.0,0.0,0.0014444444444444446,0.0,0.0,0.0073597883597883605,0.0,0.0,0.0,0.0,0.0032886904761904776,0.0,0.01795893719806764,0.0,0.007636363636363637,0.0,0.001462500000000001,0.0014772727272727275,0.0,0.0039393939393939405,0.0,0.001998329156223893,0.0,0.0,0.009256535947712419,0.0,0.0,0.0,0.010000000000000002,0.011720588235294118,0.0,0.016657646961523918,0.0,0.0,0.0,0.00304093567251462,0.008289473684210529,0.0,0.0,0.002363636363636365,0.011710526315789475,0.008289473684210529,0.005236652236652239,0.0,0.001462500000000001,0.0,0.0033015873015873006,0.0,0.0,0.0,0.0,0.0,0.0,0.0,0.005687908496732026,0.0,0.003611111111111113,0.012269841269841273,0.004346031746031749,0.007333333333333335,0.020000000000000004,0.008142857142857146,0.0,0.008724588815789476,0.01160493827160494,0.0,0.0,0.0,0.0022159090909090917,0.0,0.010000000000000002,0.0014285714285714281,0.0,0.0,0.0015294117647058829,0.0,0.04614957424617445,0.002363636363636365,0.0,0.0,0.0,0.0,0.0,0.004963842975206611,0.0,0.0,0.015949594630515686,0.0,0.0,0.0014707070707070712,0.0,0.0,0.0,0.0,0.0028676470588235303,0.00969281045751634,0.0,0.0,0.0017105263157894738,0.0,0.0,0.0,0.0014444444444444446,0.0,0.0,0.0,0.0014772727272727275,0.0,0.010045338293420138,0.0,0.0,0.0,0.0,0.0,0.008142857142857146,0.026234335839599002,0.001851998417095371,0.03684502923976609,0.0,0.0,0.0,0.003611111111111113,0.010000000000000002,0.0026,0.0,0.03434782608695653,0.0,0.003233963815789475,0.006750000000000002,0.0,0.0,0.0,0.0,0.0,0.010000000000000002,0.002063492063492064,0.0,0.0,0.0,0.0,0.0,0.0,0.0,0.03349938460232579,0.0,0.0,0.0
0.0,0.0,0.002780748663101605,0.0,0.0018571428571428576,0.0,0.0,0.012751322751322751,0.005660770975056691,0.0,0.0020634920634920637,0.0,0.02861061507936508,0.0,0.0,0.0,0.0,0.0014444444444444448,0.0,0.007636363636363638,0.0015294117647058827,0.028825519681556836,0.0,0.0,0.0,0.0028086419753086413,0.0,0.003556489262371615,0.018289473684210526,0.0,0.007040178571428572,0.0,0.0,0.002932330827067669,0.0028086419753086418,0.0,0.0,0.013509803921568628,0.002780748663101605,0.0,0.0,0.0018055555555555555,0.008470588235294117,0.0,0.007694653299916456,0.002780748663101605,0.0,0.0,0.0,0.016492063492063492,0.0,0.007219251336898395,0.0,0.0,0.0,0.0024949494949494957,0.0,0.0,0.0036925647451963245,0.01839506172839506,0.0,0.006490196078431373,0.0,0.0054920116194626,0.0,0.0,0.0,0.021732426303854874,0.0,0.0,0.005107142857142858,0.0,0.0,0.0,0.0,0.002708333333333334,0.007204481792717087,0.0,0.005668268129196621,0.0018571428571428576,0.0,0.0037500000000000007,0.0018571428571428565,0.0,0.0,0.0017052469135802476,0.0,0.0033099111677694815,0.0,0.00990972222222222,0.0,0.003909774436090225,0.005357142857142857,0.0018759018759018755,0.008142857142857144,0.008522727272727272,0.0,0.0,0.0014216754239822287,0.0,0.0,0.03,0.0,0.008424564270152504,0.0,0.0,0.0,0.0019080380690287809,0.008528916617151912,0.0,0.0,0.0,0.0,0.011444444444444445,0.01387625757373657,0.0,0.0,0.0,0.0,0.0,0.0,0.0084695944654665,0.008142857142857144,0.0,0.0013541666666666665,0.0,0.007895075379079505,0.0,0.0,0.0,0.00589572192513369,0.0,0.0,0.003537414965986394,0.0,0.0,0.0,0.0011328976034858389,0.0480779736136879,0.0,0.0169156223893066,0.0015294117647058827,0.0,0.003250000000000001,0.0,0.0014772727272727272,0.0,0.0,0.03106172839506173,0.01,0.0023636363636363633,0.0020583333333333326,0.0,0.0,0.0,0.0,0.0,0.0,0.016749999999999998,0.0053571428571428555,0.009867260744453727,0.0076363636363636364,0.005357142857142857,0.0,0.002708333333333334,0.007331905471740352,0.00409090909090909,0.014634956126700191,0.0,0.015285146738433935,0.025514619883040934,0.010270426065162905,0.010186962795658444,0.0,0.0,0.0,0.005660770975056691,0.0,0.0,0.033530034577183704,0.012144249512670569,0.0,0.004599415204678362,0.0036914786967418545,0.0,0.023755734973728054,0.0,0.0,0.0015798611111111113,0.0,0.0,0.0,0.006285714285714287,0.0014444444444444444,0.0015294117647058827,0.002849677328843995,0.02872442789698225,0.0018571428571428565,0.0,0.0,0.0,0.0,0.002908196416968347,0.01,0.016187505305152367,0.009844546005536718,0.006249999999999999,0.0,0.0,0.0,0.0,0.004313271604938272,0.0016993464052287586,0.0,0.001428571428571428,0.0,0.0,0.003250000000000001,0.0,0.0,0.0,0.0,0.0,0.019101003086419755,0.0020634920634920637,0.019416132924904857,0.0,0.0,0.006060606060606061,0.0,0.008142857142857144,0.008420138888888888,0.0,0.0,0.012477424622161466,0.0,0.02061904761904762,0.0,0.0,0.0,0.0,0.0,0.009268398268398268,0.0,0.003540764790764791,0.007219251336898395,0.0,0.0,0.0,0.0,0.0010833333333333333,0.0,0.0031655844155844158,0.007251558765023484,0.0,0.004347826086956524
0.024857114376851216,0.0,0.005615079365079366,0.0,0.0,0.0,0.007346938775510204,0.0015798611111111113,0.009413510101010101,0.0,0.003250000000000001,0.0,0.02847058823529412,0.0016049382716049382,0.0,0.0,0.0021581027667984167,0.00441358024691358,0.0,0.008395061728395062,0.0038977072310405645,0.026959064327485377,0.0,0.0,0.0014661654135338345,0.0020462962962962974,0.004884420289855073,0.0016519368596930916,0.02904411764705882,0.0,0.001354166666666667,0.0,0.0,0.0016049382716049388,0.0018571428571428576,0.0,0.002780748663101605,0.018142857142857145,0.0028086419753086418,0.0023636363636363633,0.0,0.013573696145124716,0.0,0.0,0.04072986499224889,0.0,0.0,0.0016049382716049382,0.013229883156966491,0.0200311004784689,0.008669590643274853,0.013287581699346407,0.0,0.0,0.0,0.0,0.0,0.0,0.002653061224489796,0.014664190821256038,0.0,0.0016049382716049388,0.0020634920634920637,0.008532783443150269,0.0015294117647058827,0.013887073347857664,0.0,0.00878362573099415,0.0032857142857142863,0.0,0.0240625,0.0016290726817042608,0.0020583333333333326,0.0,0.0,0.005223214285714287,0.0,0.002053376906318083,0.0029323308270676695,0.010413325804630155,0.004583333333333333,0.0,0.0,0.006462585034013606,0.002575851393188855,0.011477272727272727,0.0,0.029867514771281543,0.0061764705882352946,0.0,0.0,0.0,0.00365625,0.0,0.0,0.0,0.0,0.0,0.0,0.008460526315789474,0.002653061224489796,0.007346938775510204,0.0,0.0,0.0,0.0,0.001477272727272727,0.0,0.0,0.0,0.0,0.0016049382716049382,0.0,0.008555555555555556,0.003013784461152883,0.0,0.0,0.0,0.003707664884135472,0.0,0.0022108843537414964,0.04132790309106099,0.0,0.0,0.0,0.0,0.0,0.0,0.0,0.0,0.0,0.0,0.008522727272727272,0.0030409356725146198,0.007333333333333333,0.0,0.0,0.0,0.03159110869228074,0.0,0.02686564996368918,0.0,0.0,0.004521739130434781,0.007546642899584077,0.0,0.0,0.0,0.016310049777486752,0.0,0.0,0.005107142857142858,0.0,0.005478260869565219,0.0008496732026143793,0.0,0.0,0.0,0.006136111111111112,0.0048521303258145364,0.0,0.0049350649350649355,0.004497354497354496,0.0,0.0,0.006518915827894159,0.0,0.0,0.0014325068870523416,0.01,0.01089675466146054,0.008672927717136625,0.0,0.0015294117647058827,0.0,0.0,0.0017052469135802476,0.006959064327485379,0.0,0.041082169709989264,0.016714891975308642,0.0,0.0,0.0,0.0,0.030169089521330416,0.0,0.0,0.0,0.0,0.0,0.0014444444444444444,0.0,0.0,0.0,0.0053571428571428555,0.0,0.005861183606398919,0.005742234373813321,0.005252525252525253,0.0015294117647058827,0.0007363834422657957,0.0,0.0,0.0220671768707483,0.0023636363636363633,0.0,0.0,0.0,0.0014772727272727272,0.0076363636363636364,0.0,0.0,0.01144715956558062,0.0,0.0,0.0,0.006542207792207791,0.0,0.0014444444444444444,0.0,0.0,0.0,0.01786637618010167,0.009647034252297411,0.011399932221692506,0.01488682745825603,0.0,0.0013032581453634082,0.0,0.0,0.013393939393939394,0.003421052631578947,0.0,0.006909983291562239,0.0,0.0014370748299319732,0.0,0.0016993464052287586,0.0,0.0,0.0,0.0,0.0,0.0016993464052287586,0.0,0.0,0.0,0.0,0.0,0.0,0.0,0.00453781512605042,0.0,0.0,0.0
0.007427734688151355,0.008395061728395062,0.0,0.0,0.0,0.0,0.0,0.01,0.0,0.0,0.0,0.005322109988776655,0.03147950868240724,0.0,0.004761701044053985,0.01,0.0015105301379811184,0.008898279850660804,0.003537414965986394,0.0,0.0,0.0026666666666666666,0.0,0.0,0.0017105263157894735,0.0,0.0017052469135802476,0.0016993464052287586,0.013960626674912388,0.0,0.0,0.0,0.0033099111677694815,0.0,0.0,0.0,0.0,0.0020634920634920637,0.0,0.0,0.015221386800334169,0.0014625000000000005,0.0,0.0,0.029019632414369258,0.0029404761904761913,0.0,0.005319223985890652,0.005221386800334169,0.024052199285814802,0.02141330599225336,0.0,0.0,0.0038095238095238104,0.008656326166830368,0.0016049382716049388,0.0061764705882352946,0.0,0.0017052469135802476,0.008289473684210525,0.0,0.0,0.0,0.0,0.0,0.0016993464052287586,0.0,0.0012820512820512823,0.0,0.0,0.03546558706771739,0.0,0.0,0.006749999999999999,0.0020634920634920637,0.020977443609022556,0.0,0.0018462823725981625,0.0,0.0,0.0,0.0,0.0,0.0014772727272727272,0.002932330827067669,0.032381558641975304,0.0028086419753086418,0.0177042029234164,0.0,0.008777777777777778,0.0,0.0,0.0,0.006452494873547505,0.0017105263157894746,0.0,0.0020634920634920637,0.0,0.00359876965140123,0.0,0.0,0.0,0.002708333333333333,0.0037142857142857134,0.0,0.0,0.0,0.0,0.0,0.0,0.0,0.0,0.0,0.0,0.0016049382716049388,0.0,0.0,0.0076363636363636364,0.0,0.003230994152046784,0.0,0.014767573696145125,0.0,0.0053571428571428555,0.0,0.0,0.008069058641975307,0.0,0.0,0.0,0.0,0.0,0.0,0.0,0.0,0.0,0.0,0.0016507936507936505,0.028619650281370368,0.0,0.033924683884274956,0.004336229946524064,0.0,0.011621004265048591,0.0016049382716049388,0.0028086419753086418,0.0,0.0,0.01,0.004431818181818183,0.0,0.0017052469135802476,0.0,0.01,0.024178315664383776,0.0,0.0,0.004852130325814536,0.0,0.007111111111111111,0.0,0.0027807486631016036,0.0,0.0,0.0,0.0,0.0,0.018289473684210526,0.0,0.010105588044184537,0.0,0.0,0.0,0.0015798611111111113,0.010316870607892279,0.0028086419753086418,0.006249999999999999,0.019830936583387568,0.0,0.025010094246031747,0.0,0.003095238095238095,0.0015798611111111113,0.001274509803921569,0.007291666666666668,0.032535356247762263,0.008395061728395062,0.0,0.0015798611111111113,0.003071103685138773,0.002780748663101605,0.0,0.0,0.0010505050505050504,0.0,0.003095238095238095,0.0023636363636363646,0.0016049382716049388,0.0,0.0,0.0,0.0032753246753246756,0.006890085010038873,0.0020634920634920637,0.06091218762485925,0.01196969696969697,0.0,0.0,0.0,0.0,0.0,0.005916666666666666,0.0,0.0,0.0,0.0,0.003120062059911684,0.018237886382623227,0.010646324059927003,0.004273504273504273,0.0,0.0,0.0,0.0030409356725146198,0.0018571428571428565,0.0,0.005824242424242424,0.0,0.0,0.0,0.007982750436697805,0.0,0.0,0.0,0.014041666666666668,0.0036406926406926414,0.03401473889218987,0.0,0.0017070707070707069,0.0,0.0,0.0,0.002932330827067669,0.0,0.004410908222938299,0.0,0.0,0.0,0.0015234375,0.0,0.0010317460317460316,0.0014625000000000005,0.0,0.01349155451654346,0.0032227839052287586,0.008555555555555556
0.008142857142857144,0.0,0.0015798611111111113,0.0,0.0,0.0,0.0,0.0,0.006064031316626473,0.013676303057108012,0.0,0.0,0.014440137777599078,0.0,0.0,0.0,0.015682539682539683,0.0018571428571428565,0.0,0.0,0.0,0.0034343434343434326,0.0,0.0,0.0,0.00647238396743739,0.0,0.0028888888888888888,0.017498272144541797,0.0,0.0,0.0,0.0015294117647058827,0.0,0.0,0.0,0.0,0.014186507936507935,0.0,0.0,0.008289473684210525,0.030804663173084227,0.0,0.0,0.03679027739823921,0.0015294117647058827,0.0008688387635756061,0.0056975308641975305,0.0,0.029663408841797585,0.0,0.011365288220551379,0.0027189542483660126,0.0,0.011654731457800514,0.008612364243943191,0.0,0.0022159090909090913,0.005343137254901962,0.006136111111111112,0.008142857142857144,0.001428571428571428,0.005478260869565219,0.014105263157894737,0.0,0.018795967190704036,0.002575851393188855,0.01568672839506173,0.0,0.0037687389770723113,0.018012585034013606,0.0012310606060606062,0.0,0.0,0.0,0.002653061224489796,0.0,0.0,0.0015931372549019608,0.009002192982456142,0.0,0.0,0.0016250000000000004,0.0010833333333333335,0.0,0.015911506707946336,0.0,0.012646464646464649,0.0,0.0,0.005687908496732027,0.0,0.0018571428571428567,0.0,0.01604088876379898,0.0009801587301587306,0.0,0.0,0.0,0.0,0.004852130325814536,0.01053408029878618,0.0,0.0,0.0017105263157894735,0.001604938271604939,0.000670634920634921,0.011567022301123178,0.0,0.0017052469135802476,0.0,0.004770855710705335,0.0,0.022142445307642505,0.006871830550401977,0.0,0.0018519984170953707,0.0,0.0,0.0,0.0,0.005023923444976077,0.0,0.009647034252297411,0.0025793650793650797,0.0015798611111111113,0.0,0.0,0.0,0.0,0.006714891975308641,0.0,0.0,0.0,0.0027189542483660126,0.004435255920550037,0.003823529411764706,0.0,0.015047619047619048,0.0,0.01,0.010995670995670996,0.0054920116194626,0.005271284271284271,0.0020583333333333326,0.0,0.0017105263157894735,0.0024621212121212124,0.028048449009233326,0.006462585034013606,0.0,0.004706278470984353,0.0046053391053391055,0.0029323308270676695,0.0,0.0,0.008395061728395062,0.0,0.0,0.0018571428571428576,0.0,0.0,0.0,0.0,0.0,0.007056489262371615,0.0,0.009144736842105261,0.0,0.007111111111111111,0.00695906432748538,0.0,0.0014772727272727272,0.0,0.0,0.009289348159962196,0.0018571428571428576,0.0,0.0,0.025465414846335174,0.0,0.004385686934706543,0.0,0.001444444444444444,0.0020526315789473693,0.032403937332508764,0.008142857142857144,0.00778992993172835,0.00196969696969697,0.0023032212885154067,0.0,0.0,0.0,0.0,0.0,0.006749999999999999,0.009569212887290693,0.0,0.001586056644880175,0.00393939393939394,0.0,0.0010505050505050504,0.001805555555555556,0.0012187500000000002,0.016760061919504642,0.007531969309462917,0.0,0.017031485303673127,0.0009774436090225565,0.0036111111111111122,0.0,0.0,0.0010833333333333335,0.0052,0.0,0.0,0.0,0.0016049382716049382,0.0,0.0,0.0,0.003095238095238095,0.0,0.019641955763343794,0.008522727272727272,0.0,0.016825311942959,0.0020634920634920637,0.003707664884135472,0.0,0.0,0.0015394736842105263,0.0021581027667984167,0.0019345238095238096,0.005894736842105262,0.0,0.006749999999999999,0.0,0.0,0.00409090909090909,0.0,0.0,0.0,0.0,0.0,0.0,0.00965530303030303,0.0,0.024757455232283607,0.0,0.0029738562091503272,0.002780748663101605,0.0,0.0023636363636363646,0.030373322597960283,0.0
0.0,0.0,0.0014325068870523416,0.01,0.0,0.004935064935064936,0.013865546218487394,0.007536594202898552,0.0016993464052287586,0.0,0.002820247933884299,0.0,0.03978694843168527,0.0022941176470588232,0.001428571428571428,0.0,0.0,0.01,0.0015294117647058827,0.005894736842105263,0.00474088730598426,0.0,0.0,0.002242254477548597,0.0,0.0,0.0016802721088435377,0.005613636363636366,0.04469656985601258,0.0,0.0,0.0,0.0,0.0,0.0,0.0015294117647058827,0.0,0.01235725677830941,0.0,0.0,0.0,0.021153974934243425,0.017636363636363638,0.0,0.003537414965986394,0.0012037037037037036,0.0,0.0,0.0,0.0,0.004690174471992653,0.006060606060606061,0.0,0.006249999999999999,0.00849089068825911,0.0016049382716049388,0.0014186507936507936,0.0018571428571428565,0.0027575757575757577,0.025824242424242427,0.0233783422459893,0.004105263157894737,0.001274509803921569,0.007291666666666668,0.0023636363636363646,0.0,0.004834821428571428,0.021436226942644004,0.0,0.0,0.01,0.0017105263157894735,0.004642857142857145,0.0,0.0,0.0,0.0034751131221719455,0.0,0.0,0.0,0.004317460317460317,0.0,0.0,0.0,0.0,0.014686507936507935,0.0,0.01446230158730159,0.004722582972582973,0.0,0.0,0.0,0.0,0.011111535523300232,0.015837301587301584,0.0018759018759018755,0.0028086419753086413,0.0037500000000000007,0.0,0.0,0.0,0.003021060275962237,0.0,0.0,0.008451962415921223,0.0014869281045751634,0.0,0.0,0.0,0.0,0.0027189542483660126,0.0,0.0,0.01165079365079365,0.015777865961199296,0.0,0.0,0.0,0.0,0.005478260869565219,0.0,0.0,0.0,0.02874802747609765,0.0,0.0,0.0,0.0023636363636363646,0.0,0.0,0.002666666666666667,0.0,0.0,0.008266666666666667,0.002433155080213904,0.0020634920634920637,0.0,0.0,0.029873032945235512,0.0,0.0015798611111111113,0.0,0.0,0.0020634920634920637,0.0014370748299319732,0.002629006410256411,0.0,0.0036941473559120638,0.015032666586816783,0.0014181818181818184,0.0028888888888888888,0.0,0.0,0.007219251336898396,0.0,0.0,0.012523191094619667,0.0,0.015687908496732024,0.0,0.003707664884135472,0.0,0.0016507936507936505,0.0018571428571428565,0.0,0.004972611266728913,0.0,0.012870945479641132,0.0015105301379811184,0.010967978395061728,0.019088501730658593,0.0016049382716049388,0.0,0.0,0.0,0.0,0.006890085010038873,0.012504495504495505,0.0,0.00883889411027569,0.0012307692307692306,0.0018571428571428565,0.0,0.0,0.0,0.035694314762942214,0.017936507936507938,0.014317546583850933,0.002639097744360902,0.0,0.0026339869281045746,0.0,0.0022159090909090913,0.0017105263157894735,0.0,0.013967099567099565,0.015672371287696364,0.0,0.0,0.008289473684210525,0.0,0.006439280018227387,0.0016049382716049382,0.0,0.021954596653476207,0.0021581027667984167,0.007219251336898395,0.008142857142857144,0.0,0.0012037037037037038,0.0,0.0,0.0,0.011586056644880176,0.0,0.007144274376417233,0.0,0.013577317290552584,0.0,0.0,0.004935064935064935,0.0,0.0,0.0,0.001268109668109668,0.009835335008779986,0.0032077922077922076,0.0,0.0,0.0,0.0023636363636363633,0.0,0.0,0.0014772727272727272,0.012135034556087188,0.0,0.022523784083897606,0.0,0.0033278499278499274,0.0018055555555555555,0.0,0.005894736842105263,0.0020634920634920637,0.0020634920634920637,0.0015931372549019608,0.0,0.0,0.010333219412166781,0.001359477124183006,0.0,0.0003248750480584394,0.0,0.0,0.0,0.0,0.0
0.01654955808080808,0.0,0.0,0.00591053391053391,0.0,0.0,0.0,0.0,0.002708333333333333,0.0,0.0,0.0,0.0,0.0,0.0,0.0,0.008555555555555556,0.019397719020268038,0.0018571428571428565,0.0,0.0017105263157894746,0.0,0.0,0.0,0.0,0.011347591411187902,0.010459141274238226,0.0,0.01423298488315651,0.0,0.001274509803921569,0.001428571428571429,0.0,0.0,0.0,0.0014632034632034638,0.0,0.0,0.0,0.0,0.003588681849551412,0.01269191919191919,0.024090909090909093,0.0028888888888888888,0.028142857142857147,0.005506944444444444,0.0,0.0,0.008395061728395062,0.03865701128936423,0.017936507936507938,0.0,0.003250000000000001,0.0,0.015032942152896016,0.0,0.004583333333333333,0.005142353237591333,0.0030409356725146198,0.001354166666666667,0.007333333333333333,0.001529411764705883,0.00282608695652174,0.011511252649207833,0.0,0.002696022727272728,0.00988888888888889,0.011843137254901959,0.002757575757575757,0.0,0.012121212121212121,0.0,0.00393939393939394,0.0,0.0018571428571428576,0.0,0.0,0.0015294117647058827,0.0,0.0014186507936507936,0.0,0.0,0.004266051518646675,0.0,0.0,0.0015993848519800084,0.0,0.009894411955815465,0.0014444444444444444,0.0,0.0,0.0,0.0,0.0,0.03998062558356676,0.0030409356725146198,0.0,0.0,0.0,0.0,0.01,0.037491351484772534,0.0,0.0015105301379811184,0.0015105301379811184,0.0,0.0,0.010185383244206776,0.0016049382716049382,0.0023636363636363633,0.0,0.0,0.0,0.008142857142857144,0.007907968574635242,0.0017105263157894735,0.0,0.0,0.0,0.0,0.0,0.0,0.006959064327485379,0.015515223243293418,0.0,0.0030409356725146198,0.0017105263157894735,0.0,0.0,0.0,0.0,0.0,0.0,0.0,0.0,0.0,0.0,0.0,0.016752715121136172,0.0,0.018134874718982046,0.0,0.0,0.0,0.0,0.0020634920634920637,0.0,0.0,0.032063492063492065,0.0,0.0,0.02185714285714286,0.0,0.0018571428571428576,0.005894736842105262,0.0,0.0,0.0,0.0,0.0,0.0018571428571428576,0.0,0.0,0.007144274376417233,0.0,0.0,0.0011937557392102847,0.0,0.0,0.0017105263157894746,0.008142857142857144,0.0016049382716049388,0.0,0.015101921470342526,0.0,0.0,0.0,0.0,0.0022159090909090904,0.033303837803063806,0.004705882352941176,0.007173913043478261,0.0,0.0,0.0,0.02156677890011223,0.0015294117647058827,0.0,0.0,0.0,0.0,0.008142857142857144,0.008289473684210525,0.0,0.0,0.0,0.00717391304347826,0.0020634920634920637,0.0049632034632034645,0.022069018031189085,0.0,0.001444444444444444,0.0,0.0,0.0,0.01168389780154486,0.0,0.027346938775510202,0.0,0.0020462962962962974,0.0,0.0016756176154672398,0.0030409356725146198,0.0,0.0,0.007111111111111112,0.0,0.004347826086956524,0.0,0.00591053391053391,0.0,0.0,0.0,0.007389051332033789,0.0423771458721993,0.0,0.01,0.005666666666666665,0.0,0.008470588235294117,0.0,0.0,0.0,0.0,0.008470588235294117,0.0,0.0,0.0,0.006462585034013606,0.0,0.0,0.007219251336898395,0.0,0.0,0.0,0.0,0.0,0.0,0.0,0.0,0.002653061224489796,0.0,0.02236627548622935,0.0028865131578947375,0.004213255550153946,0.03631198304237519
0.02320061728395062,0.007271604938271604,0.0,0.0032500000000000003,0.0,0.001470707070707071,0.0016756176154672398,0.0,0.0,0.01,0.0,0.0,0.0283076259489303,0.0013541666666666665,0.0,0.0,0.0065626566416040095,0.0,0.0,0.005649920255183414,0.0018519984170953707,0.0,0.0,0.0017105263157894746,0.0015798611111111113,0.0014625000000000005,0.0010833333333333333,0.0,0.005389413383081765,0.0,0.0,0.0,0.0,0.0,0.0,0.0,0.0012037037037037038,0.007173913043478261,0.0028888888888888888,0.0,0.017936507936507938,0.006136111111111112,0.015253968253968258,0.0,0.015689839572192513,0.0,0.0009774436090225563,0.012058333333333332,0.0010833333333333333,0.04699505045682991,0.009718045112781954,0.0,0.004121825396825396,0.006750000000000001,0.010822969187675068,0.0,0.0014772727272727272,0.0,0.0,0.0,0.014857646762408668,0.0,0.008289473684210525,0.007173913043478261,0.0,0.007014062499999999,0.0018055555555555555,0.039278740008552734,0.003068885448916409,0.0,0.01,0.003698280789693533,0.007583333333333335,0.0,0.0,0.0053571428571428555,0.0,0.0016049382716049388,0.0,0.007219251336898395,0.0,0.0,0.0,0.0,0.0,0.009874526515151515,0.007936507936507938,0.024868344307419937,0.0,0.0,0.005255835667600373,0.0,0.0,0.012455966048700182,0.015354126055880442,0.0008745548080728145,0.0,0.0,0.0,0.0,0.002849677328843995,0.008395061728395062,0.0,0.0,0.02550657325131009,0.00950233426704015,0.0,0.0,0.0,0.0,0.0,0.0018055555555555555,0.0,0.012784291388006559,0.015805199245713896,0.0,0.0,0.0,0.005357336956521741,0.0,0.0,0.0,0.0028888888888888888,0.017171296296296296,0.0,0.0,0.0,0.0023636363636363646,0.0,0.00393939393939394,0.007111111111111112,0.0,0.0,0.002932330827067669,0.0,0.0,0.0,0.0010833333333333335,0.006034709641706925,0.006750000000000001,0.015581140350877192,0.009222912353347136,0.0,0.0017105263157894746,0.004742284282133908,0.0031081245025195814,0.0014625000000000007,0.0,0.03975281084656085,0.0,0.0,0.003244720597790774,0.0,0.0,0.0,0.0,0.0,0.0,0.0015394736842105263,0.004497354497354496,0.0,0.0,0.0,0.0,0.0,0.0016049382716049388,0.007441682213051426,0.0,0.007936507936507938,0.0016049382716049388,0.006136111111111112,0.0,0.0,0.0020634920634920637,0.0020634920634920637,0.0,0.002780748663101605,0.0,0.0016756176154672398,0.04321312274438556,0.0,0.009647034252297411,0.0,0.0028260869565217388,0.0,0.018470588235294117,0.002780748663101605,0.0015294117647058827,0.0,0.0,0.0,0.0,0.0,0.0,0.0020634920634920637,0.008395061728395062,0.016074813258636786,0.0,0.0,0.013969162539522654,0.0,0.0,0.0,0.0,0.005929824561403508,0.0020634920634920637,0.0018571428571428576,0.0,0.003250000000000001,0.0,0.005909090909090909,0.0,0.0,0.014655294250664254,0.008916666666666668,0.0059105339105339095,0.0,0.004521739130434781,0.0,0.0,0.0,0.0030867910517033315,0.0020634920634920637,0.013101395147430951,0.01898155929038282,0.008289473684210525,0.012576394194041251,0.003095238095238095,0.0016049382716049382,0.0,0.0020583333333333326,0.002780748663101605,0.0020634920634920637,0.0,0.006749999999999999,0.0012187500000000002,0.0,0.0,0.0076363636363636364,0.0,0.0,0.0015394736842105263,0.0,0.0,0.004854938271604939,0.0,0.0,0.0,0.003335526315789475,0.0015294117647058827,0.0,0.0,0.008571428571428572,0.0,0.0023636363636363646,0.014386363636363635
0.010528921568627449,0.0016049382716049388,0.0,0.0007965686274509807,0.0,0.0018055555555555555,0.0063888888888888875,0.004642857142857142,0.0017105263157894735,0.0,0.0,0.0,0.05698273749111069,0.0,0.0,0.0015476190476190483,0.006190476190476191,0.0016049382716049382,0.0,0.0044537037037037045,0.0016049382716049382,0.0,0.0,0.0,0.0,0.00737719298245614,0.0,0.0,0.052711039634709106,0.0,0.0,0.0,0.005468805704099822,0.0,0.0,0.0,0.0,0.00496384297520661,0.0,0.0,0.0,0.0,0.02169478161635024,0.0,0.0016049382716049388,0.0,0.0016049382716049382,0.0,0.0,0.0163766587443058,0.0,0.0054920116194626,0.0,0.0,0.0,0.0016049382716049382,0.011579861111111112,0.0,0.0037500000000000007,0.032129251700680275,0.013299242424242425,0.0063888888888888875,0.0,0.0,0.0,0.0,0.010851190476190478,0.0531671580913067,0.0,0.0,0.03616244073386931,0.0,0.0,0.0,0.007291666666666665,0.0,0.0018571428571428576,0.0,0.0014772727272727272,0.0,0.0,0.002780748663101605,0.0,0.0,0.0,0.026790123456790122,0.0,0.015894736842105264,0.001428571428571428,0.0,0.0,0.0,0.006955533596837946,0.04128180104993943,0.0,0.0,0.0,0.0,0.0,0.0,0.0,0.02827919720076583,0.0,0.0015294117647058827,0.0036111111111111127,0.0,0.0,0.0,0.0,0.004852130325814536,0.003404761904761905,0.0,0.0,0.003230994152046784,0.003688492063492064,0.0,0.0,0.0,0.0,0.0,0.0,0.0242862848843241,0.0016049382716049382,0.003013784461152883,0.0015294117647058827,0.0,0.0016049382716049382,0.0,0.004333333333333333,0.0,0.0,0.0,0.0,0.0,0.0,0.0,0.0016851851851851847,0.0,0.008395061728395062,0.0,0.0,0.0017105263157894735,0.0,0.004416267942583734,0.0,0.0012380952380952378,0.0042446393762183236,0.0015294117647058827,0.028229949874686716,0.0,0.0,0.018289473684210526,0.0,0.0,0.01808885640025991,0.0054621848739495795,0.0015294117647058827,0.005221386800334169,0.0017302436125965534,0.0,0.0,0.0017105263157894746,0.0,0.0,0.0,0.005199999999999999,0.004333333333333333,0.016714891975308642,0.0,0.005492011619462599,0.027081789370009924,0.006136111111111112,0.0,0.0,0.0,0.004800000000000001,0.0,0.0,0.0,0.047140011223344554,0.01,0.0,0.004521739130434781,0.004333333333333333,0.0,0.026790123456790126,0.0,0.0016993464052287586,0.0,0.0,0.0,0.0,0.0,0.0,0.0,0.015686728395061727,0.007346938775510204,0.0,0.001428571428571428,0.005478260869565219,0.002708333333333334,0.0016049382716049382,0.0,0.0017105263157894735,0.004333333333333333,0.013969251336898397,0.0,0.007219251336898395,0.0,0.0,0.0,0.0,0.0,0.009367346938775513,0.0018571428571428576,0.028053475935828874,0.0,0.0,0.0,0.0,0.0028086419753086413,0.0014444444444444444,0.005666666666666666,0.0,0.002949074074074075,0.007111111111111112,0.0,0.0,0.0016049382716049382,0.0,0.0,0.005674603174603177,0.0,0.0010505050505050504,0.0,0.0,0.0,0.0,0.0,0.0,0.0,0.003250000000000001,0.0,0.0,0.0,0.004285914702581369,0.0,0.0,0.0,0.0,0.0,0.0,0.012676691729323309,0.0038095238095238095,0.0023636363636363646,0.0
0.0166984126984127,0.0,0.001428571428571428,0.0061764705882352946,0.00282608695652174,0.0,0.0,0.010160493827160492,0.0,0.0031695707070707076,0.0,0.0,0.05458355186838159,0.0016049382716049382,0.0,0.0,0.007665544332210998,0.0,0.0,0.00990972222222222,0.003537414965986394,0.0,0.0,0.0,0.0,0.0,0.0,0.0,0.04540912422839506,0.0,0.0,0.0,0.004518665083762037,0.0,0.0,0.0007878787878787878,0.0016049382716049382,0.010327731092436976,0.0,0.0,0.02547214441332088,0.0030409356725146198,0.00853968253968254,0.0,0.0,0.0,0.0,0.0,0.008142857142857144,0.015619858717897932,0.0,0.009064935064935066,0.0,0.0,0.0,0.0,0.0,0.0,0.0,0.01904781230674088,0.019656564838984553,0.0014772727272727272,0.0,0.008878155550719313,0.0010317460317460316,0.0,0.0036111111111111127,0.0,0.0,0.0012839506172839501,0.028289473684210528,0.0014444444444444444,0.0,0.0,0.0028888888888888888,0.0,0.0020634920634920637,0.0,0.0,0.0,0.0,0.0,0.011611489040060468,0.0,0.008571428571428572,0.027111111111111114,0.0,0.012362745098039217,0.0,0.0,0.0,0.0,0.0,0.0,0.018142857142857145,0.0,0.0,0.0,0.0,0.0,0.0014444444444444444,0.017417618119372508,0.0,0.0,0.0,0.0,0.0,0.0,0.0,0.0,0.0,0.0016756176154672398,0.0,0.015298011167576387,0.0014772727272727272,0.0,0.0,0.007636363636363638,0.0,0.0016993464052287586,0.0,0.0063888888888888875,0.0,0.018968253968253967,0.0,0.0,0.01087485871541599,0.0,0.0,0.0,0.0022941176470588232,0.0,0.004521739130434781,0.0,0.0030409356725146198,0.0,0.0,0.007291666666666668,0.03382828282828283,0.003301587301587302,0.04548179160021266,0.0,0.0,0.00282608695652174,0.0014772727272727272,0.0,0.0016049382716049382,0.0018571428571428576,0.010689179375453889,0.0,0.0,0.00861904761904762,0.0036111111111111127,0.004935064935064935,0.0,0.0,0.008142857142857144,0.0,0.01,0.014895572263993318,0.0,0.0,0.008571428571428572,0.0,0.0014181818181818184,0.0,0.0,0.0,0.0,0.03256019951840385,0.022978395061728395,0.0,0.0014444444444444444,0.003492063492063492,0.0,0.0016049382716049382,0.0,0.0,0.0,0.006472383967437391,0.0,0.008555555555555556,0.0,0.0,0.007219251336898395,0.0298859649122807,0.026024322169059005,0.0,0.0,0.0015105301379811184,0.0,0.0,0.008571428571428572,0.0,0.0023636363636363633,0.0018519984170953707,0.0,0.0,0.0,0.01,0.0,0.0,0.0023636363636363633,0.0017105263157894735,0.008584670231729055,0.0,0.0,0.0212989769139842,0.0,0.0,0.0,0.0014444444444444444,0.0,0.024575231652115042,0.0018571428571428576,0.001428571428571428,0.0,0.0,0.0,0.0,0.00311671335200747,0.0,0.0,0.013967099567099567,0.0,0.0,0.014857646762408668,0.0,0.0,0.0,0.0,0.0,0.0,0.0,0.008555555555555556,0.0,0.0018571428571428565,0.0,0.0,0.0,0.0,0.0,0.0,0.0023636363636363633,0.008555555555555556,0.006173160173160175,0.0,0.0010505050505050504,0.022685352789657918,0.004105263157894738,0.0,0.0,0.0017105263157894735,0.004152777777777778,0.0,0.0
0.008289473684210527,0.0,0.0,0.008522727272727274,0.0018571428571428567,0.0,0.003082210998877666,0.004493827160493828,0.0,0.0,0.0,0.005652173913043478,0.02814285714285715,0.0,0.0,0.0,0.010795321637426905,0.0,0.0,0.0,0.0,0.0,0.0,0.0,0.0,0.0,0.0,0.0,0.014584235209235212,0.0,0.0014772727272727272,0.0,0.0,0.0,0.0015294117647058829,0.002780748663101604,0.0,0.014616161616161617,0.0,0.0014772727272727275,0.022510252904989748,0.021709750566893428,0.0071111111111111115,0.0,0.018233743577946476,0.0,0.0,0.007168997228521041,0.032966640085061144,0.006250000000000001,0.0,0.0,0.0,0.002888888888888889,0.010977443609022558,0.0,0.003750000000000001,0.0,0.0,0.0,0.024702017844174712,0.0,0.0016049382716049384,0.0,0.0,0.014271982987772464,0.001604938271604939,0.0,0.0,0.0,0.023147120446619197,0.0,0.0,0.0,0.026331569664903003,0.0,0.0,0.0014772727272727275,0.0,0.0,0.0,0.004583333333333333,0.006028098195800061,0.00304093567251462,0.001685185185185185,0.007545918367346941,0.005666666666666666,0.030528393462648216,0.0,0.008522727272727274,0.0,0.0,0.002718954248366013,0.0,0.01847058823529412,0.006959064327485383,0.0,0.0,0.0,0.0009801587301587309,0.018816358024691362,0.0,0.0,0.0,0.008287220026350465,0.0,0.001593137254901961,0.015750447547440035,0.0018571428571428578,0.0,0.0,0.0,0.006315789473684211,0.0,0.003668430335097003,0.0,0.0,0.0016049382716049384,0.0039393939393939405,0.0,0.0,0.009458333333333334,0.0,0.0017105263157894748,0.0,0.0,0.006899055918663763,0.0,0.0,0.0,0.0,0.0,0.0,0.0,0.0,0.0,0.0014444444444444446,0.0,0.04297598162071847,0.0,0.015481791600212656,0.0,0.0035374149659863946,0.003462081128747795,0.001604938271604939,0.001160714285714286,0.0,0.0,0.01916072588879607,0.0,0.008522727272727274,0.0,0.0025905797101449276,0.0128109410430839,0.0,0.0,0.0,0.0015798611111111115,0.008470588235294119,0.0,0.0025758513931888553,0.0,0.008142857142857146,0.002888888888888889,0.0,0.0,0.006285714285714288,0.008470588235294119,0.011654320987654322,0.004675935481405037,0.0,0.00675,0.0,0.010000000000000002,0.0,0.0016049382716049384,0.0018571428571428567,0.0,0.0,0.01754387125220459,0.0,0.0,0.0,0.0,0.0,0.018395061728395064,0.0035676691729323324,0.004885878912968697,0.0,0.0,0.0,0.0,0.008395061728395064,0.0,0.01185714285714286,0.010000000000000002,0.008266666666666667,0.0036029657477025905,0.0,0.01160493827160494,0.0,0.002888888888888889,0.0,0.0,0.0,0.0058242424242424245,0.0076018518518518536,0.0014772727272727275,0.0,0.0,0.0,0.0,0.0,0.008470588235294119,0.005357142857142858,0.00304093567251462,0.0,0.002063492063492064,0.007111111111111113,0.0,0.0,0.0013594771241830065,0.0,0.010968944099378885,0.010000000000000002,0.006688248398774717,0.010825396825396827,0.0,0.006848635750596538,0.014285024154589371,0.0,0.0,0.0,0.0,0.0,0.0,0.0,0.00675,0.002826086956521739,0.0032500000000000016,0.0,0.008142857142857146,0.0363263190377161,0.007936507936507938,0.009591901867959662,0.009699855699855701,0.0,0.0,0.0,0.0,0.002553571428571428,0.0,0.0,0.0,0.0,0.011645061728395065
0.016812447786131998,0.0,0.0,0.018289473684210526,0.0,0.0,0.028932216905901118,0.0,0.0,0.0018571428571428576,0.0,0.0,0.026285714285714287,0.0,0.0,0.0,0.013722222222222222,0.0018571428571428576,0.0015294117647058827,0.008289473684210527,0.0,0.025172414774876813,0.0,0.0,0.0,0.008395061728395062,0.006959064327485379,0.0012037037037037036,0.0,0.0,0.0,0.0,0.0020634920634920637,0.0,0.0,0.0,0.003421052631578947,0.01,0.0,0.0,0.011604938271604939,0.0,0.022530492898913953,0.0,0.0,0.0,0.0,0.0,0.01589473684210526,0.01,0.01,0.0061764705882352946,0.0,0.0030409356725146198,0.0,0.0,0.0,0.0018571428571428565,0.0,0.0125003248862898,0.006462585034013606,0.0,0.0023636363636363633,0.01,0.0,0.016285714285714285,0.0,0.01,0.0,0.0,0.02,0.0,0.0,0.0,0.0,0.0028260869565217388,0.0,0.0,0.0,0.00393939393939394,0.0,0.0,0.0,0.0,0.0,0.010968944099378883,0.01,0.018430464778503994,0.0,0.008289473684210527,0.0,0.0,0.0,0.0,0.017219251336898393,0.0016049382716049388,0.0017105263157894735,0.0,0.0,0.003250000000000001,0.007291666666666665,0.015568974771873323,0.0,0.0,0.008470588235294117,0.0,0.0,0.0,0.0,0.0,0.0,0.0013032581453634084,0.0,0.0,0.0,0.0,0.0,0.0,0.0,0.0,0.0,0.008142857142857144,0.011529411764705884,0.0,0.0,0.0,0.010052139037433154,0.0,0.0,0.0,0.0,0.0016993464052287586,0.0,0.008142857142857144,0.0,0.0,0.0,0.0,0.02607936507936508,0.0,0.0,0.0,0.0,0.0,0.005748877665544332,0.0,0.0030409356725146198,0.0,0.011760037348272643,0.01,0.0054920116194626,0.008142857142857144,0.0,0.0,0.0,0.0042716049382716045,0.0,0.0,0.02686564996368918,0.0,0.006319444444444446,0.0032098765432098763,0.008395061728395062,0.0,0.0,0.01,0.0,0.0,0.018470588235294117,0.0,0.053195357923428103,0.0,0.0,0.0,0.0,0.0017376775271512113,0.0,0.0,0.0,0.015757157053854682,0.0,0.008124098124098124,0.0032500000000000003,0.0007878787878787878,0.0,0.06557142857142857,0.017636363636363638,0.0,0.0,0.0015294117647058827,0.0018571428571428576,0.0,0.0,0.0,0.0,0.0,0.007333333333333334,0.0,0.0026666666666666666,0.007333333333333334,0.0,0.0,0.0,0.0,0.01,0.0,0.0,0.023956140350877196,0.0,0.0017105263157894735,0.0,0.0,0.0,0.02547619047619048,0.0,0.0,0.0,0.0,0.0,0.0,0.0,0.0,0.0,0.0,0.0,0.01,0.028555555555555556,0.0017105263157894746,0.009718045112781954,0.0,0.008470588235294117,0.01018111455108359,0.0,0.0,0.0028888888888888888,0.0006565656565656567,0.0,0.0,0.0,0.007173913043478261,0.0,0.002780748663101605,0.019872334455667787,0.0018571428571428565,0.0,0.0,0.0,0.0014444444444444448,0.0,0.0,0.0,0.0,0.005023923444976077,0.0,0.0,0.01
0.006060606060606061,0.0,0.0,0.0,0.008022799422799423,0.0,0.0,0.009107142857142855,0.0,0.0,0.0,0.0,0.01393939393939394,0.0,0.002637362637362638,0.0,0.0023636363636363646,0.0,0.0,0.00857142857142857,0.0,0.0,0.0,0.0,0.0,0.0,0.0,0.0061218352354716,0.011225198412698414,0.0,0.0,0.0,0.0,0.0,0.0,0.0,0.0,0.02339942738791423,0.0,0.0011328976034858389,0.021359477124183006,0.007666288737717309,0.0016756176154672398,0.0018866213151927439,0.005023923444976077,0.0,0.0,0.0,0.014826592946546811,0.06946597610335999,0.0016049382716049382,0.002666666666666667,0.0,0.0013032581453634084,0.0052678151870770105,0.0016049382716049388,0.005952380952380951,0.0020526315789473693,0.005142353237591333,0.0023636363636363646,0.008522727272727272,0.003537414965986394,0.0,0.0,0.0,0.022071381662712927,0.0032500000000000003,0.0013506493506493513,0.0020634920634920637,0.0014772727272727272,0.05216325852510063,0.0,0.0,0.0,0.006750000000000001,0.007111111111111111,0.0,0.003250000000000001,0.0076363636363636364,0.0,0.0,0.0,0.008142857142857144,0.0,0.0,0.0,0.0,0.018862745098039216,0.0,0.0,0.0,0.0,0.002780748663101605,0.0,0.0,0.006002886002886003,0.0,0.0018571428571428576,0.0022159090909090913,0.010298351158645276,0.016665584415584415,0.005887934121016827,0.006249999999999999,0.0,0.0,0.0,0.0,0.01,0.0014772727272727272,0.0016756176154672398,0.0,0.0,0.006285714285714286,0.0021666666666666666,0.00393939393939394,0.0,0.0,0.0,0.0,0.0009774436090225565,0.0,0.0,0.0037090847419300136,0.003250000000000001,0.0014625000000000007,0.0,0.0,0.00393939393939394,0.0,0.0,0.0044571428571428574,0.0023636363636363638,0.0,0.0018759018759018755,0.0,0.0,0.0,0.0,0.02183206569664903,0.0,0.0260796875,0.0,0.0,0.0034982192322912543,0.006031549043062201,0.0,0.007980748663101604,0.0,0.01198095238095238,0.0,0.0,0.002708333333333333,0.0016802721088435375,0.04207630958107149,0.01,0.0,0.0017376775271512113,0.0,0.006959064327485382,0.0012513368983957218,0.0,0.016253520706528225,0.0,0.0,0.0,0.003915490480587435,0.012457880813143972,0.0,0.0,0.0020583333333333326,0.011538866930171279,0.0,0.0,0.0014772727272727272,0.0,0.0,0.009880844645550528,0.0,0.0,0.010081065759637187,0.0,0.0,0.0,0.0,0.0,0.01839506172839506,0.007564682539682541,0.0018519984170953707,0.0,0.007741274978891079,0.0017105263157894735,0.0,0.0,0.0,0.0,0.0028888888888888888,0.0,0.0020634920634920637,0.0,0.0,0.0,0.0,0.0,0.02,0.008289473684210527,0.0,0.0,0.0054920116194626,0.006472383967437391,0.0,0.004948973741543401,0.0,0.0,0.023937324690641807,0.030287391926467556,0.0018055555555555555,0.0,0.004521739130434781,0.0,0.0,0.0,0.0,0.0,0.008289473684210527,0.04327044660549445,0.0016993464052287586,0.016060606060606063,0.0,0.0,0.0,0.0,0.008470588235294117,0.0,0.0,0.00393939393939394,0.0,0.01346717171717172,0.0,0.003215777051561366,0.01478992240326627,0.0,0.007219251336898395,0.009766746411483253,0.0,0.0,0.0,0.0,0.0,0.0008796992481203003,0.0,0.0,0.0016049382716049382,0.018987012987012986,0.0,0.0,0.0007169117647058827
0.01485764676240867,0.0,0.0016049382716049382,0.022513053467000832,0.0,0.0,0.0061764705882352946,0.01,0.0,0.0,0.0,0.0,0.03,0.0,0.0,0.0,0.007219251336898395,0.012478203083466241,0.0,0.0018055555555555555,0.0015993848519800084,0.005824242424242424,0.0,0.0017105263157894746,0.0,0.0,0.0,0.0,0.009999999999999998,0.0,0.0,0.0015476190476190483,0.0,0.0,0.0,0.0,0.0,0.017665522875816995,0.0,0.0,0.0,0.0,0.05329365079365079,0.0,0.0,0.0,0.0,0.0,0.017636363636363638,0.0,0.0,0.00393939393939394,0.002780748663101605,0.0,0.008571428571428572,0.0,0.006890085010038873,0.0017105263157894746,0.0,0.0,0.010206349206349209,0.0027189542483660126,0.0,0.0,0.0,0.0,0.0,0.0,0.0,0.0,0.03406869446343131,0.0,0.0,0.0,0.0,0.0018519984170953707,0.0,0.0,0.0,0.016656831421522123,0.0,0.0023636363636363646,0.0,0.0,0.0,0.018470588235294117,0.0,0.0,0.0,0.0020634920634920637,0.0,0.01361644852872923,0.0,0.0,0.03235045836516425,0.0015294117647058827,0.0023636363636363646,0.0,0.0018571428571428565,0.002734126984126984,0.0015394736842105263,0.0,0.0,0.007219251336898395,0.0,0.0,0.0012037037037037036,0.009888858536190535,0.0014181818181818184,0.0,0.0,0.0,0.0,0.0,0.003537414965986394,0.00606060606060606,0.0,0.001428571428571428,0.0,0.0,0.0,0.0,0.0,0.0,0.0,0.0,0.0,0.0,0.0015294117647058827,0.0,0.0,0.0,0.0,0.0018571428571428565,0.0,0.0,0.002932330827067669,0.007936507936507936,0.03808947750640217,0.0,0.03270833333333333,0.0036684303350970025,0.0,0.0,0.0022941176470588232,0.0,0.0,0.0,0.02272542417640457,0.020977443609022556,0.0,0.0017105263157894746,0.0,0.0,0.008289473684210525,0.0,0.0,0.0,0.02818388564002599,0.0,0.0016049382716049382,0.0,0.01647238396743739,0.0,0.0,0.006445697577276525,0.0,0.009653387280838262,0.0,0.032886336707286135,0.015687908496732027,0.0017105263157894735,0.0,0.0,0.0,0.0009749999999999993,0.006472383967437391,0.0,0.0,0.021720588235294117,0.0,0.0,0.002780748663101605,0.0014772727272727272,0.0,0.0,0.026060606060606065,0.0,0.0,0.0,0.0,0.0,0.0,0.0,0.0,0.0015294117647058827,0.01386111111111111,0.0037391096789593037,0.004642857142857145,0.0,0.0016049382716049382,0.003230994152046784,0.0005068226120857709,0.0,0.04363515269655621,0.0,0.0,0.008460526315789476,0.0,0.0,0.001428571428571429,0.0,0.002757575757575757,0.007936507936507936,0.0,0.0007128427128427141,0.0,0.01944555338294136,0.008571428571428572,0.0,0.0,0.0,0.0,0.021604938271604937,0.006959064327485379,0.0,0.023696969696969696,0.0,0.0,0.0,0.0,0.0,0.0,0.0,0.017636363636363638,0.0,0.043989500265816044,0.0,0.001477272727272727,0.01,0.0,0.009999999999999998,0.0,0.0,0.0,0.0,0.0016756176154672398,0.0,0.0,0.0,0.0014444444444444444,0.0,0.0,0.0,0.0,0.0076296992481203
0.04828947368421053,0.0,0.0,0.010501543209876542,0.0,0.0,0.0,0.0035160818713450303,0.0016049382716049382,0.0,0.0,0.0,0.05551461988304093,0.005792316439246263,0.0012049910873440282,0.0016993464052287586,0.0,0.0,0.0,0.0,0.004491274978891079,0.0,0.0,0.0,0.0,0.0,0.0,0.0,0.006136111111111112,0.0,0.0,0.008470588235294117,0.0,0.0,0.0,0.0,0.0,0.012758098253151676,0.0018519984170953707,0.0,0.007219251336898395,0.0,0.0026262626262626267,0.0,0.0016049382716049382,0.0,0.0,0.0,0.0,0.016537918871252208,0.012708333333333335,0.0,0.0014444444444444448,0.0,0.0,0.0,0.004347826086956524,0.0,0.0,0.0,0.01,0.0015294117647058827,0.0,0.0,0.0,0.0,0.0,0.006787414965986394,0.0,0.0,0.05099780701754386,0.0,0.0020634920634920637,0.0,0.0,0.0,0.0,0.0,0.0,0.0,0.0,0.0,0.0,0.0,0.0,0.01,0.0,0.028470588235294116,0.0,0.0,0.0,0.0,0.0,0.0,0.0514993502274204,0.0,0.0,0.0015757575757575758,0.0,0.0,0.0,0.05794286096504879,0.0,0.0,0.008289473684210525,0.01892977765268787,0.0,0.0,0.0,0.01,0.0,0.0,0.0,0.02921796122312118,0.0,0.0,0.0017105263157894746,0.007219251336898395,0.0,0.0,0.0,0.007291666666666665,0.0,0.019888858536190535,0.0,0.0,0.0059105339105339095,0.0018571428571428576,0.0014444444444444444,0.0,0.0,0.0,0.0,0.0,0.0,0.0,0.0015294117647058827,0.0,0.018395061728395064,0.0,0.03,0.0,0.0,0.0,0.0,0.0,0.0,0.0,0.06147727272727273,0.0,0.0,0.02167561761546724,0.0020583333333333326,0.035696640316205536,0.006890085010038873,0.0,0.0015294117647058827,0.0,0.0,0.0,0.0,0.0,0.008470588235294117,0.0,0.0017105263157894735,0.0,0.0,0.03371428571428572,0.0,0.01675,0.011765432098765431,0.0,0.0,0.0,0.0,0.0,0.0017105263157894746,0.0,0.0,0.0,0.0,0.0015294117647058827,0.0,0.0,0.0,0.02,0.013941647597254001,0.0,0.0,0.0,0.0,0.014399092970521544,0.0,0.0,0.0,0.0,0.0017105263157894746,0.0,0.0,0.008395061728395062,0.0,0.0,0.0,0.02468077601410935,0.0,0.0,0.0028888888888888888,0.018395061728395064,0.0017105263157894735,0.0,0.0,0.0016049382716049382,0.0,0.0,0.0,0.010152046783625732,0.0018571428571428576,0.0,0.0,0.0,0.0,0.0016049382716049382,0.0,0.0054920116194626,0.0012037037037037036,0.0017105263157894735,0.0,0.0,0.0,0.008395061728395062,0.0,0.0,0.0,0.0,0.022063492063492066,0.0,0.0,0.0,0.0,0.0,0.008470588235294117,0.007936507936507936,0.0,0.0,0.0,0.0028260869565217388,0.0,0.005191558441558442,0.0,0.0,0.0,0.0,0.002708333333333334,0.0,0.0,0.016812200956937796
0.013670588235294117,0.0023636363636363633,0.0,0.0,0.0,0.0016802721088435377,0.007333333333333334,0.0,0.0,0.004764790764790764,0.0,0.0,0.008555555555555556,0.0,0.0,0.005131578947368423,0.004515625,0.005544332210998878,0.0,0.008825827070151115,0.0066416666666666655,0.0,0.0,0.0,0.0034556571166478294,0.0,0.002973856209150327,0.0017105263157894746,0.009603485838779955,0.0016756176154672398,0.0,0.004105263157894737,0.0,0.0,0.0,0.0,0.0,0.007111111111111112,0.0,0.0,0.011460180754917598,0.011188888888888885,0.0,0.0,0.014096908939014203,0.0,0.0017105263157894735,0.0036111111111111127,0.0,0.0250812865497076,0.004852130325814536,0.007219251336898395,0.0038120300751879692,0.012395936932277784,0.0017105263157894746,0.0,0.0,0.0018571428571428565,0.0,0.006749999999999999,0.0,0.0022698412698412703,0.002590579710144927,0.004935064935064936,0.0,0.0017105263157894735,0.003230994152046784,0.022187122568325578,0.008759523809523807,0.0,0.008805346700083542,0.0018571428571428565,0.0,0.0,0.008289473684210527,0.0,0.0020634920634920637,0.0,0.0,0.006695134575569359,0.0,0.0,0.0037301587301587303,0.0,0.006060606060606061,0.0,0.007936507936507938,0.019213163379830048,0.0,0.0,0.0,0.003250000000000001,0.0,0.0,0.003230994152046784,0.0,0.0018759018759018755,0.0,0.0,0.005221386800334169,0.005815789473684212,0.009410430839002268,0.0,0.0,0.005894736842105262,0.0,0.0036520164309273772,0.0,0.0,0.0028086419753086413,0.0,0.0,0.0,0.015925837320574163,0.0028888888888888888,0.0,0.0,0.0,0.006249999999999999,0.0,0.00393939393939394,0.04138688401879949,0.007370782935599869,0.0,0.010841417268661852,0.0,0.0,0.0,0.0,0.00198095238095238,0.0,0.0,0.0025250626566416046,0.02228658768132452,0.0026666666666666666,0.0014285714285714281,0.0018055555555555555,0.009670833673140478,0.03569757903161265,0.0,0.01727769177846577,0.00282608695652174,0.0,0.0,0.005815789473684212,0.0,0.0,0.003475563909774434,0.022952601410934744,0.0,0.0,0.0,0.0018462823725981625,0.0049350649350649355,0.0,0.0,0.0,0.0,0.0030608465608465613,0.0,0.0045238095238095246,0.0020634920634920637,0.0020272904483430803,0.0016049382716049382,0.0,0.0015294117647058827,0.0,0.006136111111111112,0.0,0.0,0.025599605073289285,0.0014444444444444444,0.0020583333333333326,0.0,0.0,0.0,0.01,0.015102810417096135,0.004551465810495738,0.033748683125562826,0.004690174471992653,0.0020634920634920637,0.0,0.0,0.0,0.048159803696035584,0.014455667789001123,0.008142857142857144,0.0,0.002653061224489796,0.0032500000000000003,0.0,0.0,0.0,0.0,0.006472383967437391,0.006920733205562928,0.0,0.0,0.0,0.004281746031746032,0.0,0.000670634920634921,0.0,0.014137254901960782,0.004705882352941176,0.0,0.0,0.0,0.0016290726817042606,0.0,0.0,0.0009774436090225565,0.0,0.013089473684210526,0.011107125596360045,0.0017105263157894735,0.018097232714961248,0.0,0.0,0.000902777777777778,0.0,0.0,0.005662261714893294,0.005294117647058823,0.0066846673976608175,0.01606060606060606,0.0,0.003095238095238095,0.0,0.006060606060606061,0.005492011619462599,0.0,0.0,0.02643349796058774,0.0,0.008832497911445282,0.0,0.0015294117647058827,0.01,0.0,0.002753901560624251,0.004935064935064936,0.0,0.0,0.002932330827067669,0.0077142857142857135,0.00235827664399093,0.0,0.0026666666666666666,0.0,0.0,0.001428571428571428,0.003791666666666667,0.0,0.012008417783589407
0.021682089502467656,0.00771581359816654,0.0016756176154672398,0.0,0.0,0.0,0.0,0.0,0.0014444444444444448,0.012885918003565063,0.0,0.0,0.020935064935064935,0.0,0.0,0.0,0.0,0.0,0.0,0.005824242424242424,0.010248869648869648,0.0,0.0,0.0015294117647058827,0.0011818181818181819,0.0,0.00934688995215311,0.0036520164309273772,0.0,0.0012380952380952378,0.0018055555555555555,0.0014161220043572987,0.0,0.0,0.0,0.0023636363636363646,0.0,0.0,0.0,0.0,0.006472383967437391,0.006714891975308641,0.0,0.0,0.005660770975056691,0.015951594672956905,0.0,0.0017105263157894735,0.0011328976034858387,0.02239217572550906,0.0,0.0016756176154672398,0.0026666666666666666,0.01,0.010721663226694185,0.0,0.0,0.0029579831932773104,0.0,0.0,0.012784821852144135,0.0015105301379811184,0.0,0.02372505233030031,0.0025312500000000005,0.006890085010038873,0.0,0.009148809523809523,0.009987116756335953,0.0,0.03595857413140695,0.0015294117647058827,0.010696628932778523,0.004046062869592281,0.002708333333333334,0.0032077922077922076,0.0,0.0,0.004766666666666668,0.004050576752440108,0.0,0.0045833333333333325,0.0032077922077922076,0.0,0.0,0.01,0.0,0.009204081632653061,0.0,0.0,0.0,0.0,0.0,0.0,0.03954225552334897,0.0,0.0,0.0,0.0,0.0,0.0,0.01536067324533299,0.0,0.0,0.0020634920634920637,0.0,0.003226647153351698,0.013021241830065361,0.0014370748299319732,0.003791666666666667,0.0,0.0015294117647058827,0.0,0.004642857142857145,0.0,0.0,0.0,0.0,0.0,0.0030409356725146198,0.0,0.0,0.0,0.045072352468039825,0.0,0.0,0.0032500000000000003,0.006749999999999998,0.0,0.0,0.0,0.0,0.0,0.0,0.006750000000000001,0.0015105301379811184,0.0,0.0032500000000000003,0.023020061728395057,0.0,0.005824242424242423,0.0,0.0,0.0017105263157894735,0.006519857081275767,0.0,0.0,0.0,0.020346490111195995,0.0,0.0,0.016155755550492392,0.0,0.0,0.010066085693536673,0.0,0.0,0.0011328976034858387,0.0,0.007936507936507936,0.0036684303350970025,0.005453514739229025,0.0066326530612244895,0.003537414965986394,0.0,0.006193545457847517,0.008107142857142856,0.007111111111111111,0.0,0.016311216742589292,0.0014444444444444448,0.0,0.0,0.006749999999999999,0.0054651847008826415,0.0,0.0,0.0,0.0,0.00881045751633987,0.0015294117647058827,0.0034370039682539676,0.001428571428571429,0.0,0.0,0.009554720133667503,0.023350049511769604,0.0016049382716049388,0.0,0.0,0.0,0.0,0.002867647058823529,0.0,0.0,0.01,0.010540038822546562,0.0058014050540002105,0.0,0.0,0.0030409356725146198,0.0,0.0,0.00961815523657629,0.02282291153867929,0.04898178044686634,0.0017052469135802476,0.0015476190476190483,0.0,0.0,0.0032500000000000003,0.002161356209150327,0.0014186507936507936,0.01658012666346,0.0,0.004515625,0.0,0.011183792815371763,0.0,0.0,0.0,0.0,0.0,0.0238312447786132,0.01,0.0,0.008470588235294117,0.0016756176154672398,0.003707664884135472,0.0,0.0,0.0,0.0026666666666666666,0.0,0.018084708399353007,0.0,0.014557539682539682,0.0,0.0,0.0,0.0,0.0,0.0008125000000000001,0.013303030303030301,0.0027807486631016036,0.0,0.0014661654135338345,0.002708333333333334,0.0,0.0036566293183940245,0.007722167755991286,0.0,0.006280555555555557,0.0,0.0,0.001359477124183006
0.009730158730158731,0.0,0.0,0.009231349206349207,0.0,0.0,0.0,0.01029591049382716,0.0,0.0038261363636363653,0.0,0.0,0.0,0.0016802721088435375,0.005952380952380954,0.0,0.0,0.0014216754239822287,0.004105263157894738,0.010573529411764706,0.02637905247326203,0.0,0.0,0.0,0.0030409356725146198,0.0014444444444444446,0.004068883277216612,0.0,0.0023636363636363633,0.00198095238095238,0.0,0.0,0.0,0.0015105301379811184,0.0,0.0011255411255411266,0.0016213151927437647,0.008571428571428572,0.0,0.0,0.0,0.0,0.0,0.0,0.0,0.0014625000000000007,0.0,0.0020583333333333326,0.0,0.02286155865855114,0.0,0.008395061728395062,0.002708333333333334,0.0,0.0018571428571428565,0.0,0.0,0.0030409356725146198,0.003537414965986394,0.009174603174603174,0.03201171377641966,0.0,0.0,0.01027124183006536,0.0,0.0056209928415810765,0.010244152046783625,0.0,0.0018462823725981623,0.0,0.014879795396419437,0.0,0.0015234375,0.0,0.0,0.005478260869565219,0.0015993848519800084,0.0014772727272727277,0.0,0.018713386727688786,0.0,0.0014444444444444448,0.0,0.0,0.0,0.01222826086956522,0.0,0.016324440033528544,0.006959064327485379,0.017587340491752257,0.0,0.0009027777777777776,0.004143939393939394,0.0,0.01786671335200747,0.0,0.0,0.0,0.0,0.0,0.012081699346405225,0.0054920116194626,0.0,0.0015105301379811184,0.0063888888888888875,0.0014632034632034638,0.0061764705882352946,0.0,0.0,0.0014325068870523416,0.0,0.0,0.0,0.007323308270676689,0.006842903828197947,0.0016507936507936505,0.0,0.0,0.0,0.005660770975056691,0.0,0.0,0.0,0.007410628019323668,0.002780748663101605,0.0,0.0,0.0,0.006086343309253526,0.0,0.0,0.0,0.0,0.0,0.0,0.0,0.0,0.0014444444444444444,0.03765508659604192,0.0016049382716049388,0.007605263157894735,0.0,0.0,0.0015234375,0.005478260869565219,0.00894949494949495,0.0026666666666666666,0.0,0.004427128427128429,0.0,0.0,0.008142857142857144,0.001470707070707071,0.0063888888888888875,0.01668453541260559,0.0,0.0015993848519800084,0.0013032581453634084,0.005478260869565219,0.015572871572871572,0.0,0.0021581027667984167,0.0,0.0,0.0015993848519800084,0.0037471085120207915,0.0,0.009325851393188856,0.0,0.0,0.007333333333333334,0.0,0.0,0.0,0.01039572192513369,0.0,0.009688995215311007,0.013821998126162516,0.0,0.008275517515792115,0.004852130325814536,0.0,0.0,0.0,0.00695906432748538,0.017068364922723473,0.015141950113378688,0.004054702582787501,0.0,0.0,0.0,0.004521739130434781,0.0,0.0026262626262626267,0.0,0.006714891975308641,0.0,0.0015294117647058827,0.0,0.0,0.0018571428571428576,0.002932330827067669,0.00679148617392059,0.0,0.055471966519307525,0.0,0.010501196121149987,0.0032013524159663865,0.0,0.0,0.0,0.0,0.0,0.03692816839654522,0.011068153337890178,0.0,0.0018055555555555555,0.015649144843122437,0.00393939393939394,0.0026666666666666666,0.0,0.0,0.0030409356725146198,0.012869598238019293,0.006959064327485382,0.00282608695652174,0.0332483662915652,0.0,0.0011255411255411266,0.0,0.0,0.0,0.0,0.0,0.01,0.0,0.034817330635958085,0.0,0.0,0.019264877287468934,0.0,0.0,0.0,0.0036111111111111127,0.0,0.007347079820764031,0.0,0.0,0.020450793650793653,0.0,0.0,0.0,0.0020634920634920637,0.004310160427807487,0.0,0.01
0.025240362811791383,0.0,0.0014869281045751634,0.00368421052631579,0.0,0.0,0.011049999999999999,0.0,0.0,0.0,0.0,0.0,0.024616161616161616,0.0021581027667984167,0.0,0.0,0.0,0.005894736842105262,0.0,0.0,0.0023636363636363646,0.00647238396743739,0.0,0.0,0.0,0.003537414965986394,0.0023636363636363646,0.0013032581453634084,0.01625,0.0,0.0017105263157894735,0.0,0.0,0.0,0.0017105263157894735,0.005756535947712418,0.0,0.05017617953436912,0.0,0.0,0.015079863996486047,0.0018519984170953707,0.014995111240164663,0.0,0.015925837320574163,0.0,0.0014625000000000007,0.0,0.019166666666666665,0.033651822050252335,0.0,0.0,0.0028888888888888888,0.0,0.026429119367045065,0.0,0.0,0.001477272727272727,0.004521739130434781,0.0,0.010525252525252524,0.0,0.0,0.0,0.0,0.0,0.0018759018759018755,0.004366161616161616,0.0,0.0014359974009096812,0.015023923444976077,0.0,0.0015234375,0.0,0.0014772727272727272,0.0007128427128427141,0.0,0.0015993848519800084,0.0,0.005023923444976076,0.0,0.004640171858216971,0.007936507936507936,0.0,0.0,0.007111111111111111,0.0,0.035864187975385084,0.0017105263157894735,0.0,0.0,0.004347826086956524,0.0,0.0,0.01151053013798112,0.0,0.0,0.0,0.0063888888888888875,0.0,0.0,0.0,0.0,0.0,0.0,0.005023923444976076,0.0,0.002272727272727273,0.002653061224489796,0.0,0.0017376775271512113,0.0,0.0017105263157894735,0.00393939393939394,0.0017105263157894746,0.0,0.0,0.0,0.0,0.0020634920634920637,0.0,0.006027001141297181,0.0,0.01637125823216049,0.0,0.0,0.0,0.0,0.0,0.0,0.0,0.0,0.0,0.0,0.0,0.0,0.0,0.0,0.007111111111111111,0.0,0.035894736842105264,0.0015993848519800084,0.0012606060606060604,0.005938271604938272,0.0018571428571428565,0.0,0.0,0.004976076555023924,0.027848883572567783,0.007936507936507936,0.0,0.01572767145135566,0.0,0.01866959064327485,0.0,0.0,0.010975527052926435,0.0,0.0321202393237997,0.0,0.0,0.004564506504356128,0.009999999999999998,0.0,0.0,0.0,0.0020634920634920637,0.017346938775510204,0.007111111111111112,0.0020634920634920637,0.020031689020063935,0.0,0.0018571428571428565,0.002653061224489796,0.0,0.0,0.0063888888888888875,0.0,0.0024949494949494957,0.012306035141329259,0.00393939393939394,0.0,0.01,0.0,0.0017105263157894735,0.021590650295205804,0.009077554563492064,0.0,0.0021581027667984167,0.0,0.010230303030303029,0.0030822109988776656,0.0,0.0,0.0,0.01,0.0,0.004878203133105093,0.004105263157894738,0.005478260869565219,0.0,0.0017105263157894746,0.0,0.007111111111111111,0.0,0.0,0.001222222222222222,0.0,0.0,0.0,0.0,0.0,0.0,0.009253721373675238,0.0,0.0,0.0,0.02408050664964689,0.0,0.0,0.0016049382716049382,0.0,0.0014444444444444444,0.02272619047619048,0.0,0.0,0.0,0.0,0.003540764790764791,0.0,0.007111111111111112,0.0,0.0,0.0,0.0017105263157894735,0.00418560606060606,0.008519196542079839,0.002659090909090909,0.008289473684210525,0.0,0.0,0.02486274398116503,0.023696969696969696,0.0,0.0,0.007111111111111112,0.005029761904761906,0.0,0.0,0.0,0.0,0.0,0.0,0.0,0.0016507936507936505,0.015622807017543861
0.0014325068870523416,0.0,0.0,0.0,0.00480441423215313,0.0015931372549019608,0.0,0.0016756176154672398,0.005058919944789507,0.0014444444444444444,0.004524509803921568,0.0,0.007371297290846165,0.0,0.0,0.0,0.0,0.02408249299719888,0.0,0.0,0.00861243645606391,0.0,0.0,0.005172129457843744,0.0,0.014531159420289859,0.008666666666666666,0.004398496240601504,0.042842882405930656,0.0,0.0038095238095238104,0.0,0.0017105263157894746,0.0,0.0044444444444444444,0.0,0.0,0.0,0.0,0.0,0.0,0.002639097744360902,0.007173913043478261,0.0,0.02940454076367389,0.0,0.0,0.0029323308270676695,0.0,0.028605692481097473,0.0017105263157894735,0.0,0.0015294117647058827,0.005666666666666665,0.01,0.0015294117647058827,0.001470707070707071,0.0,0.0,0.006136111111111112,0.0,0.0,0.0,0.0018519984170953707,0.0028888888888888888,0.015506172839506172,0.0,0.0240715223998096,0.003932773109243697,0.0,0.013967099567099565,0.0,0.0,0.0,0.0,0.005894736842105262,0.003180205415499533,0.0,0.0,0.0045882352941176464,0.002708333333333333,0.004242208960879038,0.0,0.0,0.0,0.02266081871345029,0.0,0.00975933966179064,0.0015798611111111113,0.0,0.0,0.0,0.0009774436090225565,0.0053571428571428555,0.019423225308641975,0.0015931372549019608,0.0,0.0,0.0,0.002870945479641131,0.006060606060606061,0.0,0.0,0.0,0.0,0.0,0.0,0.0013541666666666665,0.002780748663101605,0.0,0.0,0.0,0.0015798611111111113,0.00944675414025259,0.00839629776194873,0.0,0.0,0.0,0.0,0.000749711649365629,0.0014444444444444444,0.0,0.0,0.04459738964963976,0.004622222222222221,0.0,0.0026666666666666666,0.0,0.0,0.0,0.0,0.0,0.0,0.0,0.0015798611111111113,0.0017105263157894746,0.0022857142857142855,0.0018571428571428565,0.03510192147034252,0.0,0.013604976985347515,0.001477272727272727,0.0,0.0,0.0,0.005478260869565219,0.0,0.0,0.00198095238095238,0.0015105301379811184,0.0064596273291925455,0.015614313065293458,0.00879960596678863,0.0,0.016714891975308642,0.0,0.009216224747474749,0.002932330827067669,0.0,0.0,0.0034512206442031002,0.0,0.008470588235294117,0.007333333333333334,0.0014102564102564101,0.002637362637362638,0.008897515527950312,0.008183229813664596,0.00453781512605042,0.015384702357397253,0.0,0.004947236512333465,0.0027926960257787323,0.0,0.009561738571026497,0.001354166666666667,0.001470707070707071,0.0008496732026143792,0.005534420289855073,0.014810331750428705,0.0,0.0014325068870523416,0.0,0.0,0.0033428571428571435,0.026649159663865545,0.010753059220321127,0.007291666666666665,0.0,0.0,0.0018571428571428576,0.0,0.0,0.0,0.0,0.0,0.003066666666666668,0.01702202701673641,0.0,0.0,0.0038823529411764705,0.0,0.0027189542483660126,0.0,0.031225641629649567,0.010776942355889723,0.0,0.0,0.0,0.001222222222222222,0.00318711743956842,0.0,0.0,0.013011408730158734,0.01,0.006472383967437391,0.0018571428571428576,0.015180272108843535,0.0,0.0014444444444444444,0.0,0.0,0.0,0.014308132038972615,0.007111111111111112,0.0,0.0,0.0015294117647058827,0.0,0.0070140625,0.0,0.0,0.006712729536258948,0.00198095238095238,0.029477168817360205,0.0,0.02410646786193795,0.0,0.0016049382716049388,0.007291666666666666,0.0,0.0015294117647058827,0.0,0.0,0.0,0.0018571428571428565,0.00647238396743739,0.0,0.01,0.0,0.0,0.0,0.0,0.0029323308270676695,0.0,0.0
0.005973856209150328,0.004444444444444445,0.0,0.0,0.0054920116194626,0.0,0.0,0.0076363636363636364,0.0077711323763955354,0.0,0.0,0.0016756176154672398,0.027276501427316645,0.0,0.0020634920634920637,0.0015993848519800084,0.0,0.008636413043478262,0.0,0.01,0.0,0.0,0.0,0.005144385026737969,0.0015105301379811184,0.0,0.0,0.0,0.02128589034569896,0.0,0.0,0.0015294117647058827,0.0,0.003537414965986394,0.0,0.0023636363636363646,0.0,0.0,0.0,0.0,0.0017052469135802474,0.0,0.012608495078548504,0.0,0.033491854636591475,0.0,0.0,0.0015993848519800084,0.006959064327485382,0.05293569187377237,0.016040888763798986,0.0013541666666666665,0.0,0.0,0.007935064935064936,0.008543581175160122,0.0,0.0,0.0023636363636363646,0.0,0.0,0.0016993464052287586,0.0,0.0023636363636363633,0.0,0.01,0.0,0.01757527657527658,0.002708333333333334,0.0,0.018470588235294117,0.0028888888888888888,0.003250000000000001,0.0,0.0,0.008856629318394024,0.0,0.0018571428571428565,0.0018571428571428565,0.0,0.0023636363636363646,0.0,0.0,0.0,0.00282608695652174,0.004074162679425839,0.0,0.015098390739695091,0.0,0.0,0.0,0.0,0.001428571428571428,0.0046685095090667865,0.015386259726451112,0.0,0.0,0.0,0.0,0.0,0.02179486036838978,0.00282608695652174,0.0,0.01,0.0,0.017636363636363638,0.0,0.0,0.0,0.0,0.0,0.0,0.0,0.01,0.0,0.0,0.0,0.0,0.010643439946784815,0.0,0.0,0.0,0.0,0.02890058479532163,0.0,0.0,0.0,0.011973913043478258,0.0,0.0,0.0,0.0,0.0,0.0,0.0,0.0,0.0,0.0,0.058100768067805036,0.0,0.044965338115445494,0.0,0.005775518341307816,0.005463646973941091,0.00842400527462447,0.002579365079365079,0.0054621848739495795,0.0,0.007333333333333334,0.00781954887218045,0.0,0.004347826086956524,0.0025961538461538466,0.006462585034013606,0.0018571428571428565,0.0,0.00425033171163202,0.0,0.013054018619115575,0.0,0.0014444444444444448,0.001153846153846154,0.0,0.0,0.0,0.0,0.0,0.0,0.0032077922077922076,0.004683229813664596,0.0054920116194626,0.0,0.001470707070707071,0.002932330827067669,0.005294117647058823,0.0,0.007346938775510204,0.006230257685986852,0.0,0.036571885629251705,0.00468671679197995,0.0,0.0,0.0,0.0,0.042007866362033026,0.0027807486631016036,0.0075431001746791215,0.0,0.0,0.002708333333333334,0.0,0.0,0.0,0.0,0.0,0.00805283960890368,0.013008722849409125,0.002884199134199134,0.0,0.00857341800356506,0.0,0.0018571428571428576,0.007636363636363638,0.03269419071976616,0.006900737682987423,0.0012839506172839501,0.0,0.0,0.0,0.007162698412698411,0.0,0.0036406926406926414,0.0,0.007291666666666665,0.0,0.002666666666666667,0.007214285714285712,0.0027189542483660126,0.0014444444444444444,0.0,0.0,0.0,0.008571428571428572,0.010151582163966064,0.0,0.0,0.0,0.0,0.0,0.0,0.0,0.0,0.0,0.0,0.0,0.0010317460317460316,0.0,0.005221386800334168,0.0,0.0,0.0,0.0,0.0,0.0076363636363636364,0.0,0.0041232492997198885,0.0,0.0,0.0,0.0,0.0,0.013583333333333334,0.012884168482207697,0.004223112568040633,0.008871148459383754
0.005492011619462599,0.0,0.004342284282133907,0.0,0.0,0.0,0.0006547619047619042,0.0,0.003537414965986394,0.0,0.0016993464052287586,0.0,0.028470588235294116,0.0,0.0,0.0,0.0,0.0,0.0,0.015461513581467445,0.021132559660019617,0.0,0.0,0.0,0.0,0.0,0.0018571428571428565,0.0,0.015400584795321639,0.0017105263157894746,0.0,0.0,0.0,0.0,0.0,0.0008563899868247703,0.0,0.045383923266276216,0.0,0.00196969696969697,0.0318099016321042,0.00282608695652174,0.0,0.0009774436090225565,0.008816207184628238,0.0,0.0,0.00393939393939394,0.0,0.01379591836734694,0.0,0.005894736842105263,0.0,0.0,0.0,0.0019080380690287813,0.0,0.0017052469135802476,0.0,0.0,0.018289473684210526,0.0,0.0,0.008289473684210527,0.0,0.0,0.0035187969924812042,0.01380952380952381,0.0,0.0,0.015357142857142856,0.004333333333333333,0.0,0.006285714285714286,0.0,0.005666666666666666,0.0020634920634920637,0.0,0.007095238095238094,0.0034620811287477946,0.0,0.0,0.0,0.0018055555555555555,0.0,0.0,0.0018519984170953707,0.0068261054421768705,0.0,0.0,0.0015873015873015873,0.0,0.0,0.003714285714285715,0.0015294117647058827,0.00282608695652174,0.0,0.0,0.0,0.002731697665215671,0.00737719298245614,0.01,0.0,0.004333333333333333,0.0018571428571428565,0.0,0.0,0.006472383967437391,0.0,0.0,0.0016049382716049382,0.0,0.0,0.001428571428571428,0.0,0.0,0.0,0.0,0.0,0.0018571428571428576,0.007195654406986967,0.0,0.0,0.0007169117647058827,0.0,0.0,0.0,0.0,0.0,0.0,0.0,0.005064935064935066,0.004935064935064935,0.0,0.0,0.0,0.0,0.0,0.07400450199573007,0.0,0.018142857142857145,0.0,0.011857142857142858,0.003958984560007579,0.0,0.0,0.0027827380952380955,0.0,0.02628571428571429,0.0,0.0059105339105339095,0.0017105263157894746,0.0,0.0,0.0023636363636363633,0.008843149540517962,0.0,0.0,0.0,0.0,0.0,0.0,0.0,0.0016478510596157662,0.0017105263157894735,0.0,0.004366161616161616,0.008289473684210527,0.02460669934640523,0.010802440884820746,0.01,0.00647238396743739,0.0007738095238095238,0.0,0.0,0.0,0.012058333333333332,0.0,0.0028086419753086413,0.01748626407084573,0.0015294117647058827,0.006462585034013606,0.0,0.0018571428571428576,0.0,0.08015230810520667,0.0020583333333333326,0.0010317460317460316,0.0,0.01161236424394319,0.0026666666666666666,0.0,0.01,0.0019825708061002177,0.0,0.0,0.0,0.0017105263157894735,0.0,0.0,0.0030409356725146198,0.003540764790764791,0.0,0.0016290726817042608,0.026176470588235294,0.006136111111111112,0.0,0.03584917029012562,0.0,0.0,0.0,0.0,0.0,0.005952380952380954,0.003823529411764706,0.0,0.0,0.0,0.003138821078670703,0.0,0.0008125000000000001,0.0,0.0014661654135338345,0.0020634920634920637,0.017844193817878027,0.007173913043478261,0.02419926864026243,0.0,0.0,0.0019095287237702104,0.0016049382716049388,0.0,0.018142857142857145,0.001428571428571428,0.0,0.0,0.008395061728395062,0.0,0.0,0.01,0.0,0.0,0.004333333333333333,0.0,0.0015993848519800084,0.0,0.0,0.0,0.0,0.0,0.00461002886002886,0.0,0.01,0.002465791384780033,0.0,0.031189318783068784
0.008105306473769953,0.0032500000000000007,0.0,0.006285714285714287,0.0,0.0,0.0,0.0,0.00698032961190856,0.0,0.0037142857142857155,0.0,0.037368416806867234,0.0,0.00167561761546724,0.0,0.0,0.0,0.0,0.0018571428571428578,0.011103820156451739,0.0,0.0,0.0,0.0,0.0035886818495514125,0.0071111111111111115,0.0044399772579597156,0.004346031746031749,0.0,0.0013594771241830063,0.0,0.00304093567251462,0.004041865079365081,0.0018462823725981625,0.0,0.0,0.015778333484731837,0.007346938775510205,0.002058333333333333,0.006959064327485383,0.0024916666666666663,0.01832397169394074,0.0,0.0,0.008277939522992947,0.0,0.0,0.005357142857142858,0.0254262150714663,0.0,0.008571428571428572,0.0,0.0,0.009242465962419826,0.0,0.0,0.0017105263157894748,0.0,0.0048,0.0,0.0022686345493363046,0.0010505050505050506,0.01668453541260559,0.003082210998877666,0.00934873949579832,0.00407305194805195,0.010000000000000002,0.0030581491856001668,0.0,0.02215058479532164,0.0,0.007868775198866735,0.0,0.003715470494417864,0.002046296296296298,0.003950617283950618,0.003187799043062202,0.00467224635097967,0.0,0.0027083333333333347,0.0,0.0,0.0,0.0,0.0060606060606060615,0.0,0.018908199643493762,0.0,0.0,0.0,0.0012606060606060606,0.0014069264069264073,0.0,0.0033966165413533843,0.0,0.0015294117647058829,0.006388888888888888,0.0,0.0,0.0,0.01906842864737602,0.005189723320158105,0.0,0.0015234375000000003,0.0032309941520467845,0.0,0.0,0.0,0.002531250000000001,0.008241830065359479,0.0034666666666666665,0.0,0.006176470588235295,0.006066666666666668,0.0,0.0,0.0,0.0029323308270676695,0.0,0.0,0.021357749118165785,0.0,0.0,0.0027807486631016053,0.0027083333333333343,0.0017105263157894738,0.00941765480895916,0.0,0.0030210602759622373,0.0,0.0035327604726100963,0.004814814814814815,0.035583922834094464,0.004694444444444446,0.0,0.0,0.0017105263157894738,0.032003968253968264,0.0,0.011599206349206352,0.003772321428571429,0.0,0.0036842105263157907,0.0,0.002331349206349207,0.0,0.0,0.016959064327485382,0.0,0.0,0.0031554743529242472,0.0,0.0014285714285714292,0.0035403726708074556,0.0015798611111111115,0.0,0.0,0.010000000000000002,0.0016049382716049384,0.0,0.014892857142857145,0.004952380952380954,0.0,0.0,0.005903061224489799,0.0,0.008470588235294119,0.0,0.011610333933941865,0.025130527844666135,0.007771132376395534,0.0,0.0015294117647058829,0.005728395061728396,0.0,0.0,0.008470588235294119,0.0,0.050530711806253605,0.01525396825396826,0.0026530612244897965,0.0,0.0,0.0,0.03069341101671929,0.010000000000000002,0.0015294117647058829,0.0,0.0,0.0,0.0,0.0015394736842105265,0.0,0.0,0.0,0.0,0.0033154645873944137,0.0,0.0,0.0,0.0015798611111111115,0.0,0.0,0.017447225523205916,0.011496307412413469,0.0,0.0,0.0,0.0,0.0,0.0,0.0,0.008289473684210529,0.0018055555555555557,0.005824242424242424,0.0,0.016312810646143983,0.003750000000000001,0.0,0.0,0.0,0.0,0.006826325071939109,0.01393414331220704,0.0,0.011851998417095373,0.0,0.0,0.006316666666666669,0.0,0.0,0.0,0.0,0.010318903318903323,0.0,0.008904156656074816,0.0,0.011705246913580249,0.008289473684210527,0.0,0.0,0.0,0.0,0.00671146245059289,0.0,0.0,0.0,0.003282242063492064,0.0,0.017748917748917754,0.0,0.0029977954144620816,0.007936507936507938,0.0,0.0
0.01969469696969697,0.007316017316017316,0.0,0.008395061728395062,0.0,0.0,0.0,0.0020634920634920637,0.0,0.0,0.0,0.0032500000000000003,0.01,0.0,0.0,0.0445809198923234,0.006060606060606061,0.0016049382716049382,0.0,0.0,0.0,0.0,0.0,0.0,0.0,0.0,0.0,0.0,0.13,0.0,0.0015294117647058827,0.0,0.0,0.0,0.0,0.0,0.0,0.0,0.0,0.0,0.008640522875816995,0.004169191919191919,0.015400584795321639,0.0,0.031951428382800934,0.0,0.0028888888888888888,0.0,0.017636363636363638,0.008395061728395062,0.008289473684210525,0.0,0.0018571428571428576,0.0,0.0,0.0,0.0014772727272727272,0.0,0.0,0.008289473684210525,0.017147586980920313,0.0,0.0,0.02435125561167228,0.0,0.0,0.002708333333333333,0.047219251336898395,0.0,0.0,0.02,0.0,0.0,0.0,0.0,0.0,0.0,0.0016049382716049382,0.0023636363636363633,0.0020634920634920637,0.0,0.0,0.0016049382716049382,0.0,0.0,0.02361111111111111,0.0,0.0,0.0,0.0,0.0,0.0,0.0,0.0,0.021359477124183006,0.0,0.0,0.0,0.0,0.0,0.008522727272727272,0.016760061919504642,0.0,0.00458630421865716,0.0,0.0,0.0,0.0,0.0,0.006750000000000001,0.0,0.0,0.0,0.0,0.0,0.0,0.0,0.0015294117647058827,0.0,0.0,0.0,0.002708333333333334,0.0,0.025383838383838384,0.0,0.0,0.0,0.0,0.0017105263157894735,0.0018571428571428576,0.0,0.0,0.014427128427128429,0.0,0.0,0.0,0.0,0.0,0.016331569664902998,0.0016049382716049382,0.0,0.0,0.002653061224489796,0.0,0.0,0.0017105263157894735,0.0,0.0,0.008522727272727272,0.002708333333333334,0.0,0.0,0.0,0.01624169915529565,0.0015798611111111113,0.0,0.0,0.0,0.0017052469135802476,0.02847058823529412,0.0,0.0,0.008555555555555556,0.008470588235294117,0.0,0.0,0.0,0.01606060606060606,0.0,0.01700220458553792,0.011727272727272729,0.0,0.0,0.0020634920634920637,0.0,0.0,0.0,0.0,0.0,0.0,0.0,0.007996240601503762,0.0,0.0,0.0,0.04,0.0,0.0015294117647058827,0.0,0.0,0.007653679653679652,0.0,0.0,0.0,0.0,0.018470588235294117,0.0,0.0,0.0,0.06606680738040387,0.004451128936423054,0.0,0.007936507936507936,0.0,0.011604938271604939,0.0,0.0,0.0,0.0,0.0,0.0,0.0,0.0,0.008289473684210527,0.0,0.0015294117647058827,0.0,0.0018055555555555555,0.0,0.0,0.0016049382716049382,0.0,0.0,0.0,0.007936507936507938,0.01,0.0,0.0,0.0,0.0,0.01577922077922078,0.0,0.0,0.0023636363636363646,0.0016250000000000001,0.0,0.02,0.0,0.0,0.0,0.0,0.0,0.0,0.0,0.0,0.0,0.007291666666666665,0.0,0.0,0.0,0.0,0.0014444444444444444,0.009057465091299677,0.0,0.0,0.008395061728395062
0.020708739441195584,0.0,0.0,0.0,0.015354126055880444,0.0,0.0,0.0,0.0,0.0,0.0,0.0,0.0068079225761450805,0.0,0.0,0.0,0.004256493506493509,0.004196226975638741,0.0,0.007111111111111111,0.0,0.0,0.0015294117647058827,0.002532467532467533,0.0,0.0,0.0,0.003869047619047619,0.03222132518533286,0.0,0.0,0.0,0.0023636363636363633,0.009182078219263574,0.0,0.0015294117647058827,0.0,0.013224538619275462,0.0,0.00196969696969697,0.009245612692582393,0.02019861111111111,0.004515624999999999,0.0,0.023774248331265877,0.006462585034013606,0.0031730263157894747,0.00235827664399093,0.01550872502110892,0.0017105263157894735,0.025484650735294115,0.0,0.0,0.0,0.0,0.0,0.0,0.0,0.0034982192322912543,0.0018571428571428565,0.005660770975056691,0.0,0.0023636363636363646,0.0,0.0,0.016507936507936506,0.0,0.023814436885865455,0.0,0.0,0.0028888888888888888,0.0,0.0018462823725981623,0.0,0.0,0.00998639455782313,0.0,0.004347826086956524,0.0028888888888888888,0.0012037037037037038,0.0014661654135338345,0.0017105263157894746,0.0,0.0,0.0,0.0,0.0,0.024382290954659377,0.0,0.0,0.010654934437543133,0.0,0.0,0.0,0.0018571428571428565,0.0,0.0,0.0,0.0,0.0,0.004502164502164502,0.0,0.0,0.0,0.0076363636363636364,0.0,0.0007109375000000001,0.0015294117647058827,0.0,0.0,0.0,0.0,0.0018571428571428576,0.0,0.0,0.006714891975308641,0.0,0.0030409356725146198,0.0,0.0,0.0,0.01,0.0,0.008899978909215891,0.0,0.0,0.0012037037037037036,0.0,0.0018840579710144925,0.0,0.0,0.002932330827067669,0.0014772727272727272,0.007227443609022555,0.0018055555555555555,0.0028708333333333324,0.008973985890652557,0.0,0.014642857142857145,0.0,0.041076285733148483,0.0,0.0011818181818181819,0.0020634920634920637,0.001428571428571428,0.0,0.0,0.0053571428571428555,0.03489557226399332,0.0,0.0,0.0,0.0,0.0,0.0,0.001421875,0.0027926960257787323,0.0,0.03311620685311161,0.0,0.0,0.005060852465986394,0.0016049382716049388,0.0,0.0,0.0,0.0014444444444444444,0.005497835497835498,0.0,0.025296881910659,0.039047768513633015,0.0018571428571428576,0.0,0.0021617535903250187,0.005894736842105263,0.0015798611111111113,0.0,0.011934523809523806,0.0,0.01930226871893538,0.015302584670231727,0.0,0.0,0.0015294117647058827,0.0,0.02870658598367577,0.0070140625,0.005508637891199328,0.0,0.007974481658692186,0.0072142857142857165,0.0,0.01233249791144528,0.0,0.0,0.0,0.008470588235294117,0.007109663961278292,0.003095238095238095,0.0,0.0,0.0,0.004637891520244461,0.0,0.022069357886695347,0.0076363636363636364,0.0,0.005171584741930014,0.005443033509700176,0.0014625000000000007,0.005185185185185186,0.0005068226120857709,0.0,0.014055832703451752,0.0030409356725146198,0.0,0.0,0.008142857142857144,0.0032655502392344494,0.0,0.00198095238095238,0.0,0.0,0.04706631349509501,0.005666666666666666,0.00235827664399093,0.0,0.0,0.0015294117647058827,0.0,0.0,0.005687908496732027,0.0,0.0,0.013431448294922772,0.0,0.0,0.0,0.0,0.010347807017543858,0.0,0.0,0.006709273182957392,0.0,0.0037635802469135806,0.007532625469672571,0.0,0.001428571428571428,0.0018571428571428567,0.0030528492647058825,0.0,0.0,0.0026666666666666666,0.004846491228070175,0.001805555555555556,0.005242661879566641
0.011175810391496668,0.01155261768006866,0.0015294117647058827,0.0,0.0017376775271512113,0.0,0.009959753882059648,0.0,0.005020437483558957,0.006627773268398269,0.00198095238095238,0.0,0.015153828197945847,0.0,0.0029619186517582242,0.0,0.00647238396743739,0.007045138888888889,0.0032077922077922076,0.01839506172839506,0.0014370748299319732,0.0017105263157894746,0.0015105301379811184,0.0,0.0,0.0,0.0015931372549019608,0.002870945479641131,0.0,0.0,0.0013032581453634084,0.0,0.0,0.0,0.0042982456140350876,0.0,0.0,0.01498330241187384,0.0,0.0,0.0,0.009865768799102134,0.006472383967437391,0.0,0.0156432350718065,0.008289473684210527,0.0,0.001470707070707071,0.0,0.017291666666666664,0.0,0.004642857142857145,0.003791666666666667,0.0,0.0,0.00313811761546724,0.0,0.00235827664399093,0.0,0.001359477124183006,0.007936507936507938,0.0,0.0,0.004746031746031745,0.00282608695652174,0.0,0.0014186507936507936,0.0,0.0,0.002653061224489796,0.018470588235294117,0.0035782828282828276,0.0015394736842105263,0.0025212121212121207,0.008395061728395062,0.0,0.0,0.0,0.008650329380764163,0.00857341800356506,0.0,0.0,0.006187165775401071,0.0,0.0,0.00742063492063492,0.0,0.02841542664496629,0.0,0.005377777777777779,0.0,0.0,0.0014869281045751634,0.0,0.010146616541353381,0.0,0.0,0.0,0.0,0.0,0.01,0.029883381512493354,0.0,0.0,0.0,0.0076363636363636364,0.0027083333333333343,0.0053571428571428555,0.0,0.006714891975308641,0.0,0.0,0.0,0.008210965867828612,0.006235994397759106,0.0,0.001477272727272727,0.0,0.0,0.0,0.0,0.0,0.0,0.01,0.0,0.0,0.012802503052503052,0.004799999999999999,0.0,0.0,0.0007169117647058827,0.0,0.0014181818181818184,0.01,0.0,0.0,0.0,0.0016049382716049382,0.036941003674196955,0.00198095238095238,0.05688716261763009,0.0017105263157894746,0.002708333333333334,0.007599914965986394,0.004074162679425839,0.0,0.0,0.0,0.01327325663047588,0.005687908496732027,0.0009774436090225565,0.022151520753228827,0.0015798611111111113,0.0,0.008470588235294117,0.0027189542483660126,0.0,0.0012868686868686865,0.0095,0.0,0.0012244897959183684,0.0,0.0,0.0,0.0,0.006472383967437391,0.0,0.013007709750566894,0.0,0.020059683701354004,0.04432255614664166,0.0,0.013595061728395062,0.0016756176154672398,0.0016756176154672398,0.0,0.0053571428571428555,0.0,0.0,0.01682914108404305,0.0008125000000000001,0.0017105263157894746,0.0,0.0,0.0,0.038370137464874304,0.011097663139329804,0.015110420979986196,0.0,0.003250000000000001,0.0,0.0,0.0,0.0,0.0017105263157894735,0.0016049382716049388,0.0,0.0031980755265068996,0.0014444444444444444,0.0,0.0028086419753086418,0.0,0.0016993464052287586,0.0,0.011851998417095371,0.015006038906790786,0.0,0.0,0.0,0.0,0.0013032581453634082,0.0,0.0,0.01460544217687075,0.0,0.0,0.004029671717171717,0.0,0.0,0.0,0.0,0.0018571428571428576,0.0,0.02019666479031804,0.008522727272727272,0.0,0.005023923444976076,0.0015105301379811184,0.0018571428571428565,0.0,0.0,0.01,0.002303126236644243,0.0,0.003891203703703704,0.001428571428571429,0.00121875,0.0,0.0,0.011529411764705884,0.0,0.01,0.0,0.0,0.007017708137273356,0.002590920983778127,0.0020634920634920637,0.0016049382716049382,0.008571428571428572,0.0,0.0,0.0012187500000000002,0.006959064327485382,0.0,0.0,0.002491666666666666
0.01,0.0,0.0020634920634920637,0.0,0.0014181818181818184,0.0,0.0,0.0,0.0,0.0013032581453634082,0.0,0.0,0.01864935064935065,0.0,0.0,0.0,0.0030409356725146198,0.0013415892672858614,0.0,0.0,0.0036111111111111127,0.0017105263157894746,0.0,0.0,0.0,0.0015294117647058827,0.0,0.005652173913043476,0.014595959595959596,0.0,0.0,0.0016049382716049382,0.005515519568151147,0.00647238396743739,0.0,0.0,0.0018571428571428576,0.025291678269748444,0.0,0.0,0.0,0.015551535428986409,0.008289473684210527,0.005821684335616224,0.007219251336898395,0.0,0.0014772727272727272,0.0,0.0,0.04606755680297992,0.012554720133667503,0.0017070707070707073,0.0018519984170953707,0.00393939393939394,0.005824242424242424,0.0008077485380116967,0.0015394736842105263,0.0036705882352941165,0.003968574635241303,0.0,0.0010505050505050504,0.0019512670565302154,0.0,0.0,0.0,0.0054920116194626,0.008848484848484849,0.008002135463435773,0.004642857142857142,0.0,0.03455461645937837,0.0021581027667984167,0.0,0.0013032581453634084,0.0,0.005221386800334168,0.0,0.0,0.0033814101818012534,0.0015234375000000003,0.0,0.0,0.0,0.0,0.0016756176154672398,0.02422999747402987,0.0,0.026028469867479156,0.0,0.0026035502958579888,0.0013442095588235294,0.0,0.0014869281045751634,0.0,0.005357142857142858,0.0,0.0,0.0014444444444444444,0.0,0.00606060606060606,0.017817160197412297,0.008289473684210527,0.0,0.013404553049289891,0.014109336346937269,0.0045833333333333325,0.0006190476190476197,0.004731586591751711,0.0,0.0,0.0,0.0,0.0033042846768336965,0.013555283309212816,0.002867647058823529,0.009040779092702171,0.0,0.0,0.0,0.0054920116194626,0.0022341568206229855,0.0018055555555555555,0.005205783323430382,0.0053571428571428555,0.0012187500000000002,0.0023975619522178223,0.01477272727272727,0.0,0.0,0.0,0.0018571428571428576,0.0010833333333333333,0.0,0.0,0.0,0.004935064935064936,0.0014444444444444444,0.0,0.02368718935385602,0.0,0.04343974673202615,0.0,0.0014772727272727272,0.01175155481295832,0.0,0.0,0.0015105301379811184,0.0,0.01,0.007346938775510204,0.0,0.01,0.0014869281045751634,0.0048000000000000004,0.0,0.0,0.0,0.0,0.012032508309324919,0.0,0.0014772727272727272,0.009598021026592456,0.0,0.0,0.0,0.0,0.0,0.006959064327485382,0.0,0.0035423280423280425,0.0,0.0,0.0014181818181818184,0.0,0.0015105301379811184,0.0,0.001193293885601578,0.0,0.0020462962962962974,0.020340428135052276,0.002708333333333334,0.0,0.0032500000000000003,0.006771929824561404,0.0016049382716049382,0.02442648709315376,0.019279733424470268,0.003755960875074448,0.00375,0.0026666666666666666,0.0017105263157894735,0.0022698412698412703,0.0,0.0014444444444444444,0.0009027777777777776,0.004852130325814536,0.004935064935064936,0.003021060275962237,0.00393939393939394,0.0,0.0009692982456140361,0.0,0.0,0.0,0.010181114551083592,0.0017105263157894746,0.0,0.0214426696802706,0.0034456672245781706,0.0,0.0056879084967320255,0.0,0.003095238095238095,0.009739812990586986,0.0020634920634920637,0.01304093567251462,0.0,0.022467702232408113,0.006060606060606061,0.0,0.0,0.0,0.0015105301379811184,0.012653061224489797,0.013207792207792208,0.0032500000000000003,0.01951581600419092,0.0,0.0,0.0,0.0027575757575757577,0.008522727272727272,0.0012037037037037038,0.0,0.0,0.0,0.0022941176470588232,0.0015294117647058827,0.0063888888888888875,0.0,0.005478260869565219,0.005894736842105263,0.008289473684210525,0.006922705314009663,0.0020583333333333326,0.0,0.0012037037037037036,0.0,0.0,0.0,0.005932718185313341,0.0,0.002932330827067669,0.002830154082749239,0.0,0.004376775271512113
0.03531630291005291,0.0,0.0,0.0,0.0,0.0,0.0006138888888888883,0.008142857142857144,0.0,0.003334415584415585,0.0,0.0,0.01839506172839506,0.0015798611111111113,0.0,0.0356921237244898,0.01689008501003887,0.0,0.0016250000000000001,0.0,0.004482026143790849,0.0,0.0018571428571428576,0.00861747931301105,0.0,0.0,0.0,0.0,0.0,0.0,0.0,0.0,0.0014444444444444444,0.0,0.0,0.0,0.0,0.000438492063492064,0.0,0.0,0.0,0.0016250000000000004,0.0,0.0022159090909090913,0.008142857142857144,0.0,0.0,0.0044724007249958815,0.0027189542483660126,0.0018055555555555555,0.00198095238095238,0.015155759273406334,0.006959064327485382,0.0,0.010556946684397666,0.0,0.006709273182957394,0.0,0.0,0.012063492063492063,0.06867338120256075,0.0,0.0,0.01699331550802139,0.001359477124183006,0.00894949494949495,0.010737260976515364,0.0,0.0,0.0020634920634920637,0.007111111111111111,0.00235827664399093,0.0017105263157894746,0.0,0.0,0.0,0.0,0.0,0.0,0.010024134410099323,0.0014869281045751634,0.0030493827160493836,0.0,0.0,0.0,0.026238564263203066,0.0,0.006959064327485382,0.0030409356725146198,0.0012638888888888886,0.002820247933884299,0.0,0.0,0.0,0.018555555555555558,0.0014444444444444448,0.0010833333333333335,0.0,0.0,0.00496384297520661,0.012063492063492063,0.0,0.0,0.0,0.0,0.00359876965140123,0.0,0.007936507936507938,0.0,0.0,0.0,0.0,0.0028888888888888888,0.007111111111111111,0.0023636363636363646,0.0,0.0,0.0,0.0,0.0014661654135338345,0.0,0.0017105263157894746,0.007219251336898395,0.0018571428571428565,0.0,0.0,0.010084967320261437,0.0,0.0043367889420521,0.0,0.0,0.0,0.0,0.0,0.0,0.0016049382716049388,0.0,0.0016049382716049382,0.020926455749764022,0.0015105301379811184,0.02,0.008907784848832322,0.0,0.0,0.0,0.0,0.0,0.0,0.008840711618864093,0.0,0.0,0.01219315284487386,0.0,0.0,0.01,0.002780748663101605,0.0,0.0,0.0,0.02,0.0,0.0018571428571428576,0.0,0.0017105263157894746,0.0,0.01146763652348291,0.0,0.01,0.0,0.0,0.01,0.0,0.0,0.0,0.01581439393939394,0.0,0.0016049382716049382,0.0,0.0,0.0359083679599786,0.0,0.01566077097505669,0.0,0.0,0.0,0.029180151185053144,0.0007128427128427141,0.0016049382716049388,0.0,0.0015798611111111113,0.0,0.0,0.0,0.007936507936507938,0.0,0.0,0.03,0.0029313725490196087,0.0,0.0,0.0016049382716049382,0.003537414965986394,0.0,0.0,0.06407958398670473,0.02,0.0030409356725146198,0.0,0.0,0.0,0.0,0.0014772727272727272,0.0,0.02857142857142857,0.0,0.0,0.0,0.016340943297396934,0.0,0.0,0.0,0.0023636363636363646,0.0017105263157894735,0.018289473684210526,0.0,0.0,0.027165413533834587,0.0,0.0,0.0059105339105339095,0.0,0.0,0.0,0.0018055555555555555,0.02998985654868008,0.0,0.0,0.0,0.0018571428571428565,0.0,0.0,0.0009774436090225565,0.0,0.007102664067576346,0.0,0.0,0.0,0.0,0.0,0.0,0.0,0.0,0.0,0.001477272727272727,0.0,0.0
0.01,0.0,0.0,0.00862154710368996,0.0015234375,0.0,0.01320906432748538,0.0,0.004105263157894738,0.0035794871794871787,0.0,0.0029033872808382614,0.02847058823529412,0.0,0.002932330827067669,0.0,0.0,0.0,0.0,0.0,0.004168988648090816,0.01999320493747738,0.0,0.0,0.0,0.017287593984962407,0.0,0.004670697908793148,0.049770537679603516,0.0,0.0,0.0015294117647058827,0.0015294117647058827,0.0,0.0,0.0029678819444444444,0.004338053740014523,0.005377777777777779,0.0,0.0,0.016956527709122864,0.021727272727272727,0.022213386727688786,0.00251827485380117,0.006959064327485382,0.0,0.0,0.0020634920634920637,0.008522727272727272,0.022330740270589896,0.021072042852228606,0.0012380952380952378,0.0,0.0020634920634920637,0.0,0.0,0.0010317460317460316,0.00620496894409938,0.0,0.0015394736842105263,0.0,0.0,0.0,0.009193362193362194,0.0,0.0,0.0,0.0017105263157894746,0.0032655502392344494,0.0,0.012680672268907562,0.0,0.006085503614107736,0.0,0.014223418343372207,0.0,0.0,0.0026262626262626267,0.0020583333333333326,0.0,0.006190476190476191,0.0,0.0,0.0,0.0,0.00787878787878788,0.0009027777777777776,0.02278203211879794,0.0,0.0,0.0,0.0015993848519800084,0.0,0.009022556390977442,0.007912604477701432,0.0,0.0016250000000000001,0.0,0.0,0.0009027777777777777,0.0,0.011274509803921568,0.0,0.0,0.0,0.005894736842105262,0.0,0.0,0.0027189542483660126,0.0,0.0,0.0014181818181818178,0.0018571428571428576,0.002805438842203549,0.006462585034013606,0.008315942853176128,0.0017105263157894735,0.0,0.002272727272727273,0.0,0.0,0.008470588235294117,0.0,0.0015993848519800084,0.0,0.0,0.0030409356725146198,0.006959064327485379,0.0,0.0054621848739495795,0.0,0.0,0.004599415204678362,0.0,0.0,0.0,0.0,0.0,0.027957169738667163,0.0017052469135802476,0.006945241892610313,0.00707320589054335,0.0,0.009093001443001443,0.0046316425120772955,0.0011328976034858389,0.002402173913043476,0.0,0.030860366258897747,0.008421287935252073,0.0,0.006472383967437391,0.0,0.005821684335616224,0.005763917369180527,0.0037500000000000007,0.0,0.0,0.01279901960784314,0.0,0.0,0.007523809523809524,0.0,0.006136111111111112,0.0014772727272727272,0.0,0.003165032679738562,0.0,0.0020462962962962965,0.0016993464052287586,0.011051948051948052,0.0,0.004800000000000001,0.0,0.005294117647058823,0.0,0.0015798611111111113,0.0016161616161616157,0.0,0.040253155533761936,0.0,0.0014625000000000007,0.001529411764705883,0.0,0.0,0.031981108988546315,0.0014625000000000005,0.011529411764705884,0.003466666666666666,0.004502164502164502,0.0014186507936507936,0.0,0.0,0.0,0.0,0.0018571428571428565,0.008470588235294117,0.0017105263157894746,0.0,0.0063888888888888875,0.0,0.0,0.002820247933884299,0.0,0.011471386800334169,0.0,0.004622222222222221,0.008289473684210527,0.0,0.0,0.0030409356725146198,0.0,0.0,0.009592731829573936,0.005023923444976077,0.0,0.0015294117647058827,0.008142857142857144,0.0015234375,0.003891203703703704,0.0008077485380116968,0.0,0.0017105263157894735,0.0257150451887294,0.013165724769439939,0.0,0.0,0.0,0.0032500000000000003,0.0014625000000000007,0.0,0.0,0.0,0.004700176366843034,0.0,0.0,0.016959064327485382,0.0,0.0028865131578947375,0.0,0.004090909090909091,0.0,0.0,0.003250000000000001,0.009152511955844203,0.0,0.0,0.0,0.0036111111111111127,0.0018462823725981625,0.021804498898731036,0.0,0.0,0.0032931402580525376,0.0,0.01615218710672675
0.002659090909090909,0.0,0.0,0.002780748663101605,0.008655411255411255,0.0,0.008848324018602655,0.02061243386243386,0.0,0.006421217724562591,0.0,0.0014869281045751634,0.014193137254901962,0.0,0.0,0.008142857142857144,0.0008496732026143792,0.0016049382716049388,0.0016290726817042608,0.0,0.0014625000000000005,0.012180451127819548,0.0025120772946859897,0.0007552650689905597,0.0,0.006967171717171718,0.001477272727272727,0.0,0.008735768217013863,0.0,0.0,0.0035929038281979466,0.0054474153297682714,0.0016049382716049382,0.0,0.0,0.0024761904761904777,0.0,0.003301587301587301,0.0,0.0,0.00393939393939394,0.0,0.0,0.009440685045948204,0.00940219421101774,0.0,0.007219625818241734,0.0,0.05689610390635875,0.0,0.0,0.0,0.0,0.0,0.0021666666666666666,0.007333333333333334,0.004209523809523807,0.001418650793650794,0.006959064327485382,0.016917789001122334,0.0012310606060606062,0.0,0.017707927881297447,0.0,0.0,0.0,0.019138528138528142,0.0020634920634920633,0.0028086419753086413,0.00528802825478017,0.0,0.0,0.0,0.008142857142857144,0.0,0.0,0.006136111111111112,0.00282608695652174,0.0,0.0,0.0071813790428452064,0.0,0.0,0.0,0.015145061728395061,0.0,0.0036705882352941165,0.0,0.007333333333333334,0.0,0.0,0.007961331901181527,0.01114761904761905,0.008142857142857144,0.0037065811172954043,0.0026190476190476185,0.0,0.0,0.0009801587301587306,0.0,0.007936507936507938,0.002643427741466957,0.0,0.0,0.0,0.0,0.005952380952380954,0.0031088137009189637,0.0020634920634920637,0.0,0.0,0.0,0.009031055900621117,0.011029986306618675,0.0,0.004022212393729421,0.001418650793650794,0.0,0.007379365079365081,0.0,0.003796200741505179,0.0,0.0,0.0,0.0030409356725146198,0.0019616071428571425,0.0,0.0049333900226757365,0.0,0.0,0.0,0.001083333333333333,0.0032077922077922076,0.0,0.0,0.0018571428571428576,0.0008496732026143792,0.04516095478595479,0.0,0.0069156223893066,0.022318414773316732,0.0,0.0,0.0,0.0,0.0,0.0015476190476190479,0.01815408048741382,0.0,0.0,0.0,0.0,0.0,0.0,0.0,0.004346031746031748,0.001428571428571428,0.02522113997113997,0.0,0.0016049382716049382,0.0,0.0,0.0,0.0,0.005478260869565219,0.0,0.039203048222656064,0.0,0.008395061728395062,0.0,0.0,0.0061764705882352946,0.0,0.0028294280675233065,0.007333333333333334,0.0,0.0,0.0,0.01495524691358025,0.00964777183600713,0.0,0.0016993464052287586,0.0,0.0,0.02439627725669392,0.008308867406611768,0.006060606060606061,0.0,0.0,0.0016049382716049382,0.0,0.0,0.0,0.0,0.0,0.031208049886621313,0.0018759018759018755,0.0,0.010680776014109349,0.0,0.005646073833573833,0.0,0.0053571428571428555,0.007214285714285714,0.012210569997979702,0.0,0.013356613756613758,0.0,0.0018519984170953707,0.0,0.0030571338383838386,0.0016290726817042608,0.0,0.0,0.0260005241862827,0.0,0.0015294117647058827,0.0,0.0,0.0,0.0,0.0,0.006472383967437391,0.0206920116194626,0.0,0.0,0.0,0.006060606060606061,0.0,0.0,0.0,0.007636363636363638,0.002659090909090909,0.02968123772635051,0.0,0.005492011619462599,0.0,0.0018519984170953707,0.0,0.0012037037037037036,0.0,0.0,0.0,0.011208937198067639,0.014504130200724625,0.0,0.0,0.0,0.004521739130434781,0.0,0.0,0.016291779231628854,0.0012187500000000002,0.0054920116194626,0.01776259489302968
0.008970956160241876,0.008289473684210527,0.003095238095238095,0.0,0.0,0.0,0.0,0.0,0.003068885448916409,0.0,0.0,0.005772619047619047,0.03341870882740448,0.0,0.0,0.0,0.0,0.0020462962962962974,0.0,0.0,0.0072787081339712924,0.0,0.0,0.0,0.002714233841684822,0.0,0.0049065255731922395,0.01760125561167228,0.0,0.0,0.0,0.0015294117647058827,0.0015779645191409902,0.0,0.0,0.0,0.0,0.010929705215419503,0.0024490580545943872,0.0,0.008289473684210527,0.0048000000000000004,0.0,0.003890445066915654,0.024680272108843538,0.0,0.0,0.0,0.0,0.052362924381829636,0.0,0.0013032581453634084,0.0,0.006568035426731078,0.007539906913827398,0.0015294117647058827,0.0,0.0017105263157894735,0.0,0.019510622369127328,0.0,0.001477272727272727,0.0,0.007068039416723626,0.0,0.0,0.009571428571428571,0.02547907647907648,0.0,0.0,0.012888888888888887,0.0,0.0,0.0016756176154672398,0.0,0.0069963015176830986,0.0,0.0014632034632034638,0.0,0.0,0.0,0.0,0.0,0.0,0.0,0.017398434812521502,0.0,0.012697512206463615,0.0,0.0,0.0012037037037037038,0.0,0.01051905206527055,0.0006797385620915038,0.0024110275689223047,0.0,0.0,0.0,0.0,0.010146616541353381,0.0,0.015272727272727273,0.0,0.0,0.0,0.0,0.0,0.011579861111111112,0.0,0.009686962504299967,0.0,0.0,0.0,0.0,0.01,0.0,0.0,0.0023636363636363646,0.0,0.008555555555555556,0.0,0.017636363636363638,0.0,0.0,0.0,0.0,0.0,0.0,0.0,0.0,0.0026262626262626267,0.0,0.0,0.0012244897959183684,0.0,0.0017105263157894746,0.0,0.0,0.05039748355482544,0.0027189542483660126,0.02039008501003887,0.0047794117647058845,0.002708333333333334,0.0020634920634920637,0.0018571428571428565,0.0,0.0,0.0,0.006749999999999999,0.0037363945578231294,0.0,0.010167186709394503,0.0,0.015581699346405232,0.0,0.0,0.0,0.0,0.01525375939849624,0.0,0.007323308270676689,0.001428571428571429,0.0,0.007144274376417232,0.0,0.0014186507936507936,0.0,0.02550617283950617,0.0,0.02274408273077971,0.037686507936507935,0.0,0.005294117647058823,0.0,0.0,0.00198095238095238,0.0,0.005319727891156463,0.0,0.016266369047619047,0.0,0.0012037037037037038,0.0,0.0,0.0,0.029747795414462083,0.04146216989768213,0.008884439359267735,0.0,0.0,0.007486631016042782,0.0,0.0023636363636363633,0.005555555555555556,0.0,0.0,0.005478260869565219,0.0,0.0,0.015689839572192513,0.0,0.0015294117647058827,0.0021581027667984167,0.0,0.018770732535438418,0.0,0.0,0.01,0.0,0.0,0.0009801587301587306,0.0014444444444444444,0.0023636363636363646,0.0,0.0,0.020979665071770334,0.0,0.010605084138918723,0.0015294117647058827,0.0,0.0,0.0,0.0,0.006303030303030303,0.0,0.0,0.004642857142857144,0.0,0.0,0.0,0.0,0.0,0.0,0.0,0.017936507936507935,0.0017105263157894735,0.014108747603801026,0.0,0.0,0.014086537513556147,0.0,0.0014444444444444444,0.0,0.009295985060690943,0.0020526315789473693,0.0,0.0020634920634920637,0.0,0.006749999999999999,0.0,0.0,0.0,0.0,0.010090251539212178,0.0028888888888888888,0.0017105263157894746
0.0,0.0,0.0,0.0,0.004220779220779221,0.0014625000000000005,0.0,0.0030700034399724807,0.0,0.0,0.0,0.0,0.03376773455377575,0.0,0.0,0.011183792815371763,0.0,0.0027189542483660126,0.0,0.0027517825311942955,0.00393939393939394,0.009672268907563026,0.0,0.0,0.0,0.0,0.004431025228126679,0.0015294117647058827,0.028522727272727276,0.0,0.0,0.0,0.0,0.0,0.004469507101086048,0.0020455486542443053,0.004070707070707071,0.017936507936507935,0.0016049382716049382,0.0,0.0,0.00655333520968196,0.0,0.0,0.007398692810457516,0.0,0.005591421736158579,0.00282608695652174,0.008522727272727272,0.007636363636363638,0.0,0.0,0.0,0.0018571428571428565,0.01936214862440191,0.002663194444444445,0.0,0.0,0.00392063492063492,0.0,0.0,0.0025312500000000005,0.0016756176154672398,0.005894736842105262,0.0,0.0,0.0014772727272727272,0.014686507936507935,0.0,0.0,0.02403759398496241,0.0023636363636363633,0.0016802721088435377,0.0,0.0,0.0,0.0,0.0012187500000000002,0.003537414965986394,0.006462585034013607,0.0,0.001428571428571428,0.0,0.0,0.0,0.0014632034632034636,0.0,0.02471437059672354,0.0023636363636363633,0.006285714285714286,0.0,0.0,0.0,0.008522727272727272,0.006456154423491887,0.0,0.0,0.0,0.0,0.0,0.016959064327485382,0.006749999999999999,0.0,0.0,0.0,0.0,0.005687908496732027,0.0,0.0,0.001428571428571429,0.0,0.0,0.0,0.0014444444444444448,0.0018571428571428565,0.0,0.0,0.0,0.0,0.0,0.0,0.015581699346405227,0.0,0.008555555555555556,0.004933390022675736,0.0009801587301587306,0.0,0.003250000000000001,0.0,0.0,0.0,0.0,0.0,0.017636363636363638,0.008571428571428572,0.0,0.0,0.0,0.047613144551192796,0.0,0.027071908827326786,0.0,0.0,0.0,0.0016802721088435377,0.0,0.001428571428571428,0.0,0.006749999999999999,0.0015294117647058827,0.0,0.0,0.0,0.0,0.008522727272727272,0.0,0.0010476190476190483,0.0,0.018470588235294117,0.0027807486631016036,0.0010833333333333333,0.011389547824209995,0.017219251336898393,0.007636363636363638,0.0028888888888888888,0.00491669235477285,0.0,0.0015993848519800084,0.0,0.004836056644880176,0.015687908496732027,0.0,0.0,0.0,0.007062499999999999,0.0,0.0,0.0016049382716049382,0.0,0.04287436952452433,0.0,0.0,0.0014772727272727272,0.0,0.012642786407492288,0.03283725444978186,0.0028888888888888888,0.00852607709750567,0.0,0.0,0.0016049382716049382,0.002780748663101605,0.021734776334776332,0.007936507936507936,0.0,0.0,0.01699331550802139,0.0,0.0,0.0031468253968253966,0.0,0.0,0.0,0.0007169117647058827,0.06144346928918653,0.006472383967437391,0.0015931372549019608,0.005183006535947712,0.0,0.0,0.006890085010038873,0.0,0.0,0.006462585034013606,0.009653387280838262,0.0,0.0,0.0,0.0,0.0,0.0,0.0,0.003920634920634921,0.010655462184873949,0.01,0.015745341614906833,0.028255411255411252,0.0,0.0,0.0020634920634920637,0.0,0.02474747474747475,0.002173915862641353,0.0,0.0,0.0,0.01,0.0,0.0,0.0,0.0,0.0,0.006749999999999999,0.0,0.0015394736842105263,0.0,0.0,0.0,0.0,0.0,0.00364795918367347,0.0,0.0009801587301587306,0.0,0.0,0.01867701661561311
0.02506064614397948,0.0,0.0,0.0,0.0017105263157894735,0.0,0.0,0.006729170358556323,0.010261781524203886,0.0,0.0,0.0,0.010146616541353383,0.002272727272727273,0.0,0.02222890559732665,0.0,0.004317460317460316,0.0,0.0038409090909090927,0.0076363636363636364,0.0,0.0012310606060606062,0.0020634920634920637,0.0,0.0,0.00282608695652174,0.00393939393939394,0.022228284832451494,0.0,0.0007109375000000001,0.0010505050505050504,0.0016049382716049388,0.0,0.0,0.0,0.0,0.0,0.0016049382716049388,0.0,0.01,0.0009749999999999993,0.0,0.0028730158730158723,0.006060606060606061,0.0,0.0018571428571428576,0.005308526126218235,0.0,0.030807889822595705,0.0,0.002101010101010101,0.0018055555555555555,0.005023923444976077,0.008395061728395062,0.008953017570664627,0.0,0.0,0.0076064118629908094,0.008142857142857144,0.0,0.0,0.0,0.010807453416149066,0.0,0.0,0.0016049382716049382,0.013886363636363636,0.0,0.0,0.012458247066942717,0.0,0.006318163629087999,0.0,0.0022293083900226766,0.0015257472384665363,0.0,0.0,0.0,0.0015394736842105263,0.0,0.0,0.0,0.00235827664399093,0.0,0.06628856174048567,0.0,0.00762608695652174,0.0,0.006959064327485382,0.0,0.0,0.0,0.012907159833630421,0.02828947368421052,0.0008077485380116967,0.0,0.0,0.002820247933884299,0.0,0.008555555555555556,0.01,0.0063888888888888875,0.0,0.0,0.012998155467720682,0.00282608695652174,0.006749999999999999,0.0,0.0,0.0,0.0,0.0,0.0,0.017745387018270317,0.001274509803921569,0.0,0.0,0.0,0.0,0.0014186507936507936,0.0,0.0,0.012780748663101605,0.0,0.0,0.0,0.0,0.0,0.0,0.0,0.0,0.0,0.0,0.0030409356725146198,0.0,0.0,0.0,0.033126621018777884,0.0015476190476190483,0.010496479293471772,0.0017052469135802476,0.0,0.0036111111111111127,0.0,0.0,0.0057017543859649135,0.002585227272727273,0.007173913043478261,0.0057017543859649135,0.003507936507936508,0.0,0.0,0.008289473684210527,0.014796717171717173,0.003492063492063492,0.005416666666666666,0.0,0.0,0.001354166666666667,0.002659090909090909,0.0,0.0,0.007291666666666666,0.006714617984354827,0.003375694137304045,0.006249999999999999,0.020629815278938084,0.0,0.0042982456140350876,0.006462585034013606,0.0,0.0,0.0,0.0022159090909090913,0.009119946605644547,0.005221386800334169,0.0,0.0,0.034376820357772744,0.0,0.002590579710144927,0.0014186507936507936,0.0,0.0,0.031898592116585196,0.005221386800334169,0.005731922398589064,0.0,0.0,0.0,0.0,0.0009027777777777776,0.0,0.0,0.009442020827469744,0.0,0.004105263157894738,0.0,0.0028888888888888888,0.0014772727272727272,0.0,0.0,0.015478260869565219,0.00609375,0.0095281320861678,0.0,0.01,0.0,0.0,0.0,0.0,0.0,0.021445385668117663,0.0020272904483430803,0.003221056453770593,0.0015476190476190483,0.0063888888888888875,0.0,0.0,0.000438492063492064,0.0008125000000000003,0.0,0.0025606060606060605,0.041411807147101264,0.008461324880829527,0.041791333199946636,0.0,0.0,0.0,0.0,0.0,0.00496384297520661,0.0,0.01810249766573296,0.0015798611111111113,0.00740481561942959,0.0,0.0012037037037037038,0.0015166666666666672,0.0,0.0,0.0,0.0,0.00393939393939394,0.0,0.0014444444444444448,0.0,0.0,0.0,0.00198095238095238,0.0,0.0,0.0028750664540138234,0.0020634920634920637,0.005338935574229694
0.0028888888888888888,0.0,0.0,0.0,0.0,0.0,0.0,0.0054458247066942675,0.0030409356725146198,0.0,0.0023636363636363633,0.007291666666666666,0.05090808460545302,0.0,0.0,0.003039941902687001,0.0,0.005218195022116591,0.0,0.0,0.008915470494417863,0.02767024192406307,0.0,0.007936507936507936,0.0,0.011690085010038874,0.0011328976034858387,0.009454081632653061,0.021287629151931213,0.0,0.0018571428571428576,0.0,0.0,0.0,0.002708333333333333,0.0,0.0,0.008571428571428572,0.0,0.0,0.0023636363636363646,0.0,0.0013594771241830063,0.0,0.014639886257533317,0.006959064327485379,0.0,0.006462585034013606,0.0,0.0165522670312144,0.016462585034013606,0.001428571428571429,0.0020634920634920637,0.0,0.007291666666666668,0.0,0.0,0.0014186507936507936,0.004109788359788361,0.0,0.0,0.0,0.0028888888888888888,0.014985312306740876,0.0,0.003537414965986394,0.0,0.0252281746031746,0.0,0.0,0.011473922902494329,0.003823529411764706,0.004683229813664596,0.0,0.00858406432748538,0.005715873015873016,0.0,0.004366161616161616,0.0,0.0018571428571428576,0.0,0.0,0.0,0.005812772672421795,0.0,0.018289473684210526,0.0,0.02120483385329285,0.0,0.0014772727272727272,0.0,0.0,0.0,0.0,0.0020634920634920637,0.0,0.0021666666666666666,0.0031041890440386675,0.0,0.0069319131161236424,0.005023923444976077,0.003537414965986394,0.004642857142857142,0.003823529411764706,0.002575851393188855,0.0,0.0,0.0,0.0,0.0,0.0,0.0,0.0,0.005377777777777779,0.00456547619047619,0.0,0.0,0.0034970760233918137,0.0027723484848484847,0.004101190476190477,0.0,0.01699331550802139,0.0014772727272727272,0.007436151509048594,0.0,0.0,0.0,0.014784832161330828,0.0,0.0,0.0,0.0,0.0,0.0,0.00284400123685838,0.0,0.0027575757575757577,0.0,0.040022025813692484,0.0,0.016350081377893122,0.0,0.0,0.006946078431372548,0.0016802721088435377,0.0,0.0,0.0,0.011202020202020204,0.0,0.0,0.002101010101010101,0.0,0.0,0.0,0.0014625000000000005,0.0,0.0,0.007636363636363638,0.0017105263157894735,0.0073397129186602884,0.0,0.0,0.0018571428571428565,0.0,0.006420452673047829,0.0015294117647058827,0.0030409356725146198,0.0,0.010773988026583185,0.01246212121212121,0.0,0.002780748663101605,0.0017105263157894735,0.0,0.0,0.0,0.0,0.0022857142857142855,0.043495440919589526,0.0,0.0,0.004062499999999999,0.0,0.0,0.018470588235294117,0.005824242424242424,0.0,0.0,0.0,0.0,0.0,0.0,0.0,0.0,0.005377777777777779,0.006285714285714287,0.00474088730598426,0.0016290726817042608,0.0025299793119862328,0.0,0.0,0.0,0.0015294117647058827,0.05371427363021093,0.0,0.0,0.0061764705882352946,0.0,0.0,0.0,0.0,0.0,0.006890085010038873,0.0015105301379811184,0.0,0.0,0.006462585034013606,0.0,0.0,0.0,0.0,0.0,0.023948149376709752,0.011031746031746033,0.013204880437023295,0.03293253968253969,0.0,0.003095238095238095,0.0020634920634920637,0.0,0.009290674603174603,0.0,0.0,0.013973126827485378,0.0,0.0020634920634920633,0.0,0.001529411764705883,0.01738192381329636,0.0,0.0012037037037037038,0.0,0.0020583333333333326,0.0016049382716049388,0.008142857142857144,0.008640522875816993,0.0,0.0,0.0018462823725981623,0.005591215561184601,0.0010833333333333337,0.021515692640692637,0.003891203703703704,0.001666798575385833,0.007291666666666665
0.008571428571428572,0.002653061224489796,0.0014444444444444444,0.0,0.0,0.0,0.0,0.007283816425120775,0.0,0.013668430335097001,0.0028888888888888888,0.0,0.014417464114832534,0.0,0.001428571428571428,0.0,0.0,0.008142857142857144,0.0,0.015354126055880444,0.0,0.0,0.0,0.0,0.0,0.004521739130434781,0.0,0.0,0.07731513970110461,0.0,0.0,0.0,0.0,0.0,0.005023923444976077,0.0,0.0,0.01445029239766082,0.0,0.002719070403280929,0.0029479797979797984,0.0,0.018395061728395064,0.0,0.019155119375573917,0.0,0.0,0.0,0.0,0.0,0.007346938775510204,0.0,0.00625,0.005478260869565219,0.01,0.0,0.0,0.0,0.0,0.0,0.01,0.0030409356725146198,0.0,0.008555555555555556,0.0020634920634920637,0.0,0.0,0.027636363636363636,0.0,0.0,0.015316770186335404,0.0020583333333333326,0.0,0.01,0.0,0.0017105263157894735,0.0,0.0,0.0,0.026812200956937798,0.0,0.0,0.0,0.0,0.0,0.007936507936507936,0.01,0.0020583333333333326,0.007219251336898395,0.0,0.0,0.0,0.0,0.0132328971533517,0.029042316017316015,0.0028086419753086413,0.0,0.003537414965986394,0.0018571428571428576,0.0,0.007111111111111112,0.0061764705882352946,0.0,0.0,0.0045833333333333325,0.0,0.0,0.0,0.0,0.001428571428571429,0.0,0.0,0.0,0.00900141723356009,0.0,0.0,0.0,0.002549019607843138,0.0,0.0014370748299319732,0.0,0.003250000000000001,0.007291666666666665,0.0025961538461538466,0.0,0.0017105263157894735,0.0,0.002849025974025974,0.0,0.0,0.002666666666666667,0.001274509803921569,0.0,0.0,0.0018055555555555555,0.0,0.0,0.0018571428571428576,0.059589812001355574,0.0017105263157894735,0.01006546458739441,0.0,0.009729756717501816,0.0,0.0022152194211017746,0.0,0.0,0.0,0.018395061728395064,0.0023352846648301193,0.004935064935064935,0.007936507936507938,0.0,0.011013802622498275,0.0,0.0,0.0,0.0,0.01606888544891641,0.007333333333333333,0.0,0.0,0.014686507936507935,0.0020634920634920637,0.0,0.0,0.0,0.013377610693400169,0.0,0.01485764676240867,0.008916666666666668,0.0,0.0,0.0,0.0020634920634920637,0.0,0.0,0.0038343434343434345,0.0,0.010335769980506823,0.009676573426573427,0.0,0.0,0.0018055555555555555,0.008289473684210527,0.057802163511545664,0.0022159090909090913,0.0012037037037037038,0.0,0.0016049382716049382,0.003462081128747796,0.0,0.006462585034013606,0.009587301587301589,0.0014772727272727272,0.0,0.03543707853511775,0.0,0.0,0.0,0.004935064935064936,0.0,0.0,0.0014772727272727272,0.018395061728395064,0.0,0.0034908402203856744,0.0,0.0031280663780663773,0.0018571428571428576,0.0028888888888888888,0.0,0.0,0.004976076555023923,0.0,0.0014772727272727272,0.0,0.0,0.004105263157894737,0.0023636363636363633,0.0,0.0,0.0,0.0,0.022312581699346405,0.0,0.012666666666666666,0.005023923444976077,0.0,0.0,0.0,0.008522727272727272,0.0,0.0,0.016407096171802055,0.0,0.0,0.0,0.0,0.0,0.0,0.0,0.0,0.006136111111111112,0.0,0.0,0.0,0.0,0.005460526315789474,0.002780748663101605,0.0,0.0,0.007111111111111112,0.0,0.0,0.012063492063492063
0.03834090789425818,0.005221386800334169,0.0,0.005754908103592313,0.0,0.007936507936507936,0.026067865742788347,0.0,0.0,0.0029323308270676695,0.0,0.0,0.03650793650793651,0.0,0.0,0.0,0.005357142857142858,0.008226076555023925,0.0,0.0,0.0018519984170953707,0.01,0.0014444444444444444,0.003059340545038487,0.0,0.0,0.0018571428571428565,0.0030117880485527543,0.008522727272727272,0.0,0.0027283950617283947,0.0,0.0,0.0,0.0,0.0,0.0020634920634920637,0.027320377965114807,0.0,0.0,0.0,0.009897933937407621,0.03144444444444444,0.0,0.008555555555555556,0.0,0.0,0.0,0.0,0.020084967320261438,0.0007128427128427141,0.005185185185185186,0.0,0.0,0.009577527980889324,0.004713781809019906,0.0,0.004105263157894738,0.004304186163101605,0.0,0.0,0.0031777777777777776,0.0,0.007843269163621127,0.0,0.0,0.0070515574650913,0.008142857142857144,0.008466386554621848,0.004583333333333333,0.019807435254803673,0.0014772727272727272,0.0018571428571428565,0.0,0.015135518449804168,0.0,0.0,0.0009801587301587306,0.00392063492063492,0.0,0.0,0.0020634920634920637,0.0,0.0,0.0,0.004090909090909091,0.01,0.009656084656084656,0.0,0.0,0.0,0.0016049382716049382,0.0,0.0,0.0,0.0,0.0,0.0,0.0,0.0014444444444444448,0.006959064327485382,0.05489255720009074,0.0,0.0,0.0,0.0,0.0,0.01,0.0,0.0,0.005645124716553289,0.0010833333333333333,0.0,0.0,0.0030163398692810463,0.0,0.0010317460317460316,0.0,0.0,0.0017105263157894746,0.0,0.017134904784282135,0.0,0.0,0.0,0.0,0.0,0.005478260869565219,0.0,0.0,0.0027807486631016036,0.0,0.0,0.0,0.0016049382716049382,0.0,0.0,0.0,0.021283950617283953,0.0,0.03632419060128039,0.0017105263157894746,0.0,0.0,0.003909774436090225,0.0,0.0016507936507936505,0.0,0.03,0.0016290726817042608,0.0,0.0036275252525252532,0.0061764705882352946,0.0,0.009929029304029304,0.0017105263157894735,0.0,0.0,0.006188271604938272,0.008142857142857144,0.0,0.0076363636363636364,0.007219251336898395,0.0,0.0,0.0013131313131313133,0.0,0.005534055727554179,0.0,0.015970644625030592,0.024696569856012582,0.0056879084967320255,0.0020634920634920637,0.0,0.0014444444444444444,0.0,0.0,0.0,0.0,0.016771217577940267,0.0,0.0,0.0027189542483660126,0.0,0.0,0.0,0.02192616220686396,0.0,0.0,0.0,0.0054920116194626,0.0,0.015316770186335404,0.0,0.0,0.0,0.013852040816326532,0.0041960784313725494,0.0024074074074074076,0.0,0.0,0.0,0.00282608695652174,0.0,0.010147175536881419,0.0,0.0049112838915470495,0.022080721814417465,0.0014772727272727272,0.0,0.0,0.0,0.0,0.0,0.012468253968253969,0.0,0.0,0.004344919786096257,0.0042982456140350876,0.0,0.0,0.0,0.0,0.004599415204678364,0.027070099491152123,0.0,0.0,0.0,0.0010833333333333335,0.0014772727272727272,0.0,0.01,0.016459235209235208,0.0,0.01485561497326203,0.0,0.007214285714285712,0.0,0.0,0.007346938775510204,0.0,0.01076470588235294,0.004852130325814536,0.0,0.0028888888888888888,0.0,0.0,0.005821684335616224,0.002590579710144927,0.0,0.0,0.0,0.0014772727272727272,0.004072681704260651,0.0,0.008915192743764172
0.0015993848519800084,0.0,0.0,0.0,0.0015294117647058827,0.0,0.0023636363636363633,0.0,0.0,0.0014444444444444444,0.0,0.0,0.03,0.003537414965986394,0.0,0.02220866560340245,0.0,0.0031877990430622003,0.0,0.0,0.0015931372549019608,0.0,0.0,0.0,0.0,0.0,0.0,0.0,0.0,0.0,0.0015993848519800084,0.0,0.0,0.0,0.0,0.0,0.0,0.01,0.0,0.0,0.03179887106357694,0.0,0.03536067324533299,0.0,0.0,0.0,0.0018571428571428576,0.0,0.0,0.012504850088183424,0.02288888888888889,0.005377777777777779,0.0,0.0,0.0,0.0,0.0,0.0029819023569023573,0.0,0.008742083427134244,0.026959064327485377,0.0015294117647058827,0.0,0.017206124472975814,0.0016290726817042608,0.01,0.0,0.007291666666666665,0.0026666666666666666,0.0,0.0016049382716049388,0.0,0.0,0.0,0.0,0.001666798575385833,0.0,0.0,0.0,0.0,0.0,0.0011328976034858389,0.0,0.002653061224489796,0.0,0.01717391304347826,0.0023636363636363633,0.04583410076810698,0.008142857142857144,0.0,0.0012606060606060604,0.0,0.0,0.0,0.03203947368421053,0.0,0.0,0.0,0.0015105301379811184,0.0,0.017358747603801027,0.014098948670377243,0.0,0.0012037037037037038,0.0,0.0,0.01590249433106576,0.01,0.0,0.0,0.0,0.0,0.0,0.008746732026143792,0.0,0.0,0.0,0.007333333333333334,0.0,0.0,0.0,0.01,0.0,0.0,0.0,0.0,0.0015105301379811184,0.002780748663101605,0.0030409356725146198,0.0,0.0028888888888888888,0.0,0.0,0.0,0.0014772727272727272,0.0,0.0015294117647058827,0.008522727272727272,0.03689152024446143,0.0,0.01,0.0,0.0,0.0030409356725146198,0.0,0.0,0.0,0.0,0.05676006191950465,0.0,0.0,0.038289473684210526,0.0,0.01,0.01689008501003887,0.002987802865253846,0.0076363636363636364,0.0,0.0,0.0,0.0,0.0,0.01580392156862745,0.0035676691729323294,0.0,0.008522727272727272,0.002653061224489796,0.0015294117647058827,0.0,0.01,0.008522727272727272,0.0,0.0014772727272727272,0.02200800320128051,0.0,0.0016049382716049382,0.0,0.0,0.0,0.0,0.0,0.0,0.0033234686750830056,0.0,0.0,0.07158509496302508,0.0017105263157894735,0.004852130325814536,0.005072142477405634,0.0017105263157894735,0.0,0.0,0.0015993848519800084,0.011710526315789473,0.0,0.0,0.0,0.0,0.0,0.0,0.0,0.0014772727272727272,0.0,0.0,0.008289473684210527,0.0,0.007636363636363638,0.008289473684210527,0.0,0.0,0.0,0.0,0.0,0.01,0.0,0.0,0.0,0.0,0.0,0.0,0.0,0.0,0.0,0.0,0.007219251336898395,0.006462585034013606,0.009999999999999998,0.0014444444444444444,0.0,0.0,0.0,0.0,0.0,0.0,0.015145061728395061,0.0,0.0,0.0,0.0,0.007219251336898395,0.0,0.0,0.01,0.0,0.0,0.0,0.0,0.0,0.0,0.0,0.012708333333333335,0.0,0.018896604938271604,0.013108391017225602,0.0,0.012718954248366013
0.0,0.005023923444976076,0.0023636363636363633,0.008522727272727272,0.0,0.0,0.0,0.0,0.0030694444444444445,0.0,0.0016049382716049388,0.0037142857142857134,0.05545731192491636,0.0014625000000000007,0.0023636363636363633,0.008470588235294117,0.01357738095238095,0.00393939393939394,0.0,0.0012037037037037038,0.0015394736842105263,0.0,0.0,0.0,0.0,0.0,0.0,0.0,0.01471581527347781,0.0,0.0,0.0,0.0018571428571428565,0.0,0.004497354497354496,0.00393939393939394,0.0,0.002708333333333334,0.001945397603485839,0.0,0.0,0.012139050634104054,0.0,0.0,0.017385385130483173,0.0,0.0,0.009187335221169808,0.0,0.027852677397068218,0.02188217567728846,0.0,0.0015105301379811182,0.0020634920634920637,0.0030528492647058825,0.0,0.0,0.0,0.0,0.0,0.0,0.0,0.0,0.009739812990586984,0.0,0.0,0.0006593406593406598,0.004090909090909091,0.0018759018759018755,0.0,0.04828947368421053,0.0028888888888888888,0.0,0.0018571428571428576,0.0017105263157894746,0.002274777853725223,0.0,0.0,0.003537414965986394,0.0,0.0,0.003537414965986394,0.006060606060606061,0.0,0.0,0.007111111111111111,0.007636363636363638,0.0,0.0,0.006749999999999999,0.0,0.0,0.0,0.0,0.010206349206349209,0.0,0.0,0.0,0.002461709830130884,0.0,0.0,0.0,0.0,0.0015105301379811184,0.0,0.001274509803921569,0.0,0.0,0.0,0.007636363636363638,0.0,0.0,0.0,0.018620687800812025,0.0018571428571428565,0.0,0.0,0.0,0.0,0.0019080380690287809,0.0,0.006893382352941177,0.0,0.006060606060606061,0.004105263157894737,0.007006493506493509,0.007219251336898395,0.0014359974009096812,0.0,0.0,0.0,0.0,0.0,0.0,0.0,0.0,0.0,0.0,0.03240998217468805,0.0,0.006890085010038873,0.0,0.0,0.008099384851980012,0.0017105263157894746,0.0,0.0,0.0,0.03128917798056042,0.007111111111111112,0.0,0.0030409356725146198,0.0,0.001428571428571428,0.008571428571428572,0.007073529411764706,0.007936507936507936,0.0,0.03217965256277949,0.0023636363636363646,0.0,0.008289473684210525,0.002708333333333334,0.0,0.0,0.0015294117647058827,0.0018055555555555555,0.016001600977091173,0.0,0.05185290127446991,0.013997113997114,0.0,0.008122068903318904,0.0,0.0,0.0,0.018571428571428572,0.0,0.001428571428571428,0.032336920733205564,0.003707664884135472,0.0,0.0,0.0,0.008614379084967318,0.014125173611111111,0.0017105263157894746,0.0044444444444444444,0.0,0.0,0.0,0.002701298701298701,0.008555555555555556,0.0016049382716049382,0.0,0.03425396825396826,0.0,0.008609056248762131,0.0,0.001428571428571428,0.0030952380952380958,0.0,0.0012037037037037038,0.0,0.021175810391496665,0.0,0.004935064935064935,0.0174540292294203,0.0,0.0,0.0,0.0,0.0,0.005478260869565219,0.0,0.0,0.0,0.014264362204211829,0.0016049382716049382,0.0,0.0,0.0,0.0,0.007219251336898395,0.006959064327485379,0.0,0.010408432147562586,0.0015294117647058827,0.0016851851851851847,0.0020634920634920637,0.008142857142857144,0.018150889376218324,0.0,0.0020462962962962974,0.014678362573099412,0.0,0.02131884057971014,0.0,0.00282608695652174,0.0,0.0,0.0008496732026143792,0.0,0.0,0.008435097001763668,0.0,0.004706278470984353,0.0,0.0,0.0,0.0,0.0,0.0,0.0,0.0,0.0
0.011894129262550316,0.0,0.0,0.0,0.0018571428571428565,0.0,0.006285714285714286,0.0017052469135802476,0.0050481040564373915,0.007784332293523471,0.0,0.0,0.024083058849363202,0.0013541666666666665,0.0,0.0,0.0,0.0,0.0004126984126984131,0.004976076555023923,0.01578633471907281,0.0,0.000716911764705883,0.013035714285714286,0.0,0.008134967320261437,0.003176136363636365,0.0016993464052287588,0.0028086419753086413,0.0,0.0,0.0016049382716049382,0.0,0.0,0.005824242424242424,0.0020583333333333326,0.0,0.011533613445378151,0.0063888888888888875,0.004779355220349007,0.010105588044184537,0.008348072225523206,0.006060606060606061,0.0,0.011471386800334167,0.0,0.0020634920634920637,0.0,0.0,0.019778539361872693,0.01249615937993131,0.0,0.003250000000000001,0.0035000000000000014,0.0,0.0,0.0,0.0016802721088435377,0.005613636363636365,0.0,0.011811194653299915,0.0016049382716049382,0.005416666666666666,0.019250161745215166,0.0016756176154672398,0.005743202120799075,0.0,0.014203463203463204,0.0,0.0016290726817042608,0.015435037810977659,0.0,0.0,0.001354166666666667,0.0016049382716049382,0.004103535353535353,0.0015798611111111113,0.0,0.007726179679740052,0.0014181818181818184,0.0,0.0,0.0,0.0,0.0,0.008678494124922697,0.0,0.032779022698038986,0.0,0.011084925623625315,0.0,0.0,0.010270774976657328,0.0025312500000000005,0.004706278470984353,0.0,0.0,0.0,0.0,0.0,0.014686906412396608,0.012402800472040667,0.0,0.0,0.003890445066915654,0.007914438502673796,0.002491666666666666,0.004834821428571428,0.0,0.0,0.0032500000000000003,0.0,0.0,0.0012187500000000002,0.004333333333333333,0.0,0.0,0.0,0.0016290726817042608,0.0,0.003714285714285715,0.035884138587208764,0.00368421052631579,0.004943503916718202,0.0,0.003707664884135472,0.0,0.0,0.0,0.0,0.0,0.002708333333333334,0.0028888888888888888,0.0043478260869565235,0.006749999999999999,0.0012999999999999997,0.0,0.0,0.010825396825396827,0.0,0.030273126989587257,0.0,0.0016507936507936505,0.0,0.007354207277452891,0.0033036635706914343,0.0,0.003288690476190477,0.013696969696969697,0.0,0.0,0.0,0.0,0.0,0.006060606060606061,0.0022698412698412703,0.001444444444444444,0.0,0.0,0.003932773109243697,0.0044300595238095245,0.0018055555555555555,0.0,0.0,0.0,0.0030409356725146198,0.0,0.0,0.001083333333333333,0.0024909297052154193,0.029937459389213775,0.004357725661070528,0.0,0.0,0.0,0.0,0.0,0.0,0.0,0.014652919062361786,0.008740183792815373,0.0015294117647058827,0.0,0.0,0.0,0.046549656285072946,0.008913951545530492,0.012867341950630667,0.0,0.0,0.003250000000000001,0.0,0.0,0.009707792207792207,0.0,0.005666666666666665,0.01,0.004047619047619046,0.003412166780587833,0.0,0.007790343915343916,0.00286764705882353,0.0010505050505050504,0.0,0.0013032581453634084,0.00438999673095783,0.0,0.008470588235294117,0.008067523305618544,0.0,0.0071111111111111115,0.0,0.005782484614072667,0.00895146958304853,0.005023923444976077,0.010525708209918739,0.0,0.0015105301379811182,0.011880191514462613,0.0,0.0030535130718954253,0.0,0.0,0.0,0.007318775995246584,0.0014444444444444448,0.031155762167125803,0.004663492063492063,0.0,0.0008796992481203003,0.005067821067821069,0.0,0.0007282913165266111,0.0,0.014278968253968256,0.003714285714285715,0.006319444444444446,0.0,0.0018519984170953707,0.0053571428571428555,0.0,0.0,0.0025758513931888553,0.0017376775271512113,0.007853374227880155,0.0,0.0,0.0,0.0020634920634920637,0.0018462823725981625,0.008510077276524647,0.0,0.0011818181818181819,0.0,0.005698475437605872,0.01888591303967981
0.018716049382716052,0.0021064814814814813,0.0,0.015221386800334169,0.0,0.00393939393939394,0.01647238396743739,0.0,0.008374999999999999,0.0,0.0,0.0,0.04629699248120301,0.0018571428571428576,0.002932330827067669,0.007219251336898396,0.0061764705882352946,0.0068282828282828275,0.0,0.0,0.0,0.015272727272727273,0.0,0.0008796992481203003,0.006285714285714286,0.004330570505714249,0.00286764705882353,0.0,0.01391748980293872,0.0,0.0052,0.0,0.00318903318903319,0.0,0.006060606060606061,0.0,0.0,0.018227272727272727,0.0,0.0,0.0,0.0014772727272727272,0.02232287157287157,0.0,0.016537918871252208,0.002653061224489796,0.0,0.0,0.008142857142857144,0.025183221099887763,0.018395061728395064,0.01464506172839506,0.0,0.0,0.020165428797781736,0.0017105263157894746,0.006334586466165412,0.0,0.0,0.0,0.0,0.0016049382716049388,0.0,0.007936507936507938,0.0,0.015572871572871572,0.0,0.017223665223665224,0.0045238095238095246,0.0,0.0328514739229025,0.003714285714285715,0.0036111111111111127,0.0020634920634920637,0.0,0.0017105263157894746,0.0,0.0018571428571428565,0.0,0.0,0.0,0.0020634920634920637,0.0,0.0014444444444444444,0.0,0.0011328976034858389,0.0,0.011453885257806827,0.0037500000000000007,0.02346271842070161,0.0,0.0,0.0,0.001238095238095238,0.011708780880773362,0.0,0.0,0.0,0.0,0.0,0.0017105263157894746,0.035180906812485764,0.0,0.0015779645191409902,0.0,0.0,0.0,0.0,0.0,0.0,0.0,0.0,0.0,0.0,0.0032299382716049385,0.014455667789001123,0.0,0.0,0.0,0.0,0.0,0.007111111111111112,0.0,0.0,0.0,0.0,0.0016049382716049382,0.0018571428571428565,0.0,0.0,0.0015294117647058827,0.003823529411764706,0.0,0.0,0.0,0.0,0.0,0.0032500000000000003,0.030420920722859783,0.0,0.023696969696969702,0.0,0.0,0.0,0.0,0.009944727891156463,0.0,0.0,0.03764853521363217,0.0,0.0,0.008395061728395062,0.0,0.0,0.008142857142857144,0.005710201429499675,0.0,0.0,0.01110544217687075,0.0,0.0015294117647058827,0.0,0.01668453541260559,0.0023636363636363646,0.0,0.0,0.0,0.0028888888888888888,0.002532467532467533,0.019185686934706542,0.016966490299823632,0.016941176470588234,0.011604938271604939,0.0,0.0,0.0,0.008142857142857144,0.0017105263157894746,0.0,0.011710526315789473,0.009511437908496732,0.001274509803921569,0.0,0.0028574357972854215,0.0,0.0,0.0,0.0015394736842105263,0.0,0.002780748663101605,0.0,0.0015294117647058827,0.006750000000000001,0.0,0.0,0.007916828411881835,0.0,0.003733044733044732,0.0,0.0,0.0,0.0,0.0,0.0008077485380116967,0.02633660949760021,0.0034469696969696983,0.0,0.009310606060606061,0.0,0.0,0.0,0.0,0.0,0.0,0.0018571428571428576,0.0,0.0,0.005251291106554265,0.0,0.0,0.0009774436090225565,0.0,0.001238095238095238,0.022502882652263457,0.03332894736842105,0.0,0.0,0.0,0.0,0.0,0.0,0.0,0.0,0.0,0.0,0.0,0.0024949494949494957,0.0,0.0,0.0,0.0,0.0,0.0023636363636363646,0.0,0.0,0.008289473684210525,0.0,0.0,0.0,0.003714285714285715,0.0,0.0,0.0,0.0028888888888888888,0.0,0.01577721088435374
0.032456060606060606,0.0,0.0,0.0,0.01,0.0,0.0,0.0,0.0,0.0,0.0,0.0017105263157894735,0.03,0.0,0.0,0.0,0.0,0.00198095238095238,0.0,0.0,0.0029545454545454545,0.007219251336898395,0.0,0.0,0.0,0.0,0.0,0.0,0.033391395154553055,0.0,0.0014444444444444444,0.0,0.005502645502645502,0.0,0.0017105263157894735,0.0018571428571428565,0.0,0.011604938271604939,0.0,0.0,0.0,0.0,0.03510167464114832,0.0,0.017291666666666664,0.0,0.0,0.002708333333333334,0.006060606060606061,0.01485705003248863,0.002780748663101605,0.020294784580498867,0.0,0.0,0.0,0.0014772727272727272,0.0,0.0030822109988776656,0.0,0.010379870129870128,0.0,0.0018571428571428565,0.0020634920634920637,0.01,0.0,0.012708333333333335,0.0016049382716049382,0.0266984126984127,0.0,0.0,0.011432506887052343,0.0,0.0,0.0,0.0020634920634920637,0.0,0.0,0.0,0.0,0.0,0.0017105263157894735,0.0,0.0,0.0,0.0028888888888888888,0.0,0.008289473684210527,0.05113759778233463,0.0,0.0,0.0,0.016492063492063492,0.00198095238095238,0.008142857142857144,0.005929824561403508,0.002921717171717172,0.0,0.008289473684210525,0.0,0.01,0.0,0.01935308972073678,0.0014772727272727272,0.0,0.0,0.012771882086167802,0.0,0.0,0.0,0.0,0.0,0.0,0.0,0.0,0.0,0.0,0.0,0.0,0.0014772727272727272,0.0,0.0,0.007333333333333334,0.008289473684210527,0.013157392102846645,0.0,0.0,0.0028260869565217388,0.0020634920634920637,0.0,0.0,0.0,0.0017105263157894735,0.0,0.011264357864357864,0.005916666666666666,0.0,0.0,0.0,0.011710526315789473,0.0,0.0468100209780882,0.0,0.0,0.0,0.0012380952380952378,0.006749999999999999,0.0,0.0,0.026917789001122336,0.0,0.0,0.00393939393939394,0.0,0.0,0.002780748663101605,0.0,0.0,0.0,0.026665584415584417,0.0,0.0015294117647058827,0.0,0.0,0.0,0.0,0.0,0.0020634920634920637,0.004622222222222221,0.0,0.016959064327485382,0.008289473684210527,0.007291666666666665,0.0,0.0,0.0,0.0014772727272727272,0.007291666666666665,0.0,0.0,0.0014772727272727272,0.0032500000000000003,0.0,0.0,0.0,0.0,0.02852272727272727,0.0,0.00235827664399093,0.0,0.0,0.0,0.0,0.015568974771873323,0.0,0.0,0.01,0.023415584415584417,0.0,0.004898078529657477,0.005660770975056691,0.0,0.0,0.002780748663101605,0.008555555555555556,0.018716049382716052,0.0,0.0,0.01940721500721501,0.0,0.0,0.0,0.0,0.0016049382716049382,0.011175810391496668,0.0,0.00393939393939394,0.0,0.0,0.0,0.0,0.005071969696969698,0.0,0.0,0.008395061728395062,0.018466605834252893,0.0,0.01,0.0,0.0,0.0,0.007096786042240587,0.03,0.0,0.0,0.00973391812865497,0.0,0.0076363636363636364,0.0014444444444444444,0.0,0.0,0.0037740183792815372,0.0,0.0,0.0,0.0,0.003250000000000001,0.0018571428571428576,0.0,0.008142857142857144,0.0,0.0,0.00764172335600907,0.008391571214537723,0.0,0.0017105263157894746,0.0
0.014558432623448102,0.0,0.0,0.01,0.0023636363636363633,0.0,0.0,0.0012037037037037038,0.0,0.0,0.0,0.0,0.01304093567251462,0.0,0.0,0.0,0.007111111111111112,0.0,0.0,0.03323503611971104,0.0,0.0,0.0,0.0,0.0016049382716049388,0.0028888888888888888,0.009766746411483253,0.0,0.00924333369711521,0.0,0.004105263157894737,0.0,0.0,0.0,0.0,0.0,0.0017105263157894735,0.02045855379188713,0.0,0.002708333333333334,0.014098948670377243,0.0,0.01,0.0,0.0015294117647058827,0.0,0.0014772727272727272,0.0,0.008142857142857144,0.0018519984170953707,0.0,0.0,0.0,0.0,0.0,0.0,0.0,0.0,0.0,0.0,0.01370906432748538,0.004303359683794467,0.005199999999999999,0.008395061728395062,0.0,0.017796857463524128,0.0,0.01370906432748538,0.0,0.0,0.015403555680645463,0.0,0.00393939393939394,0.011675617615467239,0.024330362448009506,0.0,0.0,0.0,0.0,0.0,0.0014444444444444444,0.005666666666666666,0.0,0.0015931372549019608,0.0,0.01,0.0,0.06879812665807063,0.0,0.007173913043478261,0.008395061728395062,0.003537414965986394,0.0,0.007936507936507936,0.02,0.0018866213151927439,0.0,0.0,0.0,0.0,0.0014772727272727272,0.023058823529411764,0.0,0.0020634920634920637,0.01,0.0,0.0,0.003250000000000001,0.0,0.0,0.0,0.0,0.0,0.012666666666666666,0.008669590643274853,0.0,0.0,0.0,0.0,0.0,0.0016161616161616157,0.011563662945241892,0.011685185185185186,0.0010505050505050504,0.0,0.001274509803921569,0.0,0.0,0.0,0.0,0.0,0.0020634920634920637,0.0028888888888888888,0.01,0.0,0.0,0.0,0.0,0.045367756512493355,0.0,0.0,0.0,0.0,0.0,0.0,0.0,0.007346938775510204,0.0,0.0683604209799862,0.0,0.0,0.0,0.0014444444444444448,0.018289473684210526,0.0,0.002780748663101605,0.0,0.0,0.0,0.0,0.008289473684210527,0.0,0.0,0.0,0.0,0.0,0.0,0.00647238396743739,0.006959064327485382,0.027346360429693767,0.020975744843391902,0.0,0.0,0.007111111111111112,0.00040123456790123454,0.0017376775271512113,0.004344193817878028,0.0016049382716049382,0.0017105263157894735,0.02821265172735761,0.0016049382716049382,0.008395061728395062,0.0,0.0,0.0,0.028142857142857147,0.03290715983363042,0.006749999999999999,0.0,0.0016507936507936505,0.0,0.0015294117647058827,0.008522727272727272,0.0,0.0,0.0,0.0121437969924812,0.0,0.0017105263157894735,0.0,0.0,0.0,0.0,0.007636363636363638,0.005479148181011535,0.0,0.0,0.015728395061728396,0.0,0.0,0.0,0.0,0.0,0.016760061919504642,0.0,0.00924333369711521,0.0,0.0016049382716049388,0.0,0.0,0.0,0.0,0.0,0.003334415584415583,0.0,0.009844226579520698,0.0,0.0018571428571428576,0.0,0.0,0.0015294117647058827,0.0,0.0016049382716049382,0.0,0.0018571428571428565,0.0023636363636363633,0.0,0.0,0.0,0.006749999999999999,0.0,0.0,0.0,0.0048000000000000004,0.0,0.0016049382716049382,0.0,0.0014444444444444448,0.0,0.0017105263157894735,0.0,0.0,0.0,0.0,0.0,0.013412108703130374
0.04257337739277884,0.006959064327485382,0.0,0.01,0.0018571428571428576,0.0,0.0,0.0,0.004707189542483661,0.0017105263157894735,0.0,0.0028888888888888888,0.04684696031522656,0.0,0.0,0.0,0.0,0.0,0.0,0.005023923444976077,0.0,0.0061764705882352946,0.003021060275962237,0.0,0.0,0.0,0.0030409356725146198,0.0,0.04695906432748538,0.0,0.0010833333333333335,0.0,0.0,0.0,0.0029479797979797984,0.0014444444444444444,0.0,0.03384678604224058,0.004746031746031745,0.0,0.016537918871252208,0.0,0.01643233082706767,0.0018571428571428576,0.04157561728395062,0.0,0.0,0.0016756176154672398,0.0,0.0,0.0,0.0,0.0,0.0,0.0,0.0,0.0014444444444444444,0.0017105263157894746,0.0,0.0,0.0,0.0,0.0,0.021857142857142856,0.0,0.0,0.0,0.018289473684210526,0.004493827160493827,0.0,0.018142857142857145,0.0,0.0,0.0,0.015481791600212654,0.0,0.0,0.0,0.0,0.0,0.0,0.0,0.008142857142857144,0.0,0.0036111111111111122,0.017936507936507935,0.0,0.0030409356725146198,0.0014444444444444444,0.0,0.0,0.0017105263157894746,0.0,0.0,0.016537918871252204,0.01,0.0017105263157894735,0.0,0.0,0.0,0.0,0.0,0.005377777777777779,0.0014325068870523416,0.0,0.01,0.0,0.003250000000000001,0.0,0.0,0.0,0.0,0.0,0.011604938271604939,0.0,0.0,0.0030409356725146198,0.0,0.0,0.0,0.0,0.009999999999999998,0.0018519984170953707,0.0,0.0,0.0,0.01133630421865716,0.0,0.0,0.0,0.0,0.0,0.0,0.00415359477124183,0.0,0.0,0.0,0.0,0.04,0.0,0.0026666666666666666,0.0,0.0063888888888888875,0.0,0.0,0.02469152046783626,0.0016049382716049382,0.0,0.027294777843797448,0.0,0.0,0.0,0.0,0.02,0.013431448294922767,0.0,0.003239938080495356,0.0,0.030791724806172694,0.0,0.0,0.0,0.01,0.0023636363636363646,0.0,0.0,0.0,0.0056879084967320255,0.0,0.004897851059615766,0.019766746411483252,0.016462585034013606,0.0,0.0,0.0,0.0016049382716049382,0.0,0.0,0.0,0.0,0.0,0.015581699346405228,0.0,0.0,0.0,0.05,0.008289473684210525,0.0017105263157894746,0.0,0.0,0.0,0.0,0.0,0.0,0.0,0.0016802721088435377,0.007111111111111112,0.0,0.0,0.0,0.0,0.0,0.003412166780587833,0.01772027248902782,0.0,0.0,0.0,0.0016049382716049382,0.0016250000000000004,0.0,0.0,0.0,0.0,0.02304093567251462,0.0,0.007333333333333334,0.0,0.0020634920634920637,0.0,0.0,0.0,0.0,0.0,0.0,0.02185714285714286,0.018395061728395064,0.007936507936507936,0.0,0.0,0.0,0.0,0.0,0.0,0.0,0.024310160427807488,0.0,0.0,0.0,0.0018571428571428576,0.0,0.0,0.0,0.0,0.0,0.0,0.0,0.0,0.0,0.0,0.0,0.0,0.0,0.012095268542199486,0.0,0.0014444444444444446,0.028522727272727276
0.0,0.0020634920634920637,0.0,0.0,0.002708333333333334,0.0015798611111111113,0.0014444444444444444,0.0,0.001428571428571428,0.0,0.0,0.0,0.05,0.0018519984170953707,0.0,0.0,0.008522727272727272,0.0,0.0,0.0,0.0,0.0,0.0,0.0,0.0,0.0015294117647058827,0.0,0.0016049382716049382,0.0,0.0,0.0,0.0,0.0,0.0,0.0,0.0,0.0,0.03620779220779221,0.0,0.0,0.0,0.001470707070707071,0.032791446208112876,0.0,0.018142857142857145,0.0,0.0,0.0,0.0016049382716049382,0.0508810039167182,0.0,0.01,0.0,0.0,0.007936507936507938,0.0,0.0,0.0,0.004844240726593669,0.006959064327485382,0.0015294117647058827,0.0,0.0,0.008001795732143274,0.0018571428571428576,0.008142857142857144,0.002666666666666667,0.008142857142857144,0.0018571428571428576,0.0,0.01,0.0,0.0,0.0,0.007111111111111112,0.0,0.0014772727272727272,0.0,0.0,0.0018571428571428576,0.0,0.0,0.006060606060606061,0.007936507936507938,0.0,0.018470588235294117,0.0,0.0028888888888888888,0.0,0.0,0.0,0.0,0.0,0.0,0.018395061728395064,0.0,0.0018055555555555555,0.0,0.021710526315789472,0.0,0.0,0.0036111111111111127,0.0030646929824561403,0.007111111111111112,0.0,0.0,0.0,0.0,0.0,0.007936507936507936,0.0,0.0,0.0,0.0,0.0,0.013860374149659866,0.0,0.0,0.0,0.0,0.0,0.008395061728395062,0.02290597973196012,0.016749999999999998,0.0016049382716049382,0.0,0.00393939393939394,0.0,0.0,0.0,0.0014325068870523416,0.0,0.0,0.0,0.0,0.0031338183421516764,0.0,0.0,0.040252204585537917,0.0,0.07,0.0,0.0,0.0,0.0,0.0016049382716049382,0.0,0.01,0.01,0.017590017825311943,0.0,0.0020634920634920637,0.0,0.02606060606060606,0.020834224598930483,0.0,0.0,0.0,0.021645061728395067,0.0,0.0,0.0,0.0,0.0063888888888888875,0.0,0.0,0.0,0.008289473684210527,0.008289473684210525,0.008470588235294117,0.03999484126984127,0.00857142857142857,0.0,0.0,0.003152890342739967,0.0,0.007936507936507938,0.0,0.0,0.03195453516040637,0.0,0.0,0.0,0.00198095238095238,0.0,0.0018571428571428576,0.01,0.0,0.0,0.0,0.0,0.0,0.0,0.0,0.0030409356725146198,0.00817857142857143,0.008555555555555556,0.0,0.0,0.0,0.0,0.0,0.0,0.0,0.01,0.0,0.01,0.0016049382716049382,0.0,0.0,0.0,0.0,0.0,0.0020634920634920637,0.0020634920634920637,0.0,0.0,0.0,0.0,0.0,0.0,0.0,0.0,0.04,0.014191598524931858,0.0,0.0,0.0,0.0,0.0,0.008142857142857144,0.018142857142857145,0.0,0.0,0.0,0.0,0.0,0.0,0.0014772727272727272,0.0,0.012585227272727272,0.0,0.0,0.0,0.0,0.0,0.0,0.0028888888888888888,0.0,0.0,0.0,0.0,0.015856060606060606,0.0,0.0,0.017042016806722685
0.00967429193899782,0.0,0.0,0.0,0.0,0.0,0.0015294117647058827,0.0,0.013263750749897383,0.008902341597796144,0.0,0.0,0.0,0.0,0.0,0.008395061728395062,0.0014772727272727272,0.019513202390033055,0.0,0.008522727272727272,0.0017105263157894746,0.0,0.0,0.0014444444444444448,0.002549019607843138,0.0011818181818181819,0.005191558441558439,0.005142353237591333,0.0015798611111111113,0.0,0.0030163398692810463,0.0,0.0,0.0,0.005383838383838384,0.0,0.0,0.0,0.0,0.0,0.0,0.006249999999999999,0.006749999999999999,0.0,0.006136111111111112,0.0,0.0,0.0045833333333333325,0.008395061728395062,0.03034415584415585,0.008470588235294117,0.006285714285714287,0.0,0.01712698412698413,0.0,0.0020583333333333326,0.0,0.0,0.004198564593301435,0.0,0.006959064327485379,0.0,0.0,0.0,0.0,0.0054920116194626,0.008212500000000001,0.00579025549613785,0.006749999999999999,0.0,0.042609410430839,0.0,0.0,0.0,0.0,0.01624350649350649,0.0015294117647058827,0.0,0.0,0.008289473684210527,0.0,0.0014325068870523416,0.0,0.0,0.0018571428571428576,0.04394733044733045,0.0,0.010127665544332209,0.0,0.013861111111111112,0.0,0.0,0.0,0.005652173913043476,0.04920598845598846,0.0,0.0,0.0,0.0,0.0028710010319917445,0.0,0.03731259820426487,0.0,0.007111111111111112,0.002985036119711043,0.0012037037037037038,0.0,0.016176470588235296,0.0028888888888888888,0.0037500000000000007,0.0,0.0,0.0,0.006136111111111112,0.009540300968872397,0.0,0.0,0.0,0.0,0.0,0.0,0.0,0.0,0.0,0.0,0.0,0.007096786042240587,0.0,0.0014444444444444444,0.0,0.0,0.0037500000000000007,0.0,0.0,0.0,0.0,0.0,0.004257999496094734,0.04800808840282524,0.0,0.03146641224272803,0.0,0.0,0.0,0.001428571428571429,0.00848015873015873,0.0,0.0,0.0,0.0,0.0,0.03459454796411318,0.0,0.0,0.0,0.002780748663101605,0.006462585034013606,0.0017105263157894735,0.0,0.0,0.0,0.002532467532467533,0.007219251336898395,0.0,0.0,0.009625730994152048,0.0,0.002708333333333334,0.001428571428571428,0.004955246913580249,0.0,0.0,0.0,0.003851851851851853,0.0030409356725146198,0.0,0.0,0.0,0.0,0.04607283148949815,0.0028086419753086418,0.0,0.002932330827067669,0.0,0.0,0.02003373288809144,0.0023636363636363646,0.0,0.0,0.0,0.0016851851851851847,0.0,0.0,0.016198412698412698,0.0,0.0,0.007346938775510204,0.007456792717086835,0.0,0.0,0.0015294117647058827,0.0,0.0,0.0,0.016407096171802055,0.016407096171802055,0.0,0.0,0.0,0.0008125000000000002,0.0,0.0,0.0,0.024333683473389357,0.0,0.0,0.0,0.004347826086956524,0.0029032139577594126,0.0,0.005353794642857141,0.0,0.0,0.003250000000000001,0.01549219317356572,0.0,0.0,0.0,0.0015294117647058827,0.010036087369420703,0.02,0.0,0.0,0.0,0.008395061728395062,0.0,0.008470588235294117,0.0010256410256410256,0.0016993464052287586,0.006714891975308641,0.003250000000000001,0.016222912353347135,0.0,0.0,0.0016049382716049388,0.0,0.0020634920634920637,0.0,0.0,0.0014772727272727272,0.004081632653061224,0.0,0.0,0.0,0.004491767346669308,0.007346938775510204
0.024621043349113525,0.0,0.0,0.007111111111111112,0.008289473684210527,0.009382014695830485,0.0012037037037037036,0.0037500000000000007,0.0,0.0,0.0,0.0,0.002659090909090909,0.0,0.0,0.0,0.007111111111111112,0.007668300653594771,0.0012037037037037038,0.0,0.0071913580246913585,0.00595031055900621,0.0,0.005660770975056691,0.0,0.0028086419753086413,0.0,0.0,0.01038443287037037,0.0,0.0,0.007936507936507936,0.0028793213191709434,0.0,0.0,0.0,0.0,0.0110427807486631,0.0,0.0,0.008395061728395062,0.0,0.0,0.0,0.0014661654135338345,0.0030409356725146198,0.0,0.002730777159348588,0.0016049382716049382,0.0393493202703729,0.011802777777777778,0.0,0.0,0.0,0.027760042373430854,0.0021814393939393944,0.0,0.003604284814114682,0.005404572036150984,0.00235827664399093,0.014976178451178452,0.0032098765432098763,0.00689571150097466,0.0,0.0,0.013212585034013607,0.0017105263157894746,0.026760061919504644,0.0028086419753086418,0.003943497474747476,0.0033957115009746585,0.0,0.00716547619047619,0.0,0.0,0.0,0.0,0.0018759018759018755,0.0023636363636363646,0.0016049382716049382,0.0,0.0,0.0,0.0,0.0,0.0,0.0014772727272727272,0.019307750709711496,0.0,0.0,0.0,0.0020455486542443053,0.0022857142857142855,0.005894736842105262,0.0015294117647058827,0.0012380952380952382,0.0018571428571428576,0.0020634920634920637,0.0,0.005824242424242423,0.0016161616161616157,0.0,0.0,0.0,0.0204121263788783,0.0,0.0,0.0,0.0,0.0,0.0,0.0,0.0,0.0,0.0,0.0,0.0,0.006285714285714287,0.0031730263157894747,0.0,0.0,0.015736542576741442,0.0,0.053355889724310795,0.0,0.0,0.0,0.0,0.0018519984170953707,0.0,0.0,0.0015294117647058827,0.0,0.0014444444444444444,0.0,0.0023636363636363646,0.0,0.0,0.003869047619047619,0.0,0.0,0.00817173037266615,0.0,0.004642857142857144,0.0014285714285714281,0.0,0.0,0.0035886818495514117,0.01764616256978742,0.0,0.0,0.021136363636363637,0.0020634920634920637,0.008289473684210527,0.008522727272727272,0.0,0.0,0.0025120772946859897,0.006060606060606061,0.006959064327485379,0.0,0.0043478260869565235,0.005023923444976077,0.021831699346405227,0.0014444444444444444,0.003250000000000001,0.0,0.0,0.004935064935064935,0.008289473684210527,0.008370927318295739,0.0,0.003883637891199328,0.0,0.0,0.0,0.0,0.00969469696969697,0.0,0.020812109490535347,0.0,0.0036802987861811387,0.005064935064935066,0.0,0.005470665587292382,0.031441666666666666,0.017329429462002194,0.0,0.0,0.007471026049973419,0.0,0.0,0.0,0.00038583300356153635,0.0014625000000000007,0.008470588235294117,0.01,0.0034811731710227955,0.0,0.002462121212121212,0.0034515977443609017,0.0022159090909090913,0.0,0.0,0.030664902998236335,0.01192196472660981,0.008778384038800706,0.0125060741194626,0.0,0.0,0.0023636363636363646,0.0,0.0,0.02950988036540152,0.00334640522875817,0.0018571428571428576,0.0,0.0,0.0,0.0,0.0,0.0016851851851851847,0.01,0.036542120551924476,0.01668453541260559,0.0036632716049382714,0.03685512896573156,0.0,0.0020634920634920637,0.0,0.0,0.0,0.0,0.0,0.0020634920634920637,0.0,0.007936507936507938,0.0,0.0,0.0,0.0,0.0,0.0,0.0,0.0,0.0016049382716049382,0.0,0.0,0.004333333333333333,0.0,0.0016851851851851847,0.0,0.005294117647058823,0.0,0.0,0.0017105263157894735
0.0,0.0014625000000000007,0.0,0.0061764705882352946,0.0,0.0,0.0,0.0,0.0,0.0,0.0,0.0022941176470588232,0.004935064935064936,0.0,0.0,0.0,0.012199209626144758,0.008229669637231075,0.0,0.0,0.01257155919252337,0.0053083333333333324,0.0,0.00910827664399093,0.002932330827067669,0.0,0.0052,0.00393939393939394,0.03174818595405716,0.007173913043478261,0.0,0.0015798611111111113,0.0,0.0,0.0,0.002019965277777778,0.0,0.0,0.0,0.0,0.013816844919786096,0.011992207792207792,0.006714891975308641,0.0,0.008510926256024296,0.005221386800334169,0.0,0.0018759018759018755,0.0014325068870523416,0.0,0.004263187429854095,0.008106902356902358,0.0015105301379811184,0.003909774436090226,0.004852130325814536,0.0,0.0,0.0016993464052287586,0.0018462823725981625,0.0014894378804153241,0.006959064327485379,0.011869476933073426,0.0,0.01539360388493515,0.0,0.008814233841684817,0.0,0.005660770975056691,0.0,0.0,0.023792207792207788,0.0,0.0036111111111111127,0.008279411764705882,0.005377777777777779,0.005824242424242424,0.0,0.0,0.004744008714596951,0.0,0.0,0.0,0.0,0.0013304093567251458,0.0010833333333333333,0.0018571428571428565,0.0,0.014061830750818844,0.0,0.0,0.0,0.0,0.0009027777777777777,0.0,0.026768385785686823,0.00282608695652174,0.0014181818181818184,0.0,0.0018055555555555555,0.003946496005809731,0.01,0.016842352092352093,0.0,0.0,0.008838953444216603,0.0,0.0027885802469135813,0.006959064327485382,0.0,0.010936111111111113,0.0,0.0,0.0013928571428571432,0.0,0.009810846560846558,0.0,0.0,0.0,0.0,0.006390311848645183,0.0015476190476190483,0.013604976985347515,0.0,0.009845195853041127,0.002653061224489796,0.003154970760233918,0.0,0.0,0.0,0.003823529411764706,0.0045000000000000005,0.0,0.004515625,0.0020526315789473693,0.0,0.0,0.0,0.0,0.03160073479152426,0.0,0.029834711556073777,0.0,0.0,0.0033530979731960136,0.0014869281045751634,0.0,0.0,0.0016478510596157662,0.013691975035628285,0.006202083333333333,0.0025120772946859897,0.0013034759358288763,0.0,0.0,0.0,0.0,0.0,0.0,0.0,0.0,0.0014772727272727272,0.0020634920634920637,0.0,0.017027036235369566,0.0,0.0016049382716049388,0.009039647108843536,0.0,0.0070140625,0.015362703634085213,0.0,0.0,0.0,0.013250000000000001,0.008522727272727272,0.005383838383838384,0.0017105263157894746,0.005827072310405645,0.0,0.022910849567099566,0.0,0.0020634920634920637,0.0,0.0,0.0,0.012816619981325862,0.021392857142857144,0.0,0.0,0.0,0.0,0.0,0.0,0.004705882352941177,0.0018055555555555555,0.007291666666666665,0.0,0.008414462081128747,0.0,0.0,0.002610170330758566,0.0016049382716049382,0.010867357788410421,0.0,0.02320406946448613,0.0017333333333333328,0.0012839506172839501,0.0,0.0023636363636363646,0.0,0.0012310606060606062,0.0,0.0,0.01325,0.004000000000000001,0.00963888888888889,0.0,0.009596817802080961,0.0,0.0,0.0,0.012540329768270943,0.0,0.01687384044526902,0.022608115184292468,0.0,0.014697008179490123,0.0,0.003932773109243697,0.0,0.00198095238095238,0.0,0.0,0.0,0.00808040935672515,0.0014325068870523416,0.0,0.0,0.01,0.010294643024673986,0.0,0.011579861111111112,0.018659824695428408,0.003066666666666668,0.0030409356725146198,0.0022941176470588232,0.0015798611111111113,0.004799999999999999,0.0,0.002203856749311295,0.004313271604938272,0.0,0.004105263157894737,0.014736668000533549,0.0014359974009096812,0.01293733107277999
0.0,0.0,0.0,0.0,0.0,0.0035000000000000014,0.005357142857142857,0.005199999999999999,0.013721954132530207,0.002780748663101605,0.0,0.0,0.04811176751402315,0.0,0.001586056644880175,0.011158645276292335,0.0028260869565217388,0.00196969696969697,0.0,0.006714891975308641,0.0018759018759018755,0.0,0.0,0.0,0.0,0.0,0.0,0.0,0.024061728395061727,0.0,0.0020634920634920637,0.0,0.0,0.0,0.0,0.0,0.0,0.006060606060606061,0.0,0.0015234375,0.0038095238095238087,0.0,0.0,0.0016049382716049382,0.03039728207426865,0.0,0.0,0.0,0.008470588235294117,0.02540058479532164,0.023000503905265816,0.01,0.0016993464052287586,0.0,0.006714891975308641,0.0,0.0070140625,0.0031877990430622016,0.005142353237591333,0.0,0.0,0.0,0.0,0.0,0.002433155080213904,0.005357142857142857,0.009690476190476189,0.0,0.002959104938271605,0.004317460317460316,0.03338068181818182,0.0,0.004898078529657477,0.0,0.0,0.0,0.0,0.0,0.001477272727272727,0.0018571428571428576,0.0,0.002708333333333333,0.0,0.0,0.0,0.06238871689026487,0.0,0.011534554730983304,0.0,0.0,0.0,0.0016250000000000001,0.004642857142857143,0.0,0.0008563899868247703,0.0,0.0028888888888888888,0.0,0.0,0.011816770186335406,0.0,0.005492011619462599,0.0,0.0,0.0,0.0009774436090225565,0.0,0.01213503455608719,0.0,0.0,0.0012187500000000002,0.0,0.0,0.0051587301587301595,0.003588681849551412,0.0,0.0,0.0,0.0,0.0,0.0,0.0,0.0,0.008470588235294117,0.005023923444976077,0.0,0.004800000000000001,0.0030409356725146198,0.0,0.0,0.002409111012826183,0.0028086419753086413,0.0,0.0,0.0014444444444444444,0.0,0.0,0.0,0.037842248223053175,0.0,0.007741019214703424,0.006462585034013606,0.0,0.006487905369484317,0.0017105263157894746,0.0,0.0015294117647058827,0.0,0.010151582163966064,0.0,0.0022159090909090913,0.004347826086956524,0.0015294117647058827,0.0,0.01250901875901876,0.0,0.013212585034013607,0.003109272875816994,0.0030409356725146198,0.0014772727272727272,0.0,0.0076097060833902955,0.006060606060606061,0.0,0.0,0.0017052469135802476,0.006249999999999999,0.0,0.0,0.0032096838735494204,0.008142857142857144,0.008289473684210527,0.0,0.00496384297520661,0.0,0.0,0.0,0.0048119247699079624,0.0,0.040451838442887036,0.0,0.002820247933884299,0.0,0.0,0.0,0.014132977370963641,0.006297321428571428,0.0020634920634920637,0.0,0.0,0.0,0.0,0.004512191938178781,0.0024375000000000004,0.0,0.0,0.012659090909090912,0.006698505523066928,0.003214285714285715,0.011705246913580247,0.0,0.0,0.005894736842105262,0.0,0.07456088236286894,0.007632878988916141,0.010063421328127209,0.01543452380952381,0.0030409356725146198,0.0,0.0,0.0,0.0,0.0,0.0,0.0,0.0,0.010176870748299318,0.005666666666666666,0.0031655844155844158,0.0,0.0,0.0,0.01,0.01,0.0,0.02939638952453598,0.0,0.0,0.0,0.0,0.0,0.0,0.0,0.0017105263157894746,0.0,0.027665253138292357,0.0,0.0,0.0,0.0,0.0,0.0,0.0053571428571428555,0.0028888888888888888,0.01,0.0032500000000000003,0.0,0.0,0.0,0.0,0.0,0.0,0.0016049382716049382,0.0030219298245614036,0.0017105263157894735
0.025461513581467442,0.0,0.0016756176154672398,0.007219251336898395,0.0,0.0,0.0,0.0,0.0,0.021749470477540653,0.0,0.0015105301379811184,0.04159313725490196,0.0,0.0,0.0,0.0,0.003714285714285715,0.0,0.01361904761904762,0.0,0.0,0.0,0.0,0.0,0.0,0.0,0.0016478510596157662,0.0,0.0,0.0018055555555555555,0.0,0.0037142857142857134,0.0,0.0015993848519800084,0.0,0.0,0.0,0.0,0.0,0.0,0.0,0.005687908496732027,0.0,0.01,0.0,0.006792207792207794,0.0016756176154672398,0.01,0.039725492318139384,0.025084033613445376,0.0016507936507936505,0.0,0.0,0.0015294117647058827,0.0015294117647058827,0.0020462962962962974,0.0,0.0,0.0,0.0,0.0,0.0,0.02557418960850333,0.0,0.03095560648501825,0.0015105301379811184,0.03607936507936508,0.0,0.001477272727272727,0.02847058823529412,0.0,0.0,0.0,0.0015993848519800084,0.0,0.0,0.0,0.0,0.0,0.0,0.0,0.0,0.0,0.0017105263157894735,0.040290123456790124,0.002708333333333334,0.005985071786686551,0.0,0.0,0.0016049382716049388,0.0,0.0,0.005478260869565219,0.025145061728395063,0.0,0.0,0.002780748663101605,0.0,0.0,0.008522727272727272,0.01,0.0,0.001428571428571428,0.005626002506265664,0.0,0.0,0.0,0.006749999999999999,0.009919753086419751,0.0,0.0,0.0,0.002870945479641131,0.0,0.0,0.001238095238095238,0.0,0.0,0.0,0.0,0.0,0.0,0.03734068981127805,0.0,0.0,0.0,0.0054920116194626,0.0,0.0,0.0,0.0,0.0,0.01,0.0,0.0020634920634920637,0.0,0.0032500000000000003,0.04560576823321922,0.0,0.038289473684210526,0.0,0.0,0.0,0.0,0.0,0.0,0.0,0.02052892156862745,0.0,0.0,0.0061764705882352946,0.0,0.0076363636363636364,0.018470588235294117,0.0014772727272727272,0.0,0.007144274376417233,0.01839506172839506,0.0014186507936507936,0.0,0.0,0.0,0.005294117647058823,0.0028888888888888888,0.0,0.0,0.0028888888888888888,0.002780748663101605,0.0012037037037037038,0.009143665083762036,0.008522727272727272,0.0,0.0014444444444444444,0.0,0.0,0.0,0.0,0.0,0.016285714285714285,0.0,0.0,0.006308823529411766,0.0,0.0,0.03732924836601307,0.006472383967437391,0.0,0.0,0.0,0.0,0.0,0.0,0.0,0.0,0.0,0.04211825961321347,0.0,0.0018055555555555555,0.0020634920634920637,0.0,0.0,0.0,0.01,0.01,0.010083495078548504,0.0,0.0,0.0,0.00203921568627451,0.0032500000000000003,0.0,0.003500566893424037,0.007936507936507938,0.0,0.0,0.0,0.003709141274238228,0.0,0.0,0.0,0.0017843137254901962,0.0,0.006890085010038873,0.006136111111111112,0.0,0.008395061728395062,0.0,0.0,0.0,0.011529411764705884,0.0,0.0,0.0,0.02866142753397655,0.0,0.01,0.0,0.0,0.0,0.0,0.0,0.0,0.0,0.0,0.0,0.0,0.00552922077922078,0.0,0.0,0.0031343500363108213,0.0,0.0,0.0,0.0,0.008824189608503334
0.03852272727272728,0.0,0.0,0.009931020682553493,0.0,0.0,0.017219251336898393,0.0,0.0062422419948371536,0.0,0.0,0.0,0.03433183374359845,0.0,0.0,0.00936127285632628,0.02180594343000358,0.0018462823725981625,0.0,0.0,0.0015294117647058827,0.0,0.0016049382716049382,0.0,0.0,0.0,0.0,0.0028888888888888888,0.0,0.0,0.0,0.0,0.0,0.0,0.0,0.0,0.0,0.016665584415584415,0.0,0.0,0.01,0.0,0.0,0.0,0.030656060606060603,0.0,0.0,0.0028888888888888888,0.007111111111111111,0.012098435333729453,0.00282608695652174,0.0,0.0,0.006472383967437391,0.01143599740090968,0.0,0.02303842940685046,0.0,0.002987802865253846,0.0,0.012180451127819548,0.0,0.0,0.0076363636363636364,0.0,0.0,0.0013488142292490126,0.0,0.0,0.0,0.035976190476190474,0.0,0.0,0.0,0.0,0.0,0.0,0.005243697478991597,0.006688522653434934,0.0017105263157894746,0.0,0.0,0.0,0.0,0.0,0.01,0.0,0.015585213032581454,0.0,0.0,0.0,0.007936507936507936,0.0016756176154672398,0.0,0.01,0.0,0.0,0.0,0.0,0.0,0.0,0.01717391304347826,0.0,0.0,0.0,0.0011328976034858387,0.0020634920634920637,0.019084101004719113,0.0,0.0,0.0,0.0017105263157894746,0.0,0.0,0.003334415584415583,0.002708333333333333,0.0013032581453634084,0.0,0.0016756176154672398,0.0,0.0,0.017636363636363638,0.01,0.0,0.0,0.002334455667789001,0.0,0.0,0.0,0.0,0.0,0.0,0.0,0.0,0.009747795414462083,0.0,0.0,0.0,0.01,0.0,0.01,0.0017105263157894746,0.0,0.006279126844223799,0.004952380952380953,0.002780748663101605,0.0030409356725146198,0.0,0.03717391304347826,0.0,0.008289473684210525,0.017936507936507935,0.0,0.006749999999999999,0.0,0.0,0.0,0.0,0.018289473684210526,0.0,0.0,0.0,0.0,0.0,0.002932330827067669,0.0014444444444444448,0.0,0.0,0.01,0.03128395061728395,0.008395061728395062,0.0016049382716049388,0.0,0.0,0.0,0.0,0.011477272727272727,0.0,0.0,0.019460586254703906,0.0,0.008555555555555556,0.0,0.0028888888888888888,0.0,0.05425073099415204,0.0,0.0,0.0014772727272727272,0.0,0.0,0.0,0.01,0.0,0.0,0.02540058479532164,0.007111111111111112,0.0018571428571428565,0.0,0.0,0.0,0.0014444444444444444,0.003250000000000001,0.011132897603485839,0.011727272727272729,0.0016049382716049388,0.0,0.025581699346405227,0.0,0.0,0.0,0.0,0.0,0.008470588235294117,0.0,0.0026530612244897956,0.0,0.0,0.0,0.0,0.001428571428571428,0.0,0.0,0.008331077694235588,0.02550617283950617,0.010267356797791583,0.0017333333333333328,0.0,0.0,0.0,0.0,0.0,0.0,0.0014772727272727272,0.0071111111111111115,0.0,0.012336842105263156,0.0,0.008737414965986394,0.008142857142857144,0.0,0.0,0.0,0.0,0.0012037037037037038,0.0,0.0016049382716049382,0.0,0.0,0.0,0.0,0.003537414965986394,0.005013227513227515,0.0,0.008873259448707019,0.026135918003565062
0.01376075036075036,0.0,0.0,0.008289473684210527,0.0,0.0,0.005357142857142857,0.0,0.0,0.0014181818181818184,0.0,0.0,0.060381140350877195,0.0,0.0016049382716049382,0.0,0.001477272727272727,0.0,0.0,0.0,0.006112745098039215,0.017936507936507935,0.0,0.0,0.0,0.0,0.003588681849551412,0.0016765873015873018,0.042899069643806485,0.0,0.0,0.0007434640522875817,0.0,0.0,0.0,0.0008796992481203002,0.0,0.0,0.0,0.006462585034013606,0.0,0.0076527777777777774,0.014832219437482594,0.0,0.006489139515455306,0.0015993848519800084,0.0,0.005883986928104574,0.0,0.008471386800334171,0.006170275054466232,0.014688340866649692,0.0,0.0012380952380952378,0.038345143109833814,0.0017105263157894735,0.0010317460317460316,0.005239455782312926,0.0,0.006060606060606061,0.007796244423695405,0.006285714285714286,0.0,0.011348297213622292,0.0,0.008522727272727272,0.0020634920634920637,0.01157518796992481,0.0,0.0,0.02738669590643275,0.0020634920634920637,0.004896241830065361,0.008470588235294117,0.0,0.0018519984170953707,0.004700513538748833,0.005667198298777246,0.007476808905380333,0.013123682221426583,0.0,0.0,0.0027189542483660126,0.0,0.0,0.0,0.0,0.015721645915144366,0.0,0.00631578947368421,0.0,0.0,0.0,0.005649920255183413,0.008522727272727272,0.0018571428571428565,0.0,0.0,0.0,0.0,0.005213903743315508,0.0063888888888888875,0.0,0.0,0.011805734058329216,0.0006893939393939392,0.0,0.01320906432748538,0.0,0.0,0.0,0.0,0.0,0.005687908496732027,0.016554758107389687,0.0,0.0017105263157894735,0.0,0.0,0.01,0.0,0.01,0.0,0.006750000000000001,0.0,0.0,0.0047062784709843535,0.004347826086956524,0.0014772727272727272,0.004307539682539682,0.005111832611832612,0.0,0.0,0.005674603174603177,0.0,0.0,0.0,0.0,0.02537477169034167,0.0,0.016941176470588234,0.006959064327485379,0.007219251336898395,0.005366052162491792,0.0023636363636363633,0.0,0.0,0.0,0.0028730158730158727,0.009078528338945005,0.0,0.0,0.0,0.006472383967437391,0.0,0.0,0.0,0.0,0.009540978931830382,0.008142857142857144,0.0,0.0,0.0,0.0,0.004055785123966942,0.0020634920634920637,0.0,0.006060606060606061,0.0013594771241830063,0.006422671156004489,0.008620239323799694,0.0,0.0015105301379811184,0.0,0.0,0.0,0.007947722567287785,0.0,0.0,0.02738669590643275,0.00953299916457811,0.008012012987012988,0.0014161220043572987,0.0010505050505050504,0.0,0.03278822610877172,0.009231791600212652,0.004570347437220502,0.0018571428571428576,0.0,0.0,0.0,0.01886742424242424,0.0,0.0,0.007144274376417232,0.0,0.0,0.0,0.008395061728395062,0.0,0.0,0.0,0.0,0.00625,0.0,0.0,0.0,0.012780748663101605,0.0016756176154672398,0.0,0.0,0.0,0.014203463203463204,0.004690174471992653,0.0,0.0,0.005221386800334169,0.007333333333333334,0.0,0.0,0.0,0.0,0.008618867243867243,0.0030409356725146198,0.0008077485380116967,0.01259617224880383,0.0,0.0,0.0,0.0,0.0,0.002549019607843138,0.0,0.023772474747474747,0.0,0.0022159090909090913,0.0014772727272727272,0.006959064327485379,0.0,0.003809523809523811,0.0,0.018671778711484593,0.0,0.01031503267973856,0.0,0.0,0.0,0.008142857142857144,0.0,0.0,0.0,0.0014444444444444444,0.00368421052631579,0.0014632034632034636,0.0
0.008142857142857144,0.0,0.0,0.0,0.02,0.0,0.0,0.0,0.0,0.008522727272727272,0.0,0.0,0.05692170845794035,0.001428571428571428,0.0,0.01,0.0,0.0,0.0,0.011857142857142858,0.0,0.0,0.0,0.0,0.0,0.0,0.0,0.0,0.025508725021108923,0.0,0.0,0.0,0.0017105263157894735,0.0,0.0028888888888888888,0.0,0.0,0.005714975845410628,0.0,0.0,0.02,0.008555555555555556,0.007111111111111112,0.0,0.02577922077922078,0.0,0.0,0.0,0.03080952380952381,0.002780748663101605,0.004493827160493827,0.006462585034013606,0.0018571428571428576,0.003250000000000001,0.0,0.0,0.0,0.0030409356725146198,0.0,0.007111111111111111,0.0,0.0,0.0,0.01,0.0,0.05353741496598639,0.0,0.0016049382716049382,0.0,0.0,0.010496479293471772,0.0,0.002780748663101605,0.0,0.0,0.0,0.0,0.0,0.0,0.008522727272727272,0.0015294117647058827,0.0,0.0030409356725146198,0.0,0.0,0.0,0.01,0.03711310684117702,0.0,0.011777777777777778,0.0,0.0,0.0,0.006136111111111112,0.008142857142857144,0.0,0.0,0.0,0.0,0.0,0.0026666666666666666,0.007111111111111112,0.0014444444444444444,0.0,0.0020634920634920637,0.008142857142857144,0.0,0.0,0.0014772727272727272,0.0,0.004418859649122807,0.0,0.0,0.0,0.0,0.0,0.0,0.0018571428571428576,0.0,0.0,0.0,0.0,0.008142857142857144,0.007173913043478261,0.0,0.0,0.0,0.0,0.0,0.0,0.0,0.0,0.0,0.0,0.0,0.0,0.0,0.0,0.028555555555555553,0.0,0.01,0.0,0.0,0.0,0.0,0.0076363636363636364,0.0,0.0,0.031857142857142855,0.0,0.008289473684210527,0.0018571428571428565,0.0,0.0,0.01,0.0,0.007936507936507936,0.0,0.018142857142857145,0.014895572263993316,0.0,0.0,0.0,0.0014772727272727272,0.0,0.0,0.0,0.0,0.008470588235294117,0.001428571428571428,0.007333333333333334,0.00282608695652174,0.0016049382716049382,0.018142857142857145,0.022981506238859178,0.0,0.006462585034013606,0.0,0.0,0.0,0.0,0.0,0.0,0.0,0.0,0.07984515420557733,0.003239938080495357,0.0,0.0,0.0,0.0,0.0,0.007219251336898395,0.010758698092031426,0.0,0.0,0.0017105263157894735,0.0,0.0,0.0,0.0,0.0,0.0,0.0,0.008395061728395062,0.0,0.003537414965986394,0.0,0.0,0.0,0.0,0.0,0.0018571428571428565,0.043474347633790364,0.01,0.0,0.0,0.0018571428571428576,0.0,0.005555555555555555,0.0015294117647058827,0.0016049382716049382,0.0,0.01711111111111111,0.0,0.0,0.016462585034013606,0.0,0.0,0.0,0.0,0.04839506172839506,0.0,0.0,0.012363636363636365,0.0,0.02,0.0,0.0,0.0020583333333333326,0.0,0.0,0.0017105263157894735,0.0020634920634920637,0.0,0.0,0.0014772727272727272,0.0028888888888888888,0.0,0.0,0.0,0.0,0.0,0.0018571428571428576,0.0,0.0
0.02209733893557423,0.0,0.0,0.0015476190476190483,0.005824242424242423,0.0,0.0,0.0,0.0,0.0017105263157894746,0.0,0.00547530864197531,0.02474747474747475,0.0,0.0,0.0,0.0,0.0016049382716049388,0.0,0.0,0.003949693008516539,0.020888169829335244,0.0,0.0,0.0,0.008289473684210527,0.005107142857142858,0.002653061224489796,0.008395061728395062,0.0,0.0015798611111111113,0.004622222222222221,0.0020634920634920637,0.002780748663101605,0.0,0.0,0.0,0.01,0.0,0.0,0.006890085010038873,0.0,0.01,0.0,0.019071249753993765,0.0054920116194626,0.0,0.0018571428571428565,0.0,0.027802380952380957,0.0054552469135802474,0.0,0.0012037037037037038,0.0,0.016884433305485936,0.003532760472610096,0.0,0.004068802959780404,0.0,0.031588090100474,0.0,0.0076363636363636364,0.0,0.008470588235294117,0.0,0.013303030303030303,0.014570238095238094,0.0,0.0,0.0,0.0237956465237167,0.0,0.003768859649122807,0.006285714285714286,0.003060846560846561,0.0,0.0,0.0018519984170953707,0.005107142857142858,0.0,0.0,0.0018519984170953707,0.0,0.0,0.0,0.007936507936507936,0.0,0.02178398536448072,0.0,0.008289473684210527,0.0,0.0,0.0028086419753086413,0.0,0.008395061728395062,0.0,0.0,0.0018571428571428576,0.005221386800334169,0.0018571428571428565,0.0,0.01,0.0,0.01039166699818329,0.0036406926406926414,0.0018571428571428576,0.0,0.0,0.0,0.0,0.0012037037037037038,0.0,0.0037142857142857134,0.0017105263157894746,0.0038930481283422475,0.0,0.0,0.0018055555555555555,0.0,0.0,0.0,0.009818885448916409,0.0,0.004502164502164502,0.0,0.0015105301379811184,0.008742225237278661,0.0,0.003239938080495356,0.0,0.0,0.003714285714285714,0.0,0.0014161220043572987,0.0,0.0015234375,0.0,0.0,0.011129679144385028,0.0,0.03656185807656396,0.0,0.0,0.0,0.010470590209122863,0.0,0.0,0.0,0.016865649963689177,0.0,0.013887073347857659,0.0,0.0,0.003537414965986394,0.013499999999999998,0.0,0.0,0.00523095238095238,0.028547108512020792,0.0,0.002708333333333334,0.01577922077922078,0.009292631901321688,0.0,0.0,0.0,0.0,0.0036381461675579333,0.0,0.0076370049703383056,0.01,0.0,0.0032500000000000003,0.0,0.0,0.0,0.007936507936507938,0.006750000000000001,0.0,0.023118933697881067,0.0,0.0,0.008142857142857144,0.0,0.0,0.0,0.004493827160493827,0.0,0.0016049382716049382,0.0,0.0023636363636363633,0.0,0.0,0.0020462962962962974,0.0,0.0,0.009396825396825396,0.007557398397955673,0.0061813725490196085,0.0,0.0,0.00496384297520661,0.0,0.0,0.03136195079883805,0.0,0.005377777777777779,0.0016851851851851847,0.005066826730692277,0.0020634920634920637,0.0018571428571428565,0.00625,0.0,0.0,0.014402777777777778,0.012598696145124717,0.0,0.03183426274018379,0.0,0.0,0.0,0.0,0.0,0.02225016174521517,0.04963409606266749,0.0,0.009065359477124182,0.0011328976034858389,0.0,0.0,0.0,0.01566077097505669,0.0,0.0,0.0,0.0,0.0020634920634920637,0.0,0.0,0.0,0.0,0.0,0.0,0.0,0.0,0.003823529411764706,0.0014444444444444444,0.0017105263157894735,0.0027807486631016036,0.0,0.0,0.0,0.005687908496732027,0.004046062869592281,0.0022159090909090913,0.0016756176154672398
0.032733918128654976,0.0015105301379811184,0.0,0.0,0.00198095238095238,0.0,0.0,0.01,0.0,0.0,0.0020634920634920637,0.0,0.010467757936507938,0.0,0.0,0.0,0.0,0.002666666666666667,0.0014772727272727272,0.008142857142857144,0.0,0.0,0.0,0.0,0.0,0.0,0.0,0.0,0.021483265191598523,0.0,0.0,0.0076363636363636364,0.00235827664399093,0.0,0.0,0.0,0.0015294117647058827,0.01,0.0,0.001428571428571428,0.010206349206349209,0.004090909090909092,0.014720588235294114,0.0,0.015728395061728396,0.0,0.0017105263157894735,0.0,0.0,0.011857142857142858,0.04269281045751634,0.0,0.0,0.0,0.0,0.00198095238095238,0.0,0.0,0.0,0.0,0.0,0.0,0.0,0.028395061728395062,0.0015294117647058827,0.0,0.0,0.019426807760141093,0.0018571428571428576,0.0,0.014531194295900178,0.0,0.0014444444444444444,0.0,0.0,0.0,0.0,0.0,0.0016049382716049382,0.008289473684210527,0.0007021604938271605,0.0,0.0,0.0020634920634920637,0.0,0.02946591970121382,0.0,0.02,0.0,0.0,0.0,0.007291666666666665,0.0,0.0,0.003250000000000001,0.0,0.0,0.0,0.0,0.0,0.0,0.028011268143621083,0.0,0.0,0.008142857142857144,0.0,0.0,0.0,0.0016049382716049382,0.0,0.0,0.0,0.0,0.0018571428571428576,0.0,0.0,0.0,0.0,0.0,0.0,0.0,0.015895691609977326,0.008470588235294117,0.008834966203387256,0.0,0.0028260869565217388,0.0023636363636363646,0.0,0.0,0.0010833333333333333,0.0,0.0014772727272727272,0.010923605805958749,0.0,0.005660770975056691,0.0016049382716049388,0.0018462823725981625,0.0,0.06310094408133624,0.0,0.006890085010038873,0.000902777777777778,0.0026666666666666666,0.003250000000000001,0.0,0.0,0.0,0.0,0.0380715994531784,0.0,0.0,0.0,0.0,0.02185714285714286,0.010123809523809525,0.0026666666666666666,0.0,0.008289473684210527,0.007936507936507938,0.007681335034013605,0.0018571428571428565,0.0015394736842105263,0.0,0.0,0.0,0.01717391304347826,0.001428571428571428,0.030165584415584416,0.0,0.011348856209150326,0.038142857142857145,0.0,0.0020634920634920637,0.00393939393939394,0.0,0.0,0.0,0.0,0.0,0.014267913832199546,0.0,0.0,0.0,0.0,0.0,0.030980158730158733,0.034083333333333334,0.0,0.0,0.0,0.0,0.0,0.0,0.002936522083580907,0.0015294117647058827,0.007219251336898395,0.007173913043478261,0.0,0.0033154645873944115,0.007253215383650169,0.0,0.0,0.002932330827067669,0.02143999175427747,0.0,0.0,0.0,0.0,0.0018571428571428565,0.0,0.004427128427128429,0.0,0.0034965339671222035,0.005294117647058823,0.0018571428571428576,0.01606060606060606,0.0,0.0,0.0,0.0,0.0,0.0,0.0,0.0,0.015702741702741704,0.0,0.017219251336898393,0.0,0.0,0.0,0.00235827664399093,0.0,0.0,0.0,0.0015294117647058827,0.0,0.0,0.0,0.008555555555555556,0.0069319131161236424,0.0018571428571428565,0.007291666666666668,0.0,0.0012037037037037038,0.0,0.0,0.0,0.0,0.0,0.0,0.0,0.0,0.007936507936507936,0.0,0.003662876915472072,0.019608377375405238
0.035369484316852745,0.0,0.0,0.0,0.0,0.0,0.0,0.0,0.0,0.0,0.0028260869565217405,0.0,0.02176523942910498,0.0010833333333333335,0.0,0.0052213868003341685,0.0073469387755102054,0.004422133765787018,0.0,0.0,0.0,0.002888888888888889,0.0,0.0,0.0,0.0,0.0,0.0032931402580525385,0.012839506172839509,0.0,0.0,0.0,0.0,0.0,0.0010833333333333335,0.0,0.0025793650793650793,0.006462585034013609,0.0,0.0,0.0,0.018008881330309905,0.010000000000000002,0.0,0.02711111111111112,0.002063492063492064,0.0,0.00547826086956522,0.0,0.030659270291494237,0.0,0.0,0.0,0.0016049382716049386,0.0,0.0039393939393939405,0.0,0.0,0.002063492063492064,0.0,0.0235108604845447,0.0,0.00293233082706767,0.007936507936507938,0.0,0.0,0.0,0.01406172839506173,0.0,0.0,0.02197131005512253,0.0018055555555555563,0.0,0.0,0.0,0.008701683501683504,0.0,0.0,0.0014359974009096814,0.0,0.0,0.0,0.0,0.0,0.0,0.025660770975056698,0.0,0.015253968253968261,0.0,0.0030409356725146206,0.0,0.007936507936507938,0.0,0.0,0.04080504390308313,0.0016049382716049393,0.0,0.0,0.0,0.0,0.0,0.02556897477187333,0.0,0.0,0.0012187500000000004,0.0,0.001650793650793652,0.03009696354175199,0.0,0.0015476190476190488,0.001529411764705883,0.0,0.0,0.016500510535598256,0.011477272727272728,0.0,0.0,0.0,0.0027083333333333343,0.0,0.0,0.011911111111111115,0.0,0.030211831914730477,0.0,0.002888888888888889,0.0,0.0,0.0,0.0,0.003611111111111113,0.0,0.0,0.0,0.0,0.0,0.0,0.0,0.0,0.0015105301379811189,0.04631261866788183,0.007771132376395537,0.0,0.007140768588137012,0.002063492063492064,0.0,0.0,0.0,0.03117836257309942,0.0014186507936507938,0.002888888888888889,0.04954450900730664,0.0061904761904761916,0.006388888888888889,0.0029761904761904765,0.003250000000000001,0.0,0.0014772727272727277,0.010000000000000002,0.0027083333333333343,0.0,0.0,0.0,0.0,0.00293233082706767,0.001705246913580248,0.0,0.0,0.0,0.01288888888888889,0.001857142857142857,0.0,0.0022239858906525586,0.0,0.0,0.0,0.0,0.0,0.0,0.018350462281002303,0.0,0.0016049382716049386,0.0,0.0,0.0,0.035779220779220786,0.017214285714285713,0.011202020202020201,0.0,0.000773809523809524,0.0,0.0,0.0,0.0026530612244897965,0.0,0.0,0.010000000000000002,0.0,0.003329766610201394,0.010000000000000002,0.0,0.005710201429499678,0.0,0.012821060002948552,0.0,0.001857142857142858,0.0,0.02246523716699155,0.0,0.0,0.0,0.0,0.0,0.0016049382716049393,0.0,0.0,0.0,0.01082886487928505,0.0,0.0,0.0,0.0,0.0,0.004360609774212715,0.012784821852144138,0.0,0.0014444444444444446,0.0,0.0,0.015832059069592442,0.011075293753865185,0.0,0.0,0.0,0.015894736842105264,0.0,0.0007552650689905599,0.0,0.0030409356725146206,0.002063492063492064,0.007219251336898397,0.0,0.0,0.0,0.0,0.0,0.0,0.0,0.0027807486631016053,0.0,0.0017843137254901966,0.0,0.0038095238095238113,0.009655303030303031,0.003250000000000002,0.007936507936507938
0.0,0.007167629234929839,0.0015105301379811184,0.0,0.0,0.0,0.006671957671957673,0.0050768886501969205,0.004965986394557822,0.00955675167670554,0.00282608695652174,0.0011328976034858389,0.03224812030075188,0.0,0.0,0.0,0.005185185185185186,0.008976212623082654,0.0,0.0,0.003386554621848739,0.0,0.0,0.0,0.0016049382716049382,0.0025899787347155767,0.0,0.0,0.016462585034013606,0.0,0.0,0.002785714285714286,0.0,0.0,0.0,0.0,0.002334455667789001,0.0,0.0,0.0,0.0036111111111111127,0.010206349206349209,0.006472383967437391,0.0,0.025899420143744193,0.0,0.0,0.0044254718085017485,0.003095238095238095,0.011855072463768115,0.008142857142857144,0.01203406615171321,0.0,0.0,0.007037183602280557,0.0018519984170953707,0.0,0.0,0.0,0.0015931372549019608,0.014496735259200633,0.002708333333333334,0.0,0.0017105263157894746,0.0030438292964244528,0.0,0.0,0.019456790454973415,0.0,0.0,0.01001907429638522,0.0,0.0,0.0,0.0,0.0,0.0,0.0,0.0035079365079365077,0.00695906432748538,0.0,0.007173913043478261,0.0,0.0,0.0,0.012221572449642623,0.0016049382716049388,0.007399092970521541,0.0,0.0,0.0,0.0017105263157894735,0.0,0.0188065534205885,0.008142857142857144,0.0016049382716049388,0.0,0.0,0.0048000000000000004,0.003498803827751197,0.0,0.005666666666666666,0.0015105301379811184,0.0,0.004497354497354496,0.0011607142857142858,0.0,0.015894736842105264,0.0,0.0018055555555555555,0.003095238095238095,0.0,0.0,0.03223944346062397,0.016572867849957637,0.0,0.0,0.0,0.000902777777777778,0.0034104938271604934,0.0027189542483660126,0.0,0.0020583333333333326,0.034162489557226394,0.0,0.0,0.0,0.0,0.002334455667789001,0.0,0.0,0.0,0.0,0.001477272727272727,0.0,0.0,0.0,0.0,0.032800391687775585,0.0,0.008382062469913677,0.0,0.0,0.006603460405399465,0.004121825396825396,0.0014444444444444444,0.0074236058059587474,0.0,0.031426975481832396,0.006136111111111112,0.0011328976034858389,0.0,0.005377777777777779,0.0,0.0028086419753086413,0.0,0.0,0.0,0.0,0.005687908496732027,0.0016802721088435375,0.0035000000000000014,0.006285714285714287,0.002575851393188855,0.0,0.0,0.0,0.023781485303673126,0.0018055555555555555,0.015765095113005327,0.009776506483600306,0.0,0.004642857142857142,0.0,0.0,0.0025277479412817772,0.0,0.0,0.0,0.03900051599587203,0.0031459694989106756,0.019621572871572873,0.0,0.0,0.0,0.02506064614397948,0.0,0.008930277096988381,0.0025535714285714276,0.0014370748299319732,0.0033703703703703704,0.0,0.0,0.0015294117647058827,0.0,0.0,0.0,0.004091847265221879,0.0,0.004852130325814536,0.0,0.0036520164309273772,0.0007021604938271605,0.0,0.007609335839598999,0.003537414965986394,0.0,0.003500000000000001,0.0,0.0,0.0,0.0,0.0,0.006285714285714286,0.0,0.0018055555555555555,0.0,0.0016756176154672398,0.009399570354457572,0.0024142857142857134,0.0,0.0,0.0,0.009904970760233918,0.0,0.008470588235294117,0.027922162804515746,0.0,0.0,0.006749999999999998,0.0,0.004852130325814536,0.0027189542483660126,0.0014772727272727272,0.02125618593529916,0.0,0.010044858523119392,0.0,0.0016756176154672398,0.006750000000000001,0.0057777777777777775,0.007144274376417232,0.018767606516290725,0.0028086419753086418,0.006701383583736524,0.0,0.011714602161970582,0.0,0.0,0.0,0.003714285714285714,0.0,0.009647034252297411,0.008406015037593986,0.004553258145363409,0.01
0.008142857142857144,0.0018571428571428576,0.0011328976034858387,0.005023923444976077,0.0,0.0,0.0029924812030075187,0.0,0.0,0.0,0.0,0.0,0.0,0.0,0.0013032581453634084,0.0,0.013019670388091441,0.003095238095238095,0.0,0.00625,0.0,0.0014359974009096812,0.0,0.005367965367965368,0.0,0.0020634920634920637,0.010638761759471144,0.008794049890025121,0.00774104938271605,0.0017105263157894746,0.0,0.0,0.0,0.0,0.0,0.0,0.0,0.021366161616161613,0.0,0.0,0.031899107791264654,0.00453781512605042,0.0,0.0,0.0,0.005416666666666666,0.0,0.0023636363636363646,0.0,0.050411671570985306,0.01628571428571429,0.0,0.0016756176154672398,0.0,0.0036406926406926414,0.0,0.0,0.0,0.006468029972931935,0.001454545454545454,0.005294117647058823,0.002321428571428571,0.007573051948051948,0.0,0.0014857142857142857,0.013165584415584415,0.0032500000000000003,0.01045585459466921,0.0,0.0018571428571428565,0.024301948051948054,0.0035929038281979466,0.0,0.0,0.0014186507936507936,0.0,0.0031777777777777776,0.0023636363636363646,0.0020526315789473693,0.0,0.0,0.0,0.0,0.0,0.0,0.006959064327485379,0.0,0.02156552287581699,0.0,0.005357142857142858,0.0015166666666666672,0.0,0.0,0.005023923444976077,0.03625708572902846,0.0,0.0,0.0,0.001857142857142857,0.0,0.005687908496732027,0.018076668945089996,0.0,0.013310457752124421,0.0,0.0,0.0018055555555555555,0.00647238396743739,0.0,0.0027189542483660126,0.004642857142857142,0.008732760472610098,0.0,0.009776076555023924,0.0,0.0004460784313725494,0.0020634920634920637,0.0023636363636363633,0.0,0.0,0.0,0.014892857142857143,0.0,0.004857696356474261,0.0018571428571428571,0.0,0.0,0.0,0.0,0.0,0.004583333333333333,0.0,0.0016756176154672398,0.003588681849551412,0.005393178104575163,0.0005068226120857709,0.0,0.0,0.02415949842867466,0.0,0.04806458506448832,0.0,0.0,0.003021060275962237,0.0015294117647058827,0.007629797979797979,0.0,0.0,0.04384788374092187,0.0032380624426078973,0.0,0.006714891975308641,0.0,0.0023636363636363646,0.011593137254901959,0.0,0.0,0.0,0.0,0.006462585034013607,0.0,0.007954701715396903,0.006285714285714286,0.0,0.0,0.0,0.0,0.0,0.0,0.017412459389213774,0.013812834224598931,0.0,0.0018571428571428565,0.006285714285714286,0.0014661654135338345,0.0022698412698412703,0.0,0.0,0.0014869281045751634,0.011530693617159781,0.0,0.0,0.0,0.005221386800334169,0.0076363636363636364,0.010570175438596492,0.009782790309106098,0.00434093567251462,0.0,0.0014444444444444444,0.0,0.0,0.0,0.0030731292517006802,0.0,0.0,0.015050046685340806,0.01403174603174603,0.0,0.006959064327485379,0.001857142857142856,0.0028888888888888888,0.0,0.0,0.01166429087374058,0.0018519984170953707,0.005012342887293421,0.022532937736498105,0.004105263157894737,0.0014772727272727272,0.002932330827067669,0.0,0.0,0.021037966869783254,0.00393939393939394,0.0012513368983957218,0.0,0.0,0.004933390022675736,0.0,0.0,0.0,0.0,0.020411732509674735,0.013052883035191747,0.0,0.010050449346405229,0.0,0.0012999999999999997,0.006060606060606061,0.0,0.0,0.00464359410430839,0.0,0.0,0.0,0.006060606060606061,0.0,0.005378045157456922,0.0,0.0,0.002203856749311295,0.0,0.0027926960257787323,0.007708253588516747,0.0,0.008395061728395062,0.0,0.01034469696969697,0.0,0.003984452366805309,0.0,0.0,0.0,0.004643560606060606,0.0
0.056261679292929294,0.0,0.0030409356725146198,0.0,0.008555555555555556,0.0,0.001222222222222222,0.0,0.0014444444444444444,0.0027189542483660126,0.0,0.0,0.06799424909074032,0.0,0.0,0.0,0.0,0.0018571428571428576,0.0,0.00393939393939394,0.0,0.0,0.0015993848519800084,0.0,0.0,0.00282608695652174,0.0,0.0,0.018378325741070838,0.0020462962962962974,0.0015105301379811184,0.00393939393939394,0.0,0.0,0.0,0.0,0.0,0.008289473684210525,0.0016049382716049388,0.0,0.0,0.003537414965986394,0.018142857142857145,0.0,0.018470588235294117,0.0,0.0,0.0,0.0018571428571428576,0.023352272727272725,0.0,0.0,0.0014444444444444444,0.0,0.0,0.0027331154684095867,0.0,0.0,0.004565476190476191,0.0016993464052287586,0.008644085170300006,0.0,0.0,0.01356766917293233,0.0,0.0,0.0014444444444444444,0.014892857142857143,0.0,0.0,0.03829188712522046,0.0,0.004642857142857142,0.0,0.0,0.0008796992481203003,0.0,0.0,0.0,0.02037987012987013,0.0,0.0,0.0,0.0,0.0,0.01,0.0020634920634920637,0.0,0.0,0.0,0.0009774436090225565,0.0,0.0,0.0,0.04474870889344573,0.0,0.0,0.0,0.0,0.0,0.0,0.016845029239766083,0.0,0.0,0.0,0.004377192982456141,0.0,0.008522727272727272,0.0,0.010556946684397663,0.0014444444444444444,0.0,0.0,0.012063492063492063,0.0023636363636363646,0.0,0.0,0.0,0.0,0.0,0.0,0.021244019138755982,0.0,0.0018571428571428565,0.0,0.0,0.0,0.0,0.0025120772946859897,0.0015931372549019608,0.0,0.0,0.0,0.0,0.0,0.0,0.0,0.0,0.0,0.0028888888888888888,0.017333333333333333,0.0,0.0,0.0,0.0,0.009541446208112876,0.0,0.0,0.04588127186901697,0.0,0.0,0.0,0.0020634920634920637,0.014944444444444442,0.0,0.0,0.0,0.0,0.02675,0.0,0.006256684491978612,0.0018759018759018755,0.01,0.0,0.0,0.0,0.0,0.03325,0.008555555555555556,0.028142857142857147,0.016120129870129875,0.0,0.0,0.0,0.0,0.0,0.0,0.0,0.0017105263157894746,0.008142857142857144,0.0,0.0015294117647058827,0.0016049382716049388,0.0,0.0,0.027333333333333334,0.0,0.014928571428571426,0.0,0.0,0.0,0.004253086419753085,0.0,0.0,0.0,0.016459235209235208,0.016749999999999998,0.0,0.0,0.011649956910373578,0.002334455667789001,0.0,0.0030588235294117653,0.020390085010038875,0.007173913043478261,0.007936507936507936,0.0,0.0014772727272727272,0.0,0.0,0.0,0.0014772727272727272,0.0,0.0,0.0020462962962962974,0.008470588235294117,0.0,0.006462585034013606,0.0,0.0,0.0,0.0,0.0,0.006060606060606061,0.023732155825293078,0.0,0.0,0.0026666666666666666,0.0,0.007333333333333334,0.0,0.0,0.0,0.0017105263157894735,0.02852272727272727,0.0,0.0,0.0,0.0,0.011045051353874884,0.0,0.0,0.0,0.0,0.0,0.0,0.0,0.0,0.0,0.0,0.0,0.0,0.006749999999999999,0.0026666666666666666,0.0,0.01377401837928154
0.009852272727272729,0.005319223985890652,0.003968574635241302,0.014692432581751467,0.0,0.0,0.0015234375,0.0,0.0078000000000000005,0.0015931372549019608,0.0,0.004642857142857142,0.032092315122356704,0.0,0.0017052469135802476,0.0,0.004488952020202021,0.0,0.0017105263157894735,0.0,0.012962255174974473,0.01,0.0,0.0,0.0,0.0016049382716049382,0.006279134655811643,0.0,0.028455551704998854,0.002932330827067669,0.0,0.0,0.0030084325396825397,0.0,0.0,0.0,0.0,0.012091666666666667,0.0,0.0,0.016739533585120207,0.016668869887136138,0.012751649840453263,0.0,0.01171384297520661,0.0,0.01323627877564281,0.0034569366887003093,0.0,0.02175044563279857,0.008395061728395062,0.01695906432748538,0.003404761904761906,0.0,0.009447948876520304,0.006472383967437391,0.0,0.00504813777362797,0.004911203999972117,0.0,0.016071624292418492,0.0,0.0018519984170953707,0.0,0.0,0.01711111111111111,0.008289473684210525,0.0,0.0,0.0,0.012571428571428574,0.0,0.00282608695652174,0.0,0.0,0.0,0.0031777777777777776,0.0,0.0,0.0017105263157894746,0.0015860566448801738,0.0017333333333333328,0.0,0.0,0.0,0.01606060606060606,0.0,0.016043151356652498,0.0,0.001857142857142857,0.003768859649122807,0.0,0.0026262626262626267,0.005763948091313823,0.006020686743596962,0.000749711649365629,0.0,0.0,0.0,0.0,0.0,0.011219031111026725,0.004935064935064936,0.0025324675324675332,0.01280392156862745,0.0,0.0,0.0,0.0,0.0,0.002585227272727273,0.0012310606060606062,0.0,0.003823529411764706,0.0012839506172839501,0.0,0.0008496732026143792,0.0,0.0060958646616541354,0.0,0.0,0.0,0.0,0.0,0.0014999999999999994,0.0,0.006249999999999999,0.0,0.0,0.0,0.003932773109243697,0.0,0.0,0.0,0.0014625000000000007,0.0,0.0,0.0,0.02667052099946837,0.0,0.021286179981634526,0.0,0.0,0.01691612083568605,0.004529988847390809,0.0,0.0,0.0,0.026010670337230975,0.0,0.0020634920634920637,0.005134972848788639,0.005029411764705883,0.0,0.0,0.0015798611111111113,0.0,0.004394688018748169,0.0,0.0,0.0015105301379811184,0.005894736842105263,0.0044444444444444444,0.0,0.0013541666666666665,0.006313205150924451,0.006248341441839893,0.01782695913083608,0.0014772727272727277,0.009563025210084035,0.014857749118165784,0.004642857142857142,0.0,0.0,0.0,0.0,0.0,0.0,0.0,0.0396735127920564,0.0,0.0031343500363108217,0.0016049382716049382,0.0,0.009954661706579866,0.0142593370681606,0.03331796189108748,0.0,0.0045584415584415585,0.0,0.0008496732026143792,0.0,0.0051328976034858385,0.0,0.0,0.0028888888888888888,0.006890085010038873,0.008513995453253766,0.0,0.0076363636363636364,0.0,0.0,0.0017052469135802476,0.002334455667789001,0.028142857142857147,0.0,0.0015476190476190483,0.0,0.0018571428571428576,0.0,0.0,0.0,0.0,0.0,0.0,0.015048955415781573,0.0,0.010541027154663518,0.0,0.0,0.0014359974009096812,0.0,0.0,0.006710182318541452,0.0,0.0015931372549019608,0.02780050505050505,0.0,0.003316085693536674,0.0016756176154672398,0.0,0.0,0.00453781512605042,0.0028888888888888888,0.0,0.0,0.0,0.0,0.0,0.003707664884135472,0.0,0.0014772727272727272,0.0,0.007848797182349813,0.005308526126218235,0.0,0.0,0.0014625000000000005,0.010785024154589373,0.0,0.010638146167557932,0.0,0.02176273018466646,0.0017052469135802476,0.0,0.0
0.004834821428571428,0.0,0.0,0.0,0.0,0.0,0.006060606060606061,0.0,0.0,0.0007552650689905597,0.0,0.0,0.015248538011695905,0.0,0.0,0.016210380448475687,0.0028260869565217388,0.007124943310657598,0.008354938271604937,0.0014444444444444444,0.0015166666666666672,0.0,0.0,0.0017105263157894746,0.0009774436090225565,0.010327731092436976,0.005046343537414966,0.006765480895915678,0.013234519104084321,0.0,0.0029434381408065613,0.0,0.0,0.0,0.0,0.0,0.004095238095238096,0.013696969696969697,0.0,0.00787907268170426,0.018080409356725145,0.02980115776345717,0.018289473684210526,0.0,0.0,0.0,0.004295570079883805,0.0,0.007291666666666665,0.011354723707664884,0.0,0.017135387488328668,0.002932330827067669,0.0054920116194626,0.004642857142857145,0.00039097744360902195,0.002895923520923521,0.0,0.005749780294893079,0.0,0.006060606060606061,0.0,0.0,0.018807760141093473,0.0,0.0,0.003003594771241831,0.008289473684210525,0.0017052469135802476,0.011198983297022512,0.008488476092191262,0.0,0.0,0.0,0.0,0.0,0.0,0.00845238095238095,0.005666666666666666,0.006462585034013607,0.0,0.0009774436090225565,0.0015394736842105263,0.0,0.0,0.035272727272727275,0.009793650793650792,0.011857142857142858,0.0,0.0015294117647058827,0.0,0.007173913043478261,0.013903581267217633,0.0,0.0,0.0,0.002334455667789001,0.0,0.0018571428571428576,0.0,0.011539473684210527,0.014351255611672277,0.0,0.0015798611111111113,0.0,0.0,0.0,0.011805555555555555,0.0,0.0,0.0,0.0,0.0,0.012780748663101605,0.0,0.0,0.0,0.0,0.0,0.0023636363636363646,0.0,0.02361644852872923,0.004333333333333333,0.011302503293807642,0.0,0.002659090909090909,0.0,0.0,0.0,0.0,0.0033865546218487404,0.0015798611111111113,0.0,0.002575851393188855,0.0,0.0,0.0,0.002659090909090909,0.03882355398299671,0.0,0.01779791916766707,0.006936550756549671,0.0015757575757575763,0.0023636363636363646,0.00489293408960999,0.004279401154401155,0.0,0.0,0.03388707334785766,0.008142857142857144,0.0,0.018923459914385373,0.0,0.0,0.0,0.0,0.0,0.0,0.0,0.0017105263157894746,0.0,0.0,0.008598997493734335,0.0,0.0,0.0017105263157894746,0.0,0.005824242424242423,0.0,0.0,0.013177477009322248,0.00365625,0.0,0.0042982456140350876,0.007219251336898395,0.0,0.0,0.0032852103804484768,0.0,0.02171052631578948,0.0,0.00304093567251462,0.001354166666666667,0.0,0.0,0.03347631333235048,0.0016049382716049382,0.0058947368421052625,0.0,0.0,0.0,0.003425396825396825,0.01,0.0,0.0,0.0,0.0034053136406077583,0.0018759018759018755,0.0037142857142857134,0.0,0.0,0.0,0.0,0.0,0.023949833968675192,0.0020583333333333326,0.001354166666666667,0.00644047619047619,0.0019080380690287809,0.0,0.0,0.0,0.0,0.002585227272727273,0.0,0.0,0.0,0.01981062030075188,0.0,0.0,0.0028888888888888888,0.0,0.0,0.01530239966800117,0.01,0.012637838915470495,0.01755663780663781,0.0,0.0,0.0,0.0011328976034858387,0.0,0.0,0.004072681704260651,0.0,0.0,0.0,0.0,0.0,0.0,0.0,0.005221386800334169,0.0,0.013611111111111112,0.0,0.0,0.0017052469135802476,0.0,0.0,0.0008796992481203003,0.0,0.0,0.020113493292053662,0.0058060619504718865,0.00932936507936508,0.014715504720406683
0.018289473684210526,0.026407096171802053,0.0,0.036812200956937796,0.01,0.0,0.0,0.0,0.0,0.0,0.0015294117647058827,0.0,0.03142857142857143,0.0018571428571428576,0.0,0.011857142857142858,0.019587301587301587,0.0016049382716049382,0.0,0.018470588235294117,0.0,0.0,0.0,0.0016049382716049382,0.0,0.0,0.0,0.0,0.018395061728395064,0.0,0.0,0.0,0.0,0.0,0.0017105263157894735,0.0,0.0,0.019672268907563028,0.0015294117647058827,0.0,0.008142857142857144,0.0,0.028395061728395062,0.0,0.01,0.0015294117647058827,0.0,0.0,0.008470588235294117,0.0,0.0018571428571428576,0.0,0.0,0.0,0.018470588235294117,0.0,0.0,0.0,0.0,0.0,0.006890085010038873,0.0,0.0,0.01,0.0,0.0,0.0,0.0,0.0,0.0,0.018470588235294117,0.0,0.0,0.006959064327485382,0.0,0.0,0.0,0.0,0.0,0.0,0.0,0.0,0.007580555555555557,0.0,0.0,0.0,0.008470588235294117,0.0,0.01,0.017333333333333333,0.0,0.0,0.0,0.0,0.01,0.0,0.0016049382716049382,0.0,0.0,0.0,0.0,0.008142857142857144,0.0,0.0,0.0,0.0026666666666666666,0.0,0.0,0.0,0.0,0.0,0.0,0.0,0.0,0.0,0.0,0.0,0.0,0.0,0.0,0.0,0.028555555555555556,0.0,0.0,0.0031877990430622003,0.0,0.008142857142857144,0.0,0.0,0.0,0.0,0.0030409356725146198,0.0,0.0,0.0,0.0,0.0,0.01,0.03,0.0,0.046492063492063494,0.0,0.0,0.0,0.0,0.0,0.0,0.0,0.022063492063492066,0.0028888888888888888,0.0,0.0,0.0014444444444444444,0.0,0.0020583333333333326,0.0,0.0,0.0,0.011710526315789473,0.0,0.0,0.0,0.01668453541260559,0.0,0.0,0.0,0.0,0.0,0.0,0.02,0.03,0.0017105263157894735,0.0,0.0,0.0052,0.0018571428571428576,0.011529411764705884,0.0,0.0,0.0,0.0,0.0,0.0015294117647058827,0.0,0.0,0.0,0.01,0.0,0.0,0.0,0.0018571428571428576,0.0,0.01,0.0,0.0,0.0,0.016865649963689177,0.0020634920634920637,0.0,0.0016049382716049382,0.0,0.0,0.0,0.01,0.04711111111111111,0.0,0.0,0.0,0.0,0.0,0.0,0.0,0.0,0.009653387280838262,0.008289473684210527,0.0,0.0,0.0,0.008555555555555556,0.0,0.0,0.0,0.0,0.0,0.03,0.01,0.03152941176470589,0.0,0.0018571428571428576,0.004799999999999999,0.0,0.09,0.0,0.0,0.01,0.0,0.0018055555555555555,0.0,0.0,0.0015993848519800084,0.0,0.018571428571428572,0.0,0.0,0.0,0.0,0.0,0.0,0.0,0.0,0.0,0.0,0.0,0.0,0.0,0.01
0.01615909090909091,0.0,0.0,0.0,0.0,0.002932330827067669,0.004444444444444445,0.0,0.0048521303258145364,0.005732420826623723,0.0,0.0,0.02213815886978573,0.001857142857142857,0.0,0.0,0.0,0.0,0.0,0.0016049382716049382,0.006646825396825397,0.0,0.0,0.007111111111111112,0.0,0.0009801587301587306,0.0,0.0,0.0014772727272727272,0.0,0.0,0.0,0.0020634920634920637,0.0,0.0,0.0,0.0,0.006285714285714286,0.0,0.0,0.0012310606060606062,0.021900288600288597,0.0,0.0,0.0,0.0,0.0,0.0036111111111111127,0.007333333333333334,0.02743013468013468,0.015506172839506177,0.0062483414418398955,0.0,0.0,0.0,0.005410045836516424,0.0,0.0026590909090909083,0.0,0.011954596653476207,0.0,0.0016049382716049382,0.0,0.0,0.0,0.013611111111111112,0.0014370748299319732,0.02242109493330522,0.0,0.003537414965986394,0.02376950528495151,0.0024761904761904756,0.0,0.0,0.0,0.0,0.0,0.0,0.0016756176154672398,0.0,0.0014444444444444444,0.0,0.0,0.0,0.0,0.0,0.0015294117647058827,0.024570893141945774,0.0,0.008522727272727272,0.0017052469135802476,0.0,0.0,0.005666666666666666,0.01800205871822413,0.002653061224489796,0.0,0.0016993464052287586,0.0,0.005221386800334169,0.005824242424242423,0.0,0.0,0.003157894736842106,0.0013594771241830063,0.0063888888888888875,0.007563636363636363,0.0015234375,0.0,0.0,0.0,0.0016756176154672398,0.004418300653594771,0.0,0.0013442095588235292,0.0,0.004851034858387801,0.0045833333333333325,0.0,0.0,0.0,0.011610275689223055,0.007936507936507936,0.0,0.0,0.0,0.014451429980276136,0.0,0.003277261200338123,0.0,0.0,0.0,0.0,0.008124098124098124,0.0,0.0,0.0,0.0,0.02,0.0015476190476190483,0.059427423227957174,0.00282608695652174,0.0,0.0,0.005815789473684212,0.0009801587301587306,0.0,0.0,0.03,0.0,0.0018571428571428565,0.006462585034013606,0.0,0.0,0.0,0.0,0.0,0.0,0.02289605666828135,0.0,0.0,0.008483245149911816,0.006285714285714286,0.0,0.0014772727272727277,0.0017105263157894746,0.0,0.003714285714285715,0.0,0.010644841269841268,0.017116629578046275,0.001083333333333333,0.0,0.0,0.0,0.0,0.0067798611111111115,0.0,0.0,0.014857749118165784,0.006306861207599895,0.0015294117647058827,0.0,0.0,0.0,0.04260033739743885,0.010383322310405644,0.0,0.0,0.0,0.009355158730158731,0.0,0.013322727272727273,0.0,0.0,0.0,0.008042446145124718,0.0,0.0,0.00409090909090909,0.0,0.0,0.0,0.006472383967437391,0.02500066019673863,0.0037034252297410185,0.0,0.003537414965986394,0.02,0.004237140470223177,0.005185185185185186,0.0,0.0,0.007936507936507936,0.009044117647058824,0.010948564593301435,0.0017105263157894735,0.030884050673908446,0.0,0.0,0.007458049886621314,0.0,0.00393939393939394,0.023062447786131996,0.0,0.0,0.0,0.0,0.0,0.0,0.01,0.008395061728395062,0.003823529411764706,0.0014201183431952658,0.008289473684210525,0.0,0.020018207282913165,0.0,0.0015294117647058827,0.0016250000000000001,0.0020634920634920637,0.00586295966197927,0.0,0.0,0.0,0.002932330827067669,0.00325925925925926,0.0,0.011720588235294116,0.0,0.004050925925925926,0.0,0.0,0.003537414965986394,0.0,0.01154761904761905
0.015269841269841272,0.0023790849673202613,0.0028888888888888888,0.0,0.0,0.0025631808278867097,0.008835561497326203,0.0,0.0,0.0,0.0,0.003909774436090225,0.045743697478991596,0.0,0.0,0.0,0.0035676691729323307,0.017444444444444443,0.0,0.0043478260869565235,0.0014325068870523416,0.0,0.0014444444444444444,0.007181585677749358,0.0,0.0018398938522777534,0.0,0.003537414965986394,0.02421531100478469,0.0,0.0015166666666666672,0.0,0.016340016708437766,0.0010505050505050504,0.0,0.0,0.0,0.036545115015703254,0.003287995818005052,0.0,0.009177046783625731,0.008142857142857144,0.0,0.0,0.0061764705882352946,0.007144274376417232,0.0,0.0,0.0,0.0028888888888888888,0.0017105263157894735,0.007219251336898397,0.00625,0.004706278470984353,0.019010318002799207,0.0016049382716049382,0.002780748663101605,0.0,0.0017105263157894746,0.004347826086956524,0.006060606060606061,0.006438576555023924,0.0,0.007111111111111111,0.0018571428571428565,0.0,0.0015294117647058827,0.0053571428571428555,0.0,0.001274509803921569,0.014347826086956523,0.0,0.0015993848519800084,0.007291666666666665,0.0,0.00425033171163202,0.003693181818181819,0.0,0.0,0.0,0.0,0.0,0.0022159090909090913,0.0,0.0,0.0,0.0,0.018520244461420934,0.0,0.006285714285714286,0.0025999999999999994,0.0,0.0,0.0,0.0,0.00198095238095238,0.0,0.0,0.0,0.0029323308270676695,0.0020634920634920637,0.004204559016589092,0.0,0.0,0.006959064327485379,0.0,0.0015394736842105263,0.008424242424242424,0.0,0.0,0.002648148148148148,0.0,0.0,0.0,0.009451545530492898,0.0,0.0,0.008470588235294117,0.00198095238095238,0.0014444444444444448,0.0,0.0012310606060606062,0.0,0.008276144907723855,0.0,0.0,0.0026262626262626267,0.0,0.0,0.0,0.0,0.0,0.0,0.0018759018759018755,0.0016290726817042608,0.0,0.0,0.0,0.044940574059948585,0.0,0.016143681715110287,0.0,0.003052173913043477,0.005383838383838384,0.004578173374613003,0.0,0.0016049382716049382,0.0054621848739495795,0.02926410934744268,0.0,0.0,0.0,0.005796536796536795,0.0,0.0070140625,0.002708333333333334,0.00235827664399093,0.0,0.0,0.003707664884135472,0.0,0.00496384297520661,0.0,0.013352272727272725,0.0,0.00526612554112554,0.0015105301379811184,0.0,0.010956140350877193,0.00307564534231201,0.022016042780748663,0.0,0.0015234375,0.001274509803921569,0.0,0.0017105263157894735,0.005660770975056691,0.0,0.0,0.02020906432748538,0.0,0.0,0.0,0.0,0.0016756176154672398,0.04772726258369266,0.00574196510560147,0.006462585034013607,0.006285714285714286,0.0,0.002549019607843138,0.0,0.0,0.002666666666666667,0.0,0.0,0.02594287411934471,0.012153516962340492,0.0,0.0,0.005489081996434939,0.0,0.0,0.0,0.037785030557173756,0.003666894508999773,0.0030588235294117644,0.0039062499999999996,0.0,0.0,0.0,0.001274509803921569,0.0076363636363636364,0.008720238095238093,0.0,0.0017105263157894746,0.0,0.0,0.0,0.0,0.0018055555555555555,0.006959064327485379,0.0,0.03460137780512663,0.010258359997490434,0.003640692640692641,0.009765152437786705,0.0,0.0,0.0016161616161616157,0.0,0.003537414965986394,0.004616477272727273,0.0,0.0,0.0015294117647058827,0.0020462962962962974,0.00496384297520661,0.0,0.0,0.0,0.0,0.002820247933884299,0.0020583333333333326,0.004642857142857145,0.001955627705627707,0.007261317254174397,0.0068076563958916906,0.0017105263157894735,0.001477272727272727,0.0037142857142857134,0.0018055555555555555,0.0020634920634920637,0.0016802721088435377,0.022293978244049394,0.0
0.011710526315789473,0.0,0.0,0.0,0.0,0.0,0.011245791245791247,0.0049350649350649355,0.009174603174603176,0.0,0.0,0.0,0.020673913043478258,0.0,0.0,0.0,0.0,0.003021060275962237,0.0,0.0,0.00282608695652174,0.006472383967437391,0.0,0.0,0.0,0.005666666666666665,0.0018571428571428565,0.0,0.0182125,0.0,0.0,0.0,0.0035676691729323307,0.0,0.0,0.00047204066811909993,0.0,0.0,0.0034811731710227955,0.0,0.009078528338945005,0.00393939393939394,0.015568974771873323,0.0,0.0465314253647587,0.0056879084967320255,0.0,0.0067482192322912546,0.009201096361392613,0.049969026623272975,0.008395061728395062,0.0,0.0,0.0,0.003250000000000001,0.010201190476190477,0.006886554621848739,0.0015234375,0.004313015061096902,0.0,0.0,0.00606060606060606,0.0,0.015367380622282585,0.0,0.014222222222222223,0.0070140625,0.00787878787878788,0.0,0.0,0.00393939393939394,0.0,0.0,0.006881066302118933,0.0016049382716049382,0.0,0.0,0.006525234655265616,0.0017105263157894746,0.0,0.0015294117647058827,0.004105263157894737,0.00286764705882353,0.0,0.0,0.0,0.0,0.005252525252525253,0.0,0.01231060606060606,0.0,0.0,0.006545910230120755,0.007073529411764706,0.0,0.0,0.0018571428571428576,0.0,0.0,0.0,0.0,0.0,0.0,0.0,0.0,0.0,0.0,0.0,0.0,0.0,0.0,0.0,0.0,0.0,0.0,0.0014772727272727272,0.0,0.0,0.0,0.016675804434834362,0.0,0.01,0.0,0.01711111111111111,0.0,0.0,0.0,0.0,0.0,0.0,0.014203463203463204,0.0016049382716049382,0.002990040460628695,0.0,0.0014661654135338345,0.0,0.0,0.0,0.02847058823529412,0.0,0.020075526506899054,0.0,0.0,0.0037687389770723113,0.0,0.0032098765432098763,0.0,0.0,0.020650679121551153,0.0,0.0015294117647058827,0.0054920116194626,0.003344070961718021,0.01643233082706767,0.005294146825396825,0.003344070961718021,0.0014444444444444446,0.0,0.010093414363796203,0.0011328976034858387,0.0016049382716049388,0.0,0.0,0.011759278711484593,0.0016049382716049382,0.0,0.01659669701213819,0.0,0.00393939393939394,0.0,0.01645923520923521,0.0,0.0,0.0015105301379811184,0.009882204396910278,0.0,0.0,0.0,0.0,0.05408234750572213,0.0027807486631016036,0.0,0.0025535714285714276,0.0014772727272727272,0.0,0.044531194295900176,0.0,0.0,0.0,0.0,0.01284873949579832,0.0,0.008395061728395062,0.0016049382716049382,0.0014772727272727272,0.0061764705882352946,0.008395061728395062,0.0,0.0,0.0,0.0,0.0,0.0,0.0048000000000000004,0.006060606060606061,0.00393939393939394,0.0,0.006136111111111112,0.0,0.0,0.0,0.003021060275962237,0.0018571428571428576,0.0,0.0,0.012780748663101605,0.0,0.013367425359298427,0.0,0.0,0.0,0.0,0.0,0.024417464114832536,0.01695906432748538,0.013358140225787282,0.015253968253968252,0.0,0.0,0.0,0.0,0.0,0.0,0.0,0.0207192513368984,0.0,0.0,0.0,0.0,0.0,0.0,0.008470588235294117,0.009793650793650792,0.002369560264297106,0.0020583333333333326,0.0018519984170953707,0.0,0.0,0.007126029359112065,0.0028086419753086418,0.0,0.0,0.014826592946546811,0.003176619132501486,0.0,0.01
0.002780748663101605,0.003537414965986394,0.0,0.0,0.00198095238095238,0.0,0.0011818181818181819,0.0,0.0,0.0,0.004642857142857145,0.0,0.0,0.0,0.0,0.0,0.0,0.0016049382716049388,0.0,0.0,0.005492813473076632,0.0,0.0,0.005169580419580418,0.0,0.0,0.0,0.0,0.008832255979314802,0.0016802721088435377,0.0,0.0,0.0026791898577612854,0.002272727272727273,0.0,0.0,0.0016250000000000001,0.006462585034013606,0.0,0.0,0.007111111111111111,0.01042391304347826,0.0015294117647058827,0.0016049382716049382,0.02642734331017539,0.008279411764705882,0.0,0.0018571428571428565,0.0014325068870523416,0.0015394736842105263,0.005660770975056691,0.002653061224489796,0.0,0.0,0.008460526315789474,0.0030409356725146198,0.008522727272727272,0.002354649920970567,0.0,0.0053571428571428555,0.01817146351718075,0.0,0.0,0.0,0.002708333333333333,0.0060606060606060615,0.0,0.009869189633895515,0.0,0.0,0.01585154173312068,0.0,0.011500841750841748,0.007346938775510204,0.006959064327485379,0.002666666666666667,0.0,0.0,0.0017105263157894746,0.0015105301379811182,0.0,0.0036632716049382714,0.0,0.0,0.005744949494949495,0.026982321876118872,0.007219251336898395,0.0036684303350970017,0.003250000000000001,0.0,0.0009801587301587306,0.0,0.0,0.0,0.0354214502387877,0.0028888888888888888,0.0,0.0015294117647058827,0.003250000000000001,0.0,0.0,0.007537878787878787,0.0,0.0,0.00934688995215311,0.0,0.0,0.02382471429117456,0.0,0.02369005847953216,0.0,0.0,0.0017105263157894735,0.0,0.0018462823725981623,0.0,0.0,0.0011328976034858389,0.00198095238095238,0.0,0.0,0.00856400259909032,0.0,0.02258522727272727,0.0,0.0,0.0,0.0,0.0014444444444444444,0.002780748663101605,0.006462585034013606,0.0,0.0,0.0,0.014455667789001123,0.003239938080495356,0.00282608695652174,0.0,0.03707323152546505,0.0,0.01839506172839506,0.010409617180205418,0.0,0.004570347437220503,0.001470707070707071,0.002642671614100187,0.0,0.0,0.002708333333333333,0.0,0.0,0.016388888888888887,0.0,0.01199866310160428,0.0058947368421052625,0.0,0.0,0.0,0.0,0.0,0.0014444444444444448,0.0012307692307692306,0.008142857142857144,0.0017105263157894746,0.0014444444444444444,0.0,0.008555555555555556,0.0017105263157894735,0.0,0.0,0.023461347838798816,0.0,0.0,0.008395061728395062,0.0,0.0,0.0,0.0,0.0,0.009841381652785162,0.0,0.007173913043478261,0.0,0.0,0.0,0.06115066285241724,0.007219251336898395,0.0,0.0,0.0,0.0028086419753086418,0.0,0.0,0.0,0.0,0.01839506172839506,0.005357142857142857,0.005909949164851125,0.0,0.0,0.0,0.0,0.0,0.0,0.005666666666666666,0.0,0.0,0.002585097001763669,0.001428571428571428,0.0019330065359477121,0.0,0.002575851393188855,0.0,0.008865178096757043,0.0,0.0,0.0,0.004898078529657476,0.0,0.0,0.002653061224489796,0.0,0.0,0.030179143144055426,0.06336131563806431,0.025498027476097654,0.0,0.0,0.003537414965986394,0.0,0.0,0.0,0.0,0.0,0.027707487809938793,0.0,0.0,0.0,0.0,0.0,0.0,0.0,0.0,0.0012380952380952382,0.003537414965986394,0.006941968706674589,0.005290607471058599,0.0,0.018624353382307928,0.007580748663101605,0.0,0.0,0.006249999999999999,0.00235827664399093,0.0,0.02320488043702329
0.01,0.0,0.0,0.0,0.0,0.0,0.0,0.0014625000000000005,0.0,0.0,0.0,0.0,0.09,0.0,0.0,0.01,0.0,0.0,0.0,0.02,0.0,0.01,0.0018571428571428576,0.0,0.0,0.0,0.0,0.0,0.02656307435254804,0.0,0.0018571428571428576,0.0,0.0,0.0,0.0,0.0,0.0014772727272727272,0.017142857142857144,0.0,0.0,0.0,0.0,0.01161236424394319,0.0,0.01,0.0,0.0,0.002780748663101605,0.04695906432748538,0.007173913043478261,0.006060606060606061,0.0,0.0,0.0,0.0,0.0,0.0017105263157894735,0.0,0.0,0.01,0.02852272727272727,0.0,0.0,0.0,0.0,0.0,0.0,0.007936507936507936,0.0,0.0,0.03,0.0,0.0,0.01,0.0,0.0,0.0,0.0,0.0,0.0,0.0,0.001428571428571428,0.0,0.0,0.008571428571428572,0.03908080808080808,0.0015234375,0.019462208823920316,0.0,0.008555555555555556,0.0,0.0,0.0,0.0,0.02,0.0,0.0,0.0,0.0,0.0,0.02647238396743739,0.0,0.0,0.00393939393939394,0.0,0.0,0.007219251336898395,0.0,0.0,0.0,0.0,0.0,0.0,0.001428571428571428,0.0017105263157894735,0.0,0.0023636363636363633,0.0,0.0014444444444444444,0.0,0.0,0.0,0.0,0.0018519984170953707,0.0,0.0,0.0,0.0,0.0,0.0,0.0,0.0,0.0,0.01226279602750191,0.0,0.0,0.0,0.0,0.02661344537815126,0.0,0.03,0.0,0.0,0.00282608695652174,0.0,0.0,0.001428571428571428,0.0,0.01,0.007936507936507938,0.0,0.01,0.0,0.0,0.01,0.0017105263157894735,0.0014772727272727272,0.0,0.01,0.0,0.0016756176154672398,0.0,0.0,0.0,0.0,0.0,0.0,0.007219251336898395,0.0,0.018142857142857145,0.03852272727272727,0.0,0.0,0.0,0.0020634920634920637,0.0,0.01,0.0,0.0,0.01,0.0,0.0,0.0,0.0,0.0,0.04,0.0,0.0,0.0,0.0,0.001428571428571428,0.0,0.024136695906432748,0.0,0.0,0.035803921568627446,0.01,0.0,0.0,0.01,0.0014444444444444444,0.0,0.0,0.009672268907563026,0.05560956535724338,0.0,0.0,0.0,0.0,0.0,0.0,0.0,0.0,0.01,0.0,0.0,0.0,0.01,0.0030409356725146198,0.0,0.0028888888888888888,0.0,0.0,0.002780748663101605,0.0,0.01620779220779221,0.0,0.0,0.002708333333333334,0.0,0.0,0.007291666666666665,0.0015294117647058827,0.0,0.00473015873015873,0.0,0.01711111111111111,0.0,0.0,0.0,0.0,0.0018571428571428576,0.0,0.0,0.0,0.0,0.0,0.0,0.0017105263157894735,0.0,0.0,0.0,0.0,0.0,0.0,0.01
0.01339572192513369,0.0,0.0,0.008289473684210527,0.0,0.0,0.007728369218500798,0.0,0.008395061728395062,0.0011255411255411266,0.0,0.0,0.02107874665017522,0.0,0.0,0.0,0.013719535938156939,0.0026666666666666666,0.0,0.008555555555555556,0.0060426960257787335,0.0,0.007636363636363638,0.0,0.0,0.0026666666666666666,0.004860217673814167,0.006916933482030435,0.023255523066926576,0.0,0.002780748663101605,0.0,0.004705882352941177,0.0,0.0013928571428571432,0.0010505050505050504,0.0,0.01615443652208358,0.0,0.0,0.0,0.011670239911372633,0.007333333333333334,0.007068978249194414,0.008470588235294117,0.0,0.0,0.008044657097288677,0.0,0.01781512605042017,0.002379084967320261,0.0061764705882352946,0.0014444444444444455,0.00719799498746867,0.0,0.0,0.0,0.0,0.003556808688387637,0.016903917166339526,0.0,0.0015798611111111113,0.0,0.0018055555555555555,0.0010505050505050504,0.0,0.009775997010069032,0.01974350649350649,0.0,0.0015476190476190483,0.013224538619275462,0.003714285714285715,0.0028888888888888888,0.0,0.0033154645873944115,0.0,0.003507936507936509,0.0,0.0014444444444444448,0.0,0.0,0.0,0.0061764705882352946,0.0,0.0,0.0076363636363636364,0.0,0.018867329866555867,0.0,0.0,0.0,0.0037090847419300136,0.0,0.0028260869565217388,0.0,0.0,0.0,0.0,0.0,0.0017302436125965534,0.001354166666666667,0.015801749046802472,0.0,0.0038823529411764705,0.0,0.0,0.0,0.008522727272727272,0.0,0.0,0.002334455667789001,0.0,0.0,0.017226052080911415,0.00738755980861244,0.0,0.0022657952069716773,0.003823529411764706,0.0,0.0015394736842105263,0.0,0.0014444444444444448,0.0,0.0,0.0,0.0,0.02602276524644946,0.0,0.005995034377387321,0.0,0.002585227272727273,0.0,0.0,0.007173913043478261,0.0,0.0,0.0,0.0,0.05778153717627402,0.0,0.008395061728395062,0.0031549707602339188,0.00817857142857143,0.004580409356725146,0.0,0.0018055555555555555,0.0,0.0,0.019587301587301587,0.0,0.0,0.004834821428571429,0.0,0.02140595238095238,0.009759259259259257,0.0,0.0,0.0,0.0213739698778062,0.0,0.006376893939393939,0.001477272727272727,0.0,0.0,0.0,0.0,0.0,0.0,0.0,0.018289473684210526,0.014351834194988278,0.0,0.0,0.004427128427128427,0.006060606060606061,0.0,0.0070140625,0.0,0.0014444444444444448,0.02675,0.0,0.0015234375,0.0,0.0014625000000000007,0.0,0.01,0.02999567310532223,0.0,0.001406926406926407,0.0,0.0035676691729323307,0.0,0.0,0.0,0.0,0.010274528914879793,0.006060606060606061,0.004393579931972788,0.0,0.00282608695652174,0.0,0.0,0.004497354497354496,0.010592284282133905,0.0036304218657159833,0.0007878787878787878,0.0,0.022485169151835818,0.005478260869565219,0.002932330827067669,0.001238095238095238,0.0,0.0,0.01647238396743739,0.0,0.00705118411000764,0.0,0.0,0.003236850295673826,0.0,0.0,0.0020634920634920637,0.0,0.013885698041399797,0.016749999999999998,0.0,0.0,0.0,0.0,0.0,0.00282608695652174,0.0,0.0,0.0,0.01,0.0,0.04421563478073173,0.0,0.0,0.0,0.0,0.011647321428571427,0.0014772727272727272,0.0,0.0028888888888888888,0.0,0.0,0.0023636363636363646,0.008703324808184143,0.0,0.0,0.0,0.0016756176154672398,0.0,0.0,0.012158102766798417
0.010714285714285711,0.008289473684210527,0.0,0.0047062784709843535,0.004515624999999999,0.0013032581453634084,0.0,0.0,0.003250000000000001,0.0,0.0023523809523809513,0.0028086419753086413,0.03372694334650857,0.0,0.0,0.002653061224489796,0.0011328976034858389,0.009004088504088506,0.0,0.008470588235294117,0.003443199502023031,0.013077922077922079,0.0,0.0006893939393939392,0.0,0.0,0.004209320091673032,0.0017105263157894746,0.008555555555555556,0.0,0.0,0.0,0.0054181911999249465,0.0012037037037037038,0.0,0.0,0.0,0.0,0.0011607142857142858,0.0,0.008289473684210527,0.011645184389545293,0.012748299319727891,0.0,0.010596031746031747,0.0033854166666666668,0.0,0.0016049382716049388,0.008821078431372548,0.05923318333713071,0.010886363636363638,0.0,0.0,0.0,0.0,0.0015294117647058827,0.008142857142857144,0.003537414965986394,0.0017105263157894746,0.00282608695652174,0.007936507936507938,0.0,0.0028888888888888888,0.0,0.0,0.0,0.007126838836220988,0.0,0.0,0.0014444444444444444,0.008470588235294117,0.0016049382716049382,0.0015105301379811184,0.006285714285714286,0.0,0.0015294117647058827,0.0,0.0,0.0018571428571428565,0.0,0.002932330827067669,0.0014444444444444448,0.0,0.0,0.0,0.0,0.0,0.013138273491214667,0.0,0.004690174471992653,0.0,0.0,0.0,0.0,0.014642857142857145,0.0,0.0,0.0,0.0,0.0020272904483430803,0.0,0.008289473684210525,0.0,0.0,0.0,0.02495284522241044,0.0,0.0,0.0,0.0,0.003301587301587301,0.0,0.0,0.0,0.004333333333333333,0.0,0.0,0.0,0.0,0.0035394620811287493,0.0,0.0,0.0,0.008289473684210525,0.0,0.0,0.009555218173639229,0.0,0.0007878787878787878,0.0,0.0,0.0,0.0,0.0076363636363636364,0.0018571428571428565,0.0,0.0,0.0,0.04406065557536145,0.0,0.09011022372759596,0.0,0.0,0.0,0.009304285978745566,0.0030409356725146198,0.0,0.006136111111111112,0.01550872502110892,0.01,0.0012037037037037038,0.0111133069828722,0.0,0.0,0.0005538847117794481,0.0,0.00695906432748538,0.0,0.018522727272727274,0.0,0.0,0.0,0.0010833333333333335,0.0,0.0015294117647058827,0.0,0.001586056644880175,0.015572871572871577,0.0,0.028242572069085283,0.0347188316602141,0.015221386800334169,0.004706278470984353,0.0,0.0,0.0,0.0,0.0022857142857142855,0.0,0.011908038069028782,0.0,0.0,0.0,0.0,0.0,0.04783333333333333,0.001477272727272727,0.0,0.0017105263157894735,0.0,0.008841269841269843,0.0,0.0023636363636363633,0.0,0.0030409356725146198,0.0,0.0023636363636363646,0.0015993848519800084,0.0,0.0,0.0,0.0014444444444444444,0.0,0.008313492063492063,0.008470588235294117,0.0025535714285714276,0.0,0.018289473684210526,0.0017105263157894746,0.0,0.0009774436090225565,0.004435655253837072,0.0,0.004935064935064936,0.0,0.0,0.0,0.0,0.001428571428571429,0.0,0.0,0.0,0.0,0.030818775995246583,0.0076363636363636364,0.0,0.0076363636363636364,0.0,0.0,0.0,0.0,0.01,0.0,0.0,0.0166984126984127,0.0,0.0,0.0,0.005221386800334169,0.0020634920634920637,0.0,0.0,0.01,0.0,0.00282608695652174,0.002582417582417582,0.0020634920634920637,0.003714285714285715,0.0,0.0,0.004062982768865123,0.0,0.0017052469135802476,0.00838827614379085,0.0,0.0
0.012888888888888887,0.0,0.0,0.0,0.0,0.0,0.0014772727272727272,0.008896604938271607,0.0,0.004521739130434782,0.0,0.0,0.028289473684210528,0.0,0.0,0.019806892453951275,0.0,0.0,0.0,0.01,0.0,0.0,0.0036111111111111122,0.0,0.0,0.0,0.0,0.0,0.0260314253647587,0.0,0.0030409356725146198,0.0,0.0,0.0,0.0,0.0,0.0,0.0,0.0,0.0,0.0,0.0,0.01,0.0,0.007071398124467178,0.0,0.0,0.0020634920634920637,0.031843474426807766,0.009747795414462083,0.0,0.0,0.0,0.0,0.0,0.0,0.0014772727272727272,0.0,0.0,0.008142857142857144,0.01839506172839506,0.0015294117647058827,0.0028888888888888888,0.01,0.0,0.01711111111111111,0.0,0.018395061728395064,0.0,0.0,0.07,0.0,0.0,0.006060606060606061,0.005377777777777779,0.003537414965986394,0.0028888888888888888,0.0,0.0,0.01320906432748538,0.0,0.0,0.01,0.0,0.0,0.017936507936507938,0.007219251336898395,0.025047619047619048,0.0,0.01,0.0,0.0,0.0,0.0,0.0420462962962963,0.0036111111111111127,0.0014444444444444444,0.0,0.0,0.0,0.0,0.0014444444444444444,0.01,0.0,0.0,0.0,0.0,0.0,0.0014772727272727272,0.0,0.0,0.0015798611111111113,0.0,0.0063888888888888875,0.0,0.0018571428571428565,0.0,0.004622222222222221,0.0,0.0,0.0,0.0,0.007936507936507938,0.014604166666666666,0.0,0.0018571428571428565,0.010233253588516743,0.008142857142857144,0.0020634920634920637,0.0,0.0,0.0,0.0,0.0,0.002648148148148148,0.0020634920634920637,0.0,0.0,0.03170524691358025,0.0,0.03941666666666667,0.0,0.0,0.0017105263157894746,0.0,0.0,0.0,0.0,0.018142857142857145,0.0,0.0,0.015305555555555555,0.0,0.025481791600212654,0.010977443609022556,0.0,0.0,0.0,0.04143599740090968,0.016760061919504642,0.0,0.0,0.005660770975056691,0.0,0.0,0.0,0.005687908496732027,0.007219251336898395,0.002708333333333333,0.01053408029878618,0.0018055555555555555,0.0,0.0,0.0,0.0,0.0016049382716049382,0.0028888888888888888,0.0016049382716049382,0.0,0.0014444444444444444,0.006714891975308641,0.0,0.0,0.0,0.0,0.01,0.01,0.0,0.0,0.0,0.0016049382716049382,0.0,0.0,0.0,0.0017105263157894735,0.0,0.0020634920634920637,0.0,0.0,0.0,0.0,0.0016049382716049382,0.00198095238095238,0.01,0.019903318903318905,0.02640079061927801,0.0,0.0,0.008470588235294117,0.0015294117647058827,0.0,0.0,0.0,0.00393939393939394,0.002780748663101605,0.0063888888888888875,0.0,0.0049818594104308386,0.00235827664399093,0.0,0.0,0.0,0.0,0.008289473684210527,0.006959064327485379,0.0,0.008395061728395062,0.0015046296296296296,0.004310160427807488,0.0,0.008522727272727272,0.0,0.0,0.0018571428571428576,0.01,0.0,0.017936507936507935,0.0,0.0,0.001428571428571429,0.0,0.0,0.006462585034013606,0.0,0.0,0.0,0.0,0.0038912037037037036,0.0,0.0,0.0,0.0,0.0,0.0033865546218487404,0.0,0.0
