,accuracy,precision_macro,recall_macro,f1_macro,auc_macro
mean,0.7886206896551725,0.769052011251992,0.7125961538461538,0.7165943948556965,0.9383645947802199
std,0.07096627580317867,0.11992420451093666,0.09909210155647728,0.10678911540548537,0.03465454527136342
