,accuracy,precision_macro,recall_macro,f1_macro,auc_macro
mean,0.5363333333333333,0.5535261353812976,0.47458333333333336,0.4783462004798846,0.8125829851218741
std,0.07957448564352834,0.13865269462698704,0.09345255115763325,0.10238335722283903,0.05285269140418325
