,accuracy,precision_macro,recall_macro,f1_macro,auc_macro
mean,0.5923333333333334,0.605781531176655,0.5640277777777778,0.560783811386677,0.8511454447610005
std,0.08433472404064854,0.12005962775349505,0.09127204365036279,0.09786916604630017,0.045752213023803966
