,accuracy,precision_macro,recall_macro,f1_macro,auc_macro
mean,0.7858620689655171,0.7888090475485987,0.6716826923076923,0.6811376320165569,0.9435039835164836
std,0.0602853366504578,0.13189140660298254,0.0818800199247125,0.0905038581197615,0.030539672123071092
