Pathway	SHAP_sum	GeneCount
regulation of transcription by RNA polymerase II (GO:0006357)	0.12207845469952551	72
regulation of transcription, DNA-templated (GO:0006355)	0.10367034151021932	65
positive regulation of transcription, DNA-templated (GO:0045893)	0.09520121017617492	60
cellular protein modification process (GO:0006464)	0.08025646610865682	59
negative regulation of transcription, DNA-templated (GO:0045892)	0.07732960111567504	48
positive regulation of transcription by RNA polymerase II (GO:0045944)	0.0752878979400841	46
mRNA splicing, via spliceosome (GO:0000398)	0.0640906870170124	46
regulation of gene expression (GO:0010468)	0.06393256580717381	44
regulation of apoptotic process (GO:0042981)	0.06284680167349309	48
negative regulation of transcription by RNA polymerase II (GO:0000122)	0.06274888319791759	37
mRNA processing (GO:0006397)	0.0623490454774049	44
RNA splicing, via transesterification reactions with bulged adenosine as nucleophile (GO:0000377)	0.0599807431366931	42
positive regulation of cellular process (GO:0048522)	0.0525751437853276	33
regulation of cell population proliferation (GO:0042127)	0.0442437407321854	33
protein phosphorylation (GO:0006468)	0.042779262457571805	28
negative regulation of cellular macromolecule biosynthetic process (GO:2000113)	0.0423168742596345	29
RNA processing (GO:0006396)	0.041544047990578106	27
gene expression (GO:0010467)	0.0414991439702731	32
negative regulation of apoptotic process (GO:0043066)	0.041014238892637694	35
transcription by RNA polymerase II (GO:0006366)	0.040962022181333595	27
transmembrane receptor protein tyrosine kinase signaling pathway (GO:0007169)	0.04074446423849931	28
cytokine-mediated signaling pathway (GO:0019221)	0.0404692687521805	28
neutrophil degranulation (GO:0043312)	0.03943011367025641	29
neutrophil activation involved in immune response (GO:0002283)	0.03943011367025641	29
neutrophil mediated immunity (GO:0002446)	0.03943011367025641	29
phosphorylation (GO:0016310)	0.03939695045486951	25
regulation of intracellular signal transduction (GO:1902531)	0.0386338987291321	22
protein ubiquitination (GO:0016567)	0.038373880423617196	31
negative regulation of nucleic acid-templated transcription (GO:1903507)	0.0380750440901485	26
ncRNA processing (GO:0034470)	0.0377985200218695	18
positive regulation of gene expression (GO:0010628)	0.0375623317511537	27
rRNA processing (GO:0006364)	0.0364695407183184	20
positive regulation of intracellular signal transduction (GO:1902533)	0.035268766182769	29
ubiquitin-dependent protein catabolic process (GO:0006511)	0.0347846147639291	26
ribosome biogenesis (GO:0042254)	0.0344811723405164	18
rRNA metabolic process (GO:0016072)	0.0342256533972736	17
transcription, DNA-templated (GO:0006351)	0.03409612622909449	24
negative regulation of programmed cell death (GO:0043069)	0.032934590783312095	28
cellular response to cytokine stimulus (GO:0071345)	0.0329008987241376	20
positive regulation of cell population proliferation (GO:0008284)	0.032504382230311296	23
negative regulation of cellular process (GO:0048523)	0.0320203550325425	25
protein stabilization (GO:0050821)	0.031809650971943	20
regulation of programmed cell death (GO:0043067)	0.030744476200906794	19
positive regulation of nucleic acid-templated transcription (GO:1903508)	0.030674292998912694	22
regulation of mitotic cell cycle phase transition (GO:1901990)	0.030582219065427897	20
protein modification by small protein removal (GO:0070646)	0.029921239217458602	19
proteasome-mediated ubiquitin-dependent protein catabolic process (GO:0043161)	0.029767286008762505	24
organelle assembly (GO:0070925)	0.029302859186061604	18
regulation of protein phosphorylation (GO:0001932)	0.0289642775990199	15
RNA metabolic process (GO:0016070)	0.028837180611442696	17
cellular macromolecule biosynthetic process (GO:0034645)	0.028423303465575398	22
regulation of canonical Wnt signaling pathway (GO:0060828)	0.0280763292519826	23
positive regulation of apoptotic process (GO:0043065)	0.0278777693061491	21
regulation of G2/M transition of mitotic cell cycle (GO:0010389)	0.0278153493981128	16
cellular response to DNA damage stimulus (GO:0006974)	0.027414960912082998	23
regulation of signal transduction by p53 class mediator (GO:1901796)	0.027407692031719603	16
protein deubiquitination (GO:0016579)	0.0270769594439167	17
protein-containing complex assembly (GO:0065003)	0.027058328673944598	22
MAPK cascade (GO:0000165)	0.0269133800305467	20
mitotic cell cycle phase transition (GO:0044772)	0.0268508271437302	16
ribonucleoprotein complex assembly (GO:0022618)	0.026771120460427903	23
RNA splicing (GO:0008380)	0.026127374997183202	17
positive regulation of programmed cell death (GO:0043068)	0.025950278512519697	18
transcription initiation from RNA polymerase II promoter (GO:0006367)	0.0258344235695885	15
DNA-templated transcription, initiation (GO:0006352)	0.0258344235695885	15
regulation of cell migration (GO:0030334)	0.025603668708473203	13
post-translational protein modification (GO:0043687)	0.025109731110087595	23
regulation of mRNA splicing, via spliceosome (GO:0048024)	0.024862619560297502	14
nuclear-transcribed mRNA catabolic process (GO:0000956)	0.024823872036590495	17
protein transport (GO:0015031)	0.0247689335609763	15
protein modification by small protein conjugation (GO:0032446)	0.0244777850240966	21
proteasomal protein catabolic process (GO:0010498)	0.0239843696031321	18
regulation of cell cycle (GO:0051726)	0.0239569736429632	19
regulation of cellular macromolecule biosynthetic process (GO:2000112)	0.0238211670519224	16
cellular protein metabolic process (GO:0044267)	0.0238191536220211	21
positive regulation of phosphorylation (GO:0042327)	0.0230983248186413	16
cilium assembly (GO:0060271)	0.022769311738567798	13
cell cycle G2/M phase transition (GO:0044839)	0.022596294988931197	12
G2/M transition of mitotic cell cycle (GO:0000086)	0.022596294988931197	12
nucleic acid metabolic process (GO:0090304)	0.0225591436948821	12
positive regulation of DNA-binding transcription factor activity (GO:0051091)	0.0224400314118021	15
positive regulation of intracellular protein transport (GO:0090316)	0.022257907776458894	20
protein-DNA complex assembly (GO:0065004)	0.022102461461992098	17
negative regulation of Wnt signaling pathway (GO:0030178)	0.022021844243624203	17
negative regulation of canonical Wnt signaling pathway (GO:0090090)	0.022021844243624203	17
nuclear-transcribed mRNA catabolic process, nonsense-mediated decay (GO:0000184)	0.021850450365852096	15
positive regulation of multicellular organismal process (GO:0051240)	0.0217970282011922	13
protein autophosphorylation (GO:0046777)	0.021569604614576104	10
response to cytokine (GO:0034097)	0.021553001634211102	15
regulation of nucleic acid-templated transcription (GO:1903506)	0.021340847610616803	15
positive regulation of cell migration (GO:0030335)	0.0212253596959587	12
supramolecular fiber organization (GO:0097435)	0.0211725817684909	16
negative regulation of cell population proliferation (GO:0008285)	0.0205685628730168	18
positive regulation of developmental process (GO:0051094)	0.020558712561034302	11
protein polyubiquitination (GO:0000209)	0.020479281422419202	19
regulation of I-kappaB kinase/NF-kappaB signaling (GO:0043122)	0.0204280962523499	16
ciliary basal body-plasma membrane docking (GO:0097711)	0.0203174608835517	10
mRNA metabolic process (GO:0016071)	0.0202888537841591	13
positive regulation of protein phosphorylation (GO:0001934)	0.0202231685476106	16
modification-dependent protein catabolic process (GO:0019941)	0.0202032204804362	16
endoplasmic reticulum to Golgi vesicle-mediated transport (GO:0006888)	0.0200978856970498	11
regulation of phosphorylation (GO:0042325)	0.019883026054380297	9
nucleotide-excision repair (GO:0006289)	0.019881865708223895	15
negative regulation of protein metabolic process (GO:0051248)	0.019878982379191	10
regulation of cell cycle G2/M phase transition (GO:1902749)	0.019815870518948397	10
transcription elongation from RNA polymerase II promoter (GO:0006368)	0.019714230053583394	12
DNA-templated transcription, elongation (GO:0006354)	0.019714230053583394	12
regulation of translation (GO:0006417)	0.0197047943169982	13
regulation of extrinsic apoptotic signaling pathway (GO:2001236)	0.0196966419481076	11
DNA-dependent DNA replication (GO:0006261)	0.0196790065700084	13
positive regulation of macromolecule metabolic process (GO:0010604)	0.019672079797601	15
positive regulation of signal transduction (GO:0009967)	0.019636808778854306	15
regulation of mitotic cell cycle (GO:0007346)	0.0196283002416884	20
cellular response to oxygen-containing compound (GO:1901701)	0.0193448458282404	11
regulation of autophagy (GO:0010506)	0.019218621689302898	16
cellular response to hypoxia (GO:0071456)	0.019215862126997003	13
negative regulation of gene expression (GO:0010629)	0.018843374198376697	12
regulation of angiogenesis (GO:0045765)	0.0188163842064169	8
transcription-coupled nucleotide-excision repair (GO:0006283)	0.018680105215406397	14
regulation of protein binding (GO:0043393)	0.0186132509442517	15
regulation of transcription initiation from RNA polymerase II promoter (GO:0060260)	0.018454303582800903	9
negative regulation of intracellular signal transduction (GO:1902532)	0.0184238002058229	12
inflammatory response (GO:0006954)	0.0182042862122385	8
response to endoplasmic reticulum stress (GO:0034976)	0.0181868959395603	11
cellular calcium ion homeostasis (GO:0006874)	0.0181405033606218	10
snRNA transcription by RNA polymerase II (GO:0042795)	0.017919487080245197	11
snRNA transcription (GO:0009301)	0.017919487080245197	11
positive regulation of Wnt signaling pathway (GO:0030177)	0.0178893189152357	15
regulation of cell differentiation (GO:0045595)	0.017605304550324302	6
negative regulation of DNA-binding transcription factor activity (GO:0043433)	0.0175472049214438	9
regulation of viral transcription (GO:0046782)	0.017459410931900197	10
positive regulation of transferase activity (GO:0051347)	0.017320812819227302	13
cellular component assembly (GO:0022607)	0.0171822065831629	14
positive regulation of protein modification process (GO:0031401)	0.0171615344452894	10
cellular response to organic cyclic compound (GO:0071407)	0.0170201893380479	8
regulation of protein modification process (GO:0031399)	0.0169795118031231	7
negative regulation of signal transduction (GO:0009968)	0.0168776862513773	10
positive regulation of cellular protein metabolic process (GO:0032270)	0.0167643902807344	11
regulation of DNA-templated transcription, initiation (GO:2000142)	0.0167222268175153	8
positive regulation of cysteine-type endopeptidase activity involved in apoptotic process (GO:0043280)	0.016699434816468902	12
DNA metabolic process (GO:0006259)	0.0166609548884185	12
inorganic cation transmembrane transport (GO:0098662)	0.016606273424943998	10
regulation of mRNA catabolic process (GO:0061013)	0.016551694362088	10
cell-matrix adhesion (GO:0007160)	0.016435150087267397	7
positive regulation of viral process (GO:0048524)	0.016418636106278698	10
cellular response to tumor necrosis factor (GO:0071356)	0.0164049453951387	12
SRP-dependent cotranslational protein targeting to membrane (GO:0006614)	0.0162142785090039	11
circulatory system development (GO:0072359)	0.016098055079456098	6
cellular response to interleukin-1 (GO:0071347)	0.0160018216494523	12
intrinsic apoptotic signaling pathway (GO:0097193)	0.0159987278832933	10
positive regulation of canonical Wnt signaling pathway (GO:0090263)	0.0159640660468141	14
positive regulation of organelle assembly (GO:1902117)	0.0158693491538996	6
negative regulation of response to external stimulus (GO:0032102)	0.015798853219880695	9
organelle organization (GO:0006996)	0.015603675286953701	13
positive regulation of NF-kappaB transcription factor activity (GO:0051092)	0.0155230120064586	8
positive regulation of transport (GO:0051050)	0.015502720487257598	8
mitochondrial translation (GO:0032543)	0.015415574350360502	5
regulation of inflammatory response (GO:0050727)	0.015388447204432599	10
negative regulation of catabolic process (GO:0009895)	0.0153696052042991	8
cellular response to starvation (GO:0009267)	0.0153695232971955	13
axonogenesis (GO:0007409)	0.015367069753096	7
positive regulation of cell differentiation (GO:0045597)	0.015340141356354598	10
negative regulation of extrinsic apoptotic signaling pathway (GO:2001237)	0.0153221319981443	7
positive regulation of cell motility (GO:2000147)	0.015264574100755896	9
mitotic spindle organization (GO:0007052)	0.0151982394972675	7
positive regulation of binding (GO:0051099)	0.015102006917560197	11
translation (GO:0006412)	0.0150337642415561	12
extracellular matrix organization (GO:0030198)	0.014878350947015001	8
extrinsic apoptotic signaling pathway (GO:0097191)	0.014873901115592301	11
positive regulation of cellular biosynthetic process (GO:0031328)	0.014763284769578701	10
positive regulation of translation (GO:0045727)	0.0146376886121756	9
regulation of cell cycle phase transition (GO:1901987)	0.0146063777114184	14
antigen receptor-mediated signaling pathway (GO:0050851)	0.0145477246252877	11
regulation of primary metabolic process (GO:0080090)	0.014490372518424801	10
regulation of protein serine/threonine kinase activity (GO:0071900)	0.0144250189303658	8
positive regulation of protein ubiquitination (GO:0031398)	0.0143656546820641	11
protein targeting to ER (GO:0045047)	0.0143480601314044	11
tumor necrosis factor-mediated signaling pathway (GO:0033209)	0.014322798202611599	11
regulation of cysteine-type endopeptidase activity involved in apoptotic process (GO:0043281)	0.014314333677345999	9
positive regulation of cell death (GO:0010942)	0.014258384352438602	7
antigen processing and presentation of exogenous peptide antigen via MHC class I, TAP-dependent (GO:0002479)	0.0142555943913039	10
antigen processing and presentation of exogenous peptide antigen via MHC class I (GO:0042590)	0.0142555943913039	10
negative regulation of cell differentiation (GO:0045596)	0.014213201899641998	6
cotranslational protein targeting to membrane (GO:0006613)	0.0140590759841644	10
negative regulation of protein phosphorylation (GO:0001933)	0.0139927313342296	9
positive regulation of vasculature development (GO:1904018)	0.0139857735073809	5
positive regulation of angiogenesis (GO:0045766)	0.0139857735073809	5
negative regulation of defense response (GO:0031348)	0.013979452931574696	8
DNA damage response, signal transduction by p53 class mediator (GO:0030330)	0.013959687668616402	8
positive regulation of RNA metabolic process (GO:0051254)	0.0139555296281347	7
T cell receptor signaling pathway (GO:0050852)	0.013947396827764498	10
positive regulation of cell growth (GO:0030307)	0.01390842447023	5
regulation of translational initiation (GO:0006446)	0.013903906040846	9
negative regulation of macromolecule metabolic process (GO:0010605)	0.013830268148449598	10
positive regulation of protein-containing complex assembly (GO:0031334)	0.013829574253317397	9
signal transduction by p53 class mediator (GO:0072331)	0.013749960870896801	5
regulation of gene silencing by miRNA (GO:0060964)	0.013678391622046399	9
cellular metal ion homeostasis (GO:0006875)	0.013615778827006502	8
regulation of stem cell differentiation (GO:2000736)	0.013560999818695	12
7-methylguanosine RNA capping (GO:0009452)	0.013433408005327701	9
7-methylguanosine mRNA capping (GO:0006370)	0.013433408005327701	9
positive regulation of cellular amide metabolic process (GO:0034250)	0.013394999053818201	8
positive regulation of macromolecule biosynthetic process (GO:0010557)	0.0133393175106464	8
cellular response to insulin stimulus (GO:0032869)	0.013332498408221597	9
mRNA 3'-end processing (GO:0031124)	0.0132254332468195	10
positive regulation of protein localization to membrane (GO:1905477)	0.013206091021507299	12
mRNA export from nucleus (GO:0006406)	0.013174507053993	10
regulated exocytosis (GO:0045055)	0.0131679674517357	11
regulation of hematopoietic progenitor cell differentiation (GO:1901532)	0.0131413791322992	11
regulation of hematopoietic stem cell differentiation (GO:1902036)	0.0131413791322992	11
double-strand break repair (GO:0006302)	0.0131324269920502	9
cellular response to lipid (GO:0071396)	0.013117485259981899	6
peptide biosynthetic process (GO:0043043)	0.0131052788027588	11
calcium ion homeostasis (GO:0055074)	0.013087643225422801	8
regulation of cell motility (GO:2000145)	0.0129995942717511	6
microtubule cytoskeleton organization involved in mitosis (GO:1902850)	0.012946570472694199	5
pre-replicative complex assembly (GO:0036388)	0.0128773395589904	10
negative regulation of inflammatory response (GO:0050728)	0.012849996697751498	9
Golgi organization (GO:0007030)	0.012823498575763601	8
negative regulation of cytokine production (GO:0001818)	0.0126707970761834	9
regulation of mRNA stability (GO:0043488)	0.0126678476798679	10
negative regulation of binding (GO:0051100)	0.0126532296399755	11
innate immune response activating cell surface receptor signaling pathway (GO:0002220)	0.0126138907770426	10
stimulatory C-type lectin receptor signaling pathway (GO:0002223)	0.0126138907770426	10
cellular response to lectin (GO:1990858)	0.0126138907770426	10
positive regulation of cellular metabolic process (GO:0031325)	0.0125878143239392	9
activation of cysteine-type endopeptidase activity involved in apoptotic process (GO:0006919)	0.0125802453957684	9
ribosomal large subunit biogenesis (GO:0042273)	0.0125221882335176	7
positive regulation of cellular catabolic process (GO:0031331)	0.012496049069420201	8
RNA transport (GO:0050658)	0.0124916907150595	10
interleukin-1-mediated signaling pathway (GO:0070498)	0.0124873934771038	10
regulation of cell cycle process (GO:0010564)	0.0124645252295645	7
fibroblast growth factor receptor signaling pathway (GO:0008543)	0.012463460052792799	10
cellular response to fibroblast growth factor stimulus (GO:0044344)	0.012463460052792799	10
nitrogen compound transport (GO:0071705)	0.0122291885967352	6
neuron differentiation (GO:0030182)	0.0121983939713632	4
nuclear export (GO:0051168)	0.0121691445181451	10
double-strand break repair via homologous recombination (GO:0000724)	0.0121508500023627	7
apoptotic process (GO:0006915)	0.012145822368043499	10
positive regulation of I-kappaB kinase/NF-kappaB signaling (GO:0043123)	0.012142872305066301	12
endoplasmic reticulum calcium ion homeostasis (GO:0032469)	0.0121392082742639	7
regulation of transcription by RNA polymerase I (GO:0006356)	0.012137029310094602	5
regulation of organelle organization (GO:0033043)	0.012068925336466401	6
Fc-epsilon receptor signaling pathway (GO:0038095)	0.0120282949511269	10
Fc receptor signaling pathway (GO:0038093)	0.0120282949511269	10
regulation of intracellular transport (GO:0032386)	0.011990722939925999	6
proteolysis (GO:0006508)	0.0119796166813608	6
regulation of cytokine production (GO:0001817)	0.0119519376074646	7
regulation of transcription from RNA polymerase II promoter in response to stress (GO:0043618)	0.0119425133234811	10
regulation of kinase activity (GO:0043549)	0.0119105972293857	8
regulation of macroautophagy (GO:0016241)	0.011907646943760196	11
response to amino acid starvation (GO:1990928)	0.011906413173058898	8
cellular response to amino acid starvation (GO:0034198)	0.011906413173058898	8
positive regulation of viral transcription (GO:0050434)	0.0118779120391681	8
positive regulation of protein modification by small protein conjugation or removal (GO:1903322)	0.0118381008144521	9
heart development (GO:0007507)	0.0118018353752723	6
axon guidance (GO:0007411)	0.0118013033659029	4
negative regulation of DNA recombination (GO:0045910)	0.011729588533024499	9
positive regulation of mRNA processing (GO:0050685)	0.0117208202690038	6
iron ion transport (GO:0006826)	0.011719402401425199	8
RNA 3'-end processing (GO:0031123)	0.0116307581029087	9
translational elongation (GO:0006414)	0.011605300416249102	6
regulation of protein kinase B signaling (GO:0051896)	0.011595392650673499	9
mRNA transport (GO:0051028)	0.0115798319100822	9
mRNA-containing ribonucleoprotein complex export from nucleus (GO:0071427)	0.0115798319100822	9
RNA export from nucleus (GO:0006405)	0.0115798319100822	9
cell-substrate junction assembly (GO:0007044)	0.011579206898238102	5
regulation of posttranscriptional gene silencing (GO:0060147)	0.0115622449167406	8
regulation of gene silencing by RNA (GO:0060966)	0.0115622449167406	8
positive regulation of transcription by RNA polymerase I (GO:0045943)	0.011521167062795701	4
response to lipid (GO:0033993)	0.0115048984644161	4
cellular response to organonitrogen compound (GO:0071417)	0.011477851153140999	7
regulation of necroptotic process (GO:0060544)	0.0114661635938702	7
DNA repair (GO:0006281)	0.0114340979112642	12
DNA damage response, signal transduction by p53 class mediator resulting in cell cycle arrest (GO:0006977)	0.011399387836317202	6
mitotic G1 DNA damage checkpoint signaling (GO:0031571)	0.011399387836317202	6
negative regulation of apoptotic signaling pathway (GO:2001234)	0.0113857489311994	4
regulation of viral genome replication (GO:0045069)	0.0113586936938309	5
positive regulation of metabolic process (GO:0009893)	0.011262862927780597	6
protein homooligomerization (GO:0051260)	0.0112494840438892	7
regulation of cytoskeleton organization (GO:0051493)	0.011245304888596	6
positive regulation of RNA splicing (GO:0033120)	0.0112204292125429	6
insulin receptor signaling pathway (GO:0008286)	0.011216351702915798	8
positive regulation of apoptotic signaling pathway (GO:2001235)	0.011157526119685101	8
negative regulation of protein binding (GO:0032091)	0.011132965237170299	9
regulation of protein catabolic process (GO:0042176)	0.011084048485660199	9
transferrin transport (GO:0033572)	0.010996398472740098	7
protein-containing complex subunit organization (GO:0043933)	0.0109508717768179	9
intrinsic apoptotic signaling pathway by p53 class mediator (GO:0072332)	0.0108972578354403	6
regulation of cell growth (GO:0001558)	0.0108959953180383	6
protein localization to organelle (GO:0033365)	0.0107743482667326	10
endomembrane system organization (GO:0010256)	0.010770142879258201	7
cellular divalent inorganic cation homeostasis (GO:0072503)	0.010699298623248601	6
negative regulation of viral process (GO:0048525)	0.0106949384858977	5
anaphase-promoting complex-dependent catabolic process (GO:0031145)	0.010680508299396799	10
cytoplasmic translation (GO:0002181)	0.0106176423015273	9
mitochondrion organization (GO:0007005)	0.0105936645405293	8
non-canonical Wnt signaling pathway (GO:0035567)	0.0105441881350739	8
positive regulation of developmental growth (GO:0048639)	0.010528926737354	3
external encapsulating structure organization (GO:0045229)	0.0105096682891402	4
positive regulation of mRNA splicing, via spliceosome (GO:0048026)	0.0104959897078542	5
positive regulation of mitochondrion organization (GO:0010822)	0.010479729303027102	7
protein destabilization (GO:0031648)	0.0104647587013932	5
nucleic acid-templated transcription (GO:0097659)	0.010441185161735199	7
regulation of cytokine-mediated signaling pathway (GO:0001959)	0.010420421367552897	6
cellular response to organic substance (GO:0071310)	0.010391256263133	5
vesicle transport along microtubule (GO:0047496)	0.0103448405737065	2
cytoplasmic microtubule organization (GO:0031122)	0.0103429242409919	3
nervous system development (GO:0007399)	0.010273904028983103	12
negative regulation of cysteine-type endopeptidase activity (GO:2000117)	0.010246365892684699	6
positive regulation of protein kinase B signaling (GO:0051897)	0.0102143022146013	8
ribosome assembly (GO:0042255)	0.010100777809249398	6
response to ionizing radiation (GO:0010212)	0.0100986739323274	7
negative regulation of mitotic cell cycle phase transition (GO:1901991)	0.010098518092625798	9
positive regulation of transmembrane receptor protein serine/threonine kinase signaling pathway (GO:0090100)	0.0100937474829555	4
recombinational repair (GO:0000725)	0.0100888891630176	5
response to interleukin-1 (GO:0070555)	0.0100874481121621	7
platelet degranulation (GO:0002576)	0.010080539649011901	8
positive regulation of cellular component organization (GO:0051130)	0.010076627637075699	5
regulation of cytosolic calcium ion concentration (GO:0051480)	0.010065418287554199	8
regulation of protein-containing complex assembly (GO:0043254)	0.010059915236931	6
regulation of transcription from RNA polymerase II promoter in response to hypoxia (GO:0061418)	0.0100017067951968	8
P-body assembly (GO:0033962)	0.0099646374741371	2
positive regulation of cellular component biogenesis (GO:0044089)	0.0099484996156275	5
NIK/NF-kappaB signaling (GO:0038061)	0.0099468077241255	8
organic substance transport (GO:0071702)	0.0099115349116783	5
response to UV (GO:0009411)	0.009910585811045699	7
regulation of cellular ketone metabolic process (GO:0010565)	0.0099095810384557	8
focal adhesion assembly (GO:0048041)	0.0099010652434664	3
ribonucleoprotein complex biogenesis (GO:0022613)	0.009900833476066599	6
regulation of transcription elongation from RNA polymerase II promoter (GO:0034243)	0.0098870638782599	3
negative regulation of DNA recombination at telomere (GO:0048239)	0.009840275103466299	6
regulation of DNA recombination at telomere (GO:0072695)	0.009840275103466299	6
cell junction assembly (GO:0034329)	0.009839585531593502	5
positive regulation of DNA binding (GO:0043388)	0.0098262329276057	3
integrin-mediated signaling pathway (GO:0007229)	0.0098206918202196	8
generation of neurons (GO:0048699)	0.009798149983333499	5
regulation of signal transduction (GO:0009966)	0.009765574591450398	8
spliceosomal snRNP assembly (GO:0000387)	0.0097605088593695	7
regulation of fibroblast proliferation (GO:0048145)	0.0097576514468521	6
positive regulation of peptidyl-tyrosine phosphorylation (GO:0050731)	0.009751442679322798	8
signal transduction in response to DNA damage (GO:0042770)	0.009735512994293	5
regulation of protein kinase activity (GO:0045859)	0.0096682311517623	6
regulation of rRNA processing (GO:2000232)	0.0096643898033714	3
positive regulation of rRNA processing (GO:2000234)	0.0096643898033714	3
cellular response to transforming growth factor beta stimulus (GO:0071560)	0.009660405222059899	6
transmembrane receptor protein serine/threonine kinase signaling pathway (GO:0007178)	0.009660405222059899	6
transforming growth factor beta receptor signaling pathway (GO:0007179)	0.009660405222059899	6
response to unfolded protein (GO:0006986)	0.0096157489456068	7
positive regulation of intrinsic apoptotic signaling pathway (GO:2001244)	0.009591293932974601	7
regulation of cyclin-dependent protein serine/threonine kinase activity (GO:0000079)	0.009560251115992301	9
positive regulation of cold-induced thermogenesis (GO:0120162)	0.009524925665255597	5
negative regulation of cysteine-type endopeptidase activity involved in apoptotic process (GO:0043154)	0.009480073641007	5
response to lipopolysaccharide (GO:0032496)	0.0094786758420969	4
enzyme linked receptor protein signaling pathway (GO:0007167)	0.0094700629202128	7
phagosome maturation (GO:0090382)	0.009466195999106999	6
phagosome acidification (GO:0090383)	0.009466195999106999	6
intracellular pH reduction (GO:0051452)	0.009466195999106999	6
SCF-dependent proteasomal ubiquitin-dependent protein catabolic process (GO:0031146)	0.0094567583152247	8
negative regulation of protein kinase activity (GO:0006469)	0.009456564882427	6
positive regulation of kinase activity (GO:0033674)	0.0094027252781414	6
positive regulation of cytokine production (GO:0001819)	0.0093855548092357	9
regulation of ion transport (GO:0043269)	0.0093820532688354	5
hippo signaling (GO:0035329)	0.0093533461912269	2
positive regulation of intracellular transport (GO:0032388)	0.0093264843306618	3
calcium ion transport (GO:0006816)	0.009326371752239899	7
stress granule assembly (GO:0034063)	0.0093152160506992	3
positive regulation of plasma membrane bounded cell projection assembly (GO:0120034)	0.0092974084477079	5
positive regulation of growth (GO:0045927)	0.0092845985084559	5
positive regulation of nucleocytoplasmic transport (GO:0046824)	0.0092792372593508	8
regulation of protein ubiquitination (GO:0031396)	0.0092790672313511	7
positive regulation of response to external stimulus (GO:0032103)	0.009262459828360301	6
ameboidal-type cell migration (GO:0001667)	0.0092357180453067	2
regulation of neuron apoptotic process (GO:0043523)	0.009229920221762302	6
cellular response to decreased oxygen levels (GO:0036294)	0.0092141553318002	5
negative regulation of G2/M transition of mitotic cell cycle (GO:0010972)	0.0092012393719819	7
negative regulation of cell cycle G2/M phase transition (GO:1902750)	0.0092012393719819	7
Wnt signaling pathway, planar cell polarity pathway (GO:0060071)	0.0092012393719819	7
regulation of cellular amine metabolic process (GO:0033238)	0.0092012393719819	7
regulation of establishment of planar polarity (GO:0090175)	0.0092012393719819	7
regulation of cellular amino acid metabolic process (GO:0006521)	0.0092012393719819	7
regulation of cellular response to stress (GO:0080135)	0.0092011712362229	11
cellular response to metal ion (GO:0071248)	0.0091671992903016	8
regulation of protein dephosphorylation (GO:0035304)	0.009154916901285599	3
proteolysis involved in cellular protein catabolic process (GO:0051603)	0.0091414503042084	7
calcium-mediated signaling (GO:0019722)	0.0091384153911003	6
positive regulation of neuron death (GO:1901216)	0.0091017423081283	6
negative regulation of I-kappaB kinase/NF-kappaB signaling (GO:0043124)	0.0090745362730909	5
protein localization to membrane (GO:0072657)	0.0090626070233553	6
positive regulation of cytosolic calcium ion concentration (GO:0007204)	0.0090408680393068	7
innate immune response (GO:0045087)	0.009021222951605	8
positive regulation of epithelial cell proliferation (GO:0050679)	0.009005620943039899	6
regulation of MAPK cascade (GO:0043408)	0.0089704671254879	9
cellular transition metal ion homeostasis (GO:0046916)	0.008964170389549801	6
extrinsic apoptotic signaling pathway in absence of ligand (GO:0097192)	0.0089324640363805	5
cellular response to heat (GO:0034605)	0.0089001872128996	6
positive regulation of mRNA catabolic process (GO:0061014)	0.0088212770460456	4
cellular response to UV (GO:0034644)	0.008817892056223799	7
regulation of RNA splicing (GO:0043484)	0.008788473125497501	6
negative regulation of kinase activity (GO:0033673)	0.0087482232159532	5
regulation of endothelial cell apoptotic process (GO:2000351)	0.0087327421664734	2
regulation of programmed necrotic cell death (GO:0062098)	0.0087256437738661	6
positive regulation of myeloid leukocyte differentiation (GO:0002763)	0.008707413215779499	4
regulation of neuron death (GO:1901214)	0.0086530382818407	6
organelle disassembly (GO:1903008)	0.0086268925578902	2
regulation of mitotic spindle organization (GO:0060236)	0.0085959471522163	4
intrinsic apoptotic signaling pathway in response to DNA damage (GO:0008630)	0.0085751362830463	8
negative regulation of G0 to G1 transition (GO:0070317)	0.0085635603284903	5
negative regulation of cell cycle process (GO:0010948)	0.0085635603284903	5
regulation of G0 to G1 transition (GO:0070316)	0.0085635603284903	5
proton transmembrane transport (GO:1902600)	0.008541306255671899	6
intracellular steroid hormone receptor signaling pathway (GO:0030518)	0.008495634973599	3
positive regulation of protein binding (GO:0032092)	0.0084819202907	7
positive regulation of cytoskeleton organization (GO:0051495)	0.0084760681795867	3
negative regulation of supramolecular fiber organization (GO:1902904)	0.008472923781565899	5
entrainment of circadian clock by photoperiod (GO:0043153)	0.0084639460557287	4
photoperiodism (GO:0009648)	0.0084639460557287	4
hemopoiesis (GO:0030097)	0.0084478046770478	4
negative regulation of translation (GO:0017148)	0.0083627857620592	5
positive regulation of mitochondrial outer membrane permeabilization involved in apoptotic signaling pathway (GO:1901030)	0.0083370082057716	8
nucleosome organization (GO:0034728)	0.0082529716878588	6
negative regulation of angiogenesis (GO:0016525)	0.0082484618001593	4
negative regulation of blood vessel morphogenesis (GO:2000181)	0.0082484618001593	4
regulation of spindle assembly (GO:0090169)	0.008227252658646999	3
regulation of tyrosine phosphorylation of STAT protein (GO:0042509)	0.0082248213923953	4
histone acetylation (GO:0016573)	0.0082054408013273	3
vascular endothelial growth factor receptor signaling pathway (GO:0048010)	0.008202663634532599	5
response to molecule of bacterial origin (GO:0002237)	0.0081265111714688	2
negative regulation of epithelial cell apoptotic process (GO:1904036)	0.0081165401027184	3
mitochondrial translational elongation (GO:0070125)	0.008088950962016601	4
translational termination (GO:0006415)	0.008088950962016601	4
mitochondrial translational termination (GO:0070126)	0.008088950962016601	4
regulation of proteasomal ubiquitin-dependent protein catabolic process (GO:0032434)	0.008084439837104001	8
positive regulation of protein kinase activity (GO:0045860)	0.0080647448006709	6
regulation of macromolecule metabolic process (GO:0060255)	0.0080595838329589	6
nuclear migration (GO:0007097)	0.0080461700450715	2
positive regulation of protein localization to nucleus (GO:1900182)	0.008026809480056001	7
negative regulation of amyloid precursor protein catabolic process (GO:1902992)	0.0080032260507694	3
positive regulation of extrinsic apoptotic signaling pathway (GO:2001238)	0.00799599085961	5
aerobic electron transport chain (GO:0019646)	0.0079604140367393	6
mitochondrial ATP synthesis coupled electron transport (GO:0042775)	0.0079604140367393	6
regulation of cilium assembly (GO:1902017)	0.0079416654624473	4
extracellular structure organization (GO:0043062)	0.0079359567109517	3
positive regulation of cilium assembly (GO:0045724)	0.0079164309080383	3
regulation of cellular localization (GO:0060341)	0.0079082971767257	2
epidermis development (GO:0008544)	0.007901464550845099	5
apoptotic cell clearance (GO:0043277)	0.0078774567646116	3
regulation of intrinsic apoptotic signaling pathway (GO:2001242)	0.007874871848665501	6
intracellular estrogen receptor signaling pathway (GO:0030520)	0.0078520733715719	2
retrograde axonal transport (GO:0008090)	0.0078372645183783	2
axonal transport (GO:0098930)	0.0078372645183783	2
positive regulation of fibroblast proliferation (GO:0048146)	0.0078328870253495	4
positive regulation of transcription initiation from RNA polymerase II promoter (GO:0060261)	0.0078205951838111	3
regulation of alternative mRNA splicing, via spliceosome (GO:0000381)	0.007734181790607	6
fatty acid beta-oxidation (GO:0006635)	0.0077241218863623	3
negative regulation of ubiquitin-dependent protein catabolic process (GO:2000059)	0.0076889101016345005	7
regulation of interferon-gamma-mediated signaling pathway (GO:0060334)	0.0076310009982082	3
mitochondrial electron transport, NADH to ubiquinone (GO:0006120)	0.0076286002203138	5
NADH dehydrogenase complex assembly (GO:0010257)	0.0076286002203138	5
mitochondrial respiratory chain complex assembly (GO:0033108)	0.0076286002203138	5
mitochondrial respiratory chain complex I assembly (GO:0032981)	0.0076286002203138	5
peptide cross-linking (GO:0018149)	0.007617802006405999	4
positive regulation of macroautophagy (GO:0016239)	0.007614968491290501	5
negative regulation of neuron death (GO:1901215)	0.0075978125402513	7
cellular response to light stimulus (GO:0071482)	0.0075945156704663	5
regulation of amyloid precursor protein catabolic process (GO:1902991)	0.0075907842059712	2
cellular response to mechanical stimulus (GO:0071260)	0.007582366873818999	6
epithelial cell differentiation (GO:0030855)	0.007575634593780101	6
cellular response to chemical stress (GO:0062197)	0.0075727405688535	8
protein targeting (GO:0006605)	0.0075710890228866	7
DNA-templated transcription, termination (GO:0006353)	0.007569458234443699	7
cellular response to copper ion (GO:0071280)	0.0075600907663281	4
response to copper ion (GO:0046688)	0.0075600907663281	4
apoptotic mitochondrial changes (GO:0008637)	0.007555528717627	6
vesicle targeting, rough ER to cis-Golgi (GO:0048207)	0.007543185997895699	4
COPII-coated vesicle budding (GO:0090114)	0.007543185997895699	4
vesicle coating (GO:0006901)	0.007543185997895699	4
COPII vesicle coating (GO:0048208)	0.007543185997895699	4
muscle contraction (GO:0006936)	0.007539671039381799	5
cellular response to oxidative stress (GO:0034599)	0.007535877955575101	9
ubiquitin-dependent ERAD pathway (GO:0030433)	0.0074991036012959	5
ERAD pathway (GO:0036503)	0.0074991036012959	5
intracellular protein transport (GO:0006886)	0.007495319115466001	10
cellular response to ionizing radiation (GO:0071479)	0.007454267976778001	6
regulation of BMP signaling pathway (GO:0030510)	0.0074310377706559	2
myeloid leukocyte differentiation (GO:0002573)	0.0074299094626663	6
positive regulation of protein metabolic process (GO:0051247)	0.0074298692643468	8
regulation of receptor signaling pathway via JAK-STAT (GO:0046425)	0.0074192918534568995	3
apical junction assembly (GO:0043297)	0.0074033282319161	4
neuron development (GO:0048666)	0.007379629585431	4
regulation of extrinsic apoptotic signaling pathway via death domain receptors (GO:1902041)	0.007354234168068199	4
ribosome disassembly (GO:0032790)	0.0073266233883439	1
post-Golgi vesicle-mediated transport (GO:0006892)	0.0073145868162522	3
positive regulation of mRNA binding (GO:1902416)	0.0073143580658779	4
extrinsic apoptotic signaling pathway via death domain receptors (GO:0008625)	0.0073044463028125	6
regulation of spindle organization (GO:0090224)	0.0072859510761385	2
positive regulation of cell cycle process (GO:0090068)	0.0072859510761385	2
protein localization to cell periphery (GO:1990778)	0.0072525679868709	4
negative regulation of developmental process (GO:0051093)	0.0072453401033848	3
histone H4 acetylation (GO:0043967)	0.0072389141339441	2
negative regulation of transport (GO:0051051)	0.007235040518545101	5
3'-UTR-mediated mRNA stabilization (GO:0070935)	0.0071968668435709	1
mRNA stabilization (GO:0048255)	0.0071968668435709	1
protein tetramerization (GO:0051262)	0.0071897182771906	5
regulation of cell adhesion (GO:0030155)	0.0071862803567185	5
calcium ion transmembrane transport (GO:0070588)	0.0071813766339624005	4
adherens junction organization (GO:0034332)	0.0071591881444402	3
cell-cell junction assembly (GO:0007043)	0.0071591881444402	3
positive regulation of establishment of protein localization to mitochondrion (GO:1903749)	0.0071427818506319	8
posttranscriptional regulation of gene expression (GO:0010608)	0.0071363455770344	4
negative regulation of cellular carbohydrate metabolic process (GO:0010677)	0.0071062054383794	4
regulation of vesicle-mediated transport (GO:0060627)	0.007083465702942201	4
negative regulation of calcineurin-NFAT signaling cascade (GO:0070885)	0.0070819744572660995	3
negative regulation of calcineurin-mediated signaling (GO:0106057)	0.0070819744572660995	3
regulation of calcineurin-NFAT signaling cascade (GO:0070884)	0.0070819744572660995	3
DNA replication (GO:0006260)	0.0070767318077672	4
I-kappaB kinase/NF-kappaB signaling (GO:0007249)	0.0070522152203223	5
negative regulation of protein catabolic process (GO:0042177)	0.0070420172839017	5
dephosphorylation (GO:0016311)	0.0069999508955204005	6
protein dephosphorylation (GO:0006470)	0.0069999508955204005	6
fatty acid metabolic process (GO:0006631)	0.006999693361022	3
histone deacetylation (GO:0016575)	0.006970779128905399	3
histone H3 deacetylation (GO:0070932)	0.006970779128905399	3
establishment of spindle localization (GO:0051293)	0.0069172565825692	1
antigen processing and presentation of exogenous peptide antigen (GO:0002478)	0.0069172565825692	1
regulation of metaphase plate congression (GO:0090235)	0.0069172565825692	1
aggrephagy (GO:0035973)	0.0069172565825692	1
antigen processing and presentation of peptide antigen via MHC class II (GO:0002495)	0.0069172565825692	1
selective autophagy (GO:0061912)	0.0069172565825692	1
nucleus localization (GO:0051647)	0.0069172565825692	1
antigen processing and presentation of exogenous peptide antigen via MHC class II (GO:0019886)	0.0069172565825692	1
regulation of stress-activated MAPK cascade (GO:0032872)	0.0069169287373093	3
negative regulation of cellular response to growth factor stimulus (GO:0090288)	0.0069150882425013	3
negative regulation of phosphorylation (GO:0042326)	0.0068992697856134	3
regulation of response to external stimulus (GO:0032101)	0.0068955041489162	6
regulation of smooth muscle cell proliferation (GO:0048660)	0.0068769465695211005	3
regulation of small GTPase mediated signal transduction (GO:0051056)	0.0068543323354874	4
positive regulation of catabolic process (GO:0009896)	0.0068309225127337996	5
negative regulation of viral genome replication (GO:0045071)	0.0068179696267203	3
negative regulation of neuron differentiation (GO:0045665)	0.0067975968516889	2
negative regulation of cellular response to insulin stimulus (GO:1900077)	0.006788740561805001	3
negative regulation of insulin receptor signaling pathway (GO:0046627)	0.006788740561805001	3
regulation of insulin receptor signaling pathway (GO:0046626)	0.006788740561805001	3
regulation of p38MAPK cascade (GO:1900744)	0.006772557453396899	3
protein complex oligomerization (GO:0051259)	0.006758295795286001	6
regulation of phagocytosis (GO:0050764)	0.0067563953912472	4
regulation of axon guidance (GO:1902667)	0.0067505083754145	2
cation transport (GO:0006812)	0.0067457389919104	3
regulation of epithelial cell proliferation (GO:0050678)	0.0067172171160942	6
spliceosomal complex assembly (GO:0000245)	0.0067016618914067004	10
protein ADP-ribosylation (GO:0006471)	0.0066957348570214	2
protein poly-ADP-ribosylation (GO:0070212)	0.0066957348570214	2
negative regulation of microtubule polymerization or depolymerization (GO:0031111)	0.0066876250182459	3
positive regulation of DNA metabolic process (GO:0051054)	0.0066867982813892	4
spindle assembly (GO:0051225)	0.0066809903431118995	5
response to calcium ion (GO:0051592)	0.0066755518722126	5
inner mitochondrial membrane organization (GO:0007007)	0.0066724791137884	3
cristae formation (GO:0042407)	0.0066724791137884	3
positive regulation of CD4-positive, alpha-beta T cell differentiation (GO:0043372)	0.0066678073477501	2
negative regulation of cell cycle (GO:0045786)	0.006640038131730001	7
protein localization to cell-cell junction (GO:0150105)	0.0066208557024344	3
positive regulation of DNA-templated transcription, initiation (GO:2000144)	0.0066188346909936	2
epithelium development (GO:0060429)	0.006592929249866401	6
regulation of cellular response to heat (GO:1900034)	0.006591023643489099	8
DNA duplex unwinding (GO:0032508)	0.006583816383989499	7
cilium organization (GO:0044782)	0.0065644294605295	6
plasma membrane bounded cell projection assembly (GO:0120031)	0.0065644294605295	6
tight junction assembly (GO:0120192)	0.0065594969967977	3
bicellular tight junction assembly (GO:0070830)	0.0065594969967977	3
negative regulation of cell death (GO:0060548)	0.0065561611311376	8
protein localization to plasma membrane (GO:0072659)	0.0065442263203971	3
negative regulation of epithelial cell proliferation (GO:0050680)	0.0065176239026895	5
regulation of macrophage derived foam cell differentiation (GO:0010743)	0.0065066731592018	3
phosphatidylinositol biosynthetic process (GO:0006661)	0.0064791192548544	2
Ras protein signal transduction (GO:0007265)	0.006474506806527699	4
cell-cell junction organization (GO:0045216)	0.0064642210935811	3
response to metal ion (GO:0010038)	0.0064369275315672	4
positive regulation of protein catabolic process (GO:0045732)	0.0064260571107834005	6
cell morphogenesis involved in differentiation (GO:0000904)	0.0064202283279161994	5
positive regulation of cysteine-type endopeptidase activity (GO:2001056)	0.006419393116680099	6
endoplasmic reticulum organization (GO:0007029)	0.006410499662762899	4
bone development (GO:0060348)	0.0063932420273833	4
negative regulation of protein processing (GO:0010955)	0.006393123497650199	2
regulation of gene expression, epigenetic (GO:0040029)	0.0063642526452055	6
cell-cell adhesion via plasma-membrane adhesion molecules (GO:0098742)	0.0063481895829626996	2
mitochondrial transport (GO:0006839)	0.0063430919747296	4
negative regulation of intrinsic apoptotic signaling pathway in response to DNA damage (GO:1902230)	0.0063397950474033005	3
negative regulation of response to stimulus (GO:0048585)	0.0063388187954616	4
negative regulation of multicellular organismal process (GO:0051241)	0.006336028357298	4
regulation of establishment of endothelial barrier (GO:1903140)	0.0063317467713256	2
regulation of mRNA processing (GO:0050684)	0.0063251355129409995	4
regulation of peptidyl-tyrosine phosphorylation (GO:0050730)	0.0063193678468579	5
maintenance of blood-brain barrier (GO:0035633)	0.0063153569093217996	2
retrograde vesicle-mediated transport, Golgi to endoplasmic reticulum (GO:0006890)	0.0063018432305041	4
regulation of DNA-templated transcription, elongation (GO:0032784)	0.0062794416634059	3
regulation of heterotypic cell-cell adhesion (GO:0034114)	0.0062469974809905	3
negative regulation of microtubule polymerization (GO:0031115)	0.006244535393248	2
regulation of microtubule polymerization (GO:0031113)	0.006244535393248	2
negative regulation of protein polymerization (GO:0032272)	0.006244535393248	2
negative regulation of endothelial cell proliferation (GO:0001937)	0.0062423394729029	3
ATP-dependent chromatin remodeling (GO:0043044)	0.0062380780845398	4
regulation of toll-like receptor 3 signaling pathway (GO:0034139)	0.0062357122808954	3
protein localization to membrane raft (GO:1903044)	0.0062357122808954	3
modulation by host of symbiont process (GO:0051851)	0.0062327693568264	4
regulation of DNA binding (GO:0051101)	0.0062323037591669	6
chromatin remodeling (GO:0006338)	0.0062188734100473	6
regulation of chemotaxis (GO:0050920)	0.0061997447000273	4
negative regulation of peptidyl-tyrosine phosphorylation (GO:0050732)	0.0061900161494679	3
positive regulation of T cell activation (GO:0050870)	0.0061695497373543	2
positive regulation of autophagy of mitochondrion (GO:1903599)	0.0061681038111414	2
chromosome organization (GO:0051276)	0.006125675538029899	6
protein insertion into ER membrane (GO:0045048)	0.0061053803267859	4
substrate adhesion-dependent cell spreading (GO:0034446)	0.0060976844671166	4
positive regulation of autophagy (GO:0010508)	0.0060968279315721	5
positive regulation of endothelial cell migration (GO:0010595)	0.0060923516613409	4
carbohydrate homeostasis (GO:0033500)	0.0060860644112174	5
glucose homeostasis (GO:0042593)	0.0060860644112174	5
regulation of retinal ganglion cell axon guidance (GO:0090259)	0.0060825262360504	1
positive regulation of osteoclast differentiation (GO:0045672)	0.0060825262360504	1
response to estradiol (GO:0032355)	0.0060825262360504	1
regulation of axon extension (GO:0030516)	0.0060825262360504	1
cellular response to estradiol stimulus (GO:0071392)	0.0060825262360504	1
regulation of osteoclast differentiation (GO:0045670)	0.0060825262360504	1
ganglion development (GO:0061548)	0.0060825262360504	1
positive regulation of transcription regulatory region DNA binding (GO:2000679)	0.0060825262360504	1
positive regulation of axonogenesis (GO:0050772)	0.0060825262360504	1
regulation of transcription regulatory region DNA binding (GO:2000677)	0.0060825262360504	1
positive regulation of axon extension (GO:0045773)	0.0060825262360504	1
cellular response to increased oxygen levels (GO:0036295)	0.0060773067186754	4
cellular respiration (GO:0045333)	0.006017786815364001	5
regulation of innate immune response (GO:0045088)	0.006011379903168201	5
regulation of lipid metabolic process (GO:0019216)	0.0059974748129167	4
iron ion homeostasis (GO:0055072)	0.0059888979930229	5
cellular iron ion homeostasis (GO:0006879)	0.0059888979930229	5
negative regulation of receptor signaling pathway via STAT (GO:1904893)	0.0059823974138972	2
negative regulation of receptor signaling pathway via JAK-STAT (GO:0046426)	0.0059823974138972	2
protein K48-linked ubiquitination (GO:0070936)	0.0059684427098035	6
regulation of blood vessel endothelial cell migration (GO:0043535)	0.0059651835171688995	3
regulation of mRNA binding (GO:1902415)	0.005961082746172901	3
positive regulation of RNA binding (GO:1905216)	0.005961082746172901	3
actin filament organization (GO:0007015)	0.0059533990723932	5
blood vessel endothelial cell migration (GO:0043534)	0.0059424720665428995	2
endothelial cell migration (GO:0043542)	0.0059424720665428995	2
response to glucose (GO:0009749)	0.0059290685327586	4
negative regulation of translational initiation (GO:0045947)	0.0059269089130786	2
regulation of autophagy of mitochondrion (GO:1903146)	0.005924767173396401	3
cytosolic transport (GO:0016482)	0.0059216239095276	6
histone exchange (GO:0043486)	0.0058994085945662	2
negative regulation of cellular amide metabolic process (GO:0034249)	0.005896081453889	4
Fc-gamma receptor signaling pathway involved in phagocytosis (GO:0038096)	0.0058726465090619	6
Fc receptor mediated stimulatory signaling pathway (GO:0002431)	0.0058726465090619	6
Fc-gamma receptor signaling pathway (GO:0038094)	0.0058726465090619	6
regulation of protein targeting to membrane (GO:0090313)	0.0058532519723507	4
positive regulation of protein targeting to membrane (GO:0090314)	0.0058532519723507	4
negative regulation of innate immune response (GO:0045824)	0.0058434934452875	4
protein homotetramerization (GO:0051289)	0.0058404532628969	3
cellular response to radiation (GO:0071478)	0.0058370959796181995	4
regulation of neuron differentiation (GO:0045664)	0.0058251319686455005	3
phosphorylation of RNA polymerase II C-terminal domain (GO:0070816)	0.0058110200300508005	2
regulation of ERK1 and ERK2 cascade (GO:0070372)	0.0057922787967267	7
negative regulation of immune response (GO:0050777)	0.0057916449486192	6
positive regulation of ubiquitin-protein transferase activity (GO:0051443)	0.0057890720465909005	5
protein exit from endoplasmic reticulum (GO:0032527)	0.0057514191797796	3
endoplasmic reticulum to cytosol transport (GO:1903513)	0.0057514191797796	3
retrograde protein transport, ER to cytosol (GO:0030970)	0.0057514191797796	3
phospholipase C-activating G protein-coupled receptor signaling pathway (GO:0007200)	0.0057505598577065	3
organic anion transport (GO:0015711)	0.0057502363114337995	2
positive regulation of mRNA metabolic process (GO:1903313)	0.0057488182174328	2
positive regulation of protein dephosphorylation (GO:0035307)	0.0057273329101482995	2
positive regulation of dephosphorylation (GO:0035306)	0.0057273329101482995	2
anion transmembrane transport (GO:0098656)	0.0057250985917867	3
calcium-mediated signaling using intracellular calcium source (GO:0035584)	0.0057133713811551995	3
mitochondrial membrane organization (GO:0007006)	0.0056997013953974	2
positive regulation of neuron apoptotic process (GO:0043525)	0.0056975215329699	3
negative regulation of stress-activated MAPK cascade (GO:0032873)	0.005697478589831499	2
negative regulation of JNK cascade (GO:0046329)	0.005697478589831499	2
regulation of JNK cascade (GO:0046328)	0.005697478589831499	2
regulation of transforming growth factor beta receptor signaling pathway (GO:0017015)	0.0056953437179342	5
positive regulation of MAPK cascade (GO:0043410)	0.005692028658590901	7
positive regulation of DNA-templated transcription, elongation (GO:0032786)	0.0056742638181214	3
positive regulation of T-helper cell differentiation (GO:0045624)	0.0056720078827777	4
positive regulation of neuron projection development (GO:0010976)	0.0056615018316744006	2
regulation of endothelial cell migration (GO:0010594)	0.0056611659506011	3
positive regulation of epithelial cell migration (GO:0010634)	0.0056611659506011	3
mitochondrial fragmentation involved in apoptotic process (GO:0043653)	0.0056303988989079	4
cellular response to peptide (GO:1901653)	0.0056299736743128	4
regulation of tumor necrosis factor-mediated signaling pathway (GO:0010803)	0.0056251939412194	5
protein import (GO:0017038)	0.005608506801188001	6
positive regulation of release of sequestered calcium ion into cytosol (GO:0051281)	0.0056039775921294	3
cellular protein localization (GO:0034613)	0.0055930693120416	6
extracellular matrix disassembly (GO:0022617)	0.0055857036124821995	3
cellular component disassembly (GO:0022411)	0.0055857036124821995	3
actomyosin structure organization (GO:0031032)	0.005585185015823199	6
regulation of type I interferon production (GO:0032479)	0.005550381467367	7
regulation of reactive oxygen species metabolic process (GO:2000377)	0.0055492559218387	3
positive regulation of cell cycle (GO:0045787)	0.0055414126886462	4
regulation of mononuclear cell migration (GO:0071675)	0.0055398269072351	2
positive regulation of reactive oxygen species metabolic process (GO:2000379)	0.0055396195297499	3
regulation of NIK/NF-kappaB signaling (GO:1901222)	0.005538181900367201	4
negative regulation of endothelial cell migration (GO:0010596)	0.005533997806429099	2
negative regulation of blood vessel endothelial cell migration (GO:0043537)	0.005533997806429099	2
membrane raft assembly (GO:0001765)	0.0055273706144216	2
membrane raft organization (GO:0031579)	0.0055273706144216	2
membrane assembly (GO:0071709)	0.0055273706144216	2
regulation of toll-like receptor signaling pathway (GO:0034121)	0.0055273706144216	2
electron transport chain (GO:0022900)	0.005519539037435	4
respiratory electron transport chain (GO:0022904)	0.005519539037435	4
positive regulation of phosphate metabolic process (GO:0045937)	0.0055176849996987	3
regulation of response to interferon-gamma (GO:0060330)	0.0055148542929024	2
regulation of protein import into nucleus (GO:0042306)	0.005509697442291701	5
positive regulation of protein import (GO:1904591)	0.005509697442291701	5
positive regulation of protein import into nucleus (GO:0042307)	0.005509697442291701	5
chromatin assembly (GO:0031497)	0.005507832401142099	5
regulation of endothelial cell proliferation (GO:0001936)	0.0055072832036693	3
skin development (GO:0043588)	0.0054718114559291	4
Wnt signaling pathway (GO:0016055)	0.0054614018876674	5
regulation of glycolytic process (GO:0006110)	0.0054609605511991	5
protein K63-linked deubiquitination (GO:0070536)	0.0054451059324572	3
protein targeting to membrane (GO:0006612)	0.0054299124157825	5
protein insertion into membrane (GO:0051205)	0.0054194590686064	3
regulation of response to cytokine stimulus (GO:0060759)	0.0054154345538671	4
regulation of tumor necrosis factor production (GO:0032680)	0.0054025715327704	3
regulation of defense response (GO:0031347)	0.0053763822417013	4
negative regulation of intrinsic apoptotic signaling pathway by p53 class mediator (GO:1902254)	0.0053738969250806	2
regulation of intrinsic apoptotic signaling pathway in response to DNA damage by p53 class mediator (GO:1902165)	0.0053738969250806	2
negative regulation of intrinsic apoptotic signaling pathway in response to DNA damage by p53 class mediator (GO:1902166)	0.0053738969250806	2
ribosomal large subunit assembly (GO:0000027)	0.0053673313699497995	3
negative regulation of ATP metabolic process (GO:1903579)	0.0053372073349469	3
negative regulation of lipid metabolic process (GO:0045833)	0.0053332348592088005	2
regulation of lipid catabolic process (GO:0050994)	0.0053332348592088005	2
negative regulation of lipid catabolic process (GO:0050995)	0.0053332348592088005	2
histone H2A monoubiquitination (GO:0035518)	0.0053285688245535996	4
response to tumor necrosis factor (GO:0034612)	0.0053255259221184	4
cellular response to peptide hormone stimulus (GO:0071375)	0.005324715828639699	4
regulation of establishment or maintenance of cell polarity (GO:0032878)	0.0053148910653501	1
negative regulation of endothelial cell apoptotic process (GO:2000352)	0.0053148910653501	1
cell-cell adhesion mediated by cadherin (GO:0044331)	0.0053148910653501	1
positive regulation of BMP signaling pathway (GO:0030513)	0.0053148910653501	1
vasculature development (GO:0001944)	0.0053148910653501	1
regulation of establishment of cell polarity (GO:2000114)	0.0053148910653501	1
calcium-dependent cell-cell adhesion via plasma membrane cell adhesion molecules (GO:0016339)	0.0053148910653501	1
positive regulation of establishment of endothelial barrier (GO:1903142)	0.0053148910653501	1
positive regulation of endothelial cell development (GO:1901552)	0.0053148910653501	1
negative regulation of lipid storage (GO:0010888)	0.0053135117811526	2
negative regulation of macrophage derived foam cell differentiation (GO:0010745)	0.0053135117811526	2
chromatin organization (GO:0006325)	0.0052997953285344	6
histone H3 acetylation (GO:0043966)	0.005297359275506199	2
phosphate-containing compound metabolic process (GO:0006796)	0.005296977460823	2
negative regulation of alpha-beta T cell differentiation (GO:0046639)	0.0052740557474234	1
negative regulation of CD8-positive, alpha-beta T cell activation (GO:2001186)	0.0052740557474234	1
positive regulation of regulatory T cell differentiation (GO:0045591)	0.0052740557474234	1
positive regulation of CD4-positive, alpha-beta T cell activation (GO:2000516)	0.0052740557474234	1
regulation of CD4-positive, alpha-beta T cell differentiation (GO:0043370)	0.0052740557474234	1
cellular response to interleukin-7 (GO:0098761)	0.0052740557474234	1
interleukin-7-mediated signaling pathway (GO:0038111)	0.0052740557474234	1
negative regulation of tyrosine phosphorylation of STAT protein (GO:0042532)	0.0052740557474234	1
positive regulation of alpha-beta T cell differentiation (GO:0046638)	0.0052740557474234	1
phosphatidylinositol phosphate biosynthetic process (GO:0046854)	0.0052740557474234	1
positive regulation of T cell differentiation (GO:0045582)	0.0052740557474234	1
regulation of regulatory T cell differentiation (GO:0045589)	0.0052740557474234	1
regulation of CD8-positive, alpha-beta T cell differentiation (GO:0043376)	0.0052740557474234	1
miRNA metabolic process (GO:0010586)	0.0052718824160642	2
regulation of cyclin-dependent protein kinase activity (GO:1904029)	0.005259385279703099	4
regulation of cellular protein metabolic process (GO:0032268)	0.005256463005942199	4
mitotic nuclear division (GO:0140014)	0.0052412262545121	5
negative regulation of cytokine-mediated signaling pathway (GO:0001960)	0.0051939730926546	3
cellular response to amino acid stimulus (GO:0071230)	0.0051936590183458	3
potassium ion transport (GO:0006813)	0.0051917010640004	2
regulation of organelle assembly (GO:1902115)	0.0051834304348532	4
regulation of protein insertion into mitochondrial membrane involved in apoptotic signaling pathway (GO:1900739)	0.005169917403923301	6
positive regulation of protein insertion into mitochondrial membrane involved in apoptotic signaling pathway (GO:1900740)	0.005169917403923301	6
double-strand break repair via nonhomologous end joining (GO:0006303)	0.005153684889596	3
positive regulation of protein tyrosine kinase activity (GO:0061098)	0.0051533985565798	4
cellular response to ketone (GO:1901655)	0.0051316922975415	2
regulation of protein tyrosine kinase activity (GO:0061097)	0.005117141104559	4
regulation of protein localization to nucleus (GO:1900180)	0.0051063006207197	5
ERK1 and ERK2 cascade (GO:0070371)	0.0050887703916236	3
regulation of neuron projection development (GO:0010975)	0.0050849294115196	4
positive regulation of proteasomal ubiquitin-dependent protein catabolic process (GO:0032436)	0.0050657891105965	6
muscle filament sliding (GO:0030049)	0.0050518296497969	3
actin-myosin filament sliding (GO:0033275)	0.0050518296497969	3
B cell differentiation (GO:0030183)	0.0050336798262481	3
positive regulation of cell-substrate adhesion (GO:0010811)	0.005029957259534	4
regulation of heart contraction (GO:0008016)	0.0050172338479129	4
adenylate cyclase-modulating G protein-coupled receptor signaling pathway (GO:0007188)	0.0050053704395507	3
regulation of glucocorticoid receptor signaling pathway (GO:2000322)	0.005001651078408599	2
negative regulation of type I interferon production (GO:0032480)	0.0049892272293068	6
ERBB signaling pathway (GO:0038127)	0.0049802128540601	4
ERBB2 signaling pathway (GO:0038128)	0.0049802128540601	4
membrane organization (GO:0061024)	0.0049711483530152	7
interferon-gamma-mediated signaling pathway (GO:0060333)	0.0049536800066559	3
cellular response to interferon-gamma (GO:0071346)	0.0049536800066559	3
negative regulation of secretion (GO:0051048)	0.0049093959653787	3
protein targeting to mitochondrion (GO:0006626)	0.0049009661919865	4
hematopoietic progenitor cell differentiation (GO:0002244)	0.0048969370251556	2
bone marrow development (GO:0048539)	0.0048969370251556	2
negative regulation of proteasomal ubiquitin-dependent protein catabolic process (GO:0032435)	0.0048925451009175	5
regulation of cellular component size (GO:0032535)	0.0048913883807074	3
negative regulation of RNA splicing (GO:0033119)	0.0048873956322692	3
negative regulation of mRNA processing (GO:0050686)	0.0048873956322692	3
negative regulation of mRNA splicing, via spliceosome (GO:0048025)	0.0048873956322692	3
negative regulation of cell projection organization (GO:0031345)	0.0048773658995728	3
heart morphogenesis (GO:0003007)	0.0048757655179686	2
regulation of interleukin-12 production (GO:0032655)	0.0048654517579878	2
regulation of lipid storage (GO:0010883)	0.0048640243737249	3
negative regulation of metabolic process (GO:0009892)	0.0048603209443729995	2
B cell activation (GO:0042113)	0.0048505537133183	3
negative regulation of defense response to virus (GO:0050687)	0.0048414599114179	2
regulation of mitochondrion organization (GO:0010821)	0.0048306629185699	4
response to retinoic acid (GO:0032526)	0.0048230591348331	3
peptidyl-serine phosphorylation (GO:0018105)	0.0048149439024747	7
intrinsic apoptotic signaling pathway in response to DNA damage by p53 class mediator (GO:0042771)	0.004814731599389901	5
regulation of Rho protein signal transduction (GO:0035023)	0.0047935075944208	5
negative regulation of intracellular steroid hormone receptor signaling pathway (GO:0033144)	0.004785021703768999	2
mRNA splice site selection (GO:0006376)	0.0047683575489754	6
cellular response to oxygen levels (GO:0071453)	0.0047653550500381	3
response to hexose (GO:0009746)	0.0047607998642153	2
positive regulation of cell morphogenesis involved in differentiation (GO:0010770)	0.0047425152431649995	4
cellular protein catabolic process (GO:0044257)	0.0047418437906874	2
DNA unwinding involved in DNA replication (GO:0006268)	0.00473525010488	4
positive regulation of chemotaxis (GO:0050921)	0.0047209823199220995	2
positive regulation of locomotion (GO:0040017)	0.0047209823199220995	2
histone H2A ubiquitination (GO:0033522)	0.0047010602723396005	4
release of cytochrome c from mitochondria (GO:0001836)	0.0047001167096878994	3
regulation of amyloid-beta formation (GO:1902003)	0.004694780320136	3
positive regulation of dendrite development (GO:1900006)	0.0046788756422672	1
regulation of dendrite development (GO:0050773)	0.0046788756422672	1
positive regulation of cation channel activity (GO:2001259)	0.0046743332642315	2
positive regulation of calcium ion transmembrane transporter activity (GO:1901021)	0.0046743332642315	2
response to hydrogen peroxide (GO:0042542)	0.0046743235457334	3
negative regulation of cellular metabolic process (GO:0031324)	0.0046703630167473	3
RNA splicing, via transesterification reactions (GO:0000375)	0.0046666763608115	5
positive regulation of smooth muscle cell proliferation (GO:0048661)	0.0046646003742174995	2
protein K11-linked ubiquitination (GO:0070979)	0.0046578716740363	4
negative regulation of NF-kappaB transcription factor activity (GO:0032088)	0.0046509203171187005	3
nuclear-transcribed mRNA catabolic process, deadenylation-dependent decay (GO:0000288)	0.0046420560354787	2
regulation of dendritic spine maintenance (GO:1902950)	0.0046401413054719	3
gene silencing by miRNA (GO:0035195)	0.0046358829883429	2
regulation of cell death (GO:0010941)	0.0046179935097374	5
regulation of myoblast differentiation (GO:0045661)	0.0046155118094443	1
regulation of cell-cell adhesion (GO:0022407)	0.0046155118094443	1
positive regulation of ATP metabolic process (GO:1903580)	0.0046153796670559	3
IRE1-mediated unfolded protein response (GO:0036498)	0.004615103948547801	5
negative regulation of lipid transport (GO:0032369)	0.0046105750217072	2
negative regulation of proteasomal protein catabolic process (GO:1901799)	0.004603560953677499	4
regulation of immune response (GO:0050776)	0.004595112503451701	3
neural crest cell development (GO:0014032)	0.0045904523953518	3
ventricular septum development (GO:0003281)	0.0045634408898436	2
cardiac ventricle development (GO:0003231)	0.0045634408898436	2
DNA replication initiation (GO:0006270)	0.0045624934099475	4
positive regulation of defense response (GO:0031349)	0.0045414775084382	4
positive regulation of inflammatory response (GO:0050729)	0.0045414775084382	4
positive regulation of viral genome replication (GO:0045070)	0.0045407240671105995	2
positive regulation of cellular protein localization (GO:1903829)	0.004536262894032	7
negative regulation of cellular biosynthetic process (GO:0031327)	0.0045212441334996	4
regulation of transforming growth factor beta production (GO:0071634)	0.0045181056098284	2
endodermal cell differentiation (GO:0035987)	0.0045181056098284	2
endoderm formation (GO:0001706)	0.0045181056098284	2
regulation of hydrolase activity (GO:0051336)	0.004517191038071	5
adenylate cyclase-activating G protein-coupled receptor signaling pathway (GO:0007189)	0.0045038105846123	2
positive regulation of cell adhesion (GO:0045785)	0.0045004962946456	2
cytoplasmic translational initiation (GO:0002183)	0.0044974929236392	5
regulation of megakaryocyte differentiation (GO:0045652)	0.0044929299646887	2
regulation of myeloid cell differentiation (GO:0045637)	0.0044929299646887	2
regulation of ubiquitin-protein transferase activity (GO:0051438)	0.0044888028770446	4
regulation of macrophage activation (GO:0043030)	0.004473249144110699	2
renal water homeostasis (GO:0003091)	0.004468416765706	2
gland development (GO:0048732)	0.0044653960240332	4
peptidyl-threonine modification (GO:0018210)	0.0044606016633273	5
peptidyl-threonine phosphorylation (GO:0018107)	0.0044606016633273	5
cellular response to acid chemical (GO:0071229)	0.0044490598998512005	2
response to amino acid (GO:0043200)	0.0044490598998512005	2
nuclear-transcribed mRNA catabolic process, exonucleolytic (GO:0000291)	0.0044261274183955	2
positive regulation of glucose metabolic process (GO:0010907)	0.0044149684410273	2
negative regulation of neuron apoptotic process (GO:0043524)	0.004394623102198	4
negative regulation of cell growth (GO:0030308)	0.0043771631626696	3
histone modification (GO:0016570)	0.0043748304700375	4
interleukin-12-mediated signaling pathway (GO:0035722)	0.0043714393943683	4
cellular response to interleukin-12 (GO:0071349)	0.0043714393943683	4
positive regulation of leukocyte chemotaxis (GO:0002690)	0.004370910750737	2
cellular response to unfolded protein (GO:0034620)	0.0043665952548307	4
cellular response to topologically incorrect protein (GO:0035967)	0.0043665952548307	4
positive regulation of skeletal muscle tissue development (GO:0048643)	0.0043589698034899	2
response to magnesium ion (GO:0032026)	0.0043474954290211995	2
regulation of cytokine production involved in inflammatory response (GO:1900015)	0.004330832608123	1
negative regulation of glucocorticoid receptor signaling pathway (GO:2000323)	0.004330832608123	1
regulation of sodium ion transport (GO:0002028)	0.004330832608123	1
regulation of hair cycle (GO:0042634)	0.004330832608123	1
regulation of mRNA polyadenylation (GO:1900363)	0.0043275457337208	5
regulation of anoikis (GO:2000209)	0.0043187937021946995	3
negative regulation of cyclin-dependent protein serine/threonine kinase activity (GO:0045736)	0.0043008658362892	5
negative regulation of cyclin-dependent protein kinase activity (GO:1904030)	0.0043008658362892	5
negative regulation of protein serine/threonine kinase activity (GO:0071901)	0.0043008658362892	5
regulation of double-strand break repair (GO:2000779)	0.0042987942356642	3
regulation of defense response to virus by host (GO:0050691)	0.0042953464686015	2
nucleotide-excision repair, preincision complex assembly (GO:0006294)	0.0042841627563276995	4
regulation of early endosome to late endosome transport (GO:2000641)	0.0042763804447269	3
substantia nigra development (GO:0021762)	0.0042678741103769	2
regulation of stem cell population maintenance (GO:2000036)	0.0042418047277041	1
negative regulation of interferon-gamma production (GO:0032689)	0.0042375129841684	2
regulation of interferon-gamma production (GO:0032649)	0.0042375129841684	2
amyloid fibril formation (GO:1990000)	0.0042180304805893	4
protein localization to nucleus (GO:0034504)	0.0042096955119058	6
positive regulation of type I interferon production (GO:0032481)	0.0042096545260086994	5
regulation of peptidyl-serine phosphorylation (GO:0033135)	0.0041813784175248996	4
positive regulation of peptidyl-serine phosphorylation (GO:0033138)	0.0041813784175248996	4
monocarboxylic acid metabolic process (GO:0032787)	0.0041728800994630996	3
metal ion transport (GO:0030001)	0.0041691021241307	5
regulation of plasminogen activation (GO:0010755)	0.0041661502573478995	2
vesicle cytoskeletal trafficking (GO:0099518)	0.0041477545026061	2
replication fork processing (GO:0031297)	0.0041450955633758006	2
negative regulation of protein modification process (GO:0031400)	0.0041435410650702	3
positive regulation of tumor necrosis factor production (GO:0032760)	0.0041403309451289	2
positive regulation of tumor necrosis factor superfamily cytokine production (GO:1903557)	0.0041403309451289	2
response to steroid hormone (GO:0048545)	0.0041261927675970995	2
response to progesterone (GO:0032570)	0.0041261927675970995	2
regulation of blood coagulation (GO:0030193)	0.0041261927675970995	2
response to ketone (GO:1901654)	0.0041261927675970995	2
homotypic cell-cell adhesion (GO:0034109)	0.0041189769498236	4
platelet aggregation (GO:0070527)	0.0041189769498236	4
regulation of transmembrane transport (GO:0034762)	0.0041120947444403	3
regulation of phosphatidylinositol 3-kinase signaling (GO:0014066)	0.0040957338268766	4
positive regulation of phosphatidylinositol 3-kinase signaling (GO:0014068)	0.0040957338268766	4
ephrin receptor signaling pathway (GO:0048013)	0.004092267281780099	4
myofibril assembly (GO:0030239)	0.0040897148259605	4
regulation of MAP kinase activity (GO:0043405)	0.0040678125931594	2
nucleotide-excision repair, DNA damage recognition (GO:0000715)	0.004067656159299399	4
lymphocyte differentiation (GO:0030098)	0.004061241387511	2
fatty acid oxidation (GO:0019395)	0.0040559488223124	1
fatty acid catabolic process (GO:0009062)	0.0040559488223124	1
fatty acid beta-oxidation using acyl-CoA oxidase (GO:0033540)	0.0040559488223124	1
phagocytosis, engulfment (GO:0006911)	0.0040454321023161	2
regulation of gluconeogenesis (GO:0006111)	0.0040271191172511	3
entry into host (GO:0044409)	0.0040081453165879	2
lipid homeostasis (GO:0055088)	0.004004042240418	4
dendritic spine organization (GO:0097061)	0.0039997080778728005	3
positive regulation of telomere maintenance (GO:0032206)	0.0039905551762716	3
regulation of protein localization to plasma membrane (GO:1903076)	0.003984236004739799	4
mitotic sister chromatid segregation (GO:0000070)	0.0039800637268806996	5
membrane protein proteolysis (GO:0033619)	0.0039743367016882	4
positive regulation of transforming growth factor beta receptor signaling pathway (GO:0030511)	0.0039689531568852	2
positive regulation of cellular response to transforming growth factor beta stimulus (GO:1903846)	0.0039689531568852	2
atrial septum development (GO:0003283)	0.0039673051250656	1
atrioventricular valve development (GO:0003171)	0.0039673051250656	1
endocardial cushion development (GO:0003197)	0.0039673051250656	1
mesenchyme morphogenesis (GO:0072132)	0.0039673051250656	1
atrioventricular valve morphogenesis (GO:0003181)	0.0039673051250656	1
endocardial cushion morphogenesis (GO:0003203)	0.0039673051250656	1
cardiac atrium development (GO:0003230)	0.0039673051250656	1
negative regulation of cellular catabolic process (GO:0031330)	0.0039606105680621995	3
response to increased oxygen levels (GO:0036296)	0.0039546473722232	2
negative regulation of extrinsic apoptotic signaling pathway via death domain receptors (GO:1902042)	0.0039363830669449	3
establishment of mitotic spindle orientation (GO:0000132)	0.0039360637607654	2
establishment of mitotic spindle localization (GO:0040001)	0.0039360637607654	2
establishment of spindle orientation (GO:0051294)	0.0039360637607654	2
regulation of actin cytoskeleton organization (GO:0032956)	0.0039317832550474	2
retinoic acid receptor signaling pathway (GO:0048384)	0.0039294893487092	3
negative regulation of purine nucleotide metabolic process (GO:1900543)	0.0039239973890865	2
response to denervation involved in regulation of muscle adaptation (GO:0014894)	0.0039239973890865	2
negative regulation of glycolytic process (GO:0045820)	0.0039239973890865	2
negative chemotaxis (GO:0050919)	0.0039169919424157	2
regulation of entry of bacterium into host cell (GO:2000535)	0.0039057067423206	2
cellular response to reactive oxygen species (GO:0034614)	0.0038937527317859997	3
negative regulation of response to biotic stimulus (GO:0002832)	0.003891662797924	3
vesicle fusion with Golgi apparatus (GO:0048280)	0.0038902073880921	2
regulation of plasma membrane bounded cell projection organization (GO:0120035)	0.0038650786280115	3
negative regulation of TOR signaling (GO:0032007)	0.0038564251834264	4
regulation of TOR signaling (GO:0032006)	0.0038564251834264	4
positive regulation of blood vessel endothelial cell migration (GO:0043536)	0.0038490368118631	2
defense response to symbiont (GO:0140546)	0.0038469716164632	3
defense response to virus (GO:0051607)	0.0038469716164632	3
regulation of cellular protein localization (GO:1903827)	0.0038459914433160002	5
negative regulation of transmembrane receptor protein serine/threonine kinase signaling pathway (GO:0090101)	0.0038425372663548002	4
regulation of ubiquitin-dependent protein catabolic process (GO:2000058)	0.0038226537732687004	4
Golgi ribbon formation (GO:0090161)	0.0038066103110239	3
cellular response to type I interferon (GO:0071357)	0.0038058001776444	2
type I interferon signaling pathway (GO:0060337)	0.0038058001776444	2
wound healing (GO:0042060)	0.0037735271483094	5
fat cell differentiation (GO:0045444)	0.0037708948939677	3
cellular response to growth factor stimulus (GO:0071363)	0.0037366934057496	2
cellular response to epidermal growth factor stimulus (GO:0071364)	0.0037366934057496	2
neuron apoptotic process (GO:0051402)	0.0037344626100517	3
defense response to bacterium (GO:0042742)	0.0037321963354353	2
positive regulation of gene silencing by miRNA (GO:2000637)	0.0037268142617304	3
negative regulation of response to cytokine stimulus (GO:0060761)	0.0037264280424783	2
dendritic spine maintenance (GO:0097062)	0.0037198715150215	2
regulation of calcium ion import (GO:0090279)	0.0037198715150215	2
regulation of calcium ion transmembrane transport (GO:1903169)	0.0037198715150215	2
response to peptide (GO:1901652)	0.0037198715150215	2
cellular component maintenance (GO:0043954)	0.0037198715150215	2
regulation of glutamate receptor signaling pathway (GO:1900449)	0.0037198715150215	2
response to amyloid-beta (GO:1904645)	0.0037198715150215	2
cellular response to amyloid-beta (GO:1904646)	0.0037198715150215	2
transcription by RNA polymerase I (GO:0006360)	0.0037182838046059003	3
transcription initiation from RNA polymerase I promoter (GO:0006361)	0.0037182838046059003	3
ATP synthesis coupled proton transport (GO:0015986)	0.0037132975383950997	2
mitochondrial ATP synthesis coupled proton transport (GO:0042776)	0.0037132975383950997	2
regulation of cardiac conduction (GO:1903779)	0.0037101677691020003	3
positive regulation of substrate adhesion-dependent cell spreading (GO:1900026)	0.0037092167255524	3
regulation of substrate adhesion-dependent cell spreading (GO:1900024)	0.0037092167255524	3
mRNA destabilization (GO:0061157)	0.0037080081320918	3
vacuolar acidification (GO:0007035)	0.0037048821947172003	4
negative regulation of cellular protein metabolic process (GO:0032269)	0.0037015285906130996	3
positive regulation of GTPase activity (GO:0043547)	0.0037007146108695003	3
negative regulation of DNA binding (GO:0043392)	0.0036961311010170997	4
mature ribosome assembly (GO:0042256)	0.0036951765323381	1
cell cycle G1/S phase transition (GO:0044843)	0.0036784332542969	3
G1/S transition of mitotic cell cycle (GO:0000082)	0.0036784332542969	3
positive regulation of histone H3-K4 methylation (GO:0051571)	0.0036769304213742004	3
positive regulation of histone methylation (GO:0031062)	0.0036769304213742004	3
regulation of histone H3-K4 methylation (GO:0051569)	0.0036769304213742004	3
fatty acid beta-oxidation using acyl-CoA dehydrogenase (GO:0033539)	0.0036681730640498998	2
small GTPase mediated signal transduction (GO:0007264)	0.0036517294048864996	3
regulation of interferon-beta production (GO:0032648)	0.0036485002879485	4
peptidyl-serine modification (GO:0018209)	0.0036431654532668003	6
positive regulation of translational initiation (GO:0045948)	0.0036414038101025	3
protein modification process (GO:0036211)	0.003639666878524	3
positive regulation of transcription elongation from RNA polymerase II promoter (GO:0032968)	0.0036366268824196	1
positive regulation of phagocytosis (GO:0050766)	0.0036318021689806003	3
regulation of proteasomal protein catabolic process (GO:0061136)	0.0036316448718059996	2
nucleotide-binding domain, leucine rich repeat containing receptor signaling pathway (GO:0035872)	0.0036308492160326998	3
cytoplasmic pattern recognition receptor signaling pathway (GO:0002753)	0.0036308492160326998	3
nucleotide-binding oligomerization domain containing signaling pathway (GO:0070423)	0.0036308492160326998	3
chaperone cofactor-dependent protein refolding (GO:0051085)	0.0036139415543148	3
'de novo' posttranslational protein folding (GO:0051084)	0.0036139415543148	3
establishment of protein localization to mitochondrion (GO:0072655)	0.0036025721547255	3
response to organonitrogen compound (GO:0010243)	0.0035962166549401	2
V(D)J recombination (GO:0033151)	0.0035843549969371	1
histone-threonine phosphorylation (GO:0035405)	0.0035843549969371	1
negative regulation of autophagy (GO:0010507)	0.0035831888171492	3
small RNA loading onto RISC (GO:0070922)	0.0035728666245959	1
production of siRNA involved in RNA interference (GO:0030422)	0.0035728666245959	1
ncRNA metabolic process (GO:0034660)	0.0035728666245959	1
miRNA loading onto RISC involved in gene silencing by miRNA (GO:0035280)	0.0035728666245959	1
RNA interference (GO:0016246)	0.0035728666245959	1
pre-miRNA processing (GO:0031054)	0.0035728666245959	1
production of small RNA involved in gene silencing by RNA (GO:0070918)	0.0035728666245959	1
production of miRNAs involved in gene silencing by miRNA (GO:0035196)	0.0035728666245959	1
regulation of cellular metabolic process (GO:0031323)	0.0035700658579527	3
negative regulation of growth (GO:0045926)	0.0035671125832953997	3
actin cytoskeleton reorganization (GO:0031532)	0.0035660394863509	2
cellular response to retinoic acid (GO:0071300)	0.0035608185471915996	2
mRNA cis splicing, via spliceosome (GO:0045292)	0.0035500583600907	3
maturation of SSU-rRNA (GO:0030490)	0.0035473037664948	4
positive regulation of cholesterol transport (GO:0032376)	0.0035441152383485003	3
regulation of cholesterol efflux (GO:0010874)	0.0035441152383485003	3
positive regulation of cholesterol efflux (GO:0010875)	0.0035441152383485003	3
death-inducing signaling complex assembly (GO:0071550)	0.003538921092942	3
negative regulation of programmed necrotic cell death (GO:0062099)	0.0035298321458114	2
negative regulation of necroptotic process (GO:0060546)	0.0035298321458114	2
cellular protein-containing complex assembly (GO:0034622)	0.0035276311664908	6
regulation of establishment of protein localization (GO:0070201)	0.003515018053473	2
regulation of cell division (GO:0051302)	0.0035135226990543004	4
cell junction organization (GO:0034330)	0.0035127415873452998	4
regulation of Wnt signaling pathway (GO:0030111)	0.0035115299176403	3
mononuclear cell differentiation (GO:1903131)	0.0035100199581763	3
monocyte differentiation (GO:0030224)	0.0035100199581763	3
heterotypic cell-cell adhesion (GO:0034113)	0.0035028638689594	2
regulation of GTPase activity (GO:0043087)	0.0035016643498265	4
protein autoubiquitination (GO:0051865)	0.0035011389526304	2
positive regulation of gene expression, epigenetic (GO:0045815)	0.0034885074069859003	5
protein methylation (GO:0006479)	0.0034817656350254	3
negative regulation of receptor-mediated endocytosis (GO:0048261)	0.0034772016386981	2
response to gamma radiation (GO:0010332)	0.0034732917069189	4
positive regulation of protein transport (GO:0051222)	0.00346462579108	3
negative regulation of cold-induced thermogenesis (GO:0120163)	0.0034471109985126	1
regulation of oxidative phosphorylation (GO:0002082)	0.0034471109985126	1
negative regulation of cellular respiration (GO:1901856)	0.0034471109985126	1
regulation of aerobic respiration (GO:1903715)	0.0034471109985126	1
regulation of cellular respiration (GO:0043457)	0.0034471109985126	1
endocytic recycling (GO:0032456)	0.0034330984534906997	3
microtubule-based transport (GO:0099111)	0.0034275839911373	1
organelle transport along microtubule (GO:0072384)	0.0034275839911373	1
vocal learning (GO:0042297)	0.0034275839911373	1
imitative learning (GO:0098596)	0.0034275839911373	1
regulation of phosphoprotein phosphatase activity (GO:0043666)	0.0034275839911373	1
regulation of cAMP-dependent protein kinase activity (GO:2000479)	0.0034275839911373	1
regulation of phosphatase activity (GO:0010921)	0.0034275839911373	1
regulation of calcium-mediated signaling (GO:0050848)	0.0034275839911373	1
retrograde transport, endosome to Golgi (GO:0042147)	0.0034236376251465	5
response to insulin (GO:0032868)	0.0034232127841167	2
regulation of macrophage chemotaxis (GO:0010758)	0.0034178511011233	1
negative regulation of plasminogen activation (GO:0010757)	0.0034178511011233	1
regulation of endothelial cell chemotaxis (GO:2001026)	0.0034178511011233	1
engulfment of apoptotic cell (GO:0043652)	0.0034178511011233	1
positive regulation of macrophage chemotaxis (GO:0010759)	0.0034178511011233	1
negative regulation of interleukin-12 production (GO:0032695)	0.0034178511011233	1
negative regulation of fibroblast growth factor receptor signaling pathway (GO:0040037)	0.0034178511011233	1
negative regulation of cGMP-mediated signaling (GO:0010754)	0.0034178511011233	1
negative regulation of blood vessel endothelial cell proliferation involved in sprouting angiogenesis (GO:1903588)	0.0034178511011233	1
positive regulation of endothelial cell apoptotic process (GO:2000353)	0.0034178511011233	1
negative regulation of cell-matrix adhesion (GO:0001953)	0.0034178511011233	1
negative regulation of focal adhesion assembly (GO:0051895)	0.0034178511011233	1
negative regulation of chemotaxis (GO:0050922)	0.0034178511011233	1
negative regulation of cell migration involved in sprouting angiogenesis (GO:0090051)	0.0034178511011233	1
negative regulation of cell-substrate junction organization (GO:0150118)	0.0034178511011233	1
regulation of sprouting angiogenesis (GO:1903670)	0.0034178511011233	1
regulation of cell-matrix adhesion (GO:0001952)	0.0034178511011233	1
regulation of blood vessel endothelial cell proliferation involved in sprouting angiogenesis (GO:1903587)	0.0034178511011233	1
regulation of long-chain fatty acid import across plasma membrane (GO:0010746)	0.0034178511011233	1
regulation of fibrinolysis (GO:0051917)	0.0034178511011233	1
regulation of nitric oxide mediated signal transduction (GO:0010749)	0.0034178511011233	1
regulation of fibroblast migration (GO:0010762)	0.0034178511011233	1
negative regulation of epithelial cell migration (GO:0010633)	0.0034178511011233	1
positive regulation of extrinsic apoptotic signaling pathway via death domain receptors (GO:1902043)	0.0034178511011233	1
positive regulation of fibroblast migration (GO:0010763)	0.0034178511011233	1
positive regulation of transforming growth factor beta production (GO:0071636)	0.0034178511011233	1
regulation of focal adhesion assembly (GO:0051893)	0.0034178511011233	1
regulation of granulocyte chemotaxis (GO:0071622)	0.0034178511011233	1
chronic inflammatory response (GO:0002544)	0.0034178511011233	1
negative regulation of cell junction assembly (GO:1901889)	0.0034178511011233	1
positive regulation of macrophage migration (GO:1905523)	0.0034178511011233	1
positive regulation of wound healing (GO:0090303)	0.0034178511011233	1
negative regulation of cell-substrate adhesion (GO:0010812)	0.0034178511011233	1
positive regulation of epithelial cell apoptotic process (GO:1904037)	0.0034178511011233	1
negative regulation of transmembrane transport (GO:0034763)	0.0034178511011233	1
positive regulation of leukocyte activation (GO:0002696)	0.0034178511011233	1
positive regulation of coagulation (GO:0050820)	0.0034178511011233	1
positive regulation of hemostasis (GO:1900048)	0.0034178511011233	1
negative regulation of fibrinolysis (GO:0051918)	0.0034178511011233	1
positive regulation of macrophage activation (GO:0043032)	0.0034178511011233	1
regulation of cGMP-mediated signaling (GO:0010752)	0.0034178511011233	1
positive regulation of blood coagulation (GO:0030194)	0.0034178511011233	1
negative regulation of sprouting angiogenesis (GO:1903671)	0.0034178511011233	1
regulation of transforming growth factor beta1 production (GO:0032908)	0.0034178511011233	1
regulation of dendritic cell antigen processing and presentation (GO:0002604)	0.0034178511011233	1
regulation of cell migration involved in sprouting angiogenesis (GO:0090049)	0.0034178511011233	1
regulation of fibroblast growth factor receptor signaling pathway (GO:0040036)	0.0034178511011233	1
sprouting angiogenesis (GO:0002040)	0.0034178511011233	1
sensory perception of mechanical stimulus (GO:0050954)	0.0034032584583328	3
sensory perception of sound (GO:0007605)	0.0034032584583328	3
protein catabolic process (GO:0030163)	0.0033883215010946997	4
positive regulation of ERK1 and ERK2 cascade (GO:0070374)	0.0033882779476612996	4
negative regulation of amyloid-beta formation (GO:1902430)	0.0033877142413251	2
negative regulation of response to endoplasmic reticulum stress (GO:1903573)	0.0033841983626271	3
positive regulation of proteolysis (GO:0045862)	0.0033799392879625	3
regulation of vascular associated smooth muscle cell proliferation (GO:1904705)	0.0033628959784	2
positive regulation of acute inflammatory response (GO:0002675)	0.003346316200061	1
regulation of fever generation (GO:0031620)	0.003346316200061	1
negative regulation of digestive system process (GO:0060457)	0.003346316200061	1
positive regulation of fever generation (GO:0031622)	0.003346316200061	1
gastro-intestinal system smooth muscle contraction (GO:0014831)	0.003346316200061	1
positive regulation of heat generation (GO:0031652)	0.003346316200061	1
phasic smooth muscle contraction (GO:0014821)	0.003346316200061	1
MyD88-independent toll-like receptor signaling pathway (GO:0002756)	0.0033449574381633	3
TRIF-dependent toll-like receptor signaling pathway (GO:0035666)	0.0033449574381633	3
regulation of fatty acid metabolic process (GO:0019217)	0.0033383978233813	3
import into nucleus (GO:0051170)	0.0033331043484075	5
establishment of protein localization to organelle (GO:0072594)	0.0033308236852304	4
regulation of telomerase activity (GO:0051972)	0.0033239790780479	3
regulation of type I interferon-mediated signaling pathway (GO:0060338)	0.0033214779102645003	3
regulation of pri-miRNA transcription by RNA polymerase II (GO:1902893)	0.0033179071981233	2
positive regulation of pri-miRNA transcription by RNA polymerase II (GO:1902895)	0.0033179071981233	2
regulation of telomere capping (GO:1904353)	0.0033063382894847997	3
regulation of keratinocyte proliferation (GO:0010837)	0.0032987445259659	2
peroxisomal membrane transport (GO:0015919)	0.0032894980944875	2
peroxisome fission (GO:0016559)	0.0032894980944875	2
organelle fission (GO:0048285)	0.0032894980944875	2
protein targeting to peroxisome (GO:0006625)	0.0032894980944875	2
peroxisome organization (GO:0007031)	0.0032894980944875	2
protein import into peroxisome membrane (GO:0045046)	0.0032894980944875	2
positive regulation of protein export from nucleus (GO:0046827)	0.0032837552913763	3
regulation of protein export from nucleus (GO:0046825)	0.0032837552913763	3
regulation of osteoblast differentiation (GO:0045667)	0.0032818657491437003	2
endosome organization (GO:0007032)	0.0032793803853276	2
regulation of mitochondrial membrane potential (GO:0051881)	0.0032782804367755	3
organelle fusion (GO:0048284)	0.0032732346688978	2
mitochondrial fusion (GO:0008053)	0.0032732346688978	2
positive regulation of heart contraction (GO:0045823)	0.0032669706310733	2
regulation of mitotic nuclear division (GO:0007088)	0.0032653779544702995	4
regulation of cellular component movement (GO:0051270)	0.0032585670576308	3
negative regulation of cellular component organization (GO:0051129)	0.0032403972790654	5
alternative mRNA splicing, via spliceosome (GO:0000380)	0.0032391982532163	4
positive regulation by host of viral transcription (GO:0043923)	0.0032230528653967	3
regulation of presynapse organization (GO:0099174)	0.0032031894380533	3
regulation of synapse assembly (GO:0051963)	0.0032031894380533	3
regulation of presynapse assembly (GO:1905606)	0.0032031894380533	3
negative regulation of low-density lipoprotein receptor activity (GO:1905598)	0.0031973650758468	1
negative regulation of lipid localization (GO:1905953)	0.0031973650758468	1
regulation of transforming growth factor beta activation (GO:1901388)	0.0031973650758468	1
positive regulation of small GTPase mediated signal transduction (GO:0051057)	0.0031973650758468	1
regulation of lipid transport (GO:0032368)	0.0031973650758468	1
regulation of heart rate by cardiac conduction (GO:0086091)	0.0031958250321571	3
kidney development (GO:0001822)	0.0031932036555126003	3
negative regulation of small molecule metabolic process (GO:0062014)	0.0031822080492929002	2
establishment of epithelial cell polarity (GO:0090162)	0.0031773738490992	2
Rac protein signal transduction (GO:0016601)	0.0031725916825544	2
regulation of actin filament length (GO:0030832)	0.0031725916825544	2
receptor metabolic process (GO:0043112)	0.0031681884680048	3
insulin secretion (GO:0030073)	0.0031679452323833002	2
regulation of mitochondrial outer membrane permeabilization involved in apoptotic signaling pathway (GO:1901028)	0.0031670908018483	2
regulation of protein targeting to mitochondrion (GO:1903214)	0.0031629815501568004	3
lysosome organization (GO:0007040)	0.003158978609326	2
lytic vacuole organization (GO:0080171)	0.003158978609326	2
histone ubiquitination (GO:0016574)	0.0031555452922931004	3
nucleosome assembly (GO:0006334)	0.0031540631040781	2
stem cell development (GO:0048864)	0.0031535579557921	2
neural crest cell differentiation (GO:0014033)	0.0031535579557921	2
mesenchymal cell development (GO:0014031)	0.0031535579557921	2
regulation of response to biotic stimulus (GO:0002831)	0.0031475118465872	2
regulation of telomere maintenance via telomerase (GO:0032210)	0.0031463798676019004	3
icosanoid metabolic process (GO:0006690)	0.0031456093931912	1
lipoxygenase pathway (GO:0019372)	0.0031456093931912	1
aromatic compound catabolic process (GO:0019439)	0.0031456093931912	1
cellular response to glucose starvation (GO:0042149)	0.0031363214130385	4
granulocyte differentiation (GO:0030851)	0.0031305771786827004	2
peptidyl-tyrosine phosphorylation (GO:0018108)	0.0031096947682308	4
peptidyl-tyrosine modification (GO:0018212)	0.0031096947682308	4
nucleocytoplasmic transport (GO:0006913)	0.0031033993729538	3
divalent inorganic cation homeostasis (GO:0072507)	0.003096686268648	3
metal ion homeostasis (GO:0055065)	0.003096686268648	3
regulation of calcium ion transport (GO:0051924)	0.0030964430330265	2
negative regulation of proteolysis involved in cellular protein catabolic process (GO:1903051)	0.003085349147957	3
positive regulation of oxidative stress-induced cell death (GO:1903209)	0.0030830680660176	2
regulation of oxidative stress-induced intrinsic apoptotic signaling pathway (GO:1902175)	0.0030830680660176	2
negative regulation of platelet-derived growth factor receptor signaling pathway (GO:0010642)	0.0030784737182123	2
adenylate cyclase-inhibiting G protein-coupled receptor signaling pathway (GO:0007193)	0.0030741638881818002	3
regulation of release of cytochrome c from mitochondria (GO:0090199)	0.0030617852158549	2
positive regulation of release of cytochrome c from mitochondria (GO:0090200)	0.0030617852158549	2
regulation of telomere maintenance (GO:0032204)	0.0030524562952956	2
exonucleolytic catabolism of deadenylated mRNA (GO:0043928)	0.0030473808915679	1
postreplication repair (GO:0006301)	0.0030434600709395004	2
positive regulation of cellular protein catabolic process (GO:1903364)	0.0030422455965622	2
regulation of cellular protein catabolic process (GO:1903362)	0.0030422455965622	2
placenta development (GO:0001890)	0.0030361546411149	2
positive regulation of DNA demethylation (GO:1901537)	0.0030315656477521	2
regulation of DNA demethylation (GO:1901535)	0.0030315656477521	2
activation of cysteine-type endopeptidase activity involved in apoptotic process by cytochrome c (GO:0008635)	0.0030264791744037	2
cGMP-mediated signaling (GO:0019934)	0.0030097164914297	1
cellular response to cAMP (GO:0071320)	0.0030097164914297	1
gas transport (GO:0015669)	0.0030097164914297	1
cellular response to nitric oxide (GO:0071732)	0.0030097164914297	1
cellular response to reactive nitrogen species (GO:1902170)	0.0030097164914297	1
response to cAMP (GO:0051591)	0.0030097164914297	1
carbon dioxide transport (GO:0015670)	0.0030097164914297	1
regulation of saliva secretion (GO:0046877)	0.0030097164914297	1
hyperosmotic response (GO:0006972)	0.0030097164914297	1
water homeostasis (GO:0030104)	0.0030097164914297	1
fluid transport (GO:0042044)	0.0030097164914297	1
ammonium transport (GO:0015696)	0.0030097164914297	1
glycerol transport (GO:0015793)	0.0030097164914297	1
cellular response to salt stress (GO:0071472)	0.0030097164914297	1
water transport (GO:0006833)	0.0030097164914297	1
bicarbonate transport (GO:0015701)	0.0030097164914297	1
cellular response to inorganic substance (GO:0071241)	0.0030097164914297	1
one-carbon compound transport (GO:0019755)	0.0030097164914297	1
positive regulation of secretion (GO:0051047)	0.0030097164914297	1
cellular response to glucocorticoid stimulus (GO:0071385)	0.0030097164914297	1
cyclic-nucleotide-mediated signaling (GO:0019935)	0.0030097164914297	1
cellular response to osmotic stress (GO:0071470)	0.0030097164914297	1
defense response to Gram-negative bacterium (GO:0050829)	0.0030097164914297	1
response to nitric oxide (GO:0071731)	0.0030097164914297	1
polyol transport (GO:0015791)	0.0030097164914297	1
cellular response to hydrogen peroxide (GO:0070301)	0.0030097164914297	1
cellular hyperosmotic response (GO:0071474)	0.0030097164914297	1
cellular water homeostasis (GO:0009992)	0.0030097164914297	1
odontogenesis (GO:0042476)	0.0030097164914297	1
carbohydrate transport (GO:0008643)	0.0030097164914297	1
response to salt stress (GO:0009651)	0.0030097164914297	1
positive regulation of anoikis (GO:2000210)	0.0030068011759094	1
vesicle organization (GO:0016050)	0.0030050958623942	2
receptor-mediated endocytosis (GO:0006898)	0.0029949054151821	5
DNA replication-independent nucleosome assembly (GO:0006336)	0.0029913270687451	1
CENP-A containing chromatin organization (GO:0061641)	0.0029913270687451	1
CENP-A containing nucleosome assembly (GO:0034080)	0.0029913270687451	1
centromere complex assembly (GO:0034508)	0.0029913270687451	1
chromatin remodeling at centromere (GO:0031055)	0.0029913270687451	1
L-amino acid transport (GO:0015807)	0.0029845787717826	2
amino acid transmembrane transport (GO:0003333)	0.0029845787717826	2
amino acid import (GO:0043090)	0.0029845787717826	2
cation transmembrane transport (GO:0098655)	0.0029845787717826	2
regulation of microtubule-based process (GO:0032886)	0.0029780042752497	4
negative regulation of activated T cell proliferation (GO:0046007)	0.0029752723965269	1
regulation of anion channel activity (GO:0010359)	0.0029752723965269	1
negative regulation of interleukin-17 production (GO:0032700)	0.0029752723965269	1
cellular copper ion homeostasis (GO:0006878)	0.0029752723965269	1
neuron projection maintenance (GO:1990535)	0.0029752723965269	1
regulation of activated T cell proliferation (GO:0046006)	0.0029752723965269	1
negative regulation of interleukin-2 production (GO:0032703)	0.0029752723965269	1
long-term memory (GO:0007616)	0.0029752723965269	1
negative regulation of protein maturation (GO:1903318)	0.0029752723965269	1
negative regulation of T cell receptor signaling pathway (GO:0050860)	0.0029752723965269	1
regulation of chloride transport (GO:2001225)	0.0029752723965269	1
negative regulation of T cell proliferation (GO:0042130)	0.0029752723965269	1
negative regulation of antigen receptor-mediated signaling pathway (GO:0050858)	0.0029752723965269	1
regulation of T cell receptor signaling pathway (GO:0050856)	0.0029752723965269	1
neuron projection organization (GO:0106027)	0.0029752723965269	1
regulation of protein processing (GO:0070613)	0.0029752723965269	1
copper ion homeostasis (GO:0055070)	0.0029752723965269	1
negative regulation of proteolysis (GO:0045861)	0.0029752723965269	1
regulation of interleukin-17 production (GO:0032660)	0.0029752723965269	1
regulation of interleukin-2 production (GO:0032663)	0.0029752723965269	1
regulation of cardiac muscle cell action potential (GO:0098901)	0.0029737450118488	3
regulation of cardiac muscle cell contraction (GO:0086004)	0.0029737450118488	3
regulation of histone acetylation (GO:0035065)	0.0029735205187534	3
regulation of plasma membrane bounded cell projection assembly (GO:0120032)	0.0029682799887655	3
negative regulation of DNA replication (GO:0008156)	0.00296411264987	2
regulation of DNA replication (GO:0006275)	0.00296411264987	2
negative regulation of cell motility (GO:2000146)	0.0029568750808816003	3
positive regulation of tyrosine phosphorylation of STAT protein (GO:0042531)	0.0029507656449719	3
positive regulation of peptidase activity (GO:0010952)	0.0029443716059327	2
regulation of DNA recombination (GO:0000018)	0.0029389048468424	3
activation of GTPase activity (GO:0090630)	0.0029384584851581	1
regulation of trophoblast cell migration (GO:1901163)	0.0029384584851581	1
positive regulation of trophoblast cell migration (GO:1901165)	0.0029384584851581	1
positive regulation of reproductive process (GO:2000243)	0.0029384584851581	1
regulation of Ras protein signal transduction (GO:0046578)	0.0029352665559567	3
establishment or maintenance of epithelial cell apical/basal polarity (GO:0045197)	0.0029234921125615	2
dendritic cell migration (GO:0036336)	0.0029231632074825	2
regulation of transport (GO:0051049)	0.0029211507660261	3
potassium ion import across plasma membrane (GO:1990573)	0.0029164802037579002	2
cellular potassium ion homeostasis (GO:0030007)	0.0029164802037579002	2
inorganic cation import across plasma membrane (GO:0098659)	0.0029164802037579002	2
potassium ion transmembrane transport (GO:0071805)	0.0029164802037579002	2
cellular monovalent inorganic cation homeostasis (GO:0030004)	0.0029164802037579002	2
potassium ion homeostasis (GO:0055075)	0.0029164802037579002	2
T cell activation (GO:0042110)	0.0029112881319191	2
DNA methylation or demethylation (GO:0044728)	0.0029080815258211	1
DNA methylation (GO:0006306)	0.0029080815258211	1
histone H2A acetylation (GO:0043968)	0.0029080815258211	1
DNA alkylation (GO:0006305)	0.0029080815258211	1
positive regulation of NIK/NF-kappaB signaling (GO:1901224)	0.0029029426318366996	2
positive regulation of peptidyl-lysine acetylation (GO:2000758)	0.0029003454338289	3
regulation of nuclear division (GO:0051783)	0.0028966834609010002	3
regulation of proteolysis involved in cellular protein catabolic process (GO:1903050)	0.0028943402464943	1
negative regulation of intrinsic apoptotic signaling pathway (GO:2001243)	0.0028913962106735	3
regulation of potassium ion transmembrane transport (GO:1901379)	0.0028903262390445003	2
regulation of membrane repolarization (GO:0060306)	0.0028903262390445003	2
epidermal cell differentiation (GO:0009913)	0.0028792103713010998	2
keratinocyte differentiation (GO:0030216)	0.0028792103713010998	2
histone monoubiquitination (GO:0010390)	0.002876673500734	4
regulation of interleukin-1 beta production (GO:0032651)	0.0028755592415771	4
positive regulation of response to stimulus (GO:0048584)	0.0028591960820663	3
regulation of RNA metabolic process (GO:0051252)	0.0028535091733300003	2
cellular response to nutrient levels (GO:0031669)	0.0028483326993464	4
nucleobase-containing small molecule interconversion (GO:0015949)	0.0028456457522816	2
protein deneddylation (GO:0000338)	0.0028442797735418997	2
regulation of viral release from host cell (GO:1902186)	0.0028361940335559	2
positive regulation of fatty acid metabolic process (GO:0045923)	0.0028357735718747	2
positive regulation of lipid metabolic process (GO:0045834)	0.0028357735718747	2
positive regulation of phospholipase C activity (GO:0010863)	0.0028354293683853	3
DNA integrity checkpoint signaling (GO:0031570)	0.0028343706111242997	2
DNA damage checkpoint signaling (GO:0000077)	0.0028343706111242997	2
macroautophagy (GO:0016236)	0.0028335903541753	4
regulation of protein localization to cell surface (GO:2000008)	0.0028333336924319	2
stress-activated MAPK cascade (GO:0051403)	0.0028270555791449995	3
sensory perception of light stimulus (GO:0050953)	0.0028266210311149002	2
visual perception (GO:0007601)	0.0028266210311149002	2
regulation of ruffle assembly (GO:1900027)	0.0028207246332152	2
cellular response to gamma radiation (GO:0071480)	0.0028189324899772997	3
positive regulation of nitrogen compound metabolic process (GO:0051173)	0.0028108649449044	3
positive regulation of T-helper 17 type immune response (GO:2000318)	0.0028083969592388	1
regulation of T-helper 17 cell differentiation (GO:2000319)	0.0028083969592388	1
positive regulation of T-helper 17 cell differentiation (GO:2000321)	0.0028083969592388	1
regulation of type B pancreatic cell apoptotic process (GO:2000674)	0.0028016490373683	2
cellular response to hormone stimulus (GO:0032870)	0.0027919027969818	3
termination of RNA polymerase I transcription (GO:0006363)	0.0027902553949301	2
positive regulation of signaling (GO:0023056)	0.0027890597480374	4
positive regulation of fat cell differentiation (GO:0045600)	0.0027869651755914	2
regulation of fat cell differentiation (GO:0045598)	0.0027869651755914	2
negative regulation of gene expression, epigenetic (GO:0045814)	0.0027845754002145	1
histone H2A-K119 monoubiquitination (GO:0036353)	0.0027845754002145	1
membrane protein ectodomain proteolysis (GO:0006509)	0.002781175323639	3
regulation of apoptotic signaling pathway (GO:2001233)	0.0027809636616868997	2
neurogenesis (GO:0022008)	0.0027789823031073003	3
microtubule polymerization (GO:0046785)	0.0027727139866871	3
antigen processing and presentation of peptide antigen via MHC class I (GO:0002474)	0.0027724896956324	2
protein monoubiquitination (GO:0006513)	0.0027709459640125	3
protein localization to chromosome (GO:0034502)	0.0027614103185515	3
autophagosome maturation (GO:0097352)	0.0027607530677972	2
positive regulation of G protein-coupled receptor signaling pathway (GO:0045745)	0.0027580091773011	2
neural crest cell migration (GO:0001755)	0.0027576349735413	2
positive regulation of ubiquitin-dependent protein catabolic process (GO:2000060)	0.0027435742581148	3
positive regulation of proteasomal protein catabolic process (GO:1901800)	0.0027435742581148	3
purine ribonucleotide transport (GO:0015868)	0.0027405198200041	1
regulation of mitophagy (GO:1901524)	0.0027405198200041	1
ADP transport (GO:0015866)	0.0027405198200041	1
mitochondrial genome maintenance (GO:0000002)	0.0027405198200041	1
ATP transport (GO:0015867)	0.0027405198200041	1
adenine nucleotide transport (GO:0051503)	0.0027405198200041	1
regulation of mitochondrial membrane permeability (GO:0046902)	0.0027405198200041	1
renal system development (GO:0072001)	0.0027390145598666	2
positive regulation of mitochondrial calcium ion concentration (GO:0051561)	0.0027380989846283	2
mitochondrial calcium ion homeostasis (GO:0051560)	0.0027380989846283	2
negative regulation of endoplasmic reticulum calcium ion concentration (GO:0032471)	0.0027380989846283	2
nucleic acid phosphodiester bond hydrolysis (GO:0090305)	0.0027349595020485	4
protein insertion into mitochondrial membrane (GO:0051204)	0.0027244978931346	2
cellular response to glucose stimulus (GO:0071333)	0.0026984711421764	3
regulation of protein localization (GO:0032880)	0.0026899865695789	4
negative regulation of receptor binding (GO:1900121)	0.0026856175208546003	2
regulation of receptor binding (GO:1900120)	0.0026856175208546003	2
cytosolic calcium ion transport (GO:0060401)	0.0026856175208546003	2
regulation of mitochondrial fission (GO:0090140)	0.002683294017224	3
positive regulation of mitochondrial fission (GO:0090141)	0.002683294017224	3
intra-Golgi vesicle-mediated transport (GO:0006891)	0.0026748768402959	4
DNA recombination (GO:0006310)	0.0026732892655349	2
telomere maintenance via telomere lengthening (GO:0010833)	0.0026732892655349	2
telomere maintenance (GO:0000723)	0.0026732892655349	2
interstrand cross-link repair (GO:0036297)	0.0026732892655349	2
regulation of cardiac muscle cell action potential involved in regulation of contraction (GO:0098909)	0.0026682462187362	2
ER overload response (GO:0006983)	0.0026604607670938	2
neuron projection development (GO:0031175)	0.0026580466452155	3
positive regulation of epidermal cell differentiation (GO:0045606)	0.0026449678068222	2
negative regulation of NIK/NF-kappaB signaling (GO:1901223)	0.0026352392685305	2
cellular response to alcohol (GO:0097306)	0.0026307272777142997	2
long-chain fatty acid transport (GO:0015909)	0.0026300561569075	2
anterograde trans-synaptic signaling (GO:0098916)	0.0026245905394413	3
chemical synaptic transmission (GO:0007268)	0.0026245905394413	3
cellular response to misfolded protein (GO:0071218)	0.002623778216203	1
protein quality control for misfolded or incompletely synthesized proteins (GO:0006515)	0.002623778216203	1
ER-associated misfolded protein catabolic process (GO:0071712)	0.002623778216203	1
regulation of protein localization to nucleolus (GO:1904749)	0.0026064693148336	1
termination of RNA polymerase II transcription (GO:0006369)	0.0026038202363347	3
response to estrogen (GO:0043627)	0.0026024112266615	3
lipid transport (GO:0006869)	0.002595915015196	2
regulation of water loss via skin (GO:0033561)	0.002592601084628	2
establishment of skin barrier (GO:0061436)	0.002592601084628	2
regulation of stress-activated protein kinase signaling cascade (GO:0070302)	0.0025860961291863	2
intrinsic apoptotic signaling pathway in response to endoplasmic reticulum stress (GO:0070059)	0.0025857376916296002	2
positive regulation of keratinocyte proliferation (GO:0010838)	0.0025737115781885	1
heart process (GO:0003015)	0.0025730674472067	3
response to reactive oxygen species (GO:0000302)	0.00254864329466	4
regulation of vascular endothelial cell proliferation (GO:1905562)	0.0025473324160456	2
regulation of protein localization to membrane (GO:1905475)	0.0025459134780011	3
regulation of protein metabolic process (GO:0051246)	0.0025379733573056	3
regulation of microtubule cytoskeleton organization (GO:0070507)	0.0025349146502518	3
positive regulation of protein serine/threonine kinase activity (GO:0071902)	0.0025326084878456003	3
regulation of wound healing (GO:0061041)	0.0025277419547798	2
histone methylation (GO:0016571)	0.0025260219620556	2
peptidyl-arginine modification (GO:0018195)	0.0025260219620556	2
histone arginine methylation (GO:0034969)	0.0025260219620556	2
regulation of double-strand break repair via homologous recombination (GO:0010569)	0.0025242006679075998	2
response to nutrient levels (GO:0031667)	0.0025215439882483003	3
regulation of epidermal growth factor receptor signaling pathway (GO:0042058)	0.0025175238838837	2
regulation of chaperone-mediated autophagy (GO:1904714)	0.0025175083433331	2
regulation of DNA repair (GO:0006282)	0.0025118981930683003	2
negative regulation of transferase activity (GO:0051348)	0.0025088265716284	2
positive regulation of catalytic activity (GO:0043085)	0.0025069797614307	4
canonical Wnt signaling pathway (GO:0060070)	0.0024943800545637	3
positive regulation of DNA repair (GO:0045739)	0.0024908436777373	1
B cell receptor signaling pathway (GO:0050853)	0.0024603525205606	2
regulation of granulocyte differentiation (GO:0030852)	0.0024523576910897	2
positive regulation of immune effector process (GO:0002699)	0.0024491496433141	2
posttranslational protein targeting to endoplasmic reticulum membrane (GO:0006620)	0.0024441866720795002	2
negative regulation of cell development (GO:0010721)	0.0024359795413132	2
white fat cell differentiation (GO:0050872)	0.0024279461308757	2
regulation of intracellular protein transport (GO:0033157)	0.0024092277480926	2
non-motile cilium assembly (GO:1905515)	0.0024092277480926	2
activation of phospholipase C activity (GO:0007202)	0.0024042436576455	2
positive regulation of protein secretion (GO:0050714)	0.0023983468060794003	2
negative regulation of telomere maintenance via telomere lengthening (GO:1904357)	0.0023906986083559	2
protein K63-linked ubiquitination (GO:0070534)	0.00238996362246	3
plasma membrane bounded cell projection organization (GO:0120036)	0.0023782100823642	2
synapse organization (GO:0050808)	0.0023753846903087	3
regulation of production of miRNAs involved in gene silencing by miRNA (GO:1903798)	0.0023735389420254	2
positive regulation of production of miRNAs involved in gene silencing by miRNA (GO:1903800)	0.0023735389420254	2
positive regulation of dopamine receptor signaling pathway (GO:0060161)	0.0023712128889406	2
positive regulation of carbohydrate metabolic process (GO:0045913)	0.0023614300465925	3
microtubule nucleation (GO:0007020)	0.0023602721418889	2
purine deoxyribonucleotide catabolic process (GO:0009155)	0.0023581995207799	1
negative regulation of type I interferon-mediated signaling pathway (GO:0060339)	0.0023581995207799	1
nucleotide catabolic process (GO:0009166)	0.0023581995207799	1
deoxyribonucleotide metabolic process (GO:0009262)	0.0023581995207799	1
carbohydrate derivative catabolic process (GO:1901136)	0.0023581995207799	1
somatic hypermutation of immunoglobulin genes (GO:0016446)	0.0023581995207799	1
regulation of cytoplasmic transport (GO:1903649)	0.0023558981534623	2
negative regulation of secretion by cell (GO:1903531)	0.0023558893204841	3
DNA packaging (GO:0006323)	0.002353769297064	3
response to exogenous dsRNA (GO:0043330)	0.0023426803154567	3
cellular response to exogenous dsRNA (GO:0071360)	0.0023426803154567	3
cellular response to dsRNA (GO:0071359)	0.0023426803154567	3
regulation of cell adhesion molecule production (GO:0060353)	0.00233982733802	3
mRNA 5'-splice site recognition (GO:0000395)	0.0023252277989411	2
positive regulation of ER-associated ubiquitin-dependent protein catabolic process (GO:1903071)	0.0023222148524817	3
regulation of ER-associated ubiquitin-dependent protein catabolic process (GO:1903069)	0.0023222148524817	3
positive regulation of ERAD pathway (GO:1904294)	0.0023222148524817	3
response to light stimulus (GO:0009416)	0.0023160701405794	2
regulation of protein localization to cell periphery (GO:1904375)	0.0023097941291346	3
multi-ciliated epithelial cell differentiation (GO:1903251)	0.0023071027333082	1
de novo centriole assembly involved in multi-ciliated epithelial cell differentiation (GO:0098535)	0.0023071027333082	1
de novo centriole assembly (GO:0097742)	0.0023071027333082	1
mitotic sister chromatid cohesion (GO:0007064)	0.0023013731572336	2
early endosome to late endosome transport (GO:0045022)	0.0022967541959204	1
protein localization to perinuclear region of cytoplasm (GO:1905719)	0.0022967541959204	1
cytoskeleton-dependent intracellular transport (GO:0030705)	0.0022967541959204	1
positive regulation of cell projection organization (GO:0031346)	0.0022957612698710998	3
positive regulation of mRNA 3'-end processing (GO:0031442)	0.002289908798019	3
vascular transport (GO:0010232)	0.0022797508965022003	2
transport across blood-brain barrier (GO:0150104)	0.0022797508965022003	2
neuron migration (GO:0001764)	0.0022786316542375	2
microtubule anchoring at centrosome (GO:0034454)	0.0022744156572147	2
microtubule anchoring at microtubule organizing center (GO:0072393)	0.0022744156572147	2
toll-like receptor signaling pathway (GO:0002224)	0.0022642032343242	2
positive regulation of immune response (GO:0050778)	0.0022559760137323	2
mitotic spindle assembly (GO:0090307)	0.0022516690245733	2
regulation of G1/S transition of mitotic cell cycle (GO:2000045)	0.0022505540403489	3
establishment of protein localization to membrane (GO:0090150)	0.0022503729851019	2
regulation of actin polymerization or depolymerization (GO:0008064)	0.0022503258192611997	2
retina homeostasis (GO:0001895)	0.0022472624908789	3
positive regulation of establishment of protein localization (GO:1904951)	0.0022347037678827	1
regulation of non-motile cilium assembly (GO:1902855)	0.0022347037678827	1
positive regulation of non-motile cilium assembly (GO:1902857)	0.0022347037678827	1
synaptic vesicle exocytosis (GO:0016079)	0.0022327755466967	2
negative regulation of cellular component movement (GO:0051271)	0.0022318421331042	2
negative regulation of locomotion (GO:0040013)	0.0022318421331042	2
spliceosomal tri-snRNP complex assembly (GO:0000244)	0.0022280750491824	3
regulation of cysteine-type endopeptidase activity (GO:2000116)	0.0022259619858108	3
negative regulation of DNA biosynthetic process (GO:2000279)	0.0022259217751890003	2
cytoskeleton organization (GO:0007010)	0.0022171567954804997	2
positive regulation of cysteine-type endopeptidase activity involved in apoptotic signaling pathway (GO:2001269)	0.0022036300057857	2
negative regulation of DNA-templated transcription, elongation (GO:0032785)	0.0022025414612168	2
regulation of cell communication (GO:0010646)	0.0021880947818753	2
histone mRNA metabolic process (GO:0008334)	0.0021841995499389	2
positive regulation of protein localization to plasma membrane (GO:1903078)	0.0021829216452333	2
positive regulation of protein localization to cell periphery (GO:1904377)	0.0021829216452333	2
relaxation of cardiac muscle (GO:0055119)	0.0021819845725707	1
cardiac muscle cell membrane repolarization (GO:0099622)	0.0021819845725707	1
membrane depolarization during cardiac muscle cell action potential (GO:0086012)	0.0021819845725707	1
positive regulation of potassium ion transport (GO:0043268)	0.0021819845725707	1
regulation of ion transmembrane transport (GO:0034765)	0.0021819845725707	1
cardiac muscle cell contraction (GO:0086003)	0.0021819845725707	1
regulation of skeletal muscle contraction (GO:0014819)	0.0021819845725707	1
membrane depolarization during action potential (GO:0086010)	0.0021819845725707	1
membrane repolarization during cardiac muscle cell action potential (GO:0086013)	0.0021819845725707	1
cardiac muscle cell action potential (GO:0086001)	0.0021819845725707	1
positive regulation of potassium ion transmembrane transport (GO:1901381)	0.0021819845725707	1
cardiac muscle cell action potential involved in contraction (GO:0086002)	0.0021819845725707	1
regulation of resting membrane potential (GO:0060075)	0.0021819845725707	1
membrane repolarization during action potential (GO:0086011)	0.0021819845725707	1
action potential (GO:0001508)	0.0021819845725707	1
membrane repolarization (GO:0086009)	0.0021819845725707	1
relaxation of muscle (GO:0090075)	0.0021819845725707	1
positive regulation of cation transmembrane transport (GO:1904064)	0.0021819845725707	1
positive regulation of inositol phosphate biosynthetic process (GO:0060732)	0.0021763936009921	2
RNA biosynthetic process (GO:0032774)	0.0021753826031789	2
regulation of interleukin-6 production (GO:0032675)	0.0021700805008701	2
positive regulation of calcium ion transport (GO:0051928)	0.0021670419407501	2
negative regulation of circadian rhythm (GO:0042754)	0.0021630601302085	1
modulation by symbiont of host apoptotic process (GO:0052150)	0.0021630601302085	1
negative regulation by symbiont of host programmed cell death (GO:0052041)	0.0021630601302085	1
negative regulation by symbiont of host apoptotic process (GO:0033668)	0.0021630601302085	1
positive regulation of interleukin-1 production (GO:0032732)	0.0021559323750082	3
positive regulation of interleukin-1 beta production (GO:0032731)	0.0021559323750082	3
posttranslational protein targeting to membrane, translocation (GO:0031204)	0.0021552025248395	1
SRP-dependent cotranslational protein targeting to membrane, translocation (GO:0006616)	0.0021552025248395	1
intracellular protein transmembrane transport (GO:0065002)	0.0021552025248395	1
regulation of platelet-derived growth factor receptor-beta signaling pathway (GO:2000586)	0.0021488293903144	1
peptidyl-tyrosine dephosphorylation (GO:0035335)	0.0021488293903144	1
negative regulation of ERBB signaling pathway (GO:1901185)	0.0021488293903144	1
regulation of ERBB signaling pathway (GO:1901184)	0.0021488293903144	1
mammary gland development (GO:0030879)	0.0021452361060335	2
positive regulation of immunoglobulin production (GO:0002639)	0.0021414660518963	2
negative regulation of monooxygenase activity (GO:0032769)	0.0021228057059471	2
positive regulation of telomere capping (GO:1904355)	0.0021222185852304	2
positive regulation of DNA biosynthetic process (GO:2000573)	0.0021222185852304	2
positive regulation of telomere maintenance via telomerase (GO:0032212)	0.0021222185852304	2
positive regulation of telomerase activity (GO:0051973)	0.0021222185852304	2
positive regulation of telomere maintenance via telomere lengthening (GO:1904358)	0.0021222185852304	2
lymphocyte migration (GO:0072676)	0.0021219758061118	1
positive regulation of protein localization to endosome (GO:1905668)	0.0021219758061118	1
positive regulation of cytoplasmic transport (GO:1903651)	0.0021219758061118	1
leukocyte cell-cell adhesion (GO:0007159)	0.0021219758061118	1
positive regulation of protein localization to early endosome (GO:1902966)	0.0021219758061118	1
establishment of epithelial cell apical/basal polarity (GO:0045198)	0.0021219758061118	1
gland morphogenesis (GO:0022612)	0.0021219758061118	1
regulation of lymphocyte migration (GO:2000401)	0.0021219758061118	1
cellular response to testosterone stimulus (GO:0071394)	0.0021219758061118	1
regulation of cell size (GO:0008361)	0.0021219758061118	1
establishment of apical/basal cell polarity (GO:0035089)	0.0021219758061118	1
immunological synapse formation (GO:0001771)	0.0021219758061118	1
T cell proliferation (GO:0042098)	0.0021219758061118	1
endothelial cell development (GO:0001885)	0.0021219758061118	1
regulation of protein localization to early endosome (GO:1902965)	0.0021219758061118	1
T cell migration (GO:0072678)	0.0021219758061118	1
regulation of cellular component biogenesis (GO:0044087)	0.0021219758061118	1
polarized epithelial cell differentiation (GO:0030859)	0.0021219758061118	1
response to testosterone (GO:0033574)	0.0021219758061118	1
lymphocyte proliferation (GO:0046651)	0.0021219758061118	1
establishment of endothelial barrier (GO:0061028)	0.0021219758061118	1
positive regulation of early endosome to late endosome transport (GO:2000643)	0.0021219758061118	1
negative regulation of pri-miRNA transcription by RNA polymerase II (GO:1902894)	0.0021161467053058	1
positive regulation of vascular associated smooth muscle cell apoptotic process (GO:1905461)	0.0021161467053058	1
negative regulation of osteoblast differentiation (GO:0045668)	0.0021161467053058	1
positive regulation of low-density lipoprotein receptor activity (GO:1905599)	0.0021161467053058	1
negative regulation of cholesterol storage (GO:0010887)	0.0021161467053058	1
positive regulation of smooth muscle cell apoptotic process (GO:0034393)	0.0021161467053058	1
lipoprotein localization (GO:0044872)	0.0021161467053058	1
negative regulation of sequestering of triglyceride (GO:0010891)	0.0021161467053058	1
negative regulation of gene silencing by miRNA (GO:0060965)	0.0021161467053058	1
negative regulation of smooth muscle cell proliferation (GO:0048662)	0.0021161467053058	1
peroxisome proliferator activated receptor signaling pathway (GO:0035357)	0.0021161467053058	1
cellular response to low-density lipoprotein particle stimulus (GO:0071404)	0.0021161467053058	1
negative regulation of vascular endothelial cell proliferation (GO:1905563)	0.0021161467053058	1
negative regulation of signaling receptor activity (GO:2000272)	0.0021161467053058	1
regulation of vascular associated smooth muscle cell apoptotic process (GO:1905459)	0.0021161467053058	1
negative regulation of posttranscriptional gene silencing (GO:0060149)	0.0021161467053058	1
negative regulation of BMP signaling pathway (GO:0030514)	0.0021161467053058	1
negative regulation of interferon-gamma-mediated signaling pathway (GO:0060336)	0.0021161467053058	1
foam cell differentiation (GO:0090077)	0.0021161467053058	1
negative regulation of gene silencing by RNA (GO:0060967)	0.0021161467053058	1
positive regulation of small molecule metabolic process (GO:0062013)	0.0021161467053058	1
negative regulation of response to interferon-gamma (GO:0060331)	0.0021161467053058	1
regulation of sequestering of triglyceride (GO:0010889)	0.0021161467053058	1
lipoprotein transport (GO:0042953)	0.0021161467053058	1
chemical homeostasis (GO:0048878)	0.0021161467053058	1
fatty acid transport (GO:0015908)	0.0021161467053058	1
negative regulation of vascular associated smooth muscle cell proliferation (GO:1904706)	0.0021161467053058	1
macrophage derived foam cell differentiation (GO:0010742)	0.0021161467053058	1
regulation of cholesterol storage (GO:0010885)	0.0021161467053058	1
RNA destabilization (GO:0050779)	0.002113332988181	2
negative regulation of alcohol biosynthetic process (GO:1902931)	0.0021131693138583	2
Rho protein signal transduction (GO:0007266)	0.0021123829667414	1
actin crosslink formation (GO:0051764)	0.0021123829667414	1
positive regulation of ruffle assembly (GO:1900029)	0.0021123829667414	1
actin filament capping (GO:0051693)	0.0021123829667414	1
exit from mitosis (GO:0010458)	0.0021123829667414	1
actin filament bundle assembly (GO:0051017)	0.0021123829667414	1
actin filament bundle organization (GO:0061572)	0.0021123829667414	1
barbed-end actin filament capping (GO:0051016)	0.0021123829667414	1
nucleotide-excision repair, DNA incision, 3'-to lesion (GO:0006295)	0.0021097696086965	3
nucleotide-excision repair, preincision complex stabilization (GO:0006293)	0.0021097696086965	3
nucleotide-excision repair, DNA incision, 5'-to lesion (GO:0006296)	0.0021097696086965	3
nucleotide-excision repair, DNA incision (GO:0033683)	0.0021097696086965	3
cytoplasmic sequestering of NF-kappaB (GO:0007253)	0.0021001546311558	1
cytoplasmic sequestering of transcription factor (GO:0042994)	0.0021001546311558	1
regulation of protein deubiquitination (GO:0090085)	0.0020821471925271	1
positive regulation of protein deubiquitination (GO:1903003)	0.0020821471925271	1
double-strand break repair via break-induced replication (GO:0000727)	0.0020619608393451	2
nuclear DNA replication (GO:0033260)	0.0020619608393451	2
pre-replicative complex assembly involved in nuclear cell cycle DNA replication (GO:0006267)	0.0020619608393451	2
positive regulation of histone modification (GO:0031058)	0.0020438761908555	2
cell morphogenesis involved in neuron differentiation (GO:0048667)	0.0020408643044950003	3
negative regulation of mRNA polyadenylation (GO:1900364)	0.0020376369357018	2
negative regulation of mRNA 3'-end processing (GO:0031441)	0.0020376369357018	2
protein alkylation (GO:0008213)	0.0020308225365352002	2
DNA damage response, signal transduction resulting in transcription (GO:0042772)	0.0020299835598311	2
DNA damage response, signal transduction by p53 class mediator resulting in transcription of p21 class mediator (GO:0006978)	0.0020299835598311	2
negative regulation of double-strand break repair (GO:2000780)	0.0020263237778124	3
intraciliary transport involved in cilium assembly (GO:0035735)	0.0020222058030855	2
negative regulation of interferon-beta production (GO:0032688)	0.0020141616389656	2
regulation of protein localization to Cajal body (GO:1904869)	0.0020086322681362	1
negative regulation of transcription elongation from RNA polymerase II promoter (GO:0034244)	0.0020086322681362	1
sno(s)RNA 3'-end processing (GO:0031126)	0.0020086322681362	1
regulation of snRNA transcription by RNA polymerase II (GO:1905380)	0.0020086322681362	1
negative regulation of viral transcription (GO:0032897)	0.0020086322681362	1
positive regulation of protein localization to Cajal body (GO:1904871)	0.0020086322681362	1
regulation of proteolysis (GO:0030162)	0.0020061337619092	3
neuron projection morphogenesis (GO:0048812)	0.0019981570065467002	3
eye development (GO:0001654)	0.0019953849012288	2
protein import into nucleus (GO:0006606)	0.001993148883045	4
positive regulation of mitotic cell cycle phase transition (GO:1901992)	0.0019913844010969	2
positive regulation of secretion by cell (GO:1903532)	0.0019850423708853	2
positive regulation of protein targeting to mitochondrion (GO:1903955)	0.0019728644467086	2
cell chemotaxis (GO:0060326)	0.0019682746252924	2
autophagosome organization (GO:1905037)	0.0019599045522624	1
sarcoplasmic reticulum calcium ion transport (GO:0070296)	0.0019599045522624	1
autophagosome membrane docking (GO:0016240)	0.0019599045522624	1
regulation of cardiac muscle cell membrane potential (GO:0086036)	0.0019599045522624	1
regulation of cardiac muscle contraction by calcium ion signaling (GO:0010882)	0.0019599045522624	1
calcium ion import (GO:0070509)	0.0019599045522624	1
mitochondrion-endoplasmic reticulum membrane tethering (GO:1990456)	0.0019599045522624	1
regulation of cardiac muscle contraction (GO:0055117)	0.0019599045522624	1
autophagosome assembly (GO:0000045)	0.0019599045522624	1
positive regulation of heart rate (GO:0010460)	0.0019599045522624	1
protein-containing complex disassembly (GO:0032984)	0.0019522798070065	3
beta-catenin-TCF complex assembly (GO:1904837)	0.0019465996229034999	2
maturation of SSU-rRNA from tricistronic rRNA transcript (SSU-rRNA, 5.8S rRNA, LSU-rRNA) (GO:0000462)	0.0019439928393362002	2
maturation of LSU-rRNA (GO:0000470)	0.0019427234578543	3
cardiac muscle cell development (GO:0055013)	0.0019417589105156	2
cardiac myofibril assembly (GO:0055003)	0.0019417589105156	2
ATP synthesis coupled electron transport (GO:0042773)	0.0019337589051699	2
regulation of transmembrane transporter activity (GO:0022898)	0.0019301101718695998	2
skeletal system development (GO:0001501)	0.0019274907129675002	3
cardiac muscle tissue development (GO:0048738)	0.0019271317540693	2
protein localization to Golgi apparatus (GO:0034067)	0.0019265908581957997	2
negative regulation of endoplasmic reticulum stress-induced intrinsic apoptotic signaling pathway (GO:1902236)	0.0019254980883508	2
regulation of endoplasmic reticulum stress-induced intrinsic apoptotic signaling pathway (GO:1902235)	0.0019254980883508	2
negative regulation of fibroblast proliferation (GO:0048147)	0.0019247644215026	2
glycerophospholipid biosynthetic process (GO:0046474)	0.0019246903739998998	2
regulation of multicellular organism growth (GO:0040014)	0.0019192974386001002	2
membrane protein intracellular domain proteolysis (GO:0031293)	0.0019144747206739999	2
regulation of cholesterol transport (GO:0032374)	0.0019127882446181	2
positive regulation of muscle cell differentiation (GO:0051149)	0.0019068475988654	2
regulation of muscle cell differentiation (GO:0051147)	0.0019068475988654	2
protein acylation (GO:0043543)	0.001903951708806	2
negative regulation of inflammatory response to antigenic stimulus (GO:0002862)	0.0018999821506952	3
regulation of inflammatory response to antigenic stimulus (GO:0002861)	0.0018999821506952	3
positive regulation of Ras protein signal transduction (GO:0046579)	0.0018771212511202	2
positive regulation of stress fiber assembly (GO:0051496)	0.0018771212511202	2
positive regulation of actin filament bundle assembly (GO:0032233)	0.0018771212511202	2
positive regulation of Rho protein signal transduction (GO:0035025)	0.0018771212511202	2
regulation of stress fiber assembly (GO:0051492)	0.0018771212511202	2
peroxisomal transport (GO:0043574)	0.0018762881486271	1
establishment of protein localization to peroxisome (GO:0072663)	0.0018762881486271	1
membrane fusion (GO:0061025)	0.0018760361700432002	3
negative regulation of gluconeogenesis (GO:0045721)	0.001875141970482	1
negative regulation of cell adhesion (GO:0007162)	0.0018750038213318	2
glial cell differentiation (GO:0010001)	0.0018687610943455	2
cellular senescence (GO:0090398)	0.0018683365910412	1
positive regulation of chromosome organization (GO:2001252)	0.0018683365910412	1
maintenance of protein localization in organelle (GO:0072595)	0.0018683365910412	1
PML body organization (GO:0030578)	0.0018683365910412	1
negative regulation of viral release from host cell (GO:1902187)	0.0018683365910412	1
maintenance of protein location in nucleus (GO:0051457)	0.0018683365910412	1
nuclear body organization (GO:0030575)	0.0018683365910412	1
regulation of cardiac muscle cell proliferation (GO:0060043)	0.0018641346476513001	2
regulation of peptidyl-threonine phosphorylation (GO:0010799)	0.0018617550893331	2
lymphocyte apoptotic process (GO:0070227)	0.0018600247230374	1
positive regulation of response to endoplasmic reticulum stress (GO:1905898)	0.0018600247230374	1
cellular response to virus (GO:0098586)	0.0018600247230374	1
protein insertion into mitochondrial membrane involved in apoptotic signaling pathway (GO:0001844)	0.0018600247230374	1
mitochondrial outer membrane permeabilization (GO:0097345)	0.0018600247230374	1
positive regulation of endoplasmic reticulum unfolded protein response (GO:1900103)	0.0018600247230374	1
regulation of IRE1-mediated unfolded protein response (GO:1903894)	0.0018600247230374	1
regulation of endoplasmic reticulum unfolded protein response (GO:1900101)	0.0018600247230374	1
negative regulation of mitochondrial membrane potential (GO:0010917)	0.0018600247230374	1
negative regulation of membrane potential (GO:0045837)	0.0018600247230374	1
positive regulation of IRE1-mediated unfolded protein response (GO:1903896)	0.0018600247230374	1
regulation of phospholipase activity (GO:0010517)	0.0018578455380744	3
myeloid cell development (GO:0061515)	0.0018567772594243	1
erythrocyte differentiation (GO:0030218)	0.0018567772594243	1
erythrocyte development (GO:0048821)	0.0018567772594243	1
protein deubiquitination involved in ubiquitin-dependent protein catabolic process (GO:0071947)	0.0018474459434977	1
female gamete generation (GO:0007292)	0.0018474459434977	1
neuron projection extension (GO:1990138)	0.0018474459434977	1
BMP signaling pathway (GO:0030509)	0.0018474459434977	1
cellular response to BMP stimulus (GO:0071773)	0.0018474459434977	1
axon extension (GO:0048675)	0.0018474459434977	1
mRNA transcription (GO:0009299)	0.0018472180432911	2
positive regulation of transcription from RNA polymerase II promoter in response to stress (GO:0036003)	0.0018472180432911	2
positive regulation of endocytosis (GO:0045807)	0.0018415031328752	2
regulation of endocytosis (GO:0030100)	0.0018415031328752	2
response to interferon-beta (GO:0035456)	0.0018401179690298	3
protein glycosylation (GO:0006486)	0.0018384224388739998	2
heart contraction (GO:0060047)	0.0018284683287121	2
blood circulation (GO:0008015)	0.0018284683287121	2
regulation of centrosome duplication (GO:0010824)	0.0018256775888212	2
regulation of centrosome cycle (GO:0046605)	0.0018256775888212	2
negative regulation of protein-containing complex assembly (GO:0031333)	0.0018247907327305	3
regulation of platelet-derived growth factor receptor signaling pathway (GO:0010640)	0.0018229366684811	2
neurotransmitter receptor transport to postsynaptic membrane (GO:0098969)	0.0018206236979328	2
negative regulation of wound healing (GO:0061045)	0.001819400288306	1
regulation of actin filament-based process (GO:0032970)	0.001819400288306	1
negative regulation of response to wounding (GO:1903035)	0.001819400288306	1
positive regulation of endothelial cell proliferation (GO:0001938)	0.001812276146812	2
regulation of ubiquitin protein ligase activity (GO:1904666)	0.0018087489391744	2
positive regulation of ubiquitin protein ligase activity (GO:1904668)	0.0018087489391744	2
microglial cell activation (GO:0001774)	0.0017918687413035	2
negative regulation of MAPK cascade (GO:0043409)	0.0017916019815576	3
regulation of protein ADP-ribosylation (GO:0010835)	0.0017897565177376	1
regulation of cellular amide metabolic process (GO:0034248)	0.0017897565177376	1
mitotic recombination (GO:0006312)	0.0017868960425959	1
cellular response to alkaloid (GO:0071312)	0.0017868960425959	1
DNA-dependent DNA replication maintenance of fidelity (GO:0045005)	0.0017868960425959	1
positive regulation of DNA ligation (GO:0051106)	0.0017868960425959	1
double-strand break repair via synthesis-dependent strand annealing (GO:0045003)	0.0017868960425959	1
telomere maintenance via recombination (GO:0000722)	0.0017868960425959	1
regulation of amyloid fibril formation (GO:1905906)	0.00178529876332	2
negative regulation of amyloid fibril formation (GO:1905907)	0.00178529876332	2
negative regulation of striated muscle cell differentiation (GO:0051154)	0.0017839524693848	2
regulation of ATP metabolic process (GO:1903578)	0.0017819044394296998	2
cytoskeleton-dependent cytokinesis (GO:0061640)	0.0017530857010757	3
mitotic cytokinesis (GO:0000281)	0.0017530857010757	3
carbohydrate derivative biosynthetic process (GO:1901137)	0.0017473594975696	1
glyceraldehyde-3-phosphate metabolic process (GO:0019682)	0.0017473594975696	1
ribose phosphate biosynthetic process (GO:0046390)	0.0017473594975696	1
pentose-phosphate shunt (GO:0006098)	0.0017473594975696	1
aldehyde biosynthetic process (GO:0046184)	0.0017473594975696	1
glucose 6-phosphate metabolic process (GO:0051156)	0.0017473594975696	1
pentose-phosphate shunt, non-oxidative branch (GO:0009052)	0.0017473594975696	1
organophosphate biosynthetic process (GO:0090407)	0.0017473594975696	1
ribose phosphate metabolic process (GO:0019693)	0.0017473594975696	1
RNA modification (GO:0009451)	0.0017471587015525	2
rRNA modification (GO:0000154)	0.0017471587015525	2
fatty-acyl-CoA biosynthetic process (GO:0046949)	0.001737937262525	1
acyl-CoA biosynthetic process (GO:0071616)	0.001737937262525	1
fatty acid derivative biosynthetic process (GO:1901570)	0.001737937262525	1
fatty-acyl-CoA metabolic process (GO:0035337)	0.001737937262525	1
negative regulation of cardiac muscle tissue growth (GO:0055022)	0.0017343062869025002	2
histone H3-K4 methylation (GO:0051568)	0.0017320767652856	1
positive regulation of histone acetylation (GO:0035066)	0.0017320767652856	1
positive regulation of DNA recombination (GO:0045911)	0.0017320767652856	1
regulation of isotype switching (GO:0045191)	0.0017320767652856	1
histone lysine methylation (GO:0034968)	0.0017320767652856	1
positive regulation of isotype switching (GO:0045830)	0.0017320767652856	1
positive regulation of immunoglobulin mediated immune response (GO:0002891)	0.0017320767652856	1
positive regulation of B cell activation (GO:0050871)	0.0017320767652856	1
positive regulation of exocytosis (GO:0045921)	0.0017311606343475999	2
myelin maintenance (GO:0043217)	0.0017307881765502	2
PERK-mediated unfolded protein response (GO:0036499)	0.0017299773287659	1
integrated stress response signaling (GO:0140467)	0.0017299773287659	1
striated muscle tissue development (GO:0014706)	0.0017270130276401002	2
negative regulation of transforming growth factor beta receptor signaling pathway (GO:0030512)	0.0017263905610490002	3
axon development (GO:0061564)	0.0017183204436954	2
positive regulation of Notch signaling pathway (GO:0045747)	0.0017168210995998	2
regulation of Notch signaling pathway (GO:0008593)	0.0017168210995998	2
mitotic DNA damage checkpoint signaling (GO:0044773)	0.0017102402624456	2
positive regulation of mitotic cell cycle (GO:0045931)	0.0017054605228162	2
regulation of neuron migration (GO:2001222)	0.0017015865760631	1
positive regulation of neuron migration (GO:2001224)	0.0017015865760631	1
regulation of myoblast proliferation (GO:2000291)	0.0017015865760631	1
cellular macromolecule catabolic process (GO:0044265)	0.0016990157914683	1
nucleobase-containing compound catabolic process (GO:0034655)	0.0016990157914683	1
ncRNA catabolic process (GO:0034661)	0.0016990157914683	1
miRNA catabolic process (GO:0010587)	0.0016990157914683	1
RNA catabolic process (GO:0006401)	0.0016990157914683	1
positive regulation of response to cytokine stimulus (GO:0060760)	0.0016890065113888	2
negative regulation of cardiac muscle hypertrophy (GO:0010614)	0.0016854096934441	2
regulation of neurogenesis (GO:0050767)	0.0016800155182642	2
epithelial cell-cell adhesion (GO:0090136)	0.0016734195499511998	2
positive regulation of lipid storage (GO:0010884)	0.0016666592978780998	2
positive regulation of lipid localization (GO:1905954)	0.0016666592978780998	2
chromosome condensation (GO:0030261)	0.0016604885738746	3
pre-mRNA cleavage required for polyadenylation (GO:0098789)	0.0016444512475453999	2
mRNA cleavage involved in mRNA processing (GO:0098787)	0.0016444512475453999	2
positive regulation of hydrolase activity (GO:0051345)	0.0016408862848591999	4
positive regulation of calcium ion transport into cytosol (GO:0010524)	0.0016379859943717	2
receptor internalization (GO:0031623)	0.0016379859943717	2
regulation of monooxygenase activity (GO:0032768)	0.0016379859943717	2
protein secretion (GO:0009306)	0.0016377427587502	1
peptide hormone secretion (GO:0030072)	0.0016377427587502	1
regulation of metal ion transport (GO:0010959)	0.0016377427587502	1
organonitrogen compound catabolic process (GO:1901565)	0.0016376772375211	1
macromolecule catabolic process (GO:0009057)	0.0016376772375211	1
negative regulation of protein ubiquitination (GO:0031397)	0.0016363700761496	2
positive regulation of interferon-beta production (GO:0032728)	0.0016343386489829	2
JNK cascade (GO:0007254)	0.0016338942010957998	2
regulation of cell junction assembly (GO:1901888)	0.0016320293164461	2
regulation of guanyl-nucleotide exchange factor activity (GO:1905097)	0.0016272942029356	1
positive regulation of toll-like receptor 3 signaling pathway (GO:0034141)	0.0016202004714511	2
positive regulation of toll-like receptor signaling pathway (GO:0034123)	0.0016202004714511	2
positive regulation of cell junction assembly (GO:1901890)	0.0016202004714511	2
plasma membrane raft assembly (GO:0044854)	0.0016202004714511	2
regulation of glucose import (GO:0046324)	0.0016175699219543	2
negative regulation of DNA-dependent DNA replication (GO:2000104)	0.0016141393476634	1
regulation of DNA-dependent DNA replication (GO:0090329)	0.0016141393476634	1
positive regulation of chromatin binding (GO:0035563)	0.0016141393476634	1
regulation of chromatin binding (GO:0035561)	0.0016141393476634	1
folic acid-containing compound metabolic process (GO:0006760)	0.0016036382280012	1
protein-DNA complex disassembly (GO:0032986)	0.0015963476121233998	2
nucleosome disassembly (GO:0006337)	0.0015963476121233998	2
chromatin disassembly (GO:0031498)	0.0015963476121233998	2
ncRNA export from nucleus (GO:0097064)	0.0015935250547189	2
negative regulation of catalytic activity (GO:0043086)	0.001592999249123	2
phosphatidylinositol-mediated signaling (GO:0048015)	0.0015848761894468	2
positive regulation of neurogenesis (GO:0050769)	0.0015844005733745	2
positive regulation of alcohol biosynthetic process (GO:1902932)	0.0015840035448395	2
peptidyl-lysine modification (GO:0018205)	0.0015806593404845998	3
regulation of cholesterol biosynthetic process (GO:0045540)	0.0015743671527507	2
activation of cysteine-type endopeptidase activity (GO:0097202)	0.0015556045774849999	2
zymogen activation (GO:0031638)	0.0015556045774849999	2
activation of protein kinase activity (GO:0032147)	0.0015545225854799	1
organic acid transport (GO:0015849)	0.00155403792791	1
L-alpha-amino acid transmembrane transport (GO:1902475)	0.00155403792791	1
ornithine transport (GO:0015822)	0.00155403792791	1
positive regulation of lymphocyte proliferation (GO:0050671)	0.00155403792791	1
positive regulation of T cell proliferation (GO:0042102)	0.00155403792791	1
amino acid transport (GO:0006865)	0.00155403792791	1
carboxylic acid transport (GO:0046942)	0.00155403792791	1
import into cell (GO:0098657)	0.00155403792791	1
basic amino acid transport (GO:0015802)	0.00155403792791	1
L-arginine transmembrane transport (GO:1903400)	0.00155403792791	1
L-ornithine transmembrane transport (GO:1903352)	0.00155403792791	1
amino acid import across plasma membrane (GO:0089718)	0.00155403792791	1
regulation of T cell proliferation (GO:0042129)	0.00155403792791	1
L-arginine import across plasma membrane (GO:0097638)	0.00155403792791	1
base-excision repair (GO:0006284)	0.0015521915908367	2
protein localization to endosome (GO:0036010)	0.0015383716090062	2
positive regulation of cytokine-mediated signaling pathway (GO:0001961)	0.0015332600847467	2
melanosome localization (GO:0032400)	0.0015302024736331	1
regulation of endocytic recycling (GO:2001135)	0.0015302024736331	1
establishment of melanosome localization (GO:0032401)	0.0015302024736331	1
insulin secretion involved in cellular response to glucose stimulus (GO:0035773)	0.0015302024736331	1
cellular response to pH (GO:0071467)	0.0015302024736331	1
cellular response to acidic pH (GO:0071468)	0.0015302024736331	1
receptor recycling (GO:0001881)	0.0015302024736331	1
pigment granule transport (GO:0051904)	0.0015302024736331	1
melanosome transport (GO:0032402)	0.0015302024736331	1
regulation of anion transport (GO:0044070)	0.0015302024736331	1
response to acidic pH (GO:0010447)	0.0015302024736331	1
constitutive secretory pathway (GO:0045054)	0.0015302024736331	1
aerobic respiration (GO:0009060)	0.0015195521569596	1
striated muscle cell development (GO:0055002)	0.0015161269428987	1
pattern recognition receptor signaling pathway (GO:0002221)	0.0014748909085169	1
MyD88-dependent toll-like receptor signaling pathway (GO:0002755)	0.0014748909085169	1
positive regulation of interleukin-4 production (GO:0032753)	0.0014698593232122	2
regulation of interleukin-5 production (GO:0032674)	0.0014698593232122	2
positive regulation of interleukin-13 production (GO:0032736)	0.0014698593232122	2
regulation of interleukin-4 production (GO:0032673)	0.0014698593232122	2
positive regulation of T-helper 2 cell differentiation (GO:0045630)	0.0014698593232122	2
positive regulation of interleukin-5 production (GO:0032754)	0.0014698593232122	2
positive regulation of type 2 immune response (GO:0002830)	0.0014698593232122	2
regulation of interleukin-13 production (GO:0032656)	0.0014698593232122	2
regulation of T-helper 2 cell differentiation (GO:0045628)	0.0014698593232122	2
sister chromatid segregation (GO:0000819)	0.0014598796246551	2
regulation of response to endoplasmic reticulum stress (GO:1905897)	0.0014587002742763	1
negative regulation of endoplasmic reticulum unfolded protein response (GO:1900102)	0.0014587002742763	1
positive regulation of ion transport (GO:0043270)	0.0014587002742763	1
positive regulation of cell communication (GO:0010647)	0.0014500261335287999	2
regulation of T cell mediated cytotoxicity (GO:0001914)	0.0014476006568645	1
antigen processing and presentation of exogenous peptide antigen via MHC class I, TAP-independent (GO:0002480)	0.0014476006568645	1
antigen processing and presentation of endogenous peptide antigen via MHC class I via ER pathway (GO:0002484)	0.0014476006568645	1
positive regulation of leukocyte mediated cytotoxicity (GO:0001912)	0.0014476006568645	1
detection of bacterium (GO:0016045)	0.0014476006568645	1
antigen processing and presentation of endogenous peptide antigen via MHC class I via ER pathway, TAP-independent (GO:0002486)	0.0014476006568645	1
positive regulation of T cell mediated immunity (GO:0002711)	0.0014476006568645	1
positive regulation of T cell mediated cytotoxicity (GO:0001916)	0.0014476006568645	1
protection from natural killer cell mediated cytotoxicity (GO:0042270)	0.0014476006568645	1
negative regulation of natural killer cell mediated cytotoxicity (GO:0045953)	0.0014476006568645	1
regulation of dendritic cell differentiation (GO:2001198)	0.0014476006568645	1
regulation of T cell tolerance induction (GO:0002664)	0.0014476006568645	1
regulation of synaptic vesicle recycling (GO:1903421)	0.0014471368070319	2
insulin-like growth factor receptor signaling pathway (GO:0048009)	0.0014453508488169	1
plasma membrane organization (GO:0007009)	0.0014383612419339	2
neurotransmitter receptor transport, endosome to plasma membrane (GO:0099639)	0.0014377622695844	2
positive regulation of receptor signaling pathway via JAK-STAT (GO:0046427)	0.0014368944395597	1
forebrain neuron differentiation (GO:0021879)	0.0014368944395597	1
positive regulation of cardiac muscle tissue growth (GO:0055023)	0.0014368944395597	1
body fluid secretion (GO:0007589)	0.0014368944395597	1
positive regulation of receptor signaling pathway via STAT (GO:1904894)	0.0014368944395597	1
mammary gland epithelium development (GO:0061180)	0.0014368944395597	1
lactation (GO:0007595)	0.0014368944395597	1
mammary gland epithelial cell differentiation (GO:0060644)	0.0014368944395597	1
positive regulation of cardiac muscle cell proliferation (GO:0060045)	0.0014368944395597	1
regulation of macrophage differentiation (GO:0045649)	0.0014347698762809	2
positive regulation of macrophage differentiation (GO:0045651)	0.0014347698762809	2
serine transport (GO:0032329)	0.0014305408438726	1
cholesterol homeostasis (GO:0042632)	0.0014279685330427	2
sterol transport (GO:0015918)	0.0014279685330427	2
cholesterol transport (GO:0030301)	0.0014279685330427	2
sterol homeostasis (GO:0055092)	0.0014279685330427	2
positive regulation of epidermis development (GO:0045684)	0.0014268820407901	1
regulation of epidermal cell differentiation (GO:0045604)	0.0014268820407901	1
positive regulation of epithelial cell differentiation (GO:0030858)	0.0014268820407901	1
regulation of developmental growth (GO:0048638)	0.0014170234352458	2
acetylcholine receptor signaling pathway (GO:0095500)	0.0014151096486921	1
G protein-coupled acetylcholine receptor signaling pathway (GO:0007213)	0.0014151096486921	1
G protein-coupled receptor signaling pathway, coupled to cyclic nucleotide second messenger (GO:0007187)	0.0014151096486921	1
adenylate cyclase-inhibiting G protein-coupled acetylcholine receptor signaling pathway (GO:0007197)	0.0014151096486921	1
T cell homeostasis (GO:0043029)	0.0014143176799784	1
regulation of cysteine-type endopeptidase activity involved in apoptotic signaling pathway (GO:2001267)	0.0014143176799784	1
T cell apoptotic process (GO:0070231)	0.0014143176799784	1
cell part morphogenesis (GO:0032990)	0.0014132099458604	1
mitochondrion disassembly (GO:0061726)	0.0014132099458604	1
mitochondrial fission (GO:0000266)	0.0014132099458604	1
autophagy of mitochondrion (GO:0000422)	0.0014132099458604	1
mitochondrion morphogenesis (GO:0070584)	0.0014132099458604	1
protein peptidyl-prolyl isomerization (GO:0000413)	0.0014117313475892	2
peptidyl-proline modification (GO:0018208)	0.0014117313475892	2
stem cell differentiation (GO:0048863)	0.0014067514293837	2
positive regulation of synaptic transmission (GO:0050806)	0.0013993141033993	3
negative regulation of hematopoietic progenitor cell differentiation (GO:1901533)	0.0013937516003267	1
regulation of histone H3-K9 methylation (GO:0051570)	0.0013937516003267	1
positive regulation of histone H3-K9 methylation (GO:0051574)	0.0013937516003267	1
regulation of T-helper cell differentiation (GO:0045622)	0.0013937516003267	1
maturation of 5.8S rRNA (GO:0000460)	0.0013880341462105998	2
vascular endothelial growth factor receptor-2 signaling pathway (GO:0036324)	0.0013810904360722	1
positive regulation of protein monoubiquitination (GO:1902527)	0.0013810904360722	1
regulation of protein monoubiquitination (GO:1902525)	0.0013810904360722	1
regulation of vascular endothelial growth factor receptor signaling pathway (GO:0030947)	0.0013810904360722	1
negative regulation of vascular endothelial growth factor receptor signaling pathway (GO:0030948)	0.0013810904360722	1
negative regulation of protein kinase B signaling (GO:0051898)	0.0013810904360722	1
positive regulation of nuclear-transcribed mRNA poly(A) tail shortening (GO:0060213)	0.0013787465268276	1
regulation of nuclear-transcribed mRNA poly(A) tail shortening (GO:0060211)	0.0013787465268276	1
positive regulation of protein processing (GO:0010954)	0.0013758801574174	2
adherens junction maintenance (GO:0034334)	0.0013679207568386	1
programmed necrotic cell death (GO:0097300)	0.0013666459817085	1
negative regulation of p38MAPK cascade (GO:1903753)	0.0013666459817085	1
necroptotic process (GO:0070266)	0.0013666459817085	1
cellular response to interferon-beta (GO:0035458)	0.0013666200492009001	2
regulation of telomere maintenance via telomere lengthening (GO:1904356)	0.0013665373259844	1
negative regulation of telomere maintenance (GO:0032205)	0.0013665373259844	1
protein auto-ADP-ribosylation (GO:0070213)	0.0013665373259844	1
protein localization to chromosome, telomeric region (GO:0070198)	0.0013665373259844	1
regulation of DNA biosynthetic process (GO:2000278)	0.0013665373259844	1
collagen fibril organization (GO:0030199)	0.0013566906235811	2
regulation of response to stress (GO:0080134)	0.001353275319705	1
negative regulation of peptidyl-threonine phosphorylation (GO:0010801)	0.001353275319705	1
positive regulation of miRNA mediated inhibition of translation (GO:1905618)	0.001353275319705	1
positive regulation of G1/S transition of mitotic cell cycle (GO:1900087)	0.001353275319705	1
macromolecule biosynthetic process (GO:0009059)	0.001353275319705	1
regulation of miRNA mediated inhibition of translation (GO:1905616)	0.001353275319705	1
positive regulation of translation in response to stress (GO:0032056)	0.001353275319705	1
positive regulation of cell cycle G1/S phase transition (GO:1902808)	0.001353275319705	1
cellular response to lipopolysaccharide (GO:0071222)	0.0013521646706280998	2
cellular response to molecule of bacterial origin (GO:0071219)	0.0013521646706280998	2
stress-activated protein kinase signaling cascade (GO:0031098)	0.0013521646706280998	2
Wnt signaling pathway, calcium modulating pathway (GO:0007223)	0.001342948763092	1
positive regulation of insulin secretion (GO:0032024)	0.001342948763092	1
maintenance of DNA repeat elements (GO:0043570)	0.001342948763092	1
positive regulation of epithelial to mesenchymal transition (GO:0010718)	0.001342948763092	1
regulation of hormone metabolic process (GO:0032350)	0.001342948763092	1
positive regulation of peptide hormone secretion (GO:0090277)	0.001342948763092	1
regulation of insulin secretion (GO:0050796)	0.001342948763092	1
pancreas development (GO:0031016)	0.001342948763092	1
myoblast differentiation (GO:0045445)	0.001342948763092	1
SNARE complex assembly (GO:0035493)	0.0013390336145086	2
positive regulation of receptor recycling (GO:0001921)	0.0013390336145086	2
regulation of receptor recycling (GO:0001919)	0.0013390336145086	2
muscle organ development (GO:0007517)	0.0013322258267186	1
mitotic DNA replication (GO:1902969)	0.0013261357329294	1
positive regulation of protein exit from endoplasmic reticulum (GO:0070863)	0.0013248890387679	1
protein localization to endoplasmic reticulum (GO:0070972)	0.0013248890387679	1
protein localization to endoplasmic reticulum exit site (GO:0070973)	0.0013248890387679	1
regulation of retrograde protein transport, ER to cytosol (GO:1904152)	0.0013248890387679	1
autonomic nervous system development (GO:0048483)	0.0013207405339816	1
negative regulation of transforming growth factor beta production (GO:0071635)	0.0013207405339816	1
integrin activation (GO:0033622)	0.0013207405339816	1
mismatch repair (GO:0006298)	0.0013136334310306	2
negative regulation of anoikis (GO:2000811)	0.0013119925262853	2
regulation of mitotic spindle assembly (GO:1901673)	0.0013099960760778	2
regulation of adenylate cyclase-activating G protein-coupled receptor signaling pathway (GO:0106070)	0.0013070660788109	1
chemical synaptic transmission, postsynaptic (GO:0099565)	0.0013070660788109	1
negative regulation of glucose import (GO:0046325)	0.0013070660788109	1
positive regulation of amyloid precursor protein catabolic process (GO:1902993)	0.0013070660788109	1
positive regulation of amyloid-beta formation (GO:1902004)	0.0013070660788109	1
negative regulation of glucose transmembrane transport (GO:0010829)	0.0013070660788109	1
negative regulation of glycogen biosynthetic process (GO:0045719)	0.0013070660788109	1
cardiac left ventricle morphogenesis (GO:0003214)	0.0013070660788109	1
excitatory postsynaptic potential (GO:0060079)	0.0013070660788109	1
regulation of systemic arterial blood pressure (GO:0003073)	0.0013070660788109	1
regulation of glycogen (starch) synthase activity (GO:2000465)	0.0013070660788109	1
regulation of glycogen biosynthetic process (GO:0005979)	0.0013070660788109	1
regulation of type B pancreatic cell development (GO:2000074)	0.0013070660788109	1
regulation of postsynaptic membrane potential (GO:0060078)	0.0013070660788109	1
cardiac ventricle morphogenesis (GO:0003208)	0.0013070660788109	1
positive regulation of blood circulation (GO:1903524)	0.0013070660788109	1
negative regulation of glycogen metabolic process (GO:0070874)	0.0013070660788109	1
positive regulation of protein localization to cell surface (GO:2000010)	0.0013031312187988	1
synaptic vesicle membrane organization (GO:0048499)	0.0013031312187988	1
synaptic vesicle fusion to presynaptic active zone membrane (GO:0031629)	0.0013031312187988	1
positive regulation of glycoprotein biosynthetic process (GO:0010560)	0.0013002691695463	1
glycoprotein biosynthetic process (GO:0009101)	0.0013002691695463	1
Golgi disassembly (GO:0090166)	0.0013002691695463	1
positive regulation of protein glycosylation (GO:0060050)	0.0013002691695463	1
Golgi inheritance (GO:0048313)	0.0013002691695463	1
regulation of protein glycosylation (GO:0060049)	0.0013002691695463	1
protein processing involved in protein targeting to mitochondrion (GO:0006627)	0.001298394037261	1
mitochondrial protein processing (GO:0034982)	0.001298394037261	1
mitochondrial calcium ion transmembrane transport (GO:0006851)	0.001298394037261	1
eye photoreceptor cell differentiation (GO:0001754)	0.0012803142855903	1
pronephros development (GO:0048793)	0.0012803142855903	1
epithelial tube formation (GO:0072175)	0.0012803142855903	1
eye photoreceptor cell development (GO:0042462)	0.0012803142855903	1
photoreceptor cell development (GO:0042461)	0.0012803142855903	1
camera-type eye development (GO:0043010)	0.0012803142855903	1
Notch signaling pathway (GO:0007219)	0.0012724153983867	2
peptidyl-threonine dephosphorylation (GO:0035970)	0.001268593286822	1
regulation of defense response to virus (GO:0050688)	0.001268593286822	1
negative regulation of tumor necrosis factor production (GO:0032720)	0.0012622405876415	1
cellular response to estrogen stimulus (GO:0071391)	0.0012622405876415	1
negative regulation of myeloid leukocyte differentiation (GO:0002762)	0.0012622405876415	1
negative regulation of tumor necrosis factor superfamily cytokine production (GO:1903556)	0.0012622405876415	1
regulation of inositol trisphosphate biosynthetic process (GO:0032960)	0.0012467492730942	1
positive regulation of vascular associated smooth muscle cell proliferation (GO:1904707)	0.0012467492730942	1
response to purine-containing compound (GO:0014074)	0.0012467492730942	1
cellular response to purine-containing compound (GO:0071415)	0.0012467492730942	1
negative regulation of peptidyl-lysine acetylation (GO:2000757)	0.0012414437534678	2
negative regulation of histone acetylation (GO:0035067)	0.0012414437534678	2
negative regulation of histone modification (GO:0031057)	0.0012414437534678	2
regulation of lipid biosynthetic process (GO:0046890)	0.0012335363181706	2
regulation of fatty acid biosynthetic process (GO:0042304)	0.0012335363181706	2
regulation of mRNA 3'-end processing (GO:0031440)	0.0012248305611496	1
regulation of RNA export from nucleus (GO:0046831)	0.0012248305611496	1
positive regulation of nucleobase-containing compound transport (GO:0032241)	0.0012248305611496	1
positive regulation of RNA export from nucleus (GO:0046833)	0.0012248305611496	1
UV-damage excision repair (GO:0070914)	0.0012233763857575001	2
global genome nucleotide-excision repair (GO:0070911)	0.0012233763857575001	2
nucleotide-excision repair, DNA duplex unwinding (GO:0000717)	0.0012233763857575001	2
regulation of pathway-restricted SMAD protein phosphorylation (GO:0060393)	0.0012223451055184001	2
nucleotide metabolic process (GO:0009117)	0.0012180857660321	1
nucleoside diphosphate metabolic process (GO:0009132)	0.0012180857660321	1
nucleotide phosphorylation (GO:0046939)	0.0012180857660321	1
regulation of epidermis development (GO:0045682)	0.0012180857660321	1
nucleoside phosphate biosynthetic process (GO:1901293)	0.0012180857660321	1
positive regulation of keratinocyte differentiation (GO:0045618)	0.0012180857660321	1
nucleoside diphosphate phosphorylation (GO:0006165)	0.0012180857660321	1
nucleoside triphosphate metabolic process (GO:0009141)	0.0012180857660321	1
regulation of keratinocyte differentiation (GO:0045616)	0.0012180857660321	1
nucleoside triphosphate biosynthetic process (GO:0009142)	0.0012180857660321	1
phosphatidylinositol metabolic process (GO:0046488)	0.001205063507431	1
positive regulation of RNA polymerase II transcription preinitiation complex assembly (GO:0045899)	0.0012017604928175	1
positive regulation of execution phase of apoptosis (GO:1900119)	0.0012017604928175	1
cellular response to drug (GO:0035690)	0.0012017604928175	1
positive regulation of transcription from RNA polymerase II promoter in response to endoplasmic reticulum stress (GO:1990440)	0.0012017604928175	1
mitotic G1/S transition checkpoint signaling (GO:0044819)	0.0012017604928175	1
cellular response to antibiotic (GO:0071236)	0.0012017604928175	1
replicative senescence (GO:0090399)	0.0012017604928175	1
negative regulation of telomerase activity (GO:0051974)	0.0012017604928175	1
negative regulation of phosphate metabolic process (GO:0045936)	0.0012017604928175	1
hematopoietic stem cell differentiation (GO:0060218)	0.0012017604928175	1
regulation of RNA polymerase II transcription preinitiation complex assembly (GO:0045898)	0.0012017604928175	1
negative regulation of ATPase activity (GO:0032780)	0.0012017604928175	1
regulation of helicase activity (GO:0051095)	0.0012017604928175	1
regulation of execution phase of apoptosis (GO:1900117)	0.0012017604928175	1
positive regulation of T cell apoptotic process (GO:0070234)	0.0012017604928175	1
regulation of thymocyte apoptotic process (GO:0070243)	0.0012017604928175	1
chromatin assembly or disassembly (GO:0006333)	0.0012017604928175	1
stress-induced premature senescence (GO:0090400)	0.0012017604928175	1
response to interleukin-6 (GO:0070741)	0.0011931613780492	1
cellular response to angiotensin (GO:1904385)	0.0011931613780492	1
cellular response to nicotine (GO:0071316)	0.0011931613780492	1
negative regulation of cholesterol transport (GO:0032375)	0.0011931613780492	1
negative regulation of steroid biosynthetic process (GO:0010894)	0.0011931613780492	1
negative regulation of vitamin D biosynthetic process (GO:0010957)	0.0011931613780492	1
cellular response to interleukin-6 (GO:0071354)	0.0011931613780492	1
regulation of calcidiol 1-monooxygenase activity (GO:0060558)	0.0011931613780492	1
regulation of vitamin D biosynthetic process (GO:0060556)	0.0011931613780492	1
response to angiotensin (GO:1990776)	0.0011931613780492	1
positive regulation of macrophage derived foam cell differentiation (GO:0010744)	0.0011931613780492	1
positive regulation of miRNA metabolic process (GO:2000630)	0.0011931613780492	1
negative regulation of vitamin metabolic process (GO:0046137)	0.0011931613780492	1
regulation of miRNA metabolic process (GO:2000628)	0.0011931613780492	1
regulation of hyaluronan biosynthetic process (GO:1900125)	0.0011931613780492	1
regulation of receptor internalization (GO:0002090)	0.0011916953678286	2
regulation of protein targeting (GO:1903533)	0.0011901171034482	1
regulation of establishment of protein localization to mitochondrion (GO:1903747)	0.0011901171034482	1
positive regulation of granulocyte differentiation (GO:0030854)	0.0011901171034482	1
positive regulation of actin cytoskeleton reorganization (GO:2000251)	0.0011901171034482	1
regulation of actin cytoskeleton reorganization (GO:2000249)	0.0011901171034482	1
regulation of actin filament polymerization (GO:0030833)	0.0011901171034482	1
regulation of protein polymerization (GO:0032271)	0.0011901171034482	1
histone deubiquitination (GO:0016578)	0.0011841197042544	1
maintenance of DNA methylation (GO:0010216)	0.0011841197042544	1
monoubiquitinated protein deubiquitination (GO:0035520)	0.0011841197042544	1
regulation of carbohydrate biosynthetic process (GO:0043255)	0.0011841197042544	1
regulation of glucose metabolic process (GO:0010906)	0.0011841197042544	1
regulation of retrograde transport, endosome to Golgi (GO:1905279)	0.0011841197042544	1
Golgi to endosome transport (GO:0006895)	0.0011838582778679	1
response to interferon-alpha (GO:0035455)	0.0011838582778679	1
regulation of Golgi organization (GO:1903358)	0.0011717784492079	1
peptidyl-serine autophosphorylation (GO:0036289)	0.0011717784492079	1
mitotic metaphase plate congression (GO:0007080)	0.001170210800019	2
positive regulation of glycolytic process (GO:0045821)	0.0011682686685433	2
positive regulation of protein acetylation (GO:1901985)	0.0011682686685433	2
lipid biosynthetic process (GO:0008610)	0.0011682686685433	2
fatty acid homeostasis (GO:0055089)	0.0011682686685433	2
cellular response to calcium ion (GO:0071277)	0.0011682686685433	2
cellular response to hexose stimulus (GO:0071331)	0.0011682686685433	2
negative regulation of tubulin deacetylation (GO:1904428)	0.0011682686685433	2
regulation of tubulin deacetylation (GO:0090043)	0.0011682686685433	2
cellular glucose homeostasis (GO:0001678)	0.0011682686685433	2
regulation of peptidyl-lysine acetylation (GO:2000756)	0.0011682686685433	2
positive regulation of purine nucleotide metabolic process (GO:1900544)	0.0011682686685433	2
intrinsic apoptotic signaling pathway in response to oxidative stress (GO:0008631)	0.0011664544513663	1
positive regulation of fibroblast apoptotic process (GO:2000271)	0.0011657190438379	1
positive regulation of osteoblast differentiation (GO:0045669)	0.0011657190438379	1
regulation of fibroblast apoptotic process (GO:2000269)	0.0011657190438379	1
mRNA 3'-splice site recognition (GO:0000389)	0.0011653057795616	2
positive regulation of cytosolic calcium ion concentration involved in phospholipase C-activating G protein-coupled signaling pathway (GO:0051482)	0.0011574943845513	1
negative regulation of neuron projection development (GO:0010977)	0.0011574943845513	1
regulation of secretion (GO:0051046)	0.001153690478707	1
cranial nerve development (GO:0021545)	0.001153690478707	1
Schwann cell differentiation (GO:0014037)	0.001153690478707	1
negative regulation of cell communication (GO:0010648)	0.001153690478707	1
phosphatidylinositol 3-kinase signaling (GO:0014065)	0.001153690478707	1
peripheral nervous system development (GO:0007422)	0.001153690478707	1
negative regulation of signaling (GO:0023057)	0.001153690478707	1
chordate embryonic development (GO:0043009)	0.0011524990533646	2
regulation of chromatin silencing (GO:0031935)	0.0011520088042465	2
negative regulation of DNA metabolic process (GO:0051053)	0.0011520088042465	2
negative regulation of chromatin silencing (GO:0031936)	0.0011520088042465	2
negative regulation of chromatin organization (GO:1905268)	0.0011520088042465	2
negative regulation of gene silencing (GO:0060969)	0.0011520088042465	2
nucleosome positioning (GO:0016584)	0.0011520088042465	2
beta-catenin destruction complex disassembly (GO:1904886)	0.0011514312914717	2
regulation of mitotic sister chromatid separation (GO:0010965)	0.0011465888510200002	2
regulation of mitotic metaphase/anaphase transition (GO:0030071)	0.0011465888510200002	2
establishment of protein localization to endoplasmic reticulum (GO:0072599)	0.0011312596625862	1
negative regulation of nervous system development (GO:0051961)	0.0011289134625023	1
protein localization to centrosome (GO:0071539)	0.0011289134625023	1
cell proliferation in forebrain (GO:0021846)	0.0011289134625023	1
microtubule anchoring (GO:0034453)	0.0011289134625023	1
negative regulation of neurogenesis (GO:0050768)	0.0011289134625023	1
protein localization to microtubule organizing center (GO:1905508)	0.0011289134625023	1
nuclear membrane reassembly (GO:0031468)	0.0011261324574597	2
mitotic nuclear membrane organization (GO:0101024)	0.0011261324574597	2
mitotic nuclear membrane reassembly (GO:0007084)	0.0011261324574597	2
cellular heat acclimation (GO:0070370)	0.0011220669458529	1
heat acclimation (GO:0010286)	0.0011220669458529	1
muscle tissue development (GO:0060537)	0.0011146110654622	1
regulation of mRNA metabolic process (GO:1903311)	0.0011146110654622	1
protein sumoylation (GO:0016925)	0.0011037729499107	2
negative regulation of ERK1 and ERK2 cascade (GO:0070373)	0.0010832603150838	2
positive regulation of p38MAPK cascade (GO:1900745)	0.0010750788635654	1
positive regulation of stress-activated MAPK cascade (GO:0032874)	0.0010750788635654	1
positive regulation of erythrocyte differentiation (GO:0045648)	0.0010750788635654	1
regulation of hemoglobin biosynthetic process (GO:0046984)	0.0010750788635654	1
regulation of erythrocyte differentiation (GO:0045646)	0.0010750788635654	1
negative regulation of myeloid cell differentiation (GO:0045638)	0.0010750788635654	1
positive regulation of myeloid cell differentiation (GO:0045639)	0.0010750788635654	1
positive regulation of hemoglobin biosynthetic process (GO:0046985)	0.0010750788635654	1
regulation of Cdc42 protein signal transduction (GO:0032489)	0.0010694411474820999	2
regulation of extrinsic apoptotic signaling pathway in absence of ligand (GO:2001239)	0.001066001230003	2
negative regulation of translation, ncRNA-mediated (GO:0040033)	0.001063016363747	1
miRNA mediated inhibition of translation (GO:0035278)	0.001063016363747	1
regulation of nucleocytoplasmic transport (GO:0046822)	0.001063016363747	1
positive regulation of lamellipodium assembly (GO:0010592)	0.001060208715813	1
regulation of actin filament organization (GO:0110053)	0.001060208715813	1
positive regulation of lamellipodium organization (GO:1902745)	0.001060208715813	1
regulation of Arp2/3 complex-mediated actin nucleation (GO:0034315)	0.001060208715813	1
positive regulation of Arp2/3 complex-mediated actin nucleation (GO:2000601)	0.001060208715813	1
positive regulation of actin nucleation (GO:0051127)	0.001060208715813	1
regulation of lamellipodium assembly (GO:0010591)	0.001060208715813	1
regulation of leukocyte activation (GO:0002694)	0.0010553980429874	1
regulation of protein secretion (GO:0050708)	0.0010553980429874	1
high-density lipoprotein particle remodeling (GO:0034375)	0.001046415577667	2
ribosomal small subunit biogenesis (GO:0042274)	0.0010382699069615	2
ribosomal small subunit assembly (GO:0000028)	0.0010382699069615	2
NLS-bearing protein import into nucleus (GO:0006607)	0.0010351417814128002	2
homophilic cell adhesion via plasma membrane adhesion molecules (GO:0007156)	0.0010332985176126	1
regulation of dendrite morphogenesis (GO:0048814)	0.0010332985176126	1
synapse assembly (GO:0007416)	0.0010332985176126	1
positive regulation of dendrite morphogenesis (GO:0050775)	0.0010332985176126	1
endonucleolytic cleavage of tricistronic rRNA transcript (SSU-rRNA, 5.8S rRNA, LSU-rRNA) (GO:0000479)	0.0010281481682625	1
negative regulation of telomere maintenance via telomerase (GO:0032211)	0.0010241612823715	1
protein acetylation (GO:0006473)	0.0010241612823715	1
regulation of extracellular matrix constituent secretion (GO:0003330)	0.0010168557059755	1
regulation of endothelial cell development (GO:1901550)	0.0010168557059755	1
regulation of ceramide biosynthetic process (GO:2000303)	0.0010168557059755	1
negative regulation of extracellular matrix organization (GO:1903054)	0.0010168557059755	1
positive regulation of ceramide biosynthetic process (GO:2000304)	0.0010168557059755	1
positive regulation of sphingolipid biosynthetic process (GO:0090154)	0.0010168557059755	1
aortic valve development (GO:0003176)	0.0010168557059755	1
pulmonary valve development (GO:0003177)	0.0010168557059755	1
regulation of ventricular cardiac muscle cell action potential (GO:0098911)	0.0010138404595864	2
positive regulation of mitotic nuclear division (GO:0045840)	0.0010068035749612	2
regulation of vitamin D receptor signaling pathway (GO:0070562)	0.0010052911514079	2
intermediate filament organization (GO:0045109)	0.0010014784728786	2
adherens junction assembly (GO:0034333)	0.0010004658439717	1
apical protein localization (GO:0045176)	0.0010004658439717	1
morphogenesis of a polarized epithelium (GO:0001738)	0.0010004658439717	1
morphogenesis of an epithelium (GO:0002009)	0.0010004658439717	1
neutrophil chemotaxis (GO:0030593)	0.000999289502791	1
modulation by host of viral genome replication (GO:0044827)	0.000999289502791	1
modulation by host of viral process (GO:0044788)	0.000999289502791	1
neutrophil migration (GO:1990266)	0.000999289502791	1
positive regulation by host of viral process (GO:0044794)	0.000999289502791	1
positive regulation of multicellular organism growth (GO:0040018)	0.000999289502791	1
granulocyte chemotaxis (GO:0071621)	0.000999289502791	1
positive regulation by host of viral genome replication (GO:0044829)	0.000999289502791	1
late endosome to Golgi transport (GO:0034499)	0.0009826261894072	1
regulation of viral entry into host cell (GO:0046596)	0.0009826261894072	1
negative regulation of viral entry into host cell (GO:0046597)	0.0009826261894072	1
negative regulation of phagocytosis (GO:0050765)	0.0009826261894072	1
negative regulation of viral life cycle (GO:1903901)	0.0009826261894072	1
negative regulation of establishment of protein localization (GO:1904950)	0.0009826261894072	1
negative regulation of protein transport (GO:0051224)	0.0009826261894072	1
membrane invagination (GO:0010324)	0.0009826261894072	1
regulation of protein transport (GO:0051223)	0.0009826261894072	1
tail-anchored membrane protein insertion into ER membrane (GO:0071816)	0.0009749054054194999	2
protein alpha-1,2-demannosylation (GO:0036508)	0.0009724384387371	1
endoplasmic reticulum mannose trimming (GO:1904380)	0.0009724384387371	1
immature B cell differentiation (GO:0002327)	0.0009724384387371	1
negative regulation of intracellular transport (GO:0032387)	0.0009717144466862	1
regulation of exit from mitosis (GO:0007096)	0.0009707891577868	2
positive regulation of gluconeogenesis (GO:0045722)	0.0009678574425147	1
positive regulation of viral life cycle (GO:1903902)	0.0009678574425147	1
positive regulation of viral release from host cell (GO:1902188)	0.0009678574425147	1
regulation by virus of viral protein levels in host cell (GO:0046719)	0.0009678574425147	1
small nucleolar ribonucleoprotein complex assembly (GO:0000491)	0.0009665266673832	1
box C/D snoRNP assembly (GO:0000492)	0.0009665266673832	1
regulation of intrinsic apoptotic signaling pathway in response to DNA damage (GO:1902229)	0.0009658981223227	1
negative regulation of response to DNA damage stimulus (GO:2001021)	0.0009658981223227	1
protein repair (GO:0030091)	0.0009557436729698	1
positive regulation of transcription from RNA polymerase II promoter involved in cellular response to chemical stimulus (GO:1901522)	0.0009530596496137	1
regulation of monocyte chemotaxis (GO:0090025)	0.0009530596496137	1
positive regulation of monocyte chemotaxis (GO:0090026)	0.0009530596496137	1
positive regulation of mononuclear cell migration (GO:0071677)	0.0009530596496137	1
spindle assembly checkpoint signaling (GO:0071173)	0.000951569394626	2
mitotic spindle checkpoint signaling (GO:0071174)	0.000951569394626	2
mitotic spindle assembly checkpoint signaling (GO:0007094)	0.000951569394626	2
negative regulation of mitotic metaphase/anaphase transition (GO:0045841)	0.000951569394626	2
response to DNA damage checkpoint signaling (GO:0072423)	0.000951399855027	1
regulation of cell aging (GO:0090342)	0.0009330329262769	2
negative regulation of G protein-coupled receptor signaling pathway (GO:0045744)	0.0009296443278979	1
dopamine uptake (GO:0090494)	0.0009296443278979	1
signal release from synapse (GO:0099643)	0.0009296443278979	1
synaptic transmission, dopaminergic (GO:0001963)	0.0009296443278979	1
response to epinephrine (GO:0071871)	0.0009296443278979	1
cellular response to catecholamine stimulus (GO:0071870)	0.0009296443278979	1
regulation of inositol phosphate biosynthetic process (GO:0010919)	0.0009296443278979	1
regulation of dopamine uptake involved in synaptic transmission (GO:0051584)	0.0009296443278979	1
negative regulation of ion transport (GO:0043271)	0.0009296443278979	1
regulation of reactive oxygen species biosynthetic process (GO:1903426)	0.0009296443278979	1
positive regulation of calcium ion transmembrane transport (GO:1904427)	0.0009296443278979	1
regulation of release of sequestered calcium ion into cytosol (GO:0051279)	0.0009296443278979	1
presynaptic endocytosis (GO:0140238)	0.0009296443278979	1
regulation of dopamine secretion (GO:0014059)	0.0009296443278979	1
regulation of exocytosis (GO:0017157)	0.0009296443278979	1
neurotransmitter secretion (GO:0007269)	0.0009296443278979	1
negative regulation of exocytosis (GO:0045920)	0.0009296443278979	1
synaptic vesicle cycle (GO:0099504)	0.0009296443278979	1
regulation of catecholamine secretion (GO:0050433)	0.0009296443278979	1
negative regulation of oxidoreductase activity (GO:0051354)	0.0009296443278979	1
dopamine metabolic process (GO:0042417)	0.0009296443278979	1
synaptic vesicle endocytosis (GO:0048488)	0.0009296443278979	1
cellular response to epinephrine stimulus (GO:0071872)	0.0009296443278979	1
regulation of lipase activity (GO:0060191)	0.0009296443278979	1
macrophage activation (GO:0042116)	0.0009296443278979	1
positive regulation of vesicle fusion (GO:0031340)	0.0009296443278979	1
synaptic vesicle recycling (GO:0036465)	0.0009296443278979	1
regulation of biosynthetic process (GO:0009889)	0.0009296443278979	1
response to iron ion (GO:0010039)	0.0009296443278979	1
dopamine biosynthetic process (GO:0042416)	0.0009296443278979	1
regulation of SNARE complex assembly (GO:0035542)	0.0009296443278979	1
positive regulation of cellular carbohydrate metabolic process (GO:0010676)	0.0009296443278979	1
catecholamine biosynthetic process (GO:0042423)	0.0009296443278979	1
negative regulation of transporter activity (GO:0032410)	0.0009296443278979	1
response to interferon-gamma (GO:0034341)	0.0009296443278979	1
positive regulation of phospholipase activity (GO:0010518)	0.0009282012101764999	2
positive regulation of lipase activity (GO:0060193)	0.0009282012101764999	2
skeletal system morphogenesis (GO:0048705)	0.0009282012101764999	2
regulation of RNA polymerase II regulatory region sequence-specific DNA binding (GO:1903025)	0.0009280284096758	1
regulation of cell cycle G1/S phase transition (GO:1902806)	0.0009280284096758	1
negative regulation of RNA polymerase II regulatory region sequence-specific DNA binding (GO:1903026)	0.0009280284096758	1
response to ATP (GO:0033198)	0.0009280284096758	1
positive regulation of signaling receptor activity (GO:2000273)	0.0009280284096758	1
transcription preinitiation complex assembly (GO:0070897)	0.0009280284096758	1
regulation of protein autoubiquitination (GO:1902498)	0.0009280284096758	1
RNA polymerase II preinitiation complex assembly (GO:0051123)	0.0009280284096758	1
negative regulation of transcription regulatory region DNA binding (GO:2000678)	0.0009280284096758	1
cellular response to ATP (GO:0071318)	0.0009280284096758	1
regulation of cytokinesis (GO:0032465)	0.0009209216144263001	2
regulation of dopamine receptor signaling pathway (GO:0060159)	0.0009202697904504	1
regulation of postsynapse organization (GO:0099175)	0.0009202697904504	1
superoxide metabolic process (GO:0006801)	0.0009200079358091	1
hydrogen peroxide biosynthetic process (GO:0050665)	0.0009200079358091	1
regulation of T cell differentiation in thymus (GO:0033081)	0.0009200079358091	1
myelination in peripheral nervous system (GO:0022011)	0.0009200079358091	1
negative regulation of cholesterol metabolic process (GO:0090206)	0.0009200079358091	1
anterograde axonal transport (GO:0008089)	0.0009200079358091	1
negative regulation of cholesterol biosynthetic process (GO:0045541)	0.0009200079358091	1
thymus development (GO:0048538)	0.0009200079358091	1
response to axon injury (GO:0048678)	0.0009200079358091	1
negative regulation of sterol biosynthetic process (GO:0106119)	0.0009200079358091	1
peptide metabolic process (GO:0006518)	0.0009200079358091	1
regulation of organ growth (GO:0046620)	0.0009200079358091	1
glutathione metabolic process (GO:0006749)	0.0009200079358091	1
vasodilation (GO:0042311)	0.0009200079358091	1
female gonad development (GO:0008585)	0.0009200079358091	1
removal of superoxide radicals (GO:0019430)	0.0009200079358091	1
inner ear receptor cell stereocilium organization (GO:0060122)	0.0009200079358091	1
hydrogen peroxide metabolic process (GO:0042743)	0.0009200079358091	1
regulation of T cell differentiation (GO:0045580)	0.0009200079358091	1
regulation of superoxide anion generation (GO:0032928)	0.0009200079358091	1
cellular response to superoxide (GO:0071451)	0.0009200079358091	1
auditory receptor cell morphogenesis (GO:0002093)	0.0009200079358091	1
auditory receptor cell stereocilium organization (GO:0060088)	0.0009200079358091	1
response to ethanol (GO:0045471)	0.0009200079358091	1
positive regulation of superoxide anion generation (GO:0032930)	0.0009200079358091	1
response to alcohol (GO:0097305)	0.0009200079358091	1
negative regulation of smooth muscle contraction (GO:0045986)	0.0009200079358091	1
ovarian follicle development (GO:0001541)	0.0009200079358091	1
positive regulation of cell-cell adhesion (GO:0022409)	0.0009118588049773	1
regulation of neurotransmitter transport (GO:0051588)	0.0009118588049773	1
positive regulation of heterotypic cell-cell adhesion (GO:0034116)	0.0009118588049773	1
positive regulation of myoblast fusion (GO:1901741)	0.0009118588049773	1
protein kinase C signaling (GO:0070528)	0.0009118588049773	1
regulation of receptor-mediated endocytosis (GO:0048259)	0.0009118588049773	1
positive regulation of syncytium formation by plasma membrane fusion (GO:0060143)	0.0009118588049773	1
regulation of cell-cell adhesion mediated by cadherin (GO:2000047)	0.0009118588049773	1
regulation of myoblast fusion (GO:1901739)	0.0009118588049773	1
regulation of skeletal muscle tissue development (GO:0048641)	0.0009118588049773	1
positive regulation of cell-cell adhesion mediated by cadherin (GO:2000049)	0.0009118588049773	1
regulation of toll-like receptor 4 signaling pathway (GO:0034143)	0.0009118588049773	1
skeletal myofibril assembly (GO:0014866)	0.000908460392903	1
actin-mediated cell contraction (GO:0070252)	0.000908460392903	1
cardiac muscle tissue morphogenesis (GO:0055008)	0.000908460392903	1
muscle tissue morphogenesis (GO:0060415)	0.000908460392903	1
skeletal muscle thin filament assembly (GO:0030240)	0.000908460392903	1
negative regulation of cell cycle G1/S phase transition (GO:1902807)	0.0008972787206439	2
negative regulation of G1/S transition of mitotic cell cycle (GO:2000134)	0.0008972787206439	2
regulation of vacuole organization (GO:0044088)	0.0008932923405832	1
regulation of autophagosome assembly (GO:2000785)	0.0008932923405832	1
protein localization to cilium (GO:0061512)	0.0008932923405832	1
RNA-dependent DNA biosynthetic process (GO:0006278)	0.000886393222939	1
error-prone translesion synthesis (GO:0042276)	0.000886393222939	1
telomere maintenance via telomerase (GO:0007004)	0.000886393222939	1
telomere organization (GO:0032200)	0.000886393222939	1
translesion synthesis (GO:0019985)	0.000886393222939	1
base-excision repair, gap-filling (GO:0006287)	0.000886393222939	1
error-free translesion synthesis (GO:0070987)	0.000886393222939	1
DNA synthesis involved in DNA repair (GO:0000731)	0.000886393222939	1
nucleotide-excision repair, DNA gap filling (GO:0006297)	0.000886393222939	1
protein palmitoylation (GO:0018345)	0.0008797904264345	1
regulation of pattern recognition receptor signaling pathway (GO:0062207)	0.0008797904264345	1
positive regulation of pattern recognition receptor signaling pathway (GO:0062208)	0.0008797904264345	1
protein lipidation (GO:0006497)	0.0008797904264345	1
negative regulation of leukocyte activation (GO:0002695)	0.0008622244134056	1
negative regulation of neuroinflammatory response (GO:0150079)	0.0008622244134056	1
regulation of microglial cell activation (GO:1903978)	0.0008622244134056	1
negative regulation of immune effector process (GO:0002698)	0.0008622244134056	1
regulation of respiratory burst involved in inflammatory response (GO:0060264)	0.0008622244134056	1
regulation of defense response to bacterium (GO:1900424)	0.0008622244134056	1
regulation of cell development (GO:0060284)	0.0008622244134056	1
regulation of inflammatory response to wounding (GO:0106014)	0.0008622244134056	1
lysosomal lumen acidification (GO:0007042)	0.0008622244134056	1
positive regulation of vacuole organization (GO:0044090)	0.0008622244134056	1
regulation of axon regeneration (GO:0048679)	0.0008622244134056	1
negative regulation of macrophage activation (GO:0043031)	0.0008622244134056	1
regulation of neutrophil activation (GO:1902563)	0.0008622244134056	1
positive regulation of response to wounding (GO:1903036)	0.0008622244134056	1
negative regulation of microglial cell activation (GO:1903979)	0.0008622244134056	1
regulation of lysosomal lumen pH (GO:0035751)	0.0008622244134056	1
positive regulation of defense response to bacterium (GO:1900426)	0.0008622244134056	1
positive regulation of aspartic-type peptidase activity (GO:1905247)	0.0008622244134056	1
macrophage activation involved in immune response (GO:0002281)	0.0008622244134056	1
positive regulation of response to biotic stimulus (GO:0002833)	0.0008622244134056	1
stress fiber assembly (GO:0043149)	0.0008457896632951	1
contractile actin filament bundle assembly (GO:0030038)	0.0008457896632951	1
negative regulation of protein localization to nucleus (GO:1900181)	0.0008438312351184	1
cellular response to indole-3-methanol (GO:0071681)	0.0008438312351184	1
response to indole-3-methanol (GO:0071680)	0.0008438312351184	1
negative regulation of cellular protein localization (GO:1903828)	0.0008438312351184	1
negative regulation by host of viral transcription (GO:0043922)	0.0008282230670136	1
response to thyroid hormone (GO:0097066)	0.0008213205428665	1
cellular response to thyroid hormone stimulus (GO:0097067)	0.0008213205428665	1
tubulin complex assembly (GO:0007021)	0.0008135843166338	1
positive regulation of protein localization to centrosome (GO:1904781)	0.0008117841185672	2
regulation of protein localization to centrosome (GO:1904779)	0.0008117841185672	2
brain development (GO:0007420)	0.0008107802407411	1
myelination (GO:0042552)	0.0008107802407411	1
second-messenger-mediated signaling (GO:0019932)	0.0008107802407411	1
central nervous system development (GO:0007417)	0.0008107802407411	1
chemokine (C-X-C motif) ligand 12 signaling pathway (GO:0038146)	0.0008107802407411	1
regulation of oligodendrocyte differentiation (GO:0048713)	0.0008107802407411	1
dendritic cell chemotaxis (GO:0002407)	0.0008107802407411	1
positive regulation of oligodendrocyte differentiation (GO:0048714)	0.0008107802407411	1
membrane fusion involved in viral entry into host cell (GO:0039663)	0.0008107802407411	1
fusion of virus membrane with host plasma membrane (GO:0019064)	0.0008107802407411	1
positive regulation of glial cell differentiation (GO:0045687)	0.0008107802407411	1
gliogenesis (GO:0042063)	0.0008107076778149	1
protein K27-linked ubiquitination (GO:0044314)	0.0008104971261814	1
protein K6-linked ubiquitination (GO:0085020)	0.0008104971261814	1
protein K29-linked ubiquitination (GO:0035519)	0.0008104971261814	1
regulation of SMAD protein signal transduction (GO:0060390)	0.0008099032607202	1
positive regulation of SMAD protein signal transduction (GO:0060391)	0.0008099032607202	1
positive regulation of pathway-restricted SMAD protein phosphorylation (GO:0010862)	0.0008099032607202	1
response to cadmium ion (GO:0046686)	0.0008044608430525	2
cellular response to cadmium ion (GO:0071276)	0.0008044608430525	2
nucleus organization (GO:0006997)	0.0008015163064497	1
midbody abscission (GO:0061952)	0.0008015163064497	1
multivesicular body organization (GO:0036257)	0.0008015163064497	1
multivesicular body assembly (GO:0036258)	0.0008015163064497	1
regulation of exosomal secretion (GO:1903541)	0.0008015163064497	1
positive regulation of exosomal secretion (GO:1903543)	0.0008015163064497	1
maintenance of epithelial cell apical/basal polarity (GO:0045199)	0.0008015163064497	1
mitotic cytokinetic process (GO:1902410)	0.0008015163064497	1
regulation of extracellular exosome assembly (GO:1903551)	0.0008015163064497	1
maintenance of apical/basal cell polarity (GO:0035090)	0.0008015163064497	1
ubiquitin-independent protein catabolic process via the multivesicular body sorting pathway (GO:0090611)	0.0008015163064497	1
pyroptosis (GO:0070269)	0.0007893123258073	1
TRAIL-activated apoptotic signaling pathway (GO:0036462)	0.0007893123258073	1
macrophage differentiation (GO:0030225)	0.0007893123258073	1
toll-like receptor 3 signaling pathway (GO:0034138)	0.0007893123258073	1
natural killer cell activation (GO:0030101)	0.0007893123258073	1
self proteolysis (GO:0097264)	0.0007893123258073	1
positive regulation of protein neddylation (GO:2000436)	0.0007833058624038	1
regulation of protein modification by small protein conjugation or removal (GO:1903320)	0.0007833058624038	1
regulation of protein neddylation (GO:2000434)	0.0007833058624038	1
protein neddylation (GO:0045116)	0.0007833058624038	1
negative regulation of endopeptidase activity (GO:0010951)	0.0007662922516777	1
regulation of cellular catabolic process (GO:0031329)	0.0007662922516777	1
myeloid cell differentiation (GO:0030099)	0.0007662922516777	1
positive regulation of plasminogen activation (GO:0010756)	0.0007482991562246	1
peptidyl-serine dephosphorylation (GO:0070262)	0.0007477888428265	1
mitochondrial gene expression (GO:0140053)	0.0007448729337453	1
mitochondrial transcription (GO:0006390)	0.0007448729337453	1
mitochondrial RNA metabolic process (GO:0000959)	0.0007448729337453	1
positive regulation of endopeptidase activity (GO:0010950)	0.0007445991184946	1
regulation of hydrogen peroxide biosynthetic process (GO:0010728)	0.0007445991184946	1
positive regulation of non-membrane spanning protein tyrosine kinase activity (GO:1903997)	0.0007445991184946	1
negative regulation of hydrogen peroxide metabolic process (GO:0010727)	0.0007445991184946	1
regulation of non-membrane spanning protein tyrosine kinase activity (GO:1903995)	0.0007445991184946	1
negative regulation of oxidative stress-induced cell death (GO:1903202)	0.0007445991184946	1
regulation of oxidative stress-induced cell death (GO:1903201)	0.0007445991184946	1
negative regulation of reactive oxygen species biosynthetic process (GO:1903427)	0.0007445991184946	1
aggresome assembly (GO:0070842)	0.0007390460354668	1
negative regulation of striated muscle cell apoptotic process (GO:0010664)	0.0007390460354668	1
negative regulation of transcription from RNA polymerase II promoter in response to stress (GO:0097201)	0.0007390460354668	1
inclusion body assembly (GO:0070841)	0.0007390460354668	1
transport along microtubule (GO:0010970)	0.0007390460354668	1
negative regulation of muscle cell apoptotic process (GO:0010656)	0.0007390460354668	1
negative regulation of macroautophagy (GO:0016242)	0.0007373046253117	1
negative regulation of protein-containing complex disassembly (GO:0043242)	0.0007373046253117	1
regulation of autophagosome maturation (GO:1901096)	0.0007373046253117	1
negative regulation of autophagosome maturation (GO:1901097)	0.0007373046253117	1
negative regulation of double-strand break repair via homologous recombination (GO:2000042)	0.0007373046253117	1
regulation of phosphate metabolic process (GO:0019220)	0.0007358251064157	1
DNA strand elongation involved in DNA replication (GO:0006271)	0.0007358251064157	1
DNA strand elongation (GO:0022616)	0.0007358251064157	1
cellular sodium ion homeostasis (GO:0006883)	0.0007344956311872	1
sodium ion homeostasis (GO:0055078)	0.0007344956311872	1
sodium ion export across plasma membrane (GO:0036376)	0.0007344956311872	1
sodium ion transmembrane transport (GO:0035725)	0.0007344956311872	1
metal ion export (GO:0070839)	0.0007344956311872	1
negative regulation of cell migration (GO:0030336)	0.0007250329477774	1
negative regulation of keratinocyte proliferation (GO:0010839)	0.0007250329477774	1
protein localization to cell surface (GO:0034394)	0.0007250329477774	1
intracellular sequestering of iron ion (GO:0006880)	0.0007230039286851	1
transition metal ion transport (GO:0000041)	0.0007230039286851	1
maturation of LSU-rRNA from tricistronic rRNA transcript (SSU-rRNA, 5.8S rRNA, LSU-rRNA) (GO:0000463)	0.000722997419181	1
maturation of 5.8S rRNA from tricistronic rRNA transcript (SSU-rRNA, 5.8S rRNA, LSU-rRNA) (GO:0000466)	0.000722997419181	1
rRNA methylation (GO:0031167)	0.000722997419181	1
RNA methylation (GO:0001510)	0.000722997419181	1
positive regulation of interleukin-6 production (GO:0032755)	0.0007224798440056	1
regulation of interleukin-8 production (GO:0032677)	0.0007224798440056	1
positive regulation of defense response to virus by host (GO:0002230)	0.0007224798440056	1
positive regulation of interleukin-8 production (GO:0032757)	0.0007224798440056	1
positive regulation of type I interferon-mediated signaling pathway (GO:0060340)	0.0007224798440056	1
regulation of chemokine (C-C motif) ligand 5 production (GO:0071649)	0.0007224798440056	1
positive regulation of interferon-alpha production (GO:0032727)	0.0007224798440056	1
positive regulation of chemokine production (GO:0032722)	0.0007224798440056	1
positive regulation of myeloid leukocyte cytokine production involved in immune response (GO:0061081)	0.0007224798440056	1
positive regulation of innate immune response (GO:0045089)	0.0007224798440056	1
regulation of interferon-alpha production (GO:0032647)	0.0007224798440056	1
positive regulation of dendritic cell cytokine production (GO:0002732)	0.0007224798440056	1
positive regulation of myeloid leukocyte mediated immunity (GO:0002888)	0.0007224798440056	1
positive regulation of T cell migration (GO:2000406)	0.0007213133426248	1
Notch receptor processing (GO:0007220)	0.0007213133426248	1
in utero embryonic development (GO:0001701)	0.0007213133426248	1
Notch receptor processing, ligand-dependent (GO:0035333)	0.0007213133426248	1
protein processing (GO:0016485)	0.0007213133426248	1
protein maturation (GO:0051604)	0.0007213133426248	1
monocyte activation (GO:0042117)	0.0007213133426248	1
amyloid precursor protein metabolic process (GO:0042982)	0.0007213133426248	1
amyloid precursor protein catabolic process (GO:0042987)	0.0007213133426248	1
positive regulation of lymphocyte chemotaxis (GO:0140131)	0.0007213133426248	1
regulation of T cell chemotaxis (GO:0010819)	0.0007213133426248	1
toxin transport (GO:1901998)	0.0007213133426248	1
positive regulation of T cell chemotaxis (GO:0010820)	0.0007213133426248	1
pore complex assembly (GO:0046931)	0.0007213133426248	1
regulation of vascular endothelial growth factor signaling pathway (GO:1900746)	0.0007201705114688	1
regulation of bicellular tight junction assembly (GO:2000810)	0.0007201705114688	1
vesicle transport along actin filament (GO:0030050)	0.0007201705114688	1
actin filament-based transport (GO:0099515)	0.0007201705114688	1
vascular endothelial growth factor signaling pathway (GO:0038084)	0.0007201705114688	1
positive regulation of vascular endothelial growth factor signaling pathway (GO:1900748)	0.0007201705114688	1
positive regulation of cell migration by vascular endothelial growth factor signaling pathway (GO:0038089)	0.0007201705114688	1
triglyceride-rich lipoprotein particle remodeling (GO:0034370)	0.0007196268665689	1
very-low-density lipoprotein particle remodeling (GO:0034372)	0.0007196268665689	1
high-density lipoprotein particle assembly (GO:0034380)	0.0007196268665689	1
positive regulation of lipid biosynthetic process (GO:0046889)	0.0007196268665689	1
regulation of triglyceride catabolic process (GO:0010896)	0.0007196268665689	1
negative regulation of production of molecular mediator of immune response (GO:0002701)	0.0007196268665689	1
phospholipid efflux (GO:0033700)	0.0007196268665689	1
sterol biosynthetic process (GO:0016126)	0.0007196268665689	1
secondary alcohol biosynthetic process (GO:1902653)	0.0007196268665689	1
protein oxidation (GO:0018158)	0.0007196268665689	1
peptidyl-amino acid modification (GO:0018193)	0.0007196268665689	1
phospholipid homeostasis (GO:0055091)	0.0007196268665689	1
positive regulation of steroid metabolic process (GO:0045940)	0.0007196268665689	1
positive regulation of cholesterol esterification (GO:0010873)	0.0007196268665689	1
negative regulation of cell-cell adhesion (GO:0022408)	0.0007196268665689	1
cholesterol biosynthetic process (GO:0006695)	0.0007196268665689	1
positive regulation of triglyceride lipase activity (GO:0061365)	0.0007196268665689	1
negative regulation of heterotypic cell-cell adhesion (GO:0034115)	0.0007196268665689	1
positive regulation of phospholipid transport (GO:2001140)	0.0007196268665689	1
regulation of cell-cell adhesion involved in gastrulation (GO:0070587)	0.0007196268665689	1
regulation of cholesterol esterification (GO:0010872)	0.0007196268665689	1
chylomicron assembly (GO:0034378)	0.0007196268665689	1
positive regulation of fatty acid biosynthetic process (GO:0045723)	0.0007196268665689	1
peptidyl-methionine modification (GO:0018206)	0.0007196268665689	1
phosphatidylcholine biosynthetic process (GO:0006656)	0.0007196268665689	1
negative regulation of tumor necrosis factor-mediated signaling pathway (GO:0010804)	0.0007196268665689	1
lipoprotein metabolic process (GO:0042157)	0.0007196268665689	1
positive regulation of triglyceride metabolic process (GO:0090208)	0.0007196268665689	1
regulation of lipoprotein lipase activity (GO:0051004)	0.0007196268665689	1
diterpenoid metabolic process (GO:0016101)	0.0007196268665689	1
sterol import (GO:0035376)	0.0007196268665689	1
regulation of very-low-density lipoprotein particle remodeling (GO:0010901)	0.0007196268665689	1
cholesterol import (GO:0070508)	0.0007196268665689	1
sterol metabolic process (GO:0016125)	0.0007196268665689	1
positive regulation of lipid catabolic process (GO:0050996)	0.0007196268665689	1
cholesterol metabolic process (GO:0008203)	0.0007196268665689	1
phosphatidylcholine metabolic process (GO:0046470)	0.0007196268665689	1
glycerophospholipid metabolic process (GO:0006650)	0.0007196268665689	1
regulation of cytokine production involved in immune response (GO:0002718)	0.0007196268665689	1
cholesterol efflux (GO:0033344)	0.0007196268665689	1
acylglycerol homeostasis (GO:0055090)	0.0007196268665689	1
retinoid metabolic process (GO:0001523)	0.0007196268665689	1
regulation of intestinal lipid absorption (GO:1904729)	0.0007196268665689	1
organonitrogen compound biosynthetic process (GO:1901566)	0.0007196268665689	1
negative regulation of interleukin-1 beta production (GO:0032691)	0.0007196268665689	1
negative regulation of interleukin-1 production (GO:0032692)	0.0007196268665689	1
phospholipid transport (GO:0015914)	0.0007196268665689	1
positive regulation of lipoprotein lipase activity (GO:0051006)	0.0007196268665689	1
vitamin transport (GO:0051180)	0.0007196268665689	1
positive regulation of biosynthetic process (GO:0009891)	0.0007196268665689	1
regulation of intestinal cholesterol absorption (GO:0030300)	0.0007196268665689	1
chylomicron remodeling (GO:0034371)	0.0007196268665689	1
secondary alcohol metabolic process (GO:1902652)	0.0007196268665689	1
reverse cholesterol transport (GO:0043691)	0.0007196268665689	1
negative regulation of cytokine production involved in immune response (GO:0002719)	0.0007196268665689	1
positive regulation of triglyceride catabolic process (GO:0010898)	0.0007196268665689	1
triglyceride homeostasis (GO:0070328)	0.0007196268665689	1
endocrine system development (GO:0035270)	0.0007150706156385	1
visual system development (GO:0150063)	0.0007150706156385	1
pituitary gland development (GO:0021983)	0.0007150706156385	1
endodermal cell fate specification (GO:0001714)	0.0007150706156385	1
sensory organ development (GO:0007423)	0.0007150706156385	1
endodermal cell fate commitment (GO:0001711)	0.0007150706156385	1
response to growth factor (GO:0070848)	0.0007150706156385	1
negative regulation of voltage-gated potassium channel activity (GO:1903817)	0.0007083416664738	1
regulation of inward rectifier potassium channel activity (GO:1901979)	0.0007083416664738	1
regulation of gap junction assembly (GO:1903596)	0.0007083416664738	1
regulation of cell communication by electrical coupling involved in cardiac conduction (GO:1901844)	0.0007083416664738	1
negative regulation of nitric oxide biosynthetic process (GO:0045019)	0.0007083416664738	1
skeletal muscle tissue development (GO:0007519)	0.0007083416664738	1
caveolin-mediated endocytosis (GO:0072584)	0.0007083416664738	1
negative regulation of nitric oxide metabolic process (GO:1904406)	0.0007083416664738	1
caveola assembly (GO:0070836)	0.0007083416664738	1
regulation of pinocytosis (GO:0048548)	0.0007083416664738	1
triglyceride metabolic process (GO:0006641)	0.0007083416664738	1
negative regulation of pinocytosis (GO:0048550)	0.0007083416664738	1
negative regulation of protein modification by small protein conjugation or removal (GO:1903321)	0.0007083416664738	1
regulation of coagulation (GO:0050818)	0.0007083416664738	1
response to peptide hormone (GO:0043434)	0.0007083416664738	1
regulation of nitric-oxide synthase activity (GO:0050999)	0.0007083416664738	1
negative regulation of protein autophosphorylation (GO:0031953)	0.0007083416664738	1
positive regulation of gap junction assembly (GO:1903598)	0.0007083416664738	1
gas homeostasis (GO:0033483)	0.0007083416664738	1
angiotensin-activated signaling pathway (GO:0038166)	0.0007083416664738	1
receptor-mediated endocytosis of virus by host cell (GO:0019065)	0.0007083416664738	1
regulation of nitric oxide biosynthetic process (GO:0045428)	0.0007083416664738	1
blood vessel morphogenesis (GO:0048514)	0.0007083416664738	1
acylglycerol metabolic process (GO:0006639)	0.0007083416664738	1
protein localization to basolateral plasma membrane (GO:1903361)	0.0007083416664738	1
negative regulation of potassium ion transmembrane transport (GO:1901380)	0.0007083416664738	1
vasculogenesis (GO:0001570)	0.0007083416664738	1
regulation of vasoconstriction (GO:0019229)	0.0007083416664738	1
skeletal muscle organ development (GO:0060538)	0.0007083416664738	1
negative regulation of peptidyl-serine phosphorylation (GO:0033137)	0.0007083416664738	1
membrane depolarization (GO:0051899)	0.0007083416664738	1
negative regulation of potassium ion transport (GO:0043267)	0.0007083416664738	1
regulation of peptidase activity (GO:0052547)	0.0007083416664738	1
modulation by symbiont of entry into host (GO:0052372)	0.0007083416664738	1
regulation of smooth muscle contraction (GO:0006940)	0.0007083416664738	1
regulation of muscle contraction (GO:0006937)	0.0007083416664738	1
negative regulation of protein tyrosine kinase activity (GO:0061099)	0.0007083416664738	1
regulation of cell communication by electrical coupling (GO:0010649)	0.0007083416664738	1
positive regulation of vasoconstriction (GO:0045907)	0.0007083416664738	1
negative regulation of epithelial cell differentiation (GO:0030857)	0.0007083416664738	1
negative regulation of endocytosis (GO:0045806)	0.0007083416664738	1
negative regulation of cation transmembrane transport (GO:1904063)	0.0007083416664738	1
regulation of epithelial cell differentiation (GO:0030856)	0.0007083416664738	1
regulation of cellular response to hypoxia (GO:1900037)	0.0007021829613851	1
pyrimidine-containing compound biosynthetic process (GO:0072528)	0.0006999665562773	1
glutamine metabolic process (GO:0006541)	0.0006999665562773	1
pyrimidine nucleoside biosynthetic process (GO:0046134)	0.0006999665562773	1
alpha-amino acid biosynthetic process (GO:1901607)	0.0006999665562773	1
pyrimidine nucleobase biosynthetic process (GO:0019856)	0.0006999665562773	1
glutamine family amino acid metabolic process (GO:0009064)	0.0006999665562773	1
pyrimidine nucleoside metabolic process (GO:0006213)	0.0006999665562773	1
citrulline metabolic process (GO:0000052)	0.0006999665562773	1
pyrimidine ribonucleotide biosynthetic process (GO:0009220)	0.0006999665562773	1
regulation of inclusion body assembly (GO:0090083)	0.000695979679766	1
negative regulation of inclusion body assembly (GO:0090084)	0.000695979679766	1
protein insertion into ER membrane by stop-transfer membrane-anchor sequence (GO:0045050)	0.0006859212581795	1
positive regulation of peroxisome proliferator activated receptor signaling pathway (GO:0035360)	0.0006708184702856	1
regulation of peroxisome proliferator activated receptor signaling pathway (GO:0035358)	0.0006708184702856	1
positive regulation of intracellular steroid hormone receptor signaling pathway (GO:0033145)	0.0006708184702856	1
regulation of long-term synaptic potentiation (GO:1900271)	0.0006679821393641	1
positive regulation of autophagy of mitochondrion in response to mitochondrial depolarization (GO:1904925)	0.0006657983678977	1
negative regulation of mitochondrion organization (GO:0010823)	0.0006657983678977	1
positive regulation of mitophagy in response to mitochondrial depolarization (GO:0098779)	0.0006657983678977	1
negative regulation of mitochondrial fusion (GO:0010637)	0.0006657983678977	1
regulation of mitochondrial fusion (GO:0010635)	0.0006657983678977	1
epithelial to mesenchymal transition (GO:0001837)	0.0006625695001423	2
mesenchymal cell differentiation (GO:0048762)	0.0006625695001423	2
heterochromatin organization (GO:0070828)	0.0006570296078542	1
positive regulation of cholesterol metabolic process (GO:0090205)	0.0006543592169416	1
negative regulation of ceramide biosynthetic process (GO:1900060)	0.0006543592169416	1
cellular response to salt (GO:1902075)	0.0006454575504736	1
negative regulation of double-strand break repair via nonhomologous end joining (GO:2001033)	0.0006454575504736	1
cellular response to arsenic-containing substance (GO:0071243)	0.0006454575504736	1
cellular response to sodium arsenite (GO:1903936)	0.0006454575504736	1
cellular response to nitrogen compound (GO:1901699)	0.0006454575504736	1
response to sodium arsenite (GO:1903935)	0.0006454575504736	1
regulation of double-strand break repair via nonhomologous end joining (GO:2001032)	0.0006454575504736	1
progesterone receptor signaling pathway (GO:0050847)	0.0006435616020271	1
negative regulation of DNA repair (GO:0045738)	0.0006435616020271	1
negative regulation of protein K63-linked ubiquitination (GO:1900045)	0.0006435616020271	1
positive regulation of mitotic sister chromatid separation (GO:1901970)	0.0006381090813919	1
metaphase/anaphase transition of cell cycle (GO:0044784)	0.0006381090813919	1
metaphase/anaphase transition of mitotic cell cycle (GO:0007091)	0.0006381090813919	1
positive regulation of metaphase/anaphase transition of cell cycle (GO:1902101)	0.0006381090813919	1
positive regulation of mitotic metaphase/anaphase transition (GO:0045842)	0.0006381090813919	1
sarcomere organization (GO:0045214)	0.0006318289725462	1
regulation of plasma membrane organization (GO:1903729)	0.0006275810011928	1
plasma membrane invagination (GO:0099024)	0.0006275810011928	1
plasma membrane repair (GO:0001778)	0.0006275810011928	1
lysosome localization (GO:0032418)	0.0006275810011928	1
RNA splicing, via endonucleolytic cleavage and ligation (GO:0000394)	0.000625189893352	1
tRNA processing (GO:0008033)	0.000625189893352	1
DNA geometric change (GO:0032392)	0.000625189893352	1
tRNA splicing, via endonucleolytic cleavage and ligation (GO:0006388)	0.000625189893352	1
protein localization to cytoplasmic stress granule (GO:1903608)	0.000625189893352	1
tRNA transcription (GO:0009304)	0.0006158622472989	1
tRNA transcription by RNA polymerase III (GO:0042797)	0.0006158622472989	1
transcription by RNA polymerase III (GO:0006383)	0.0006158622472989	1
cellular defense response (GO:0006968)	0.0006003277975232	1
regulation of B cell proliferation (GO:0030888)	0.0006003277975232	1
negative regulation of B cell proliferation (GO:0030889)	0.0006003277975232	1
negative regulation of lymphocyte proliferation (GO:0050672)	0.0006003277975232	1
negative regulation of B cell activation (GO:0050869)	0.0006003277975232	1
formation of translation preinitiation complex (GO:0001731)	0.0005931896724054	1
protein export from nucleus (GO:0006611)	0.0005893126080629	1
protein localization to cell junction (GO:1902414)	0.0005853353559639	2
regulation of cellular senescence (GO:2000772)	0.0005546893116437	1
positive regulation of cell development (GO:0010720)	0.0005511020557619	1
positive regulation of transcription of Notch receptor target (GO:0007221)	0.0005511020557619	1
positive regulation of nervous system development (GO:0051962)	0.0005511020557619	1
regulation of retinoic acid receptor signaling pathway (GO:0048385)	0.0005511020557619	1
peptidyl-asparagine modification (GO:0018196)	0.0005381532693277	1
protein N-linked glycosylation via asparagine (GO:0018279)	0.0005381532693277	1
protein N-linked glycosylation (GO:0006487)	0.0005381532693277	1
spliceosomal conformational changes to generate catalytic conformation (GO:0000393)	0.0005272678778161	1
neurotransmitter receptor transport, endosome to postsynaptic membrane (GO:0098887)	0.000517492479134	1
regulation of synapse organization (GO:0050807)	0.000517492479134	1
intracellular lipid transport (GO:0032365)	0.0005139094516017	1
fatty acid transmembrane transport (GO:1902001)	0.0005139094516017	1
regulation of cellular biosynthetic process (GO:0031326)	0.0005139094516017	1
carnitine shuttle (GO:0006853)	0.0005139094516017	1
mitotic G2 DNA damage checkpoint signaling (GO:0007095)	0.0005084797696281	1
mitotic nuclear membrane disassembly (GO:0007077)	0.0005084797696281	1
microtubule bundle formation (GO:0001578)	0.0005084797696281	1
mitotic G2/M transition checkpoint (GO:0044818)	0.0005084797696281	1
mitotic chromosome condensation (GO:0007076)	0.0005084797696281	1
positive regulation of peptidyl-threonine phosphorylation (GO:0010800)	0.0005084797696281	1
protein localization to nuclear envelope (GO:0090435)	0.0005084797696281	1
nuclear membrane organization (GO:0071763)	0.0005084797696281	1
nuclear membrane disassembly (GO:0051081)	0.0005084797696281	1
regulation of metaphase/anaphase transition of cell cycle (GO:1902099)	0.0005084797696281	1
regulation of protein localization to cell cortex (GO:1904776)	0.0005084797696281	1
protein localization to chromatin (GO:0071168)	0.0005084797696281	1
negative regulation of cyclase activity (GO:0031280)	0.0005015598549384	1
regulation of adenylate cyclase activity (GO:0045761)	0.0005015598549384	1
negative regulation of lyase activity (GO:0051350)	0.0005015598549384	1
negative regulation of adenylate cyclase activity (GO:0007194)	0.0005015598549384	1
energy derivation by oxidation of organic compounds (GO:0015980)	0.000498247777929	1
positive regulation of phosphatidylinositol 3-kinase activity (GO:0043552)	0.0004970154994367	1
bone morphogenesis (GO:0060349)	0.0004970154994367	1
negative regulation of developmental growth (GO:0048640)	0.0004970154994367	1
positive regulation of lipid kinase activity (GO:0090218)	0.0004970154994367	1
endochondral bone morphogenesis (GO:0060350)	0.0004970154994367	1
endochondral ossification (GO:0001958)	0.0004970154994367	1
regulation of phosphatidylinositol 3-kinase activity (GO:0043551)	0.0004970154994367	1
chondrocyte differentiation (GO:0002062)	0.0004970154994367	1
cartilage development (GO:0051216)	0.0004970154994367	1
modulation of excitatory postsynaptic potential (GO:0098815)	0.00048745529842200003	2
positive regulation of excitatory postsynaptic potential (GO:2000463)	0.00048745529842200003	2
positive regulation of protein sumoylation (GO:0033235)	0.0004768863905739	1
regulation of myotube differentiation (GO:0010830)	0.0004768863905739	1
protein deacylation (GO:0035601)	0.0004768863905739	1
negative regulation of myotube differentiation (GO:0010832)	0.0004768863905739	1
regulation of protein sumoylation (GO:0033233)	0.0004768863905739	1
histone H4 deacetylation (GO:0070933)	0.0004768863905739	1
peptidyl-lysine deacetylation (GO:0034983)	0.0004768863905739	1
protein deacetylation (GO:0006476)	0.0004768863905739	1
cardiac muscle hypertrophy (GO:0003300)	0.0004768863905739	1
epithelial cell migration (GO:0010631)	0.000454189095646	1
regulation of intracellular estrogen receptor signaling pathway (GO:0033146)	0.000454189095646	1
kidney epithelium development (GO:0072073)	0.000454189095646	1
negative regulation of intracellular estrogen receptor signaling pathway (GO:0033147)	0.000454189095646	1
glomerular visceral epithelial cell migration (GO:0090521)	0.000454189095646	1
energy coupled proton transport, down electrochemical gradient (GO:0015985)	0.0004458892719899	1
negative regulation of protein depolymerization (GO:1901880)	0.0004430896249979	1
negative regulation of microtubule depolymerization (GO:0007026)	0.0004430896249979	1
regulation of microtubule depolymerization (GO:0031114)	0.0004430896249979	1
regulation of attachment of spindle microtubules to kinetochore (GO:0051988)	0.0004430896249979	1
positive regulation of pseudopodium assembly (GO:0031274)	0.0004430896249979	1
regulation of pseudopodium assembly (GO:0031272)	0.0004430896249979	1
beta-catenin destruction complex assembly (GO:1904885)	0.0004430896249979	1
positive regulation of neuron differentiation (GO:0045666)	0.0004311857107398	1
embryo development ending in birth or egg hatching (GO:0009792)	0.0004311857107398	1
regulation of phospholipase C activity (GO:1900274)	0.0004311857107398	1
positive regulation of vascular endothelial cell proliferation (GO:1905564)	0.0004311857107398	1
regulation of endothelial cell chemotaxis to fibroblast growth factor (GO:2000544)	0.0004311857107398	1
positive regulation of MAP kinase activity (GO:0043406)	0.0004311857107398	1
positive regulation of endothelial cell chemotaxis (GO:2001028)	0.0004311857107398	1
inositol lipid-mediated signaling (GO:0048017)	0.0004311857107398	1
negative regulation of cardiac muscle cell proliferation (GO:0060044)	0.0004272402080916	1
protein heterotetramerization (GO:0051290)	0.0004196206863958	1
regulation of pro-B cell differentiation (GO:2000973)	0.0004196206863958	1
positive regulation of stem cell differentiation (GO:2000738)	0.0004196206863958	1
protein heterooligomerization (GO:0051291)	0.0004196206863958	1
proteasomal ubiquitin-independent protein catabolic process (GO:0010499)	0.0004129110705622	1
protein polymerization (GO:0051258)	0.0004124418447982	1
microtubule polymerization or depolymerization (GO:0031109)	0.0004124418447982	1
Golgi to plasma membrane protein transport (GO:0043001)	0.0004102029710042	1
positive regulation of production of molecular mediator of immune response (GO:0002702)	0.0004093892866107	1
regulation of secretion by cell (GO:1903530)	0.0004093892866107	1
regulation of hormone secretion (GO:0046883)	0.0004093892866107	1
regulation of histamine secretion by mast cell (GO:1903593)	0.0004093892866107	1
regulation of immunoglobulin production (GO:0002637)	0.0004093892866107	1
phosphate ion transmembrane transport (GO:0035435)	0.0004028008813989	1
inorganic anion transmembrane transport (GO:0098661)	0.0004028008813989	1
phosphate ion transport (GO:0006817)	0.0004028008813989	1
SCF complex assembly (GO:0010265)	0.0003912387563055	1
regulation of cardiac muscle hypertrophy in response to stress (GO:1903242)	0.0003783436146332	1
positive regulation of cell aging (GO:0090343)	0.0003783436146332	1
positive regulation of ERBB signaling pathway (GO:1901186)	0.0003686944935693	1
regulation of centriole replication (GO:0046599)	0.0003686944935693	1
regulation of generation of precursor metabolites and energy (GO:0043467)	0.0003686944935693	1
positive regulation of nuclear division (GO:0051785)	0.0003686944935693	1
centriole assembly (GO:0098534)	0.0003686944935693	1
regulation of purine nucleotide metabolic process (GO:1900542)	0.0003686944935693	1
tRNA-containing ribonucleoprotein complex export from nucleus (GO:0071431)	0.0003686944935693	1
tRNA transport (GO:0051031)	0.0003686944935693	1
tRNA export from nucleus (GO:0006409)	0.0003686944935693	1
positive regulation of epidermal growth factor receptor signaling pathway (GO:0045742)	0.0003686944935693	1
regulation of carbohydrate catabolic process (GO:0043470)	0.0003686944935693	1
positive regulation of centriole replication (GO:0046601)	0.0003686944935693	1
hemidesmosome assembly (GO:0031581)	0.0003574011207901	1
organic cation transport (GO:0015695)	0.0003498142809132	1
organic hydroxy compound transport (GO:0015850)	0.0003498142809132	1
ISG15-protein conjugation (GO:0032020)	0.0003326800763949	1
histone H2B ubiquitination (GO:0033523)	0.0003326800763949	1
dicarboxylic acid metabolic process (GO:0043648)	0.0003318138164255	1
porphyrin-containing compound biosynthetic process (GO:0006779)	0.0003267887110981	1
heme biosynthetic process (GO:0006783)	0.0003267887110981	1
heme catabolic process (GO:0042167)	0.0003267887110981	1
porphyrin-containing compound catabolic process (GO:0006787)	0.0003267887110981	1
mitochondrion localization (GO:0051646)	0.0003267887110981	1
regulation of cytoplasmic translation (GO:2000765)	0.0003225438607996	1
negative regulation of cytoplasmic translation (GO:2000766)	0.0003225438607996	1
pyruvate metabolic process (GO:0006090)	0.0003187961316323	1
positive regulation of protein deacetylation (GO:0090312)	0.0003117994255699	1
positive regulation of histone deacetylation (GO:0031065)	0.0003117994255699	1
regulation of histone deacetylation (GO:0031063)	0.0003117994255699	1
regulation of histone H4 acetylation (GO:0090239)	0.0003117994255699	1
negative regulation of histone H4 acetylation (GO:0090241)	0.0003117994255699	1
positive regulation of glucose transmembrane transport (GO:0010828)	0.0003105038431434	1
positive regulation of glucose import (GO:0046326)	0.0003105038431434	1
ventricular cardiac muscle tissue morphogenesis (GO:0055010)	0.0003054987931126	1
ventricular compact myocardium morphogenesis (GO:0003223)	0.0003054987931126	1
cardiac muscle cell-cardiac muscle cell adhesion (GO:0086042)	0.0003054987931126	1
bundle of His cell-Purkinje myocyte adhesion involved in cell communication (GO:0086073)	0.0003054987931126	1
bundle of His cell to Purkinje myocyte communication (GO:0086069)	0.0003054987931126	1
desmosome organization (GO:0002934)	0.0003054987931126	1
negative regulation of ERAD pathway (GO:1904293)	0.00028898414724	1
regulation of chaperone-mediated protein folding (GO:1903644)	0.00028898414724	1
dendritic spine morphogenesis (GO:0060997)	0.0002798365628513	1
negative regulation of receptor internalization (GO:0002091)	0.0002798365628513	1
postsynaptic neurotransmitter receptor diffusion trapping (GO:0098970)	0.0002798365628513	1
modulation of chemical synaptic transmission (GO:0050804)	0.0002798365628513	1
cellular response to potassium ion (GO:0035865)	0.0002798365628513	1
regulation of neuronal synaptic plasticity (GO:0048168)	0.0002798365628513	1
regulation of neuron projection arborization (GO:0150011)	0.0002798365628513	1
neurotransmitter receptor diffusion trapping (GO:0099628)	0.0002798365628513	1
protein localization to synapse (GO:0035418)	0.0002798365628513	1
receptor clustering (GO:0043113)	0.0002798365628513	1
dendrite morphogenesis (GO:0048813)	0.0002798365628513	1
regulation of long-term neuronal synaptic plasticity (GO:0048169)	0.0002798365628513	1
response to potassium ion (GO:0035864)	0.0002798365628513	1
regulation of NMDA receptor activity (GO:2000310)	0.0002798365628513	1
regulation of neurotransmitter receptor activity (GO:0099601)	0.0002798365628513	1
positive regulation of neuron projection arborization (GO:0150012)	0.0002798365628513	1
postsynaptic membrane organization (GO:0001941)	0.0002798365628513	1
regulation of cation channel activity (GO:2001257)	0.0002798365628513	1
positive regulation of insulin receptor signaling pathway (GO:0046628)	0.0002076187355707	1
positive regulation of cellular response to insulin stimulus (GO:1900078)	0.0002076187355707	1
positive regulation of interleukin-10 production (GO:0032733)	0.0002076187355707	1
regulation of interleukin-10 production (GO:0032653)	0.0002076187355707	1
long-term synaptic potentiation (GO:0060291)	0.0002076187355707	1
positive regulation of T-helper 2 cell cytokine production (GO:2000553)	0.0002076187355707	1
positive regulation of T cell cytokine production (GO:0002726)	0.0002076187355707	1
regulation of T-helper 2 cell cytokine production (GO:2000551)	0.0002076187355707	1
proteasome assembly (GO:0043248)	0.0002049909365662	1
regulation of cyclase activity (GO:0031279)	0.0001590032925789	1
positive regulation of cyclase activity (GO:0031281)	0.0001590032925789	1
positive regulation of cell killing (GO:0031343)	0.0001590032925789	1
positive regulation of deacetylase activity (GO:0090045)	0.0001590032925789	1
regulation of cell killing (GO:0031341)	0.0001590032925789	1
