Gene_set	Term	Overlap	P-value	Adjusted P-value	Old P-value	Old Adjusted P-value	Odds Ratio	Combined Score	Genes	Module
GO_Biological_Process_2021	rRNA processing (GO:0006364)	10/173	4.78054343223993e-08	4.618004955543773e-05	0	0	11.86394803320101	199.9802090168956	UTP15;RSL1D1;KRR1;HEATR1;SBDS;DDX54;NAT10;LYAR;WDR43;BYSL	2.0
GO_Biological_Process_2021	ciliary basal body-plasma membrane docking (GO:0097711)	7/95	1.0525732368787732e-06	0.0004621189962872071	0	0	15.0	206.46409035116864	PCM1;CEP135;CNTRL;SCLT1;CEP63;NINL;CEP43	2.0
GO_Biological_Process_2021	mitochondrial electron transport, NADH to ubiquinone (GO:0006120)	5/39	2.4897404920962395e-06	0.0004621189962872071	0	0	27.2869708631116	352.09284631192963	NDUFA2;NDUFS2;NDUFS1;NDUFV2;NDUFV1	2.0
GO_Biological_Process_2021	aerobic electron transport chain (GO:0019646)	6/70	2.639694226052297e-06	0.0004621189962872071	0	0	17.53301886792453	225.20895306429	NDUFA2;NDUFS2;NDUFS1;SDHA;NDUFV2;NDUFV1	2.0
GO_Biological_Process_2021	regulation of transcription by RNA polymerase I (GO:0006356)	4/18	2.683818051275421e-06	0.0004621189962872071	0	0	52.576719576719576	674.4683613471645	UTP15;HEATR1;LYAR;WDR43	2.0
GO_Biological_Process_2021	mitochondrial ATP synthesis coupled electron transport (GO:0042775)	6/71	2.870304324765261e-06	0.0004621189962872071	0	0	17.262409288824383	220.2872016611224	NDUFA2;NDUFS2;NDUFS1;SDHA;NDUFV2;NDUFV1	2.0
GO_Biological_Process_2021	rRNA metabolic process (GO:0016072)	8/162	3.628634190484113e-06	0.0005007515182868076	0	0	9.857142857142858	123.4770203317522	UTP15;KRR1;HEATR1;SBDS;DDX54;LYAR;WDR43;BYSL	2.0
GO_Biological_Process_2021	organelle assembly (GO:0070925)	12/425	4.718212425193736e-06	0.0005697241503421435	0	0	5.658595641646489	69.39747276926978	IFT20;YTHDF1;PCM1;PDCD6IP;CCDC57;TMOD3;NEK7;SCLT1;CEP63;ATP6V0D1;EIF2S1;LSM4	2.0
GO_Biological_Process_2021	regulation of necroptotic process (GO:0060544)	4/23	7.60052655370873e-06	0.0006696333000790844	0	0	38.73099415204678	456.5335774013559	PDCD6IP;FLOT1;FLOT2;SLC25A4	2.0
GO_Biological_Process_2021	positive regulation of transcription by RNA polymerase I (GO:0045943)	4/23	7.60052655370873e-06	0.0006696333000790844	0	0	38.73099415204678	456.5335774013559	UTP15;HEATR1;LYAR;WDR43	2.0
GO_Biological_Process_2021	regulation of cell cycle G2/M phase transition (GO:1902749)	6/85	8.225870835594328e-06	0.0006696333000790844	0	0	14.19321710054932	166.17739901919023	PCM1;CEP135;CNTRL;CEP63;NINL;CEP43	2.0
GO_Biological_Process_2021	G2/M transition of mitotic cell cycle (GO:0000086)	7/130	8.569303376119996e-06	0.0006696333000790844	0	0	10.712737127371271	124.98897622375137	PCM1;CEP135;CCDC57;CNTRL;CEP63;CEP43;NINL	2.0
GO_Biological_Process_2021	cell cycle G2/M phase transition (GO:0044839)	7/131	9.011628261933848e-06	0.0006696333000790844	0	0	10.625806451612902	123.43993813986056	PCM1;CEP135;CCDC57;CNTRL;CEP63;CEP43;NINL	2.0
GO_Biological_Process_2021	cilium assembly (GO:0060271)	10/314	1.0855475198076272e-05	0.0007490277886672628	0	0	6.315789473684211	72.19478512868311	IFT20;PCM1;CEP135;CCDC57;CNTRL;SCLT1;CEP63;ATP6V0D1;CEP43;NINL	2.0
GO_Biological_Process_2021	ribosome biogenesis (GO:0042254)	8/192	1.2644686610322773e-05	0.0008143178177047865	0	0	8.237458193979933	92.90430614212198	UTP15;KRR1;HEATR1;SBDS;DDX54;LYAR;WDR43;BYSL	2.0
GO_Biological_Process_2021	ncRNA processing (GO:0034470)	8/201	1.7616733772450033e-05	0.0009771370605038588	0	0	7.849740932642487	85.9284554794277	UTP15;KRR1;HEATR1;SBDS;DDX54;LYAR;WDR43;BYSL	2.0
GO_Biological_Process_2021	mitochondrial respiratory chain complex I assembly (GO:0032981)	5/58	1.820752286653153e-05	0.0009771370605038588	0	0	17.488097337330277	190.85942303656907	NDUFA2;NDUFS2;NDUFS1;NDUFV2;NDUFV1	2.0
GO_Biological_Process_2021	NADH dehydrogenase complex assembly (GO:0010257)	5/58	1.820752286653153e-05	0.0009771370605038588	0	0	17.488097337330277	190.85942303656907	NDUFA2;NDUFS2;NDUFS1;NDUFV2;NDUFV1	2.0
GO_Biological_Process_2021	positive regulation of rRNA processing (GO:2000234)	3/10	1.993520596343318e-05	0.0010135478400356	0	0	78.16906946264744	846.0256558682161	UTP15;HEATR1;WDR43	2.0
GO_Biological_Process_2021	response to endoplasmic reticulum stress (GO:0034976)	6/110	3.5970544226463255e-05	0.0017373772861381	0	0	10.7677793904209	110.18464245850365	BCAP31;WFS1;ATP2A3;FLOT1;SYVN1;EIF2S1	2.0
GO_Biological_Process_2021	cytosolic transport (GO:0016482)	6/116	4.849648220662465e-05	0.0022308381815047	0	0	10.177358490566036	101.1020756120574	HOOK2;CLTCL1;VPS35;KLHL20;VTI1B;VAMP3	2.0
GO_Biological_Process_2021	respiratory electron transport chain (GO:0022904)	3/14	5.948991245216525e-05	0.0026121479740359	0	0	49.73394495412844	483.8965531298516	ETFB;SDHA;SDHB	2.0
GO_Biological_Process_2021	protein stabilization (GO:0050821)	7/179	6.723233575562767e-05	0.0028237581017363	0	0	7.641860465116279	73.41807581961447	PEX19;WFS1;FLOT1;SYVN1;FLOT2;PPIB;STK3	2.0
GO_Biological_Process_2021	electron transport chain (GO:0022900)	3/15	7.405932091693343e-05	0.0029808876669065	0	0	45.58715596330275	433.5632182634285	ETFB;SDHA;SDHB	2.0
GO_Biological_Process_2021	cellular respiration (GO:0045333)	4/42	8.851630940084048e-05	0.00337277104609	0	0	19.346978557504872	180.5522672104221	NDUFS1;ETFB;SDHA;SDHB	2.0
GO_Biological_Process_2021	regulation of rRNA processing (GO:2000232)	3/16	9.077851676846927e-05	0.00337277104609	0	0	42.07833450952717	391.6267579580848	UTP15;HEATR1;WDR43	2.0
GO_Biological_Process_2021	retrograde transport, endosome to Golgi (GO:0042147)	5/88	0.0001362490002787051	0.0048746864544158	0	0	11.150208309875014	99.24829922135775	SNX3;CLTCL1;VPS35;VAMP3;VTI1B	2.0
GO_Biological_Process_2021	mitochondrial respiratory chain complex assembly (GO:0033108)	5/90	0.00015150100186876893	0.0052267845644725	0	0	10.88675096206707	95.74808548201356	NDUFA2;NDUFS2;NDUFS1;NDUFV2;NDUFV1	2.0
GO_Biological_Process_2021	mitotic cell cycle phase transition (GO:0044772)	7/209	0.00017640461610149189	0.0058541835345312	0	0	6.4970297029702975	56.15207512534879	PCM1;CEP135;CCDC57;CNTRL;CEP63;CEP43;NINL	2.0
GO_Biological_Process_2021	regulation of programmed necrotic cell death (GO:0062098)	3/20	0.00018180694206618904	0.0058541835345312	0	0	32.17107393416082	277.0754715471282	PDCD6IP;FLOT1;FLOT2	2.0
GO_Biological_Process_2021	regulation of G2/M transition of mitotic cell cycle (GO:0010389)	6/149	0.00019323508545078535	0.0060214545982406	0	0	7.815674891146589	66.8365492444509	PCM1;CEP135;CNTRL;CEP63;CEP43;NINL	2.0
GO_Biological_Process_2021	vesicle fusion with Golgi apparatus (GO:0048280)	2/5	0.00030740049563306946	0.008998450872168	0	0	120.51515151515152	974.649309044046	BET1;VTI1B	2.0
GO_Biological_Process_2021	protein localization to membrane raft (GO:1903044)	2/5	0.00030740049563306946	0.008998450872168	0	0	120.51515151515152	974.649309044046	FLOT1;FLOT2	2.0
GO_Biological_Process_2021	ATP synthesis coupled electron transport (GO:0042773)	2/6	0.0004594133740524047	0.0126798091238463	0	0	90.38181818181818	694.6349006571187	NDUFS2;NDUFV1	2.0
GO_Biological_Process_2021	membrane raft assembly (GO:0001765)	2/6	0.0004594133740524047	0.0126798091238463	0	0	90.38181818181818	694.6349006571187	FLOT1;FLOT2	2.0
GO_Biological_Process_2021	phagosome acidification (GO:0090383)	3/28	0.0005056958220375196	0.0135695045580067	0	0	21.867522935779817	165.96521001366057	ATP6V0D1;ATP6V0C;ATP6V0A1	2.0
GO_Biological_Process_2021	endoplasmic reticulum to Golgi vesicle-mediated transport (GO:0006888)	6/185	0.0006140155939346774	0.0160307855065107	0	0	6.232423316116791	46.09182576134011	BCAP31;COG6;COPB1;USE1;VTI1B;BET1	2.0
GO_Biological_Process_2021	positive regulation of ER-associated ubiquitin-dependent protein catabolic process (GO:1903071)	2/7	0.0006408256491113056	0.0162904625537242	0	0	72.30181818181818	531.6174203971442	BCAP31;SGTA	2.0
GO_Biological_Process_2021	regulation of mitotic cell cycle phase transition (GO:1901990)	6/188	0.000668037071585801	0.0165467643885098	0	0	6.128758034418412	44.80837281549689	PCM1;CEP135;CNTRL;CEP63;CEP43;NINL	2.0
GO_Biological_Process_2021	intra-Golgi vesicle-mediated transport (GO:0006891)	3/32	0.0007532807768702958	0.0177511857322882	0	0	18.847516608668144	135.5338587928371	COG6;COPB1;VTI1B	2.0
GO_Biological_Process_2021	insulin receptor signaling pathway (GO:0008286)	4/73	0.0007534147153455663	0.0177511857322882	0	0	10.638217928073	76.49830524600786	APC;ATP6V0D1;ATP6V0C;ATP6V0A1	2.0
GO_Biological_Process_2021	regulation of toll-like receptor 3 signaling pathway (GO:0034139)	2/8	0.0008513092103094032	0.0195801118371162	0	0	60.24848484848485	425.88058234303134	FLOT1;FLOT2	2.0
GO_Biological_Process_2021	intracellular pH reduction (GO:0051452)	3/35	0.000981943625447688	0.0220594777251736	0	0	17.077981651376145	118.28170230285929	ATP6V0D1;ATP6V0C;ATP6V0A1	2.0
GO_Biological_Process_2021	transferrin transport (GO:0033572)	3/36	0.0010668659620447	0.0234102293603164	0	0	16.559633027522935	113.31806453452602	ATP6V0D1;ATP6V0C;ATP6V0A1	2.0
GO_Biological_Process_2021	regulation of ER-associated ubiquitin-dependent protein catabolic process (GO:1903069)	2/9	0.0010905386347973	0.0234102293603164	0	0	51.63896103896104	352.23366739450324	BCAP31;SGTA	2.0
GO_Biological_Process_2021	phagosome maturation (GO:0090382)	3/37	0.0011562928336819	0.0242821495073204	0	0	16.0717754991905	108.68596400494206	ATP6V0D1;ATP6V0C;ATP6V0A1	2.0
GO_Biological_Process_2021	protein localization to organelle (GO:0033365)	5/142	0.0012272310558756	0.0252235148931029	0	0	6.736816972508357	45.15684927933749	IFT20;TOLLIP;SGTA;VPS35;OBSL1	2.0
GO_Biological_Process_2021	cellular response to oxygen levels (GO:0071453)	2/10	0.0013581911701031	0.0262402534063921	0	0	45.18181818181818	298.27235807102574	NDUFS2;ATP6V0D1	2.0
GO_Biological_Process_2021	microtubule anchoring at centrosome (GO:0034454)	2/10	0.0013581911701031	0.0262402534063921	0	0	45.18181818181818	298.27235807102574	PCM1;NINL	2.0
GO_Biological_Process_2021	protein localization to endosome (GO:0036010)	2/10	0.0013581911701031	0.0262402534063921	0	0	45.18181818181818	298.27235807102574	TOLLIP;VPS35	2.0
GO_Biological_Process_2021	microtubule anchoring at microtubule organizing center (GO:0072393)	2/12	0.0019774878100937	0.0374559455794219	0	0	36.14181818181818	225.01635860745023	PCM1;NINL	2.0
GO_Biological_Process_2021	positive regulation of RNA metabolic process (GO:0051254)	3/45	0.0020442121157141	0.037975171226536	0	0	13.00524246395806	80.5381221149035	UTP15;HEATR1;WDR43	2.0
GO_Biological_Process_2021	positive regulation of ERAD pathway (GO:1904294)	2/13	0.0023284996017432	0.0424402002883765	0	0	32.85454545454545	199.1817057819229	BCAP31;SGTA	2.0
GO_Biological_Process_2021	iron ion transport (GO:0006826)	3/50	0.0027669362290613	0.0494974147643195	0	0	11.618778059730626	68.43477270112554	ATP6V0D1;ATP6V0C;ATP6V0A1	2.0
GO_Biological_Process_2021	mitochondrion organization (GO:0007005)	5/175	0.0030580811841327	0.0536766328352681	0	0	5.420010995052227	31.38168818152413	BCAP31;HAX1;NDUFS1;SLC25A4;TOMM22	2.0
GO_Biological_Process_2021	membrane raft organization (GO:0031579)	2/15	0.0031116888600155	0.0536766328352681	0	0	27.7972027972028	160.46184539900213	FLOT1;FLOT2	2.0
GO_Biological_Process_2021	IRE1-mediated unfolded protein response (GO:0036498)	3/53	0.0032671281304917	0.0553692241062291	0	0	10.92	62.50437568845662	WFS1;SYVN1;ATP6V0D1	2.0
GO_Biological_Process_2021	protein targeting to mitochondrion (GO:0006626)	3/55	0.003629397969687	0.0595838130350032	0	0	10.49894142554693	58.99028137672536	BCAP31;PMPCB;TOMM22	2.0
GO_Biological_Process_2021	regulation of macroautophagy (GO:0016241)	4/112	0.0036391769866099	0.0595838130350032	0	0	6.783264746227709	38.0947993861314	VPS35;ATP6V0D1;ATP6V0C;ATP6V0A1	2.0
GO_Biological_Process_2021	mitochondrial transport (GO:0006839)	3/56	0.0038193561521545	0.0614916340496884	0	0	10.300328890427558	57.348867350884525	BCAP31;SLC25A4;TOMM22	2.0
GO_Biological_Process_2021	tail-anchored membrane protein insertion into ER membrane (GO:0071816)	2/17	0.0040010473356425	0.0633608479709948	0	0	24.08848484848485	132.99732130480987	SGTA;EMC2	2.0
GO_Biological_Process_2021	cytoplasmic translational initiation (GO:0002183)	2/19	0.0049941485620599	0.0765769446182531	0	0	21.2524064171123	112.62687999289396	RBM4;EIF2S3	2.0
GO_Biological_Process_2021	positive regulation of mitochondrial fission (GO:0090141)	2/19	0.0049941485620599	0.0765769446182531	0	0	21.2524064171123	112.62687999289396	RALBP1;VPS35	2.0
GO_Biological_Process_2021	endoplasmic reticulum calcium ion homeostasis (GO:0032469)	2/20	0.0055288554181012	0.0834511614669651	0	0	20.07070707070707	104.3230086404988	BCAP31;WFS1	2.0
GO_Biological_Process_2021	cellular response to insulin stimulus (GO:0032869)	4/129	0.0060008117293349	0.0864940230519903	0	0	5.855703703703703	29.956963457147445	APC;ATP6V0D1;ATP6V0C;ATP6V0A1	2.0
GO_Biological_Process_2021	regulation of anoikis (GO:2000209)	2/21	0.0060886061775728	0.0864940230519903	0	0	19.013397129186604	96.99372904720283	TLE1;TLE5	2.0
GO_Biological_Process_2021	stress granule assembly (GO:0034063)	2/21	0.0060886061775728	0.0864940230519903	0	0	19.013397129186604	96.99372904720283	YTHDF1;EIF2S1	2.0
GO_Biological_Process_2021	vacuolar acidification (GO:0007035)	2/21	0.0060886061775728	0.0864940230519903	0	0	19.013397129186604	96.99372904720283	ATP6V0D1;ATP6V0A1	2.0
GO_Biological_Process_2021	regulation of centrosome cycle (GO:0046605)	2/22	0.0066731087173719	0.093423522043207	0	0	18.061818181818182	90.48373881227064	PDCD6IP;NAT10	2.0
GO_Biological_Process_2021	protein alkylation (GO:0008213)	2/23	0.0072820733492794	0.1004926122200569	0	0	17.200865800865802	84.66850385939397	PCMT1;PRMT1	2.0
GO_Biological_Process_2021	ubiquitin-dependent ERAD pathway (GO:0030433)	3/73	0.0080013895469352	0.1088639760892878	0	0	7.792136304062909	37.62152543497727	WFS1;SGTA;SYVN1	2.0
GO_Biological_Process_2021	cellular response to amino acid starvation (GO:0034198)	3/74	0.0083059677399743	0.1095303431895865	0	0	7.682000258431322	36.80278101623996	ATP6V0D1;ATP6V0C;EIF2S1	2.0
GO_Biological_Process_2021	negative regulation of response to endoplasmic reticulum stress (GO:1903573)	2/25	0.0085722422040996	0.1095303431895865	0	0	15.703557312252965	74.73677741296086	WFS1;SYVN1	2.0
GO_Biological_Process_2021	regulation of heterotypic cell-cell adhesion (GO:0034114)	2/25	0.0085722422040996	0.1095303431895865	0	0	15.703557312252965	74.73677741296086	FLOT1;FLOT2	2.0
GO_Biological_Process_2021	regulation of mitochondrial fission (GO:0090140)	2/25	0.0085722422040996	0.1095303431895865	0	0	15.703557312252965	74.73677741296086	RALBP1;VPS35	2.0
GO_Biological_Process_2021	response to amino acid starvation (GO:1990928)	3/75	0.0086172940811683	0.1095303431895865	0	0	7.574923547400612	36.01106652183426	ATP6V0D1;ATP6V0C;EIF2S1	2.0
GO_Biological_Process_2021	cilium organization (GO:0044782)	5/228	0.0092242950458111	0.1157229742110853	0	0	4.120740958048699	19.30943984633952	IFT20;PCM1;CCDC57;SCLT1;ATP6V0D1	2.0
GO_Biological_Process_2021	organelle organization (GO:0006996)	7/420	0.009415677491755	0.1166095443209664	0	0	3.143664245359161	14.666385658532484	YTHDF1;PEX19;PDCD6IP;HAX1;REEP5;OBSL1;KLHL20	2.0
GO_Biological_Process_2021	regulation of autophagy (GO:0010506)	5/231	0.009724776528143	0.1189130902048889	0	0	4.065420560747664	18.835412060289837	HAX1;VPS35;ATP6V0D1;ATP6V0C;ATP6V0A1	2.0
GO_Biological_Process_2021	regulation of toll-like receptor signaling pathway (GO:0034121)	2/27	0.0099568432620736	0.1202288823895397	0	0	14.44581818181818	66.58792955733377	FLOT1;FLOT2	2.0
GO_Biological_Process_2021	regulation of organelle organization (GO:0033043)	3/80	0.0102762131341598	0.1210588035072977	0	0	7.081258191349934	32.41745799330524	SYDE1;CAPN2;VPS35	2.0
GO_Biological_Process_2021	regulation of protein localization to plasma membrane (GO:1903076)	3/80	0.0102762131341598	0.1210588035072977	0	0	7.081258191349934	32.41745799330524	ZDHHC5;STX3;VTI1B	2.0
GO_Biological_Process_2021	protein localization to Golgi apparatus (GO:0034067)	2/28	0.0106838570177185	0.1243446491459767	0	0	13.88951048951049	63.04478488441613	IFT20;OBSL1	2.0
GO_Biological_Process_2021	epidermis development (GO:0008544)	3/83	0.0113543863948701	0.1299400113109547	0	0	6.814678899082569	30.517162102503583	DSP;FLOT2;KRT31	2.0
GO_Biological_Process_2021	regulation of actin polymerization or depolymerization (GO:0008064)	2/29	0.0114336448876098	0.1299400113109547	0	0	13.374410774410777	59.79959810374703	HAX1;BRK1	2.0
GO_Biological_Process_2021	membrane organization (GO:0061024)	5/242	0.0117197210145855	0.1316424476754615	0	0	3.874561299735794	17.228168236955252	SNX3;PDCD6IP;CLTCL1;VTI1B;VAMP3	2.0
GO_Biological_Process_2021	ERAD pathway (GO:0036503)	3/87	0.0128899173039819	0.1431225300649026	0	0	6.4888597640891215	28.23503958564057	WFS1;SGTA;SYVN1	2.0
GO_Biological_Process_2021	protein import (GO:0017038)	3/89	0.0137000323219042	0.1479084256330832	0	0	6.33731598037124	27.18934852823279	PEX19;CSE1L;TOMM22	2.0
GO_Biological_Process_2021	regulation of centrosome duplication (GO:0010824)	2/32	0.013816933315602	0.1479084256330832	0	0	12.035151515151515	51.53283852639586	PDCD6IP;NAT10	2.0
GO_Biological_Process_2021	regulation of chemotaxis (GO:0050920)	2/32	0.013816933315602	0.1479084256330832	0	0	12.035151515151515	51.53283852639586	YTHDF1;STX3	2.0
GO_Biological_Process_2021	negative regulation of canonical Wnt signaling pathway (GO:0090090)	4/165	0.0139334024147107	0.1479084256330832	0	0	4.538072233724408	19.393298622272127	TLE1;APC;TLE5;STK3	2.0
GO_Biological_Process_2021	apoptotic mitochondrial changes (GO:0008637)	2/33	0.0146551091964615	0.1538255103606181	0	0	11.64633431085044	49.18207677410799	VPS35;NDUFS1	2.0
GO_Biological_Process_2021	positive regulation of cellular component biogenesis (GO:0044089)	3/92	0.0149685279232899	0.1538255103606181	0	0	6.122770848366148	25.726691739165	PDCD6IP;FLOT1;BRK1	2.0
GO_Biological_Process_2021	Wnt signaling pathway (GO:0016055)	3/92	0.0149685279232899	0.1538255103606181	0	0	6.122770848366148	25.726691739165	SNX3;APC;VPS35	2.0
GO_Biological_Process_2021	maturation of SSU-rRNA (GO:0030490)	2/35	0.0163954928995591	0.1667162751681493	0	0	10.93939393939394	44.96910056510509	HEATR1;NAT10	2.0
GO_Biological_Process_2021	membrane assembly (GO:0071709)	2/36	0.0172971793032696	0.1722585072882318	0	0	10.61711229946524	43.07587369429739	FLOT1;FLOT2	2.0
GO_Biological_Process_2021	membrane fusion (GO:0061025)	2/36	0.0172971793032696	0.1722585072882318	0	0	10.61711229946524	43.07587369429739	VTI1B;VAMP3	2.0
GO_Biological_Process_2021	regulation of translation (GO:0006417)	4/178	0.0179128577431418	0.176000545245131	0	0	4.196253724989357	16.87832495601869	RBM4;YTHDF1;NAT10;PUM3	2.0
GO_Biological_Process_2021	proton transmembrane transport (GO:1902600)	2/37	0.0182195181413179	0.176000545245131	0	0	10.313246753246752	41.30725360735812	ATP6V0D1;ATP6V0C	2.0
GO_Biological_Process_2021	protein insertion into ER membrane (GO:0045048)	2/37	0.0182195181413179	0.176000545245131	0	0	10.313246753246752	41.30725360735812	EMC2;SGTA	2.0
GO_Biological_Process_2021	positive regulation of translation (GO:0045727)	3/100	0.0186665018739365	0.1785330773289374	0	0	5.615530123900501	22.35556415568353	YTHDF1;EIF2S3;NAT10	2.0
GO_Biological_Process_2021	positive regulation of cellular protein metabolic process (GO:0032270)	3/102	0.0196630760171594	0.1854328739972915	0	0	5.501529051987768	21.61557760166972	YTHDF1;NAT10;VPS35	2.0
GO_Biological_Process_2021	regulation of intracellular transport (GO:0032386)	2/39	0.0201251343892103	0.1854328739972915	0	0	9.754791154791157	38.10012455950027	RBM4;REEP5	2.0
GO_Biological_Process_2021	protein acylation (GO:0043543)	2/39	0.0201251343892103	0.1854328739972915	0	0	9.754791154791157	38.10012455950027	ZDHHC5;NAT10	2.0
GO_Biological_Process_2021	plasma membrane bounded cell projection assembly (GO:0120031)	5/278	0.0201557471736186	0.1854328739972915	0	0	3.357468077094245	13.10844782734834	IFT20;PCM1;CCDC57;SCLT1;ATP6V0D1	2.0
GO_Biological_Process_2021	bone development (GO:0060348)	2/40	0.0211079078431774	0.1905629810888729	0	0	9.497607655502392	36.64279160712167	SBDS;PPIB	2.0
GO_Biological_Process_2021	intraciliary transport involved in cilium assembly (GO:0035735)	2/40	0.0211079078431774	0.1905629810888729	0	0	9.497607655502392	36.64279160712167	IFT20;PCM1	2.0
GO_Biological_Process_2021	protein methylation (GO:0006479)	2/41	0.0221103257698347	0.195249829104866	0	0	9.253613053613051	35.272094503664505	PCMT1;PRMT1	2.0
GO_Biological_Process_2021	endosome organization (GO:0007032)	2/41	0.0221103257698347	0.195249829104866	0	0	9.253613053613051	35.272094503664505	SNX3;HOOK2	2.0
GO_Biological_Process_2021	negative regulation of Wnt signaling pathway (GO:0030178)	4/191	0.0225360511558848	0.195249829104866	0	0	3.901960784313725	14.79872856296259	TLE1;APC;TLE5;STK3	2.0
GO_Biological_Process_2021	regulation of ubiquitin-dependent protein catabolic process (GO:2000058)	2/42	0.0231321415234883	0.195249829104866	0	0	9.021818181818182	33.98096887041346	SGTA;UBQLN4	2.0
GO_Biological_Process_2021	myofibril assembly (GO:0030239)	2/43	0.0241731105482402	0.195249829104866	0	0	8.801330376940133	32.763079049337605	TMOD3;OBSL1	2.0
GO_Biological_Process_2021	regulation of Wnt signaling pathway (GO:0030111)	3/111	0.0245060018210467	0.195249829104866	0	0	5.040774719673802	18.695412893649618	SNX3;TLE1;ATP6V0C	2.0
GO_Biological_Process_2021	positive regulation of mRNA catabolic process (GO:0061014)	2/44	0.0252329903846596	0.195249829104866	0	0	8.591341991341992	31.612727751586725	YTHDF1;ZC3HAV1	2.0
GO_Biological_Process_2021	positive regulation of protein metabolic process (GO:0051247)	3/115	0.0268466794585747	0.195249829104866	0	0	4.859764089121887	17.58074640543764	APC;WFS1;PRMT1	2.0
GO_Biological_Process_2021	negative regulation of autophagosome maturation (GO:1901097)	1/5	0.0276907107529675	0.195249829104866	0	0	44.78378378378378	160.62412864511748	UBQLN4	2.0
GO_Biological_Process_2021	protein processing involved in protein targeting to mitochondrion (GO:0006627)	1/5	0.0276907107529675	0.195249829104866	0	0	44.78378378378378	160.62412864511748	PMPCB	2.0
GO_Biological_Process_2021	ADP transport (GO:0015866)	1/5	0.0276907107529675	0.195249829104866	0	0	44.78378378378378	160.62412864511748	SLC25A4	2.0
GO_Biological_Process_2021	pyrimidine nucleobase biosynthetic process (GO:0019856)	1/5	0.0276907107529675	0.195249829104866	0	0	44.78378378378378	160.62412864511748	CAD	2.0
GO_Biological_Process_2021	beta-catenin destruction complex assembly (GO:1904885)	1/5	0.0276907107529675	0.195249829104866	0	0	44.78378378378378	160.62412864511748	APC	2.0
GO_Biological_Process_2021	bone marrow development (GO:0048539)	1/5	0.0276907107529675	0.195249829104866	0	0	44.78378378378378	160.62412864511748	SBDS	2.0
GO_Biological_Process_2021	regulation of chaperone-mediated protein folding (GO:1903644)	1/5	0.0276907107529675	0.195249829104866	0	0	44.78378378378378	160.62412864511748	SGTA	2.0
GO_Biological_Process_2021	de novo centriole assembly (GO:0097742)	1/5	0.0276907107529675	0.195249829104866	0	0	44.78378378378378	160.62412864511748	CEP63	2.0
GO_Biological_Process_2021	de novo centriole assembly involved in multi-ciliated epithelial cell differentiation (GO:0098535)	1/5	0.0276907107529675	0.195249829104866	0	0	44.78378378378378	160.62412864511748	CEP63	2.0
GO_Biological_Process_2021	regulation of mitophagy (GO:1901524)	1/5	0.0276907107529675	0.195249829104866	0	0	44.78378378378378	160.62412864511748	SLC25A4	2.0
GO_Biological_Process_2021	ornithine transport (GO:0015822)	1/5	0.0276907107529675	0.195249829104866	0	0	44.78378378378378	160.62412864511748	SLC7A1	2.0
GO_Biological_Process_2021	positive regulation by host of viral genome replication (GO:0044829)	1/5	0.0276907107529675	0.195249829104866	0	0	44.78378378378378	160.62412864511748	PPIB	2.0
GO_Biological_Process_2021	positive regulation of anoikis (GO:2000210)	1/5	0.0276907107529675	0.195249829104866	0	0	44.78378378378378	160.62412864511748	TLE5	2.0
GO_Biological_Process_2021	regulation of skeletal muscle tissue development (GO:0048641)	1/5	0.0276907107529675	0.195249829104866	0	0	44.78378378378378	160.62412864511748	FLOT1	2.0
GO_Biological_Process_2021	regulation of type B pancreatic cell apoptotic process (GO:2000674)	1/5	0.0276907107529675	0.195249829104866	0	0	44.78378378378378	160.62412864511748	WFS1	2.0
GO_Biological_Process_2021	positive regulation of dopamine receptor signaling pathway (GO:0060161)	1/5	0.0276907107529675	0.195249829104866	0	0	44.78378378378378	160.62412864511748	VPS35	2.0
GO_Biological_Process_2021	immature B cell differentiation (GO:0002327)	1/5	0.0276907107529675	0.195249829104866	0	0	44.78378378378378	160.62412864511748	SYVN1	2.0
GO_Biological_Process_2021	L-arginine import across plasma membrane (GO:0097638)	1/5	0.0276907107529675	0.195249829104866	0	0	44.78378378378378	160.62412864511748	SLC7A1	2.0
GO_Biological_Process_2021	positive regulation of non-motile cilium assembly (GO:1902857)	1/5	0.0276907107529675	0.195249829104866	0	0	44.78378378378378	160.62412864511748	CEP135	2.0
GO_Biological_Process_2021	late endosome to Golgi transport (GO:0034499)	1/5	0.0276907107529675	0.195249829104866	0	0	44.78378378378378	160.62412864511748	SNX3	2.0
GO_Biological_Process_2021	mature ribosome assembly (GO:0042256)	1/5	0.0276907107529675	0.195249829104866	0	0	44.78378378378378	160.62412864511748	SBDS	2.0
GO_Biological_Process_2021	ubiquitin-independent protein catabolic process via the multivesicular body sorting pathway (GO:0090611)	1/5	0.0276907107529675	0.195249829104866	0	0	44.78378378378378	160.62412864511748	PDCD6IP	2.0
GO_Biological_Process_2021	regulation of cellular metabolic process (GO:0031323)	2/47	0.0285237011063546	0.1967737027515264	0	0	8.017373737373738	28.51795808626062	FLOT1;VPS35	2.0
GO_Biological_Process_2021	regulation of protein binding (GO:0043393)	3/118	0.0286780526728409	0.1967737027515264	0	0	4.732269644994017	16.807238489418975	FLOT1;TLE5;STK3	2.0
GO_Biological_Process_2021	positive regulation of cysteine-type endopeptidase activity involved in apoptotic process (GO:0043280)	3/119	0.0293029293604764	0.1967737027515264	0	0	4.691236950332174	16.560384452609046	BCAP31;DIABLO;ATP2A3	2.0
GO_Biological_Process_2021	regulation of mitochondrion organization (GO:0010821)	2/48	0.0296568407613197	0.1967737027515264	0	0	7.842687747035573	27.59106537244795	HAX1;VPS35	2.0
GO_Biological_Process_2021	regulation of protein metabolic process (GO:0051246)	2/48	0.0296568407613197	0.1967737027515264	0	0	7.842687747035573	27.59106537244795	WFS1;VPS35	2.0
GO_Biological_Process_2021	establishment of protein localization to mitochondrion (GO:0072655)	2/48	0.0296568407613197	0.1967737027515264	0	0	7.842687747035573	27.59106537244795	BCAP31;TOMM22	2.0
GO_Biological_Process_2021	regulation of cellular protein metabolic process (GO:0032268)	2/49	0.0308077096870872	0.1967737027515264	0	0	7.675435203094778	26.710440099644483	VPS35;PUM3	2.0
GO_Biological_Process_2021	mitotic cytokinesis (GO:0000281)	2/49	0.0308077096870872	0.1967737027515264	0	0	7.675435203094778	26.710440099644483	PDCD6IP;APC	2.0
GO_Biological_Process_2021	protein localization to perinuclear region of cytoplasm (GO:1905719)	1/6	0.0331369865600355	0.1967737027515264	0	0	35.825225225225225	122.06031121746015	HOOK2	2.0
GO_Biological_Process_2021	activation of cysteine-type endopeptidase activity involved in apoptotic process by cytochrome c (GO:0008635)	1/6	0.0331369865600355	0.1967737027515264	0	0	35.825225225225225	122.06031121746015	DIABLO	2.0
GO_Biological_Process_2021	protein repair (GO:0030091)	1/6	0.0331369865600355	0.1967737027515264	0	0	35.825225225225225	122.06031121746015	PCMT1	2.0
GO_Biological_Process_2021	negative regulation of endoplasmic reticulum calcium ion concentration (GO:0032471)	1/6	0.0331369865600355	0.1967737027515264	0	0	35.825225225225225	122.06031121746015	BCAP31	2.0
GO_Biological_Process_2021	negative regulation of ERAD pathway (GO:1904293)	1/6	0.0331369865600355	0.1967737027515264	0	0	35.825225225225225	122.06031121746015	SGTA	2.0
GO_Biological_Process_2021	bundle of His cell-Purkinje myocyte adhesion involved in cell communication (GO:0086073)	1/6	0.0331369865600355	0.1967737027515264	0	0	35.825225225225225	122.06031121746015	DSP	2.0
GO_Biological_Process_2021	regulation of extracellular exosome assembly (GO:1903551)	1/6	0.0331369865600355	0.1967737027515264	0	0	35.825225225225225	122.06031121746015	PDCD6IP	2.0
GO_Biological_Process_2021	regulation of non-motile cilium assembly (GO:1902855)	1/6	0.0331369865600355	0.1967737027515264	0	0	35.825225225225225	122.06031121746015	CEP135	2.0
GO_Biological_Process_2021	plasma membrane raft assembly (GO:0044854)	1/6	0.0331369865600355	0.1967737027515264	0	0	35.825225225225225	122.06031121746015	FLOT1	2.0
GO_Biological_Process_2021	regulation of protein targeting (GO:1903533)	1/6	0.0331369865600355	0.1967737027515264	0	0	35.825225225225225	122.06031121746015	HAX1	2.0
GO_Biological_Process_2021	positive regulation of granulocyte differentiation (GO:0030854)	1/6	0.0331369865600355	0.1967737027515264	0	0	35.825225225225225	122.06031121746015	HAX1	2.0
GO_Biological_Process_2021	positive regulation of hemoglobin biosynthetic process (GO:0046985)	1/6	0.0331369865600355	0.1967737027515264	0	0	35.825225225225225	122.06031121746015	PRMT1	2.0
GO_Biological_Process_2021	L-arginine transmembrane transport (GO:1903400)	1/6	0.0331369865600355	0.1967737027515264	0	0	35.825225225225225	122.06031121746015	SLC7A1	2.0
GO_Biological_Process_2021	L-ornithine transmembrane transport (GO:1903352)	1/6	0.0331369865600355	0.1967737027515264	0	0	35.825225225225225	122.06031121746015	SLC7A1	2.0
GO_Biological_Process_2021	positive regulation of toll-like receptor 3 signaling pathway (GO:0034141)	1/6	0.0331369865600355	0.1967737027515264	0	0	35.825225225225225	122.06031121746015	FLOT1	2.0
GO_Biological_Process_2021	ventricular compact myocardium morphogenesis (GO:0003223)	1/6	0.0331369865600355	0.1967737027515264	0	0	35.825225225225225	122.06031121746015	DSP	2.0
GO_Biological_Process_2021	regulation of protein modification process (GO:0031399)	2/51	0.0331617162999089	0.1967737027515264	0	0	7.361410018552876	25.075606682151687	PPIB;PUM3	2.0
GO_Biological_Process_2021	protein targeting (GO:0006605)	3/125	0.0332030160957544	0.1967737027515264	0	0	4.459166791998797	15.183973773043045	BCAP31;PEX19;TOMM22	2.0
GO_Biological_Process_2021	negative regulation of protein metabolic process (GO:0051248)	2/52	0.0343643993983161	0.1975952965403181	0	0	7.213818181818182	24.31586330956953	SNX3;FLOT2	2.0
GO_Biological_Process_2021	endocytic recycling (GO:0032456)	2/52	0.0343643993983161	0.1975952965403181	0	0	7.213818181818182	24.31586330956953	SNX3;VPS35	2.0
GO_Biological_Process_2021	regulation of telomere maintenance via telomerase (GO:0032210)	2/52	0.0343643993983161	0.1975952965403181	0	0	7.213818181818182	24.31586330956953	NEK7;NAT10	2.0
GO_Biological_Process_2021	positive regulation of protein localization to cell periphery (GO:1904377)	2/52	0.0343643993983161	0.1975952965403181	0	0	7.213818181818182	24.31586330956953	ZDHHC5;STX3	2.0
GO_Biological_Process_2021	positive regulation of protein localization to plasma membrane (GO:1903078)	2/52	0.0343643993983161	0.1975952965403181	0	0	7.213818181818182	24.31586330956953	ZDHHC5;STX3	2.0
GO_Biological_Process_2021	bicellular tight junction assembly (GO:0070830)	2/53	0.0355839025721017	0.200227017580622	0	0	7.072014260249555	23.5912630566322	PDCD6IP;APC	2.0
GO_Biological_Process_2021	positive regulation of macromolecule biosynthetic process (GO:0010557)	3/129	0.0359459615440747	0.200227017580622	0	0	4.316732197466142	14.356322620767427	YTHDF1;PRMT1;NAT10	2.0
GO_Biological_Process_2021	Golgi organization (GO:0007030)	3/130	0.0366494482161397	0.200227017580622	0	0	4.282525464133497	14.159557644559046	OBSL1;VTI1B;BET1	2.0
GO_Biological_Process_2021	cytoplasmic microtubule organization (GO:0031122)	2/54	0.0368200033959587	0.200227017580622	0	0	6.935664335664336	22.89958011228037	PCM1;HOOK2	2.0
GO_Biological_Process_2021	pyrimidine ribonucleotide biosynthetic process (GO:0009220)	1/7	0.0385530282298092	0.200227017580622	0	0	29.85285285285285	97.19254886023562	CAD	2.0
GO_Biological_Process_2021	pyrimidine-containing compound biosynthetic process (GO:0072528)	1/7	0.0385530282298092	0.200227017580622	0	0	29.85285285285285	97.19254886023562	CAD	2.0
GO_Biological_Process_2021	cardiac muscle cell-cardiac muscle cell adhesion (GO:0086042)	1/7	0.0385530282298092	0.200227017580622	0	0	29.85285285285285	97.19254886023562	DSP	2.0
GO_Biological_Process_2021	regulation of hemoglobin biosynthetic process (GO:0046984)	1/7	0.0385530282298092	0.200227017580622	0	0	29.85285285285285	97.19254886023562	PRMT1	2.0
GO_Biological_Process_2021	regulation of histamine secretion by mast cell (GO:1903593)	1/7	0.0385530282298092	0.200227017580622	0	0	29.85285285285285	97.19254886023562	VAMP3	2.0
GO_Biological_Process_2021	neurotransmitter receptor transport, endosome to plasma membrane (GO:0099639)	1/7	0.0385530282298092	0.200227017580622	0	0	29.85285285285285	97.19254886023562	VPS35	2.0
GO_Biological_Process_2021	citrulline metabolic process (GO:0000052)	1/7	0.0385530282298092	0.200227017580622	0	0	29.85285285285285	97.19254886023562	CAD	2.0
GO_Biological_Process_2021	desmosome organization (GO:0002934)	1/7	0.0385530282298092	0.200227017580622	0	0	29.85285285285285	97.19254886023562	DSP	2.0
GO_Biological_Process_2021	response to increased oxygen levels (GO:0036296)	1/7	0.0385530282298092	0.200227017580622	0	0	29.85285285285285	97.19254886023562	ATP6V0D1	2.0
GO_Biological_Process_2021	positive regulation of multicellular organism growth (GO:0040018)	1/7	0.0385530282298092	0.200227017580622	0	0	29.85285285285285	97.19254886023562	PPIB	2.0
GO_Biological_Process_2021	positive regulation of protein localization to centrosome (GO:1904781)	1/7	0.0385530282298092	0.200227017580622	0	0	29.85285285285285	97.19254886023562	APC	2.0
GO_Biological_Process_2021	membrane invagination (GO:0010324)	1/7	0.0385530282298092	0.200227017580622	0	0	29.85285285285285	97.19254886023562	SNX3	2.0
GO_Biological_Process_2021	positive regulation of trophoblast cell migration (GO:1901165)	1/7	0.0385530282298092	0.200227017580622	0	0	29.85285285285285	97.19254886023562	SYDE1	2.0
GO_Biological_Process_2021	protein localization to endoplasmic reticulum exit site (GO:0070973)	1/7	0.0385530282298092	0.200227017580622	0	0	29.85285285285285	97.19254886023562	BCAP31	2.0
GO_Biological_Process_2021	protein-containing complex disassembly (GO:0032984)	2/56	0.0393411179445573	0.2021463826300125	0	0	6.678114478114479	21.606939548930715	APC;VTI1B	2.0
GO_Biological_Process_2021	tight junction assembly (GO:0120192)	2/56	0.0393411179445573	0.2021463826300125	0	0	6.678114478114479	21.606939548930715	PDCD6IP;APC	2.0
GO_Biological_Process_2021	regulation of phagocytosis (GO:0050764)	2/58	0.0419260019312679	0.2080640964053114	0	0	6.438961038961039	20.42341260493736	SNX3;LYAR	2.0
GO_Biological_Process_2021	positive regulation of mitochondrion organization (GO:0010822)	2/58	0.0419260019312679	0.2080640964053114	0	0	6.438961038961039	20.42341260493736	RALBP1;VPS35	2.0
GO_Biological_Process_2021	positive regulation of protein binding (GO:0032092)	2/58	0.0419260019312679	0.2080640964053114	0	0	6.438961038961039	20.42341260493736	FLOT1;STK3	2.0
GO_Biological_Process_2021	regulation of actin filament length (GO:0030832)	1/8	0.0439390017253452	0.2080640964053114	0	0	25.586872586872587	79.95777249377652	BRK1	2.0
GO_Biological_Process_2021	basic amino acid transport (GO:0015802)	1/8	0.0439390017253452	0.2080640964053114	0	0	25.586872586872587	79.95777249377652	SLC7A1	2.0
GO_Biological_Process_2021	regulation of Cdc42 protein signal transduction (GO:0032489)	1/8	0.0439390017253452	0.2080640964053114	0	0	25.586872586872587	79.95777249377652	RALBP1	2.0
GO_Biological_Process_2021	regulation of dendritic spine maintenance (GO:1902950)	1/8	0.0439390017253452	0.2080640964053114	0	0	25.586872586872587	79.95777249377652	VPS35	2.0
GO_Biological_Process_2021	regulation of dopamine receptor signaling pathway (GO:0060159)	1/8	0.0439390017253452	0.2080640964053114	0	0	25.586872586872587	79.95777249377652	VPS35	2.0
GO_Biological_Process_2021	regulation of establishment of protein localization to mitochondrion (GO:1903747)	1/8	0.0439390017253452	0.2080640964053114	0	0	25.586872586872587	79.95777249377652	HAX1	2.0
GO_Biological_Process_2021	regulation of pattern recognition receptor signaling pathway (GO:0062207)	1/8	0.0439390017253452	0.2080640964053114	0	0	25.586872586872587	79.95777249377652	ZDHHC5	2.0
GO_Biological_Process_2021	regulation of protein ADP-ribosylation (GO:0010835)	1/8	0.0439390017253452	0.2080640964053114	0	0	25.586872586872587	79.95777249377652	PUM3	2.0
GO_Biological_Process_2021	regulation of protein localization to nucleolus (GO:1904749)	1/8	0.0439390017253452	0.2080640964053114	0	0	25.586872586872587	79.95777249377652	BYSL	2.0
GO_Biological_Process_2021	ER overload response (GO:0006983)	1/8	0.0439390017253452	0.2080640964053114	0	0	25.586872586872587	79.95777249377652	WFS1	2.0
GO_Biological_Process_2021	positive regulation of Arp2/3 complex-mediated actin nucleation (GO:2000601)	1/8	0.0439390017253452	0.2080640964053114	0	0	25.586872586872587	79.95777249377652	BRK1	2.0
GO_Biological_Process_2021	establishment of protein localization to peroxisome (GO:0072663)	1/8	0.0439390017253452	0.2080640964053114	0	0	25.586872586872587	79.95777249377652	PEX19	2.0
GO_Biological_Process_2021	multi-ciliated epithelial cell differentiation (GO:1903251)	1/8	0.0439390017253452	0.2080640964053114	0	0	25.586872586872587	79.95777249377652	CEP63	2.0
GO_Biological_Process_2021	apical junction assembly (GO:0043297)	2/60	0.0445729443361221	0.2100364108716778	0	0	6.216300940438871	19.336601211800986	PDCD6IP;APC	2.0
GO_Biological_Process_2021	negative regulation of response to stimulus (GO:0048585)	2/61	0.0459191608820684	0.2135382948624626	0	0	6.110631741140216	18.826079125834667	WFS1;TLE5	2.0
GO_Biological_Process_2021	supramolecular fiber organization (GO:0097435)	5/351	0.047541917042083	0.2135382948624626	0	0	2.6392415320620173	8.039508419452066	DSP;PCM1;HOOK2;TMOD3;PPIB	2.0
GO_Biological_Process_2021	alpha-amino acid biosynthetic process (GO:1901607)	1/9	0.0492950722094504	0.2135382948624626	0	0	22.38738738738739	67.38449484604118	CAD	2.0
GO_Biological_Process_2021	regulation of actin filament organization (GO:0110053)	1/9	0.0492950722094504	0.2135382948624626	0	0	22.38738738738739	67.38449484604118	BRK1	2.0
GO_Biological_Process_2021	regulation of cell adhesion molecule production (GO:0060353)	1/9	0.0492950722094504	0.2135382948624626	0	0	22.38738738738739	67.38449484604118	FLOT1	2.0
GO_Biological_Process_2021	bundle of His cell to Purkinje myocyte communication (GO:0086069)	1/9	0.0492950722094504	0.2135382948624626	0	0	22.38738738738739	67.38449484604118	DSP	2.0
GO_Biological_Process_2021	negative regulation of necroptotic process (GO:0060546)	1/9	0.0492950722094504	0.2135382948624626	0	0	22.38738738738739	67.38449484604118	SLC25A4	2.0
GO_Biological_Process_2021	negative regulation of protein-containing complex disassembly (GO:0043242)	1/9	0.0492950722094504	0.2135382948624626	0	0	22.38738738738739	67.38449484604118	UBQLN4	2.0
GO_Biological_Process_2021	neurotransmitter receptor transport to postsynaptic membrane (GO:0098969)	1/9	0.0492950722094504	0.2135382948624626	0	0	22.38738738738739	67.38449484604118	STX3	2.0
GO_Biological_Process_2021	peroxisomal transport (GO:0043574)	1/9	0.0492950722094504	0.2135382948624626	0	0	22.38738738738739	67.38449484604118	PEX19	2.0
GO_Biological_Process_2021	peroxisome fission (GO:0016559)	1/9	0.0492950722094504	0.2135382948624626	0	0	22.38738738738739	67.38449484604118	PEX19	2.0
GO_Biological_Process_2021	positive regulation of autophagy of mitochondrion (GO:1903599)	1/9	0.0492950722094504	0.2135382948624626	0	0	22.38738738738739	67.38449484604118	SLC25A4	2.0
GO_Biological_Process_2021	positive regulation of cell-cell adhesion mediated by cadherin (GO:2000049)	1/9	0.0492950722094504	0.2135382948624626	0	0	22.38738738738739	67.38449484604118	FLOT1	2.0
GO_Biological_Process_2021	histone arginine methylation (GO:0034969)	1/9	0.0492950722094504	0.2135382948624626	0	0	22.38738738738739	67.38449484604118	PRMT1	2.0
GO_Biological_Process_2021	positive regulation of mitochondrial calcium ion concentration (GO:0051561)	1/9	0.0492950722094504	0.2135382948624626	0	0	22.38738738738739	67.38449484604118	BCAP31	2.0
GO_Biological_Process_2021	maintenance of apical/basal cell polarity (GO:0035090)	1/9	0.0492950722094504	0.2135382948624626	0	0	22.38738738738739	67.38449484604118	PDCD6IP	2.0
GO_Biological_Process_2021	maintenance of epithelial cell apical/basal polarity (GO:0045199)	1/9	0.0492950722094504	0.2135382948624626	0	0	22.38738738738739	67.38449484604118	PDCD6IP	2.0
GO_Biological_Process_2021	mitochondrial fragmentation involved in apoptotic process (GO:0043653)	1/9	0.0492950722094504	0.2135382948624626	0	0	22.38738738738739	67.38449484604118	VPS35	2.0
GO_Biological_Process_2021	response to cytokine (GO:0034097)	3/150	0.0521819450273505	0.2153643930395411	0	0	3.696124321288148	10.91472432931009	HAX1;TLE5;KLHL20	2.0
GO_Biological_Process_2021	cellular component disassembly (GO:0022411)	2/66	0.0528694542595504	0.2153643930395411	0	0	5.631818181818182	16.55714858649368	CAPN2;FLOT1	2.0
GO_Biological_Process_2021	extracellular matrix disassembly (GO:0022617)	2/66	0.0528694542595504	0.2153643930395411	0	0	5.631818181818182	16.55714858649368	CAPN2;FLOT1	2.0
GO_Biological_Process_2021	positive regulation of cell death (GO:0010942)	2/66	0.0528694542595504	0.2153643930395411	0	0	5.631818181818182	16.55714858649368	APC;EIF2S1	2.0
GO_Biological_Process_2021	neutrophil degranulation (GO:0043312)	6/481	0.0534662142114893	0.2153643930395411	0	0	2.313366434955313	6.775168619012856	DSP;TOLLIP;COPB1;GGH;ATP6V0C;ATP6V0A1	2.0
GO_Biological_Process_2021	regulation of canonical Wnt signaling pathway (GO:0060828)	4/253	0.0539685760951922	0.2153643930395411	0	0	2.9211661460657443	8.527916104212082	TLE1;APC;TLE5;STK3	2.0
GO_Biological_Process_2021	anion transmembrane transport (GO:0098656)	2/67	0.054301940838627	0.2153643930395411	0	0	5.5448951048951045	16.15336241289417	SLC25A4;SLC7A1	2.0
GO_Biological_Process_2021	protein poly-ADP-ribosylation (GO:0070212)	1/10	0.0546214040317676	0.2153643930395411	0	0	19.8988988988989	57.85265494685789	ZC3HAV1	2.0
GO_Biological_Process_2021	negative regulation of establishment of protein localization (GO:1904950)	1/10	0.0546214040317676	0.2153643930395411	0	0	19.8988988988989	57.85265494685789	SNX3	2.0
GO_Biological_Process_2021	regulation of attachment of spindle microtubules to kinetochore (GO:0051988)	1/10	0.0546214040317676	0.2153643930395411	0	0	19.8988988988989	57.85265494685789	APC	2.0
GO_Biological_Process_2021	regulation of axon guidance (GO:1902667)	1/10	0.0546214040317676	0.2153643930395411	0	0	19.8988988988989	57.85265494685789	YTHDF1	2.0
GO_Biological_Process_2021	negative regulation of receptor binding (GO:1900121)	1/10	0.0546214040317676	0.2153643930395411	0	0	19.8988988988989	57.85265494685789	ATP2A3	2.0
GO_Biological_Process_2021	regulation of granulocyte differentiation (GO:0030852)	1/10	0.0546214040317676	0.2153643930395411	0	0	19.8988988988989	57.85265494685789	HAX1	2.0
GO_Biological_Process_2021	regulation of protein localization to centrosome (GO:1904779)	1/10	0.0546214040317676	0.2153643930395411	0	0	19.8988988988989	57.85265494685789	APC	2.0
GO_Biological_Process_2021	regulation of receptor binding (GO:1900120)	1/10	0.0546214040317676	0.2153643930395411	0	0	19.8988988988989	57.85265494685789	ATP2A3	2.0
GO_Biological_Process_2021	fatty acid beta-oxidation using acyl-CoA dehydrogenase (GO:0033539)	1/10	0.0546214040317676	0.2153643930395411	0	0	19.8988988988989	57.85265494685789	ETFB	2.0
GO_Biological_Process_2021	formation of translation preinitiation complex (GO:0001731)	1/10	0.0546214040317676	0.2153643930395411	0	0	19.8988988988989	57.85265494685789	EIF2S3	2.0
GO_Biological_Process_2021	positive regulation of myoblast fusion (GO:1901741)	1/10	0.0546214040317676	0.2153643930395411	0	0	19.8988988988989	57.85265494685789	FLOT1	2.0
GO_Biological_Process_2021	SNARE complex assembly (GO:0035493)	1/10	0.0546214040317676	0.2153643930395411	0	0	19.8988988988989	57.85265494685789	VAMP3	2.0
GO_Biological_Process_2021	positive regulation of receptor recycling (GO:0001921)	1/10	0.0546214040317676	0.2153643930395411	0	0	19.8988988988989	57.85265494685789	VAMP3	2.0
GO_Biological_Process_2021	positive regulation of skeletal muscle tissue development (GO:0048643)	1/10	0.0546214040317676	0.2153643930395411	0	0	19.8988988988989	57.85265494685789	FLOT1	2.0
GO_Biological_Process_2021	protein insertion into ER membrane by stop-transfer membrane-anchor sequence (GO:0045050)	1/10	0.0546214040317676	0.2153643930395411	0	0	19.8988988988989	57.85265494685789	EMC2	2.0
GO_Biological_Process_2021	neutrophil activation involved in immune response (GO:0002283)	6/485	0.0552278609929134	0.2168703809721722	0	0	2.293575452002994	6.642854427765942	DSP;TOLLIP;COPB1;GGH;ATP6V0C;ATP6V0A1	2.0
GO_Biological_Process_2021	regulation of translational initiation (GO:0006446)	2/68	0.0557481068944516	0.2180270091499607	0	0	5.460606060606061	15.76428821495794	RBM4;YTHDF1	2.0
GO_Biological_Process_2021	neutrophil mediated immunity (GO:0002446)	6/488	0.0565720518246782	0.2195428538499526	0	0	2.2789477804744385	6.54568542818866	DSP;TOLLIP;COPB1;GGH;ATP6V0C;ATP6V0A1	2.0
GO_Biological_Process_2021	protein transport (GO:0015031)	5/369	0.0565902387252983	0.2195428538499526	0	0	2.5064188148300297	7.198231238111785	VPS35;STX3;ATP6V0D1;ATP6V0C;ATP6V0A1	2.0
GO_Biological_Process_2021	cellular response to starvation (GO:0009267)	3/158	0.059153478453396	0.2200796320294147	0	0	3.50393607576206	9.907799316444782	ATP6V0D1;ATP6V0C;EIF2S1	2.0
GO_Biological_Process_2021	cell proliferation in forebrain (GO:0021846)	1/11	0.0599181606870973	0.2200796320294147	0	0	17.90810810810811	50.40730639649694	PCM1	2.0
GO_Biological_Process_2021	negative regulation of programmed necrotic cell death (GO:0062099)	1/11	0.0599181606870973	0.2200796320294147	0	0	17.90810810810811	50.40730639649694	SLC25A4	2.0
GO_Biological_Process_2021	negative regulation of response to cytokine stimulus (GO:0060761)	1/11	0.0599181606870973	0.2200796320294147	0	0	17.90810810810811	50.40730639649694	TLE5	2.0
GO_Biological_Process_2021	cellular response to increased oxygen levels (GO:0036295)	1/11	0.0599181606870973	0.2200796320294147	0	0	17.90810810810811	50.40730639649694	ATP6V0D1	2.0
GO_Biological_Process_2021	negative regulation of translation, ncRNA-mediated (GO:0040033)	1/11	0.0599181606870973	0.2200796320294147	0	0	17.90810810810811	50.40730639649694	RBM4	2.0
GO_Biological_Process_2021	PERK-mediated unfolded protein response (GO:0036499)	1/11	0.0599181606870973	0.2200796320294147	0	0	17.90810810810811	50.40730639649694	EIF2S1	2.0
GO_Biological_Process_2021	positive regulation by host of viral process (GO:0044794)	1/11	0.0599181606870973	0.2200796320294147	0	0	17.90810810810811	50.40730639649694	PPIB	2.0
GO_Biological_Process_2021	positive regulation of actin nucleation (GO:0051127)	1/11	0.0599181606870973	0.2200796320294147	0	0	17.90810810810811	50.40730639649694	BRK1	2.0
GO_Biological_Process_2021	erythrocyte development (GO:0048821)	1/11	0.0599181606870973	0.2200796320294147	0	0	17.90810810810811	50.40730639649694	LYAR	2.0
GO_Biological_Process_2021	miRNA mediated inhibition of translation (GO:0035278)	1/11	0.0599181606870973	0.2200796320294147	0	0	17.90810810810811	50.40730639649694	RBM4	2.0
GO_Biological_Process_2021	mitochondrial protein processing (GO:0034982)	1/11	0.0599181606870973	0.2200796320294147	0	0	17.90810810810811	50.40730639649694	PMPCB	2.0
GO_Biological_Process_2021	mitochondrial transcription (GO:0006390)	1/11	0.0599181606870973	0.2200796320294147	0	0	17.90810810810811	50.40730639649694	MRPL12	2.0
GO_Biological_Process_2021	protein kinase C signaling (GO:0070528)	1/11	0.0599181606870973	0.2200796320294147	0	0	17.90810810810811	50.40730639649694	FLOT1	2.0
GO_Biological_Process_2021	positive regulation of cellular protein localization (GO:1903829)	2/71	0.0601667403746995	0.220155572734696	0	0	5.2223978919631096	14.67825724876015	APC;STX3	2.0
GO_Biological_Process_2021	cytoskeleton-dependent cytokinesis (GO:0061640)	2/72	0.0616656913531529	0.2209445530964362	0	0	5.147532467532468	14.341167313291562	PDCD6IP;APC	2.0
GO_Biological_Process_2021	positive regulation of cellular process (GO:0048522)	7/625	0.0616964459029674	0.2209445530964362	0	0	2.0787486515641858	5.7904145541084855	APC;PRMT1;FLOT1;STX3;CEP43;LYAR;GNAI2	2.0
GO_Biological_Process_2021	endoplasmic reticulum organization (GO:0007029)	2/73	0.0631773638174065	0.2209445530964362	0	0	5.074775928297055	14.015562894578204	REEP5;SGTA	2.0
GO_Biological_Process_2021	protein-containing complex assembly (GO:0065003)	4/267	0.0632476169249767	0.2209445530964362	0	0	2.763695254189551	7.629727488700262	TLE1;APC;VAMP3;BET1	2.0
GO_Biological_Process_2021	proteolysis involved in cellular protein catabolic process (GO:0051603)	2/74	0.0647015712367954	0.2209445530964362	0	0	5.004040404040404	13.700911468273173	PDCD6IP;CAPN2	2.0
GO_Biological_Process_2021	negative regulation of protein binding (GO:0032091)	2/74	0.0647015712367954	0.2209445530964362	0	0	5.004040404040404	13.700911468273173	ATP2A3;TLE5	2.0
GO_Biological_Process_2021	regulation of amyloid precursor protein catabolic process (GO:1902991)	1/12	0.0651855047955324	0.2209445530964362	0	0	16.27927927927928	44.45086760371517	FLOT2	2.0
GO_Biological_Process_2021	ATP transport (GO:0015867)	1/12	0.0651855047955324	0.2209445530964362	0	0	16.27927927927928	44.45086760371517	SLC25A4	2.0
GO_Biological_Process_2021	regulation of myoblast fusion (GO:1901739)	1/12	0.0651855047955324	0.2209445530964362	0	0	16.27927927927928	44.45086760371517	FLOT1	2.0
GO_Biological_Process_2021	P-body assembly (GO:0033962)	1/12	0.0651855047955324	0.2209445530964362	0	0	16.27927927927928	44.45086760371517	LSM4	2.0
GO_Biological_Process_2021	epithelial cell-cell adhesion (GO:0090136)	1/12	0.0651855047955324	0.2209445530964362	0	0	16.27927927927928	44.45086760371517	DSP	2.0
GO_Biological_Process_2021	regulation of pseudopodium assembly (GO:0031272)	1/12	0.0651855047955324	0.2209445530964362	0	0	16.27927927927928	44.45086760371517	APC	2.0
GO_Biological_Process_2021	glutamine metabolic process (GO:0006541)	1/12	0.0651855047955324	0.2209445530964362	0	0	16.27927927927928	44.45086760371517	CAD	2.0
GO_Biological_Process_2021	regulation of ventricular cardiac muscle cell action potential (GO:0098911)	1/12	0.0651855047955324	0.2209445530964362	0	0	16.27927927927928	44.45086760371517	DSP	2.0
GO_Biological_Process_2021	intrinsic apoptotic signaling pathway in response to oxidative stress (GO:0008631)	1/12	0.0651855047955324	0.2209445530964362	0	0	16.27927927927928	44.45086760371517	DIABLO	2.0
GO_Biological_Process_2021	synaptic vesicle fusion to presynaptic active zone membrane (GO:0031629)	1/12	0.0651855047955324	0.2209445530964362	0	0	16.27927927927928	44.45086760371517	STX3	2.0
GO_Biological_Process_2021	positive regulation of pseudopodium assembly (GO:0031274)	1/12	0.0651855047955324	0.2209445530964362	0	0	16.27927927927928	44.45086760371517	APC	2.0
GO_Biological_Process_2021	microtubule anchoring (GO:0034453)	1/12	0.0651855047955324	0.2209445530964362	0	0	16.27927927927928	44.45086760371517	PCM1	2.0
GO_Biological_Process_2021	mitochondrial genome maintenance (GO:0000002)	1/12	0.0651855047955324	0.2209445530964362	0	0	16.27927927927928	44.45086760371517	SLC25A4	2.0
GO_Biological_Process_2021	posttranslational protein targeting to endoplasmic reticulum membrane (GO:0006620)	1/12	0.0651855047955324	0.2209445530964362	0	0	16.27927927927928	44.45086760371517	SGTA	2.0
GO_Biological_Process_2021	modulation by host of viral process (GO:0044788)	1/12	0.0651855047955324	0.2209445530964362	0	0	16.27927927927928	44.45086760371517	PPIB	2.0
GO_Biological_Process_2021	positive regulation of T cell activation (GO:0050870)	2/75	0.0662381287283455	0.2237273858446914	0	0	4.935242839352428	13.396711846828298	FLOT2;SLC7A1	2.0
GO_Biological_Process_2021	establishment of protein localization to organelle (GO:0072594)	2/76	0.0677868530570091	0.2273684029620513	0	0	4.868304668304669	13.102491947685085	PEX19;CSE1L	2.0
GO_Biological_Process_2021	positive regulation of growth (GO:0045927)	2/76	0.0677868530570091	0.2273684029620513	0	0	4.868304668304669	13.102491947685085	WFS1;CEP43	2.0
GO_Biological_Process_2021	regulation of organelle assembly (GO:1902115)	2/77	0.0693475626177446	0.2275223940171681	0	0	4.803151515151515	12.817806748770929	IFT20;PDCD6IP	2.0
GO_Biological_Process_2021	negative regulation of endoplasmic reticulum unfolded protein response (GO:1900102)	1/13	0.070423598148171	0.2275223940171681	0	0	14.92192192192192	39.591244210462285	WFS1	2.0
GO_Biological_Process_2021	regulation of autophagosome maturation (GO:1901096)	1/13	0.070423598148171	0.2275223940171681	0	0	14.92192192192192	39.591244210462285	UBQLN4	2.0
GO_Biological_Process_2021	regulation of cell aging (GO:0090342)	1/13	0.070423598148171	0.2275223940171681	0	0	14.92192192192192	39.591244210462285	RSL1D1	2.0
GO_Biological_Process_2021	regulation of nucleocytoplasmic transport (GO:0046822)	1/13	0.070423598148171	0.2275223940171681	0	0	14.92192192192192	39.591244210462285	RBM4	2.0
GO_Biological_Process_2021	regulation of platelet-derived growth factor receptor signaling pathway (GO:0010640)	1/13	0.070423598148171	0.2275223940171681	0	0	14.92192192192192	39.591244210462285	IFT20	2.0
GO_Biological_Process_2021	regulation of retrograde protein transport, ER to cytosol (GO:1904152)	1/13	0.070423598148171	0.2275223940171681	0	0	14.92192192192192	39.591244210462285	BCAP31	2.0
GO_Biological_Process_2021	positive regulation of mRNA metabolic process (GO:1903313)	1/13	0.070423598148171	0.2275223940171681	0	0	14.92192192192192	39.591244210462285	ZC3HAV1	2.0
GO_Biological_Process_2021	positive regulation of protein exit from endoplasmic reticulum (GO:0070863)	1/13	0.070423598148171	0.2275223940171681	0	0	14.92192192192192	39.591244210462285	BCAP31	2.0
GO_Biological_Process_2021	positive regulation of protein localization to cell surface (GO:2000010)	1/13	0.070423598148171	0.2275223940171681	0	0	14.92192192192192	39.591244210462285	STX3	2.0
GO_Biological_Process_2021	negative regulation of adenylate cyclase activity (GO:0007194)	1/13	0.070423598148171	0.2275223940171681	0	0	14.92192192192192	39.591244210462285	GNAI2	2.0
GO_Biological_Process_2021	positive regulation of proteasomal ubiquitin-dependent protein catabolic process (GO:0032436)	2/79	0.0725042190859863	0.2334635854568761	0	0	4.677922077922078	12.275384557584411	BCAP31;SGTA	2.0
GO_Biological_Process_2021	pyrimidine nucleoside biosynthetic process (GO:0046134)	1/14	0.0756326016545757	0.2344295627009559	0	0	13.773388773388774	35.561069658685284	CAD	2.0
GO_Biological_Process_2021	negative regulation of cyclase activity (GO:0031280)	1/14	0.0756326016545757	0.2344295627009559	0	0	13.773388773388774	35.561069658685284	GNAI2	2.0
GO_Biological_Process_2021	negative regulation of secretion (GO:0051048)	1/14	0.0756326016545757	0.2344295627009559	0	0	13.773388773388774	35.561069658685284	VAMP3	2.0
GO_Biological_Process_2021	negative regulation of translational initiation (GO:0045947)	1/14	0.0756326016545757	0.2344295627009559	0	0	13.773388773388774	35.561069658685284	RBM4	2.0
GO_Biological_Process_2021	nuclear migration (GO:0007097)	1/14	0.0756326016545757	0.2344295627009559	0	0	13.773388773388774	35.561069658685284	PCM1	2.0
GO_Biological_Process_2021	regulation of response to endoplasmic reticulum stress (GO:1905897)	1/14	0.0756326016545757	0.2344295627009559	0	0	13.773388773388774	35.561069658685284	WFS1	2.0
GO_Biological_Process_2021	regulation of trophoblast cell migration (GO:1901163)	1/14	0.0756326016545757	0.2344295627009559	0	0	13.773388773388774	35.561069658685284	SYDE1	2.0
GO_Biological_Process_2021	heterochromatin organization (GO:0070828)	1/14	0.0756326016545757	0.2344295627009559	0	0	13.773388773388774	35.561069658685284	HP1BP3	2.0
GO_Biological_Process_2021	striated muscle cell development (GO:0055002)	1/14	0.0756326016545757	0.2344295627009559	0	0	13.773388773388774	35.561069658685284	TMOD3	2.0
GO_Biological_Process_2021	activation of cysteine-type endopeptidase activity involved in apoptotic process (GO:0006919)	2/81	0.0757066774720109	0.2344295627009559	0	0	4.5590333716916	11.766358681897517	DIABLO;ATP2A3	2.0
GO_Biological_Process_2021	positive regulation of cellular amide metabolic process (GO:0034250)	2/81	0.0757066774720109	0.2344295627009559	0	0	4.5590333716916	11.766358681897517	YTHDF1;NAT10	2.0
GO_Biological_Process_2021	transmembrane receptor protein tyrosine kinase signaling pathway (GO:0007169)	5/404	0.0768404974989314	0.2344295627009559	0	0	2.2824584826552363	5.85684202808879	APC;BRK1;ATP6V0D1;ATP6V0C;ATP6V0A1	2.0
GO_Biological_Process_2021	positive regulation of developmental process (GO:0051094)	3/177	0.0773493808986752	0.2344295627009559	0	0	3.1183169882948434	7.981091304006507	SYDE1;RALBP1;VPS35	2.0
GO_Biological_Process_2021	regulation of mitotic cell cycle (GO:0007346)	3/178	0.0783682936374698	0.2344295627009559	0	0	3.100340760157274	7.894508828879061	CCDC57;NEK7;OBSL1	2.0
GO_Biological_Process_2021	positive regulation of plasma membrane bounded cell projection assembly (GO:0120034)	2/83	0.0789535424424195	0.2344295627009559	0	0	4.446015712682379	11.287970040994008	APC;BRK1	2.0
GO_Biological_Process_2021	RNA processing (GO:0006396)	3/179	0.0793931183370984	0.2344295627009559	0	0	3.0825688073394497	7.809205914327215	RBM4;DDX54;LSM4	2.0
GO_Biological_Process_2021	positive regulation of cellular biosynthetic process (GO:0031328)	3/180	0.0804238235828442	0.2344295627009559	0	0	3.064997667547815	7.72515753576804	YTHDF1;PRMT1;NAT10	2.0
GO_Biological_Process_2021	spindle assembly (GO:0051225)	2/84	0.0805931981810202	0.2344295627009559	0	0	4.3915742793791575	11.059481662628077	NEK7;CEP63	2.0
GO_Biological_Process_2021	vascular transport (GO:0010232)	2/84	0.0805931981810202	0.2344295627009559	0	0	4.3915742793791575	11.059481662628077	ATP2A3;SLC7A1	2.0
GO_Biological_Process_2021	pyrimidine nucleoside metabolic process (GO:0006213)	1/15	0.0808126753410127	0.2344295627009559	0	0	12.788931788931787	32.17211116568681	CAD	2.0
GO_Biological_Process_2021	negative regulation of endoplasmic reticulum stress-induced intrinsic apoptotic signaling pathway (GO:1902236)	1/15	0.0808126753410127	0.2344295627009559	0	0	12.788931788931787	32.17211116568681	SYVN1	2.0
GO_Biological_Process_2021	cardiac myofibril assembly (GO:0055003)	1/15	0.0808126753410127	0.2344295627009559	0	0	12.788931788931787	32.17211116568681	OBSL1	2.0
GO_Biological_Process_2021	regulation of establishment of protein localization (GO:0070201)	1/15	0.0808126753410127	0.2344295627009559	0	0	12.788931788931787	32.17211116568681	CEP135	2.0
GO_Biological_Process_2021	cellular response to exogenous dsRNA (GO:0071360)	1/15	0.0808126753410127	0.2344295627009559	0	0	12.788931788931787	32.17211116568681	FLOT1	2.0
GO_Biological_Process_2021	peptidyl-arginine modification (GO:0018195)	1/15	0.0808126753410127	0.2344295627009559	0	0	12.788931788931787	32.17211116568681	PRMT1	2.0
GO_Biological_Process_2021	endoplasmic reticulum to cytosol transport (GO:1903513)	1/15	0.0808126753410127	0.2344295627009559	0	0	12.788931788931787	32.17211116568681	SYVN1	2.0
GO_Biological_Process_2021	positive regulation of exosomal secretion (GO:1903543)	1/15	0.0808126753410127	0.2344295627009559	0	0	12.788931788931787	32.17211116568681	PDCD6IP	2.0
GO_Biological_Process_2021	positive regulation of heterotypic cell-cell adhesion (GO:0034116)	1/15	0.0808126753410127	0.2344295627009559	0	0	12.788931788931787	32.17211116568681	FLOT1	2.0
GO_Biological_Process_2021	integrated stress response signaling (GO:0140467)	1/15	0.0808126753410127	0.2344295627009559	0	0	12.788931788931787	32.17211116568681	EIF2S1	2.0
GO_Biological_Process_2021	positive regulation of pattern recognition receptor signaling pathway (GO:0062208)	1/15	0.0808126753410127	0.2344295627009559	0	0	12.788931788931787	32.17211116568681	ZDHHC5	2.0
GO_Biological_Process_2021	mitochondrial RNA metabolic process (GO:0000959)	1/15	0.0808126753410127	0.2344295627009559	0	0	12.788931788931787	32.17211116568681	MRPL12	2.0
GO_Biological_Process_2021	modulation by host of viral genome replication (GO:0044827)	1/15	0.0808126753410127	0.2344295627009559	0	0	12.788931788931787	32.17211116568681	PPIB	2.0
GO_Biological_Process_2021	protein localization to cell-cell junction (GO:0150105)	1/15	0.0808126753410127	0.2344295627009559	0	0	12.788931788931787	32.17211116568681	DSP	2.0
GO_Biological_Process_2021	negative regulation of defense response (GO:0031348)	2/85	0.0822434436092546	0.236449900376607	0	0	4.338444687842278	10.837745486606565	VPS35;LYAR	2.0
GO_Biological_Process_2021	retrograde vesicle-mediated transport, Golgi to endoplasmic reticulum (GO:0006890)	2/85	0.0822434436092546	0.236449900376607	0	0	4.338444687842278	10.837745486606565	COPB1;USE1	2.0
GO_Biological_Process_2021	positive regulation of protein catabolic process (GO:0045732)	2/85	0.0822434436092546	0.236449900376607	0	0	4.338444687842278	10.837745486606565	APC;VPS35	2.0
GO_Biological_Process_2021	regulation of neuron death (GO:1901214)	2/86	0.0839041112548834	0.2372605804127653	0	0	4.286580086580087	10.622491230942934	VPS35;EIF2S1	2.0
GO_Biological_Process_2021	transport across blood-brain barrier (GO:0150104)	2/86	0.0839041112548834	0.2372605804127653	0	0	4.286580086580087	10.622491230942934	ATP2A3;SLC7A1	2.0
GO_Biological_Process_2021	protein targeting to membrane (GO:0006612)	2/87	0.085575035186875	0.2372605804127653	0	0	4.235935828877006	10.413462334985772	PEX19;SGTA	2.0
GO_Biological_Process_2021	calcium ion transmembrane transport (GO:0070588)	2/87	0.085575035186875	0.2372605804127653	0	0	4.235935828877006	10.413462334985772	ATP2A3;PMPCB	2.0
GO_Biological_Process_2021	negative regulation of anoikis (GO:2000811)	1/16	0.0859639784104222	0.2372605804127653	0	0	11.935735735735737	29.28822973194941	TLE1	2.0
GO_Biological_Process_2021	negative regulation of DNA replication (GO:0008156)	1/16	0.0859639784104222	0.2372605804127653	0	0	11.935735735735737	29.28822973194941	PDS5A	2.0
GO_Biological_Process_2021	negative regulation of lyase activity (GO:0051350)	1/16	0.0859639784104222	0.2372605804127653	0	0	11.935735735735737	29.28822973194941	GNAI2	2.0
GO_Biological_Process_2021	regulation of hormone secretion (GO:0046883)	1/16	0.0859639784104222	0.2372605804127653	0	0	11.935735735735737	29.28822973194941	VAMP3	2.0
GO_Biological_Process_2021	regulation of neurotransmitter transport (GO:0051588)	1/16	0.0859639784104222	0.2372605804127653	0	0	11.935735735735737	29.28822973194941	FLOT1	2.0
GO_Biological_Process_2021	Golgi to endosome transport (GO:0006895)	1/16	0.0859639784104222	0.2372605804127653	0	0	11.935735735735737	29.28822973194941	KLHL20	2.0
GO_Biological_Process_2021	positive regulation of syncytium formation by plasma membrane fusion (GO:0060143)	1/16	0.0859639784104222	0.2372605804127653	0	0	11.935735735735737	29.28822973194941	FLOT1	2.0
GO_Biological_Process_2021	mitotic sister chromatid cohesion (GO:0007064)	1/16	0.0859639784104222	0.2372605804127653	0	0	11.935735735735737	29.28822973194941	PDS5A	2.0
GO_Biological_Process_2021	protein localization to endoplasmic reticulum (GO:0070972)	1/16	0.0859639784104222	0.2372605804127653	0	0	11.935735735735737	29.28822973194941	BCAP31	2.0
GO_Biological_Process_2021	protein localization to microtubule organizing center (GO:1905508)	1/16	0.0859639784104222	0.2372605804127653	0	0	11.935735735735737	29.28822973194941	PCM1	2.0
GO_Biological_Process_2021	negative regulation of binding (GO:0051100)	2/88	0.0872560509312522	0.2397540120448829	0	0	4.18646934460888	10.21041511969143	PEX19;TLE5	2.0
GO_Biological_Process_2021	mitochondrial translational elongation (GO:0070125)	2/89	0.0889469955693568	0.2397540120448829	0	0	4.138140020898642	10.013117999479649	MRPL4;MRPL12	2.0
GO_Biological_Process_2021	mitochondrial translational termination (GO:0070126)	2/89	0.0889469955693568	0.2397540120448829	0	0	4.138140020898642	10.013117999479649	MRPL4;MRPL12	2.0
GO_Biological_Process_2021	negative regulation of translation (GO:0017148)	2/90	0.0906477075873718	0.2397540120448829	0	0	4.090909090909091	9.821350762005649	RBM4;YTHDF1	2.0
GO_Biological_Process_2021	regulation of mRNA splicing, via spliceosome (GO:0048024)	2/90	0.0906477075873718	0.2397540120448829	0	0	4.090909090909091	9.821350762005649	RBM4;DAZAP1	2.0
GO_Biological_Process_2021	positive regulation of binding (GO:0051099)	2/90	0.0906477075873718	0.2397540120448829	0	0	4.090909090909091	9.821350762005649	FLOT1;STK3	2.0
GO_Biological_Process_2021	protein complex oligomerization (GO:0051259)	2/90	0.0906477075873718	0.2397540120448829	0	0	4.090909090909091	9.821350762005649	PDCD6IP;PRMT1	2.0
GO_Biological_Process_2021	purine ribonucleotide transport (GO:0015868)	1/17	0.0910866691723313	0.2397540120448829	0	0	11.18918918918919	26.80866865766945	SLC25A4	2.0
GO_Biological_Process_2021	regulation of Arp2/3 complex-mediated actin nucleation (GO:0034315)	1/17	0.0910866691723313	0.2397540120448829	0	0	11.18918918918919	26.80866865766945	BRK1	2.0
GO_Biological_Process_2021	negative regulation of phagocytosis (GO:0050765)	1/17	0.0910866691723313	0.2397540120448829	0	0	11.18918918918919	26.80866865766945	SNX3	2.0
GO_Biological_Process_2021	negative regulation of viral entry into host cell (GO:0046597)	1/17	0.0910866691723313	0.2397540120448829	0	0	11.18918918918919	26.80866865766945	SNX3	2.0
GO_Biological_Process_2021	regulation of receptor recycling (GO:0001919)	1/17	0.0910866691723313	0.2397540120448829	0	0	11.18918918918919	26.80866865766945	VAMP3	2.0
GO_Biological_Process_2021	gliogenesis (GO:0042063)	1/17	0.0910866691723313	0.2397540120448829	0	0	11.18918918918919	26.80866865766945	NDUFS2	2.0
GO_Biological_Process_2021	retrograde protein transport, ER to cytosol (GO:0030970)	1/17	0.0910866691723313	0.2397540120448829	0	0	11.18918918918919	26.80866865766945	SYVN1	2.0
GO_Biological_Process_2021	synaptic vesicle membrane organization (GO:0048499)	1/17	0.0910866691723313	0.2397540120448829	0	0	11.18918918918919	26.80866865766945	STX3	2.0
GO_Biological_Process_2021	positive regulation of telomere capping (GO:1904355)	1/17	0.0910866691723313	0.2397540120448829	0	0	11.18918918918919	26.80866865766945	NEK7	2.0
GO_Biological_Process_2021	midbody abscission (GO:0061952)	1/17	0.0910866691723313	0.2397540120448829	0	0	11.18918918918919	26.80866865766945	PDCD6IP	2.0
GO_Biological_Process_2021	positive regulation of transport (GO:0051050)	2/91	0.0923580270110119	0.2424398209039063	0	0	4.044739530132788	9.63490388546184	FLOT1;LYAR	2.0
GO_Biological_Process_2021	regulation of programmed cell death (GO:0043067)	3/194	0.0954531214789617	0.2425868259120763	0	0	2.838320764686104	6.667556150181018	RSL1D1;HAX1;WFS1	2.0
GO_Biological_Process_2021	adenine nucleotide transport (GO:0051503)	1/18	0.0961809050976451	0.2425868259120763	0	0	10.530471648118708	24.657356652146078	SLC25A4	2.0
GO_Biological_Process_2021	negative regulation of double-strand break repair via homologous recombination (GO:2000042)	1/18	0.0961809050976451	0.2425868259120763	0	0	10.530471648118708	24.657356652146078	UBQLN4	2.0
GO_Biological_Process_2021	regulation of cellular protein catabolic process (GO:1903362)	1/18	0.0961809050976451	0.2425868259120763	0	0	10.530471648118708	24.657356652146078	VPS35	2.0
GO_Biological_Process_2021	regulation of early endosome to late endosome transport (GO:2000641)	1/18	0.0961809050976451	0.2425868259120763	0	0	10.530471648118708	24.657356652146078	SNX3	2.0
GO_Biological_Process_2021	cellular response to dsRNA (GO:0071359)	1/18	0.0961809050976451	0.2425868259120763	0	0	10.530471648118708	24.657356652146078	FLOT1	2.0
GO_Biological_Process_2021	regulation of multicellular organism growth (GO:0040014)	1/18	0.0961809050976451	0.2425868259120763	0	0	10.530471648118708	24.657356652146078	PPIB	2.0
GO_Biological_Process_2021	regulation of presynapse assembly (GO:1905606)	1/18	0.0961809050976451	0.2425868259120763	0	0	10.530471648118708	24.657356652146078	VPS35	2.0
GO_Biological_Process_2021	regulation of presynapse organization (GO:0099174)	1/18	0.0961809050976451	0.2425868259120763	0	0	10.530471648118708	24.657356652146078	VPS35	2.0
GO_Biological_Process_2021	response to interferon-alpha (GO:0035455)	1/18	0.0961809050976451	0.2425868259120763	0	0	10.530471648118708	24.657356652146078	KLHL20	2.0
GO_Biological_Process_2021	RNA destabilization (GO:0050779)	1/18	0.0961809050976451	0.2425868259120763	0	0	10.530471648118708	24.657356652146078	YTHDF1	2.0
GO_Biological_Process_2021	intermediate filament organization (GO:0045109)	1/18	0.0961809050976451	0.2425868259120763	0	0	10.530471648118708	24.657356652146078	DSP	2.0
GO_Biological_Process_2021	intracellular estrogen receptor signaling pathway (GO:0030520)	1/18	0.0961809050976451	0.2425868259120763	0	0	10.530471648118708	24.657356652146078	DDX54	2.0
GO_Biological_Process_2021	positive regulation of mRNA splicing, via spliceosome (GO:0048026)	1/18	0.0961809050976451	0.2425868259120763	0	0	10.530471648118708	24.657356652146078	DAZAP1	2.0
GO_Biological_Process_2021	protein localization to centrosome (GO:0071539)	1/18	0.0961809050976451	0.2425868259120763	0	0	10.530471648118708	24.657356652146078	PCM1	2.0
GO_Biological_Process_2021	positive regulation of apoptotic process (GO:0043065)	4/310	0.0965732916708048	0.2429421868593685	0	0	2.3701282982328733	5.540063642660454	APC;DIABLO;TLE5;STK3	2.0
GO_Biological_Process_2021	negative regulation of cell death (GO:0060548)	2/94	0.0975450513043502	0.2439013719262281	0	0	3.9122529644268775	9.1055377289263	WFS1;VPS35	2.0
GO_Biological_Process_2021	translational termination (GO:0006415)	2/96	0.1010482359982787	0.2439013719262281	0	0	3.82862669245648	8.775814591484897	MRPL4;MRPL12	2.0
GO_Biological_Process_2021	endomembrane system organization (GO:0010256)	3/199	0.1010814275470483	0.2439013719262281	0	0	2.765212507021157	6.3373938652839374	REEP5;HOOK2;OBSL1	2.0
GO_Biological_Process_2021	Rac protein signal transduction (GO:0016601)	1/19	0.1012468427975336	0.2439013719262281	0	0	9.944944944944943	22.7758508139741	BRK1	2.0
GO_Biological_Process_2021	regulation of autophagy of mitochondrion (GO:1903146)	1/19	0.1012468427975336	0.2439013719262281	0	0	9.944944944944943	22.7758508139741	HAX1	2.0
GO_Biological_Process_2021	regulation of cell-cell adhesion mediated by cadherin (GO:2000047)	1/19	0.1012468427975336	0.2439013719262281	0	0	9.944944944944943	22.7758508139741	FLOT1	2.0
GO_Biological_Process_2021	negative regulation of nervous system development (GO:0051961)	1/19	0.1012468427975336	0.2439013719262281	0	0	9.944944944944943	22.7758508139741	PCM1	2.0
GO_Biological_Process_2021	regulation of exosomal secretion (GO:1903541)	1/19	0.1012468427975336	0.2439013719262281	0	0	9.944944944944943	22.7758508139741	PDCD6IP	2.0
GO_Biological_Process_2021	regulation of mitochondrial membrane permeability (GO:0046902)	1/19	0.1012468427975336	0.2439013719262281	0	0	9.944944944944943	22.7758508139741	SLC25A4	2.0
GO_Biological_Process_2021	regulation of mitotic spindle assembly (GO:1901673)	1/19	0.1012468427975336	0.2439013719262281	0	0	9.944944944944943	22.7758508139741	PDCD6IP	2.0
GO_Biological_Process_2021	endoplasmic reticulum mannose trimming (GO:1904380)	1/19	0.1012468427975336	0.2439013719262281	0	0	9.944944944944943	22.7758508139741	SYVN1	2.0
GO_Biological_Process_2021	positive regulation of actin cytoskeleton reorganization (GO:2000251)	1/19	0.1012468427975336	0.2439013719262281	0	0	9.944944944944943	22.7758508139741	HAX1	2.0
GO_Biological_Process_2021	regulation of stem cell population maintenance (GO:2000036)	1/19	0.1012468427975336	0.2439013719262281	0	0	9.944944944944943	22.7758508139741	WDR43	2.0
GO_Biological_Process_2021	positive regulation of cellular protein catabolic process (GO:1903364)	1/19	0.1012468427975336	0.2439013719262281	0	0	9.944944944944943	22.7758508139741	VPS35	2.0
GO_Biological_Process_2021	positive regulation of cilium assembly (GO:0045724)	1/19	0.1012468427975336	0.2439013719262281	0	0	9.944944944944943	22.7758508139741	CEP135	2.0
GO_Biological_Process_2021	positive regulation of establishment of protein localization (GO:1904951)	1/19	0.1012468427975336	0.2439013719262281	0	0	9.944944944944943	22.7758508139741	CEP135	2.0
GO_Biological_Process_2021	negative regulation of amyloid precursor protein catabolic process (GO:1902992)	1/19	0.1012468427975336	0.2439013719262281	0	0	9.944944944944943	22.7758508139741	FLOT2	2.0
GO_Biological_Process_2021	calcium ion homeostasis (GO:0055074)	2/97	0.1028129203844349	0.2453125286836617	0	0	3.788133971291866	8.61741477973654	WFS1;ATP2A3	2.0
GO_Biological_Process_2021	modification-dependent protein catabolic process (GO:0019941)	3/201	0.1033695106690456	0.2453125286836617	0	0	2.7370030581039755	6.211478529766636	TOLLIP;SYVN1;UBQLN4	2.0
GO_Biological_Process_2021	negative regulation of neuron death (GO:1901215)	2/98	0.1045861322849291	0.2453125286836617	0	0	3.748484848484849	8.463120355325495	WFS1;VPS35	2.0
GO_Biological_Process_2021	proteasome-mediated ubiquitin-dependent protein catabolic process (GO:0043161)	4/321	0.1062060920390822	0.2453125286836617	0	0	2.2865989017408577	5.127409486634107	WFS1;SGTA;SYVN1;KLHL20	2.0
GO_Biological_Process_2021	negative regulation of cyclin-dependent protein serine/threonine kinase activity (GO:0045736)	1/20	0.1062846380154363	0.2453125286836617	0	0	9.421052631578949	21.11855678854484	APC	2.0
GO_Biological_Process_2021	negative regulation of telomere maintenance via telomerase (GO:0032211)	1/20	0.1062846380154363	0.2453125286836617	0	0	9.421052631578949	21.11855678854484	NAT10	2.0
GO_Biological_Process_2021	negative regulation of viral life cycle (GO:1903901)	1/20	0.1062846380154363	0.2453125286836617	0	0	9.421052631578949	21.11855678854484	SNX3	2.0
GO_Biological_Process_2021	organic cation transport (GO:0015695)	1/20	0.1062846380154363	0.2453125286836617	0	0	9.421052631578949	21.11855678854484	RALBP1	2.0
GO_Biological_Process_2021	regulation of nuclear division (GO:0051783)	1/20	0.1062846380154363	0.2453125286836617	0	0	9.421052631578949	21.11855678854484	OBSL1	2.0
GO_Biological_Process_2021	early endosome to late endosome transport (GO:0045022)	1/20	0.1062846380154363	0.2453125286836617	0	0	9.421052631578949	21.11855678854484	HOOK2	2.0
GO_Biological_Process_2021	regulation of protein localization to cell periphery (GO:1904375)	1/20	0.1062846380154363	0.2453125286836617	0	0	9.421052631578949	21.11855678854484	VTI1B	2.0
GO_Biological_Process_2021	folic acid-containing compound metabolic process (GO:0006760)	1/20	0.1062846380154363	0.2453125286836617	0	0	9.421052631578949	21.11855678854484	GGH	2.0
GO_Biological_Process_2021	positive regulation of dendrite morphogenesis (GO:0050775)	1/20	0.1062846380154363	0.2453125286836617	0	0	9.421052631578949	21.11855678854484	OBSL1	2.0
GO_Biological_Process_2021	positive regulation of nitrogen compound metabolic process (GO:0051173)	1/20	0.1062846380154363	0.2453125286836617	0	0	9.421052631578949	21.11855678854484	WFS1	2.0
GO_Biological_Process_2021	microtubule nucleation (GO:0007020)	1/20	0.1062846380154363	0.2453125286836617	0	0	9.421052631578949	21.11855678854484	CCDC57	2.0
GO_Biological_Process_2021	mitotic cytokinetic process (GO:1902410)	1/20	0.1062846380154363	0.2453125286836617	0	0	9.421052631578949	21.11855678854484	PDCD6IP	2.0
GO_Biological_Process_2021	myeloid cell development (GO:0061515)	1/20	0.1062846380154363	0.2453125286836617	0	0	9.421052631578949	21.11855678854484	LYAR	2.0
GO_Biological_Process_2021	nervous system development (GO:0007399)	5/447	0.1064036744497456	0.2453125286836617	0	0	2.0558633230430923	4.606192959371069	APC;NDUFS2;SDHA;NDUFV2;OBSL1	2.0
GO_Biological_Process_2021	positive regulation of protein localization to membrane (GO:1905477)	2/101	0.109955453214342	0.2487590274198997	0	0	3.6343434343434335	8.023467189531802	ZDHHC5;STX3	2.0
GO_Biological_Process_2021	aerobic respiration (GO:0009060)	1/21	0.1112944457116924	0.2487590274198997	0	0	8.94954954954955	19.64941553688831	SDHB	2.0
GO_Biological_Process_2021	beta-catenin destruction complex disassembly (GO:1904886)	1/21	0.1112944457116924	0.2487590274198997	0	0	8.94954954954955	19.64941553688831	APC	2.0
GO_Biological_Process_2021	calcium-mediated signaling using intracellular calcium source (GO:0035584)	1/21	0.1112944457116924	0.2487590274198997	0	0	8.94954954954955	19.64941553688831	BCAP31	2.0
GO_Biological_Process_2021	negative regulation of microtubule depolymerization (GO:0007026)	1/21	0.1112944457116924	0.2487590274198997	0	0	8.94954954954955	19.64941553688831	APC	2.0
GO_Biological_Process_2021	neuron apoptotic process (GO:0051402)	1/21	0.1112944457116924	0.2487590274198997	0	0	8.94954954954955	19.64941553688831	DIABLO	2.0
GO_Biological_Process_2021	rRNA modification (GO:0000154)	1/21	0.1112944457116924	0.2487590274198997	0	0	8.94954954954955	19.64941553688831	NAT10	2.0
GO_Biological_Process_2021	spindle assembly checkpoint signaling (GO:0071173)	1/21	0.1112944457116924	0.2487590274198997	0	0	8.94954954954955	19.64941553688831	APC	2.0
GO_Biological_Process_2021	mitochondrial calcium ion transmembrane transport (GO:0006851)	1/21	0.1112944457116924	0.2487590274198997	0	0	8.94954954954955	19.64941553688831	PMPCB	2.0
GO_Biological_Process_2021	mitotic spindle assembly checkpoint signaling (GO:0007094)	1/21	0.1112944457116924	0.2487590274198997	0	0	8.94954954954955	19.64941553688831	APC	2.0
GO_Biological_Process_2021	mitotic spindle checkpoint signaling (GO:0071174)	1/21	0.1112944457116924	0.2487590274198997	0	0	8.94954954954955	19.64941553688831	APC	2.0
GO_Biological_Process_2021	regulation of cell death (GO:0010941)	2/102	0.1117613021741578	0.2487590274198997	0	0	3.597818181818182	7.884222470928892	APC;VPS35	2.0
GO_Biological_Process_2021	regulation of protein catabolic process (GO:0042176)	2/102	0.1117613021741578	0.2487590274198997	0	0	3.597818181818182	7.884222470928892	SNX3;APC	2.0
GO_Biological_Process_2021	intrinsic apoptotic signaling pathway (GO:0097193)	2/102	0.1117613021741578	0.2487590274198997	0	0	3.597818181818182	7.884222470928892	DIABLO;ATP2A3	2.0
GO_Biological_Process_2021	mitotic sister chromatid segregation (GO:0000070)	2/102	0.1117613021741578	0.2487590274198997	0	0	3.597818181818182	7.884222470928892	PDCD6IP;PDS5A	2.0
GO_Biological_Process_2021	protein targeting to ER (GO:0045047)	2/103	0.1135749489169549	0.2501626317173043	0	0	3.562016201620162	7.748426476807269	SGTA;SRP68	2.0
GO_Biological_Process_2021	translational elongation (GO:0006414)	2/104	0.1153962515516879	0.2501626317173043	0	0	3.526916221033868	7.615964367896057	MRPL4;MRPL12	2.0
GO_Biological_Process_2021	amino acid import (GO:0043090)	1/22	0.1162764199182915	0.2501626317173043	0	0	8.522951522951523	18.3395591765212	SLC7A1	2.0
GO_Biological_Process_2021	negative regulation of cyclin-dependent protein kinase activity (GO:1904030)	1/22	0.1162764199182915	0.2501626317173043	0	0	8.522951522951523	18.3395591765212	APC	2.0
GO_Biological_Process_2021	regulation of adenylate cyclase activity (GO:0045761)	1/22	0.1162764199182915	0.2501626317173043	0	0	8.522951522951523	18.3395591765212	GNAI2	2.0
GO_Biological_Process_2021	negative regulation of mitotic metaphase/anaphase transition (GO:0045841)	1/22	0.1162764199182915	0.2501626317173043	0	0	8.522951522951523	18.3395591765212	APC	2.0
GO_Biological_Process_2021	negative regulation of myeloid cell differentiation (GO:0045638)	1/22	0.1162764199182915	0.2501626317173043	0	0	8.522951522951523	18.3395591765212	PRMT1	2.0
GO_Biological_Process_2021	regulation of endoplasmic reticulum stress-induced intrinsic apoptotic signaling pathway (GO:1902235)	1/22	0.1162764199182915	0.2501626317173043	0	0	8.522951522951523	18.3395591765212	SYVN1	2.0
GO_Biological_Process_2021	regulation of response to cytokine stimulus (GO:0060759)	1/22	0.1162764199182915	0.2501626317173043	0	0	8.522951522951523	18.3395591765212	TLE5	2.0
GO_Biological_Process_2021	positive regulation of DNA-templated transcription, initiation (GO:2000144)	1/22	0.1162764199182915	0.2501626317173043	0	0	8.522951522951523	18.3395591765212	MED12	2.0
GO_Biological_Process_2021	regulation of vacuole organization (GO:0044088)	1/22	0.1162764199182915	0.2501626317173043	0	0	8.522951522951523	18.3395591765212	IFT20	2.0
GO_Biological_Process_2021	mitochondrial calcium ion homeostasis (GO:0051560)	1/22	0.1162764199182915	0.2501626317173043	0	0	8.522951522951523	18.3395591765212	BCAP31	2.0
GO_Biological_Process_2021	positive regulation of translational initiation (GO:0045948)	1/22	0.1162764199182915	0.2501626317173043	0	0	8.522951522951523	18.3395591765212	YTHDF1	2.0
GO_Biological_Process_2021	protein import into peroxisome membrane (GO:0045046)	1/22	0.1162764199182915	0.2501626317173043	0	0	8.522951522951523	18.3395591765212	PEX19	2.0
GO_Biological_Process_2021	protein localization to cell junction (GO:1902414)	1/22	0.1162764199182915	0.2501626317173043	0	0	8.522951522951523	18.3395591765212	DSP	2.0
GO_Biological_Process_2021	mitochondrial translation (GO:0032543)	2/105	0.1172250694957149	0.2516431491841347	0	0	3.4924977934686674	7.486726147621302	MRPL4;MRPL12	2.0
GO_Biological_Process_2021	regulation of cell cycle process (GO:0010564)	2/106	0.1190612634256587	0.2550181385126083	0	0	3.458741258741259	7.360606415962068	APC;OBSL1	2.0
GO_Biological_Process_2021	cellular protein modification process (GO:0006464)	9/1025	0.1208724829563225	0.2562557321820702	0	0	1.6230410519073466	3.429516822214221	DSP;RPN2;WFS1;NEK7;CALU;ZC3HAV1;OBSL1;KLHL20;STK3	2.0
GO_Biological_Process_2021	cytoskeleton-dependent intracellular transport (GO:0030705)	1/23	0.1212307138790953	0.2562557321820702	0	0	8.135135135135135	17.16562180012738	HOOK2	2.0
GO_Biological_Process_2021	regulation of telomere capping (GO:1904353)	1/23	0.1212307138790953	0.2562557321820702	0	0	8.135135135135135	17.16562180012738	NEK7	2.0
GO_Biological_Process_2021	regulation of toll-like receptor 4 signaling pathway (GO:0034143)	1/23	0.1212307138790953	0.2562557321820702	0	0	8.135135135135135	17.16562180012738	FLOT1	2.0
GO_Biological_Process_2021	positive regulation of mRNA processing (GO:0050685)	1/23	0.1212307138790953	0.2562557321820702	0	0	8.135135135135135	17.16562180012738	DAZAP1	2.0
GO_Biological_Process_2021	positive regulation of transcription initiation from RNA polymerase II promoter (GO:0060261)	1/23	0.1212307138790953	0.2562557321820702	0	0	8.135135135135135	17.16562180012738	MED12	2.0
GO_Biological_Process_2021	regulation of apoptotic process (GO:0042981)	7/742	0.1229330625852217	0.2592867651906643	0	0	1.737233560090703	3.641441807399936	RSL1D1;HAX1;APC;WFS1;DIABLO;KLHL20;STK3	2.0
GO_Biological_Process_2021	amino acid import across plasma membrane (GO:0089718)	1/24	0.1261574800052537	0.2615195830151826	0	0	7.781041911476694	16.108502130987272	SLC7A1	2.0
GO_Biological_Process_2021	cardiac muscle cell development (GO:0055013)	1/24	0.1261574800052537	0.2615195830151826	0	0	7.781041911476694	16.108502130987272	OBSL1	2.0
GO_Biological_Process_2021	negative regulation of protein depolymerization (GO:1901880)	1/24	0.1261574800052537	0.2615195830151826	0	0	7.781041911476694	16.108502130987272	APC	2.0
GO_Biological_Process_2021	positive regulation of lamellipodium assembly (GO:0010592)	1/24	0.1261574800052537	0.2615195830151826	0	0	7.781041911476694	16.108502130987272	BRK1	2.0
GO_Biological_Process_2021	positive regulation of p38MAPK cascade (GO:1900745)	1/24	0.1261574800052537	0.2615195830151826	0	0	7.781041911476694	16.108502130987272	PRMT1	2.0
GO_Biological_Process_2021	protein alpha-1,2-demannosylation (GO:0036508)	1/24	0.1261574800052537	0.2615195830151826	0	0	7.781041911476694	16.108502130987272	SYVN1	2.0
GO_Biological_Process_2021	protein exit from endoplasmic reticulum (GO:0032527)	1/24	0.1261574800052537	0.2615195830151826	0	0	7.781041911476694	16.108502130987272	SYVN1	2.0
GO_Biological_Process_2021	protein insertion into mitochondrial membrane (GO:0051204)	1/24	0.1261574800052537	0.2615195830151826	0	0	7.781041911476694	16.108502130987272	TOMM22	2.0
GO_Biological_Process_2021	positive regulation of multicellular organismal process (GO:0051240)	4/345	0.1286591739814236	0.2655657309103744	0	0	2.123058542413381	4.3535192900496895	SYDE1;APC;FLOT1;PPIB	2.0
GO_Biological_Process_2021	post-translational protein modification (GO:0043687)	4/345	0.1286591739814236	0.2655657309103744	0	0	2.123058542413381	4.3535192900496895	WFS1;CALU;OBSL1;KLHL20	2.0
GO_Biological_Process_2021	protein-containing complex subunit organization (GO:0043933)	2/112	0.1302256856072569	0.2659683535400488	0	0	3.269090909090909	6.663997000824856	APC;VAMP3	2.0
GO_Biological_Process_2021	regulation of cytoskeleton organization (GO:0051493)	2/112	0.1302256856072569	0.2659683535400488	0	0	3.269090909090909	6.663997000824856	SYDE1;CAPN2	2.0
GO_Biological_Process_2021	regulation of cardiac muscle cell action potential (GO:0098901)	1/25	0.1310568698603139	0.2659683535400488	0	0	7.456456456456457	15.152443590064316	DSP	2.0
GO_Biological_Process_2021	regulation of microtubule depolymerization (GO:0031114)	1/25	0.1310568698603139	0.2659683535400488	0	0	7.456456456456457	15.152443590064316	APC	2.0
GO_Biological_Process_2021	divalent inorganic cation homeostasis (GO:0072507)	1/25	0.1310568698603139	0.2659683535400488	0	0	7.456456456456457	15.152443590064316	WFS1	2.0
GO_Biological_Process_2021	peroxisome organization (GO:0007031)	1/25	0.1310568698603139	0.2659683535400488	0	0	7.456456456456457	15.152443590064316	PEX19	2.0
GO_Biological_Process_2021	energy derivation by oxidation of organic compounds (GO:0015980)	1/25	0.1310568698603139	0.2659683535400488	0	0	7.456456456456457	15.152443590064316	NDUFS1	2.0
GO_Biological_Process_2021	regulation of spindle assembly (GO:0090169)	1/25	0.1310568698603139	0.2659683535400488	0	0	7.456456456456457	15.152443590064316	PDCD6IP	2.0
GO_Biological_Process_2021	cellular response to DNA damage stimulus (GO:0006974)	4/350	0.1335713426470627	0.2685223865476375	0	0	2.09184328837508	4.211130602698431	APC;CEP63;PDS5A;UBQLN4	2.0
GO_Biological_Process_2021	positive regulation of cellular component organization (GO:0051130)	2/114	0.1340000609275768	0.2685223865476375	0	0	3.2103896103896106	6.452610311932544	FLOT1;BRK1	2.0
GO_Biological_Process_2021	positive regulation of gene expression (GO:0010628)	5/482	0.1340401585054952	0.2685223865476375	0	0	1.90158506240326	3.821455450323608	YTHDF1;TLE1;FLOT1;NAT10;VPS35	2.0
GO_Biological_Process_2021	negative regulation of cell development (GO:0010721)	1/26	0.1359290341840525	0.2685223865476375	0	0	7.157837837837838	14.284341073134293	PCM1	2.0
GO_Biological_Process_2021	negative regulation of macroautophagy (GO:0016242)	1/26	0.1359290341840525	0.2685223865476375	0	0	7.157837837837838	14.284341073134293	UBQLN4	2.0
GO_Biological_Process_2021	negative regulation of protein transport (GO:0051224)	1/26	0.1359290341840525	0.2685223865476375	0	0	7.157837837837838	14.284341073134293	SNX3	2.0
GO_Biological_Process_2021	negative regulation of proteolysis involved in cellular protein catabolic process (GO:1903051)	1/26	0.1359290341840525	0.2685223865476375	0	0	7.157837837837838	14.284341073134293	SGTA	2.0
GO_Biological_Process_2021	negative regulation of telomere maintenance via telomere lengthening (GO:1904357)	1/26	0.1359290341840525	0.2685223865476375	0	0	7.157837837837838	14.284341073134293	NAT10	2.0
GO_Biological_Process_2021	organelle fission (GO:0048285)	1/26	0.1359290341840525	0.2685223865476375	0	0	7.157837837837838	14.284341073134293	PEX19	2.0
GO_Biological_Process_2021	positive regulation of glucose import (GO:0046326)	1/26	0.1359290341840525	0.2685223865476375	0	0	7.157837837837838	14.284341073134293	CLTCL1	2.0
GO_Biological_Process_2021	hippo signaling (GO:0035329)	1/26	0.1359290341840525	0.2685223865476375	0	0	7.157837837837838	14.284341073134293	STK3	2.0
GO_Biological_Process_2021	histone methylation (GO:0016571)	1/26	0.1359290341840525	0.2685223865476375	0	0	7.157837837837838	14.284341073134293	PRMT1	2.0
GO_Biological_Process_2021	maturation of LSU-rRNA (GO:0000470)	1/26	0.1359290341840525	0.2685223865476375	0	0	7.157837837837838	14.284341073134293	RSL1D1	2.0
GO_Biological_Process_2021	ubiquitin-dependent protein catabolic process (GO:0006511)	4/354	0.1375563653952706	0.2698170689056046	0	0	2.0675132275132277	4.101370473467119	TOLLIP;SYVN1;UBQLN4;KLHL20	2.0
GO_Biological_Process_2021	positive regulation of cell projection organization (GO:0031346)	2/117	0.1397076577904531	0.2698170689056046	0	0	3.1261660079051383	6.152929935036647	SNX3;OBSL1	2.0
GO_Biological_Process_2021	apoptotic process (GO:0006915)	3/231	0.1400036218727457	0.2698170689056046	0	0	2.3732496378561083	4.666015227963938	DIABLO;NDUFS1;STK3	2.0
GO_Biological_Process_2021	protein peptidyl-prolyl isomerization (GO:0000413)	1/27	0.1407741229072719	0.2698170689056046	0	0	6.882189882189882	13.4932121116735	PPIB	2.0
GO_Biological_Process_2021	regulation of cardiac muscle cell contraction (GO:0086004)	1/27	0.1407741229072719	0.2698170689056046	0	0	6.882189882189882	13.4932121116735	DSP	2.0
GO_Biological_Process_2021	regulation of cell junction assembly (GO:1901888)	1/27	0.1407741229072719	0.2698170689056046	0	0	6.882189882189882	13.4932121116735	FLOT1	2.0
GO_Biological_Process_2021	peroxisomal membrane transport (GO:0015919)	1/27	0.1407741229072719	0.2698170689056046	0	0	6.882189882189882	13.4932121116735	PEX19	2.0
GO_Biological_Process_2021	entrainment of circadian clock by photoperiod (GO:0043153)	1/27	0.1407741229072719	0.2698170689056046	0	0	6.882189882189882	13.4932121116735	RBM4	2.0
GO_Biological_Process_2021	regulation of transcription elongation from RNA polymerase II promoter (GO:0034243)	1/27	0.1407741229072719	0.2698170689056046	0	0	6.882189882189882	13.4932121116735	WDR43	2.0
GO_Biological_Process_2021	positive regulation of erythrocyte differentiation (GO:0045648)	1/27	0.1407741229072719	0.2698170689056046	0	0	6.882189882189882	13.4932121116735	PRMT1	2.0
GO_Biological_Process_2021	positive regulation of mitotic cell cycle (GO:0045931)	1/27	0.1407741229072719	0.2698170689056046	0	0	6.882189882189882	13.4932121116735	CCDC57	2.0
GO_Biological_Process_2021	positive regulation of muscle cell differentiation (GO:0051149)	1/27	0.1407741229072719	0.2698170689056046	0	0	6.882189882189882	13.4932121116735	RBM4	2.0
GO_Biological_Process_2021	L-alpha-amino acid transmembrane transport (GO:1902475)	1/27	0.1407741229072719	0.2698170689056046	0	0	6.882189882189882	13.4932121116735	SLC7A1	2.0
GO_Biological_Process_2021	positive regulation of toll-like receptor signaling pathway (GO:0034123)	1/27	0.1407741229072719	0.2698170689056046	0	0	6.882189882189882	13.4932121116735	FLOT1	2.0
GO_Biological_Process_2021	protein export from nucleus (GO:0006611)	1/27	0.1407741229072719	0.2698170689056046	0	0	6.882189882189882	13.4932121116735	CSE1L	2.0
GO_Biological_Process_2021	negative regulation of response to external stimulus (GO:0032102)	2/118	0.1416219624289091	0.2709045855570815	0	0	3.0990595611285268	6.057403248153613	VPS35;LYAR	2.0
GO_Biological_Process_2021	cytoskeleton organization (GO:0007010)	2/120	0.1454674894527653	0.2720351014794238	0	0	3.046224961479199	5.872520576156298	OBSL1;KLHL20	2.0
GO_Biological_Process_2021	macroautophagy (GO:0016236)	2/120	0.1454674894527653	0.2720351014794238	0	0	3.046224961479199	5.872520576156298	TOMM22;VTI1B	2.0
GO_Biological_Process_2021	regulation of DNA-templated transcription, elongation (GO:0032784)	1/28	0.1455922851603127	0.2720351014794238	0	0	6.6269602936269605	12.769788872193134	WDR43	2.0
GO_Biological_Process_2021	cellular response to acid chemical (GO:0071229)	1/28	0.1455922851603127	0.2720351014794238	0	0	6.6269602936269605	12.769788872193134	CAPN2	2.0
GO_Biological_Process_2021	regulation of immunoglobulin production (GO:0002637)	1/28	0.1455922851603127	0.2720351014794238	0	0	6.6269602936269605	12.769788872193134	VAMP3	2.0
GO_Biological_Process_2021	cytosolic calcium ion transport (GO:0060401)	1/28	0.1455922851603127	0.2720351014794238	0	0	6.6269602936269605	12.769788872193134	ATP2A3	2.0
GO_Biological_Process_2021	regulation of plasma membrane bounded cell projection organization (GO:0120035)	1/28	0.1455922851603127	0.2720351014794238	0	0	6.6269602936269605	12.769788872193134	VPS35	2.0
GO_Biological_Process_2021	regulation of postsynapse organization (GO:0099175)	1/28	0.1455922851603127	0.2720351014794238	0	0	6.6269602936269605	12.769788872193134	VPS35	2.0
GO_Biological_Process_2021	photoperiodism (GO:0009648)	1/28	0.1455922851603127	0.2720351014794238	0	0	6.6269602936269605	12.769788872193134	RBM4	2.0
GO_Biological_Process_2021	regulation of protein transport (GO:0051223)	1/28	0.1455922851603127	0.2720351014794238	0	0	6.6269602936269605	12.769788872193134	SNX3	2.0
GO_Biological_Process_2021	L-amino acid transport (GO:0015807)	1/28	0.1455922851603127	0.2720351014794238	0	0	6.6269602936269605	12.769788872193134	SLC7A1	2.0
GO_Biological_Process_2021	macromolecule catabolic process (GO:0009057)	1/28	0.1455922851603127	0.2720351014794238	0	0	6.6269602936269605	12.769788872193134	USE1	2.0
GO_Biological_Process_2021	protein homooligomerization (GO:0051260)	2/121	0.1473984690346896	0.2748782260376644	0	0	3.020473644003056	5.783046217197718	PDCD6IP;PRMT1	2.0
GO_Biological_Process_2021	regulation of mRNA catabolic process (GO:0061013)	2/122	0.1493347660808994	0.2777641003059607	0	0	2.995151515151515	5.695474515133547	YTHDF1;ZC3HAV1	2.0
GO_Biological_Process_2021	protein targeting to peroxisome (GO:0006625)	1/29	0.1503836692132686	0.2777641003059607	0	0	6.38996138996139	12.10620011280844	PEX19	2.0
GO_Biological_Process_2021	beta-catenin-TCF complex assembly (GO:1904837)	1/29	0.1503836692132686	0.2777641003059607	0	0	6.38996138996139	12.10620011280844	TLE1	2.0
GO_Biological_Process_2021	intrinsic apoptotic signaling pathway in response to endoplasmic reticulum stress (GO:0070059)	1/29	0.1503836692132686	0.2777641003059607	0	0	6.38996138996139	12.10620011280844	ATP2A3	2.0
GO_Biological_Process_2021	protein ADP-ribosylation (GO:0006471)	1/29	0.1503836692132686	0.2777641003059607	0	0	6.38996138996139	12.10620011280844	ZC3HAV1	2.0
GO_Biological_Process_2021	protein N-linked glycosylation via asparagine (GO:0018279)	1/30	0.1551484225344114	0.2817168724966944	0	0	6.169307238272755	11.495720878882548	RPN2	2.0
GO_Biological_Process_2021	non-motile cilium assembly (GO:1905515)	1/30	0.1551484225344114	0.2817168724966944	0	0	6.169307238272755	11.495720878882548	PCM1	2.0
GO_Biological_Process_2021	regulation of long-term synaptic potentiation (GO:1900271)	1/30	0.1551484225344114	0.2817168724966944	0	0	6.169307238272755	11.495720878882548	YTHDF1	2.0
GO_Biological_Process_2021	regulation of protein localization to membrane (GO:1905475)	1/30	0.1551484225344114	0.2817168724966944	0	0	6.169307238272755	11.495720878882548	VTI1B	2.0
GO_Biological_Process_2021	extrinsic apoptotic signaling pathway via death domain receptors (GO:0008625)	1/30	0.1551484225344114	0.2817168724966944	0	0	6.169307238272755	11.495720878882548	DIABLO	2.0
GO_Biological_Process_2021	heterotypic cell-cell adhesion (GO:0034113)	1/30	0.1551484225344114	0.2817168724966944	0	0	6.169307238272755	11.495720878882548	DSP	2.0
GO_Biological_Process_2021	maturation of SSU-rRNA from tricistronic rRNA transcript (SSU-rRNA, 5.8S rRNA, LSU-rRNA) (GO:0000462)	1/30	0.1551484225344114	0.2817168724966944	0	0	6.169307238272755	11.495720878882548	HEATR1	2.0
GO_Biological_Process_2021	microtubule polymerization (GO:0046785)	1/30	0.1551484225344114	0.2817168724966944	0	0	6.169307238272755	11.495720878882548	CCDC57	2.0
GO_Biological_Process_2021	multivesicular body assembly (GO:0036258)	1/30	0.1551484225344114	0.2817168724966944	0	0	6.169307238272755	11.495720878882548	PDCD6IP	2.0
GO_Biological_Process_2021	positive regulation of DNA-binding transcription factor activity (GO:0051091)	3/246	0.1597576239572093	0.2829221883003081	0	0	2.2250537999773474	4.080965528601235	FLOT1;FLOT2;STK3	2.0
GO_Biological_Process_2021	protein palmitoylation (GO:0018345)	1/31	0.1598866918284124	0.2829221883003081	0	0	5.963363363363364	10.932573768600095	ZDHHC5	2.0
GO_Biological_Process_2021	regulation of cellular component size (GO:0032535)	1/31	0.1598866918284124	0.2829221883003081	0	0	5.963363363363364	10.932573768600095	HP1BP3	2.0
GO_Biological_Process_2021	regulation of cellular senescence (GO:2000772)	1/31	0.1598866918284124	0.2829221883003081	0	0	5.963363363363364	10.932573768600095	RSL1D1	2.0
GO_Biological_Process_2021	negative regulation of proteasomal ubiquitin-dependent protein catabolic process (GO:0032435)	1/31	0.1598866918284124	0.2829221883003081	0	0	5.963363363363364	10.932573768600095	SGTA	2.0
GO_Biological_Process_2021	negative regulation of response to biotic stimulus (GO:0002832)	1/31	0.1598866918284124	0.2829221883003081	0	0	5.963363363363364	10.932573768600095	LYAR	2.0
GO_Biological_Process_2021	peptide cross-linking (GO:0018149)	1/31	0.1598866918284124	0.2829221883003081	0	0	5.963363363363364	10.932573768600095	DSP	2.0
GO_Biological_Process_2021	peptidyl-asparagine modification (GO:0018196)	1/31	0.1598866918284124	0.2829221883003081	0	0	5.963363363363364	10.932573768600095	RPN2	2.0
GO_Biological_Process_2021	renal water homeostasis (GO:0003091)	1/31	0.1598866918284124	0.2829221883003081	0	0	5.963363363363364	10.932573768600095	WFS1	2.0
GO_Biological_Process_2021	positive regulation of locomotion (GO:0040017)	1/31	0.1598866918284124	0.2829221883003081	0	0	5.963363363363364	10.932573768600095	STX3	2.0
GO_Biological_Process_2021	positive regulation of RNA splicing (GO:0033120)	1/31	0.1598866918284124	0.2829221883003081	0	0	5.963363363363364	10.932573768600095	DAZAP1	2.0
GO_Biological_Process_2021	protein acetylation (GO:0006473)	1/31	0.1598866918284124	0.2829221883003081	0	0	5.963363363363364	10.932573768600095	NAT10	2.0
GO_Biological_Process_2021	multivesicular body organization (GO:0036257)	1/31	0.1598866918284124	0.2829221883003081	0	0	5.963363363363364	10.932573768600095	PDCD6IP	2.0
GO_Biological_Process_2021	plasma membrane bounded cell projection organization (GO:0120036)	2/128	0.1610576568742777	0.2829221883003081	0	0	2.851659451659452	5.207109800376323	PRMT1;STX3	2.0
GO_Biological_Process_2021	negative regulation of DNA biosynthetic process (GO:2000279)	1/32	0.1645986230070115	0.2829221883003081	0	0	5.770706190061029	10.411769846951126	NAT10	2.0
GO_Biological_Process_2021	negative regulation of double-strand break repair (GO:2000780)	1/32	0.1645986230070115	0.2829221883003081	0	0	5.770706190061029	10.411769846951126	UBQLN4	2.0
GO_Biological_Process_2021	regulation of cellular amide metabolic process (GO:0034248)	1/32	0.1645986230070115	0.2829221883003081	0	0	5.770706190061029	10.411769846951126	PUM3	2.0
GO_Biological_Process_2021	negative regulation of microtubule polymerization or depolymerization (GO:0031111)	1/32	0.1645986230070115	0.2829221883003081	0	0	5.770706190061029	10.411769846951126	APC	2.0
GO_Biological_Process_2021	regulation of dendrite morphogenesis (GO:0048814)	1/32	0.1645986230070115	0.2829221883003081	0	0	5.770706190061029	10.411769846951126	OBSL1	2.0
GO_Biological_Process_2021	regulation of intracellular protein transport (GO:0033157)	1/32	0.1645986230070115	0.2829221883003081	0	0	5.770706190061029	10.411769846951126	PCM1	2.0
GO_Biological_Process_2021	DNA damage checkpoint signaling (GO:0000077)	1/32	0.1645986230070115	0.2829221883003081	0	0	5.770706190061029	10.411769846951126	CEP63	2.0
GO_Biological_Process_2021	peptidyl-proline modification (GO:0018208)	1/32	0.1645986230070115	0.2829221883003081	0	0	5.770706190061029	10.411769846951126	PPIB	2.0
GO_Biological_Process_2021	establishment or maintenance of epithelial cell apical/basal polarity (GO:0045197)	1/32	0.1645986230070115	0.2829221883003081	0	0	5.770706190061029	10.411769846951126	PDCD6IP	2.0
GO_Biological_Process_2021	gene silencing by miRNA (GO:0035195)	1/32	0.1645986230070115	0.2829221883003081	0	0	5.770706190061029	10.411769846951126	RBM4	2.0
GO_Biological_Process_2021	response to amino acid (GO:0043200)	1/32	0.1645986230070115	0.2829221883003081	0	0	5.770706190061029	10.411769846951126	CAPN2	2.0
GO_Biological_Process_2021	positive regulation of glucose transmembrane transport (GO:0010828)	1/32	0.1645986230070115	0.2829221883003081	0	0	5.770706190061029	10.411769846951126	CLTCL1	2.0
GO_Biological_Process_2021	hematopoietic progenitor cell differentiation (GO:0002244)	1/32	0.1645986230070115	0.2829221883003081	0	0	5.770706190061029	10.411769846951126	SBDS	2.0
GO_Biological_Process_2021	positive regulation of lamellipodium organization (GO:1902745)	1/32	0.1645986230070115	0.2829221883003081	0	0	5.770706190061029	10.411769846951126	BRK1	2.0
GO_Biological_Process_2021	positive regulation of telomere maintenance (GO:0032206)	1/32	0.1645986230070115	0.2829221883003081	0	0	5.770706190061029	10.411769846951126	NEK7	2.0
GO_Biological_Process_2021	mitochondrial membrane organization (GO:0007006)	1/32	0.1645986230070115	0.2829221883003081	0	0	5.770706190061029	10.411769846951126	SLC25A4	2.0
GO_Biological_Process_2021	RNA splicing, via transesterification reactions with bulged adenosine as nucleophile (GO:0000377)	3/251	0.1665251449478967	0.2857252042978122	0	0	2.1796389464338564	3.907240305500341	RBM4;MFAP1;LSM4	2.0
GO_Biological_Process_2021	positive regulation of signal transduction (GO:0009967)	3/252	0.1678888664340784	0.2863900049289116	0	0	2.170774842489223	3.87364574033822	ZDHHC5;VPS35;ATP6V0C	2.0
GO_Biological_Process_2021	positive regulation of macromolecule metabolic process (GO:0010604)	4/384	0.1689065856553988	0.2863900049289116	0	0	1.901364522417154	3.381404662096064	TLE1;WFS1;VPS35;VAMP3	2.0
GO_Biological_Process_2021	positive regulation of phosphorylation (GO:0042327)	3/253	0.1692559103713533	0.2863900049289116	0	0	2.1619816513761467	3.840421938623597	VAC14;RALBP1;FLOT1	2.0
GO_Biological_Process_2021	antigen processing and presentation of peptide antigen via MHC class I (GO:0002474)	1/33	0.1692843610915202	0.2863900049289116	0	0	5.59009009009009	9.928980323211665	BCAP31	2.0
GO_Biological_Process_2021	regulation of protein localization to cell surface (GO:2000008)	1/33	0.1692843610915202	0.2863900049289116	0	0	5.59009009009009	9.928980323211665	STX3	2.0
GO_Biological_Process_2021	exonucleolytic catabolism of deadenylated mRNA (GO:0043928)	1/33	0.1692843610915202	0.2863900049289116	0	0	5.59009009009009	9.928980323211665	LSM4	2.0
GO_Biological_Process_2021	lytic vacuole organization (GO:0080171)	1/33	0.1692843610915202	0.2863900049289116	0	0	5.59009009009009	9.928980323211665	HOOK2	2.0
GO_Biological_Process_2021	positive regulation of telomere maintenance via telomerase (GO:0032212)	1/33	0.1692843610915202	0.2863900049289116	0	0	5.59009009009009	9.928980323211665	NEK7	2.0
GO_Biological_Process_2021	RNA metabolic process (GO:0016070)	2/133	0.1709518917133659	0.2887054674739712	0	0	2.742123525329632	4.843613223988164	RBM4;DDX54	2.0
GO_Biological_Process_2021	autophagosome maturation (GO:0097352)	1/34	0.1739440504237815	0.2897068150161603	0	0	5.42042042042042	9.48043229213069	VTI1B	2.0
GO_Biological_Process_2021	cellular response to amino acid stimulus (GO:0071230)	1/34	0.1739440504237815	0.2897068150161603	0	0	5.42042042042042	9.48043229213069	CAPN2	2.0
GO_Biological_Process_2021	regulation of lamellipodium assembly (GO:0010591)	1/34	0.1739440504237815	0.2897068150161603	0	0	5.42042042042042	9.48043229213069	BRK1	2.0
GO_Biological_Process_2021	regulation of myoblast differentiation (GO:0045661)	1/34	0.1739440504237815	0.2897068150161603	0	0	5.42042042042042	9.48043229213069	FLOT2	2.0
GO_Biological_Process_2021	striated muscle tissue development (GO:0014706)	1/34	0.1739440504237815	0.2897068150161603	0	0	5.42042042042042	9.48043229213069	NDUFV2	2.0
GO_Biological_Process_2021	positive regulation of telomerase activity (GO:0051973)	1/34	0.1739440504237815	0.2897068150161603	0	0	5.42042042042042	9.48043229213069	NEK7	2.0
GO_Biological_Process_2021	ventricular cardiac muscle tissue morphogenesis (GO:0055010)	1/34	0.1739440504237815	0.2897068150161603	0	0	5.42042042042042	9.48043229213069	DSP	2.0
GO_Biological_Process_2021	protein insertion into membrane (GO:0051205)	1/34	0.1739440504237815	0.2897068150161603	0	0	5.42042042042042	9.48043229213069	SGTA	2.0
GO_Biological_Process_2021	protein localization to plasma membrane (GO:0072659)	2/136	0.1769369206951839	0.2904144580699404	0	0	2.680325644504749	4.642222137587044	FLOT1;FLOT2	2.0
GO_Biological_Process_2021	cellular calcium ion homeostasis (GO:0006874)	2/136	0.1769369206951839	0.2904144580699404	0	0	2.680325644504749	4.642222137587044	WFS1;ATP2A3	2.0
GO_Biological_Process_2021	ribonucleoprotein complex assembly (GO:0022618)	2/136	0.1769369206951839	0.2904144580699404	0	0	2.680325644504749	4.642222137587044	EIF2S3;LSM4	2.0
GO_Biological_Process_2021	negative regulation of cell cycle G1/S phase transition (GO:1902807)	1/35	0.178577834465367	0.2904144580699404	0	0	5.260731319554849	9.062823482157956	APC	2.0
GO_Biological_Process_2021	regulation of autophagosome assembly (GO:2000785)	1/35	0.178577834465367	0.2904144580699404	0	0	5.260731319554849	9.062823482157956	IFT20	2.0
GO_Biological_Process_2021	negative regulation of neurogenesis (GO:0050768)	1/35	0.178577834465367	0.2904144580699404	0	0	5.260731319554849	9.062823482157956	PCM1	2.0
GO_Biological_Process_2021	nuclear-transcribed mRNA catabolic process, exonucleolytic (GO:0000291)	1/35	0.178577834465367	0.2904144580699404	0	0	5.260731319554849	9.062823482157956	LSM4	2.0
GO_Biological_Process_2021	regulation of mitotic spindle organization (GO:0060236)	1/35	0.178577834465367	0.2904144580699404	0	0	5.260731319554849	9.062823482157956	PDCD6IP	2.0
GO_Biological_Process_2021	regulation of muscle cell differentiation (GO:0051147)	1/35	0.178577834465367	0.2904144580699404	0	0	5.260731319554849	9.062823482157956	RBM4	2.0
GO_Biological_Process_2021	regulation of protein polymerization (GO:0032271)	1/35	0.178577834465367	0.2904144580699404	0	0	5.260731319554849	9.062823482157956	HAX1	2.0
GO_Biological_Process_2021	response to exogenous dsRNA (GO:0043330)	1/35	0.178577834465367	0.2904144580699404	0	0	5.260731319554849	9.062823482157956	FLOT1	2.0
GO_Biological_Process_2021	positive regulation of immunoglobulin production (GO:0002639)	1/35	0.178577834465367	0.2904144580699404	0	0	5.260731319554849	9.062823482157956	VAMP3	2.0
GO_Biological_Process_2021	positive regulation of reproductive process (GO:2000243)	1/35	0.178577834465367	0.2904144580699404	0	0	5.260731319554849	9.062823482157956	SYDE1	2.0
GO_Biological_Process_2021	protein localization to cilium (GO:0061512)	1/35	0.178577834465367	0.2904144580699404	0	0	5.260731319554849	9.062823482157956	IFT20	2.0
GO_Biological_Process_2021	cellular component assembly (GO:0022607)	3/261	0.1803076056384011	0.2927347009188159	0	0	2.0940900362705355	3.5873667240078704	YTHDF1;APC;VAMP3	2.0
GO_Biological_Process_2021	regulation of microtubule-based process (GO:0032886)	1/36	0.1831858560080366	0.2949292281729389	0	0	5.11016731016731	8.67325208629207	APC	2.0
GO_Biological_Process_2021	regulation of receptor internalization (GO:0002090)	1/36	0.1831858560080366	0.2949292281729389	0	0	5.11016731016731	8.67325208629207	FLOT1	2.0
GO_Biological_Process_2021	positive regulation of interferon-beta production (GO:0032728)	1/36	0.1831858560080366	0.2949292281729389	0	0	5.11016731016731	8.67325208629207	FLOT1	2.0
GO_Biological_Process_2021	positive regulation of myeloid leukocyte differentiation (GO:0002763)	1/36	0.1831858560080366	0.2949292281729389	0	0	5.11016731016731	8.67325208629207	HAX1	2.0
GO_Biological_Process_2021	positive regulation of telomere maintenance via telomere lengthening (GO:1904358)	1/36	0.1831858560080366	0.2949292281729389	0	0	5.11016731016731	8.67325208629207	NEK7	2.0
GO_Biological_Process_2021	protein localization to cell periphery (GO:1990778)	2/140	0.1849676676811882	0.2954139026604215	0	0	2.602108036890645	4.391250488768804	FLOT1;FLOT2	2.0
GO_Biological_Process_2021	regulation of small GTPase mediated signal transduction (GO:0051056)	2/141	0.1869837339271545	0.2954139026604215	0	0	2.583257030739045	4.331433990704884	SYDE1;RALBP1	2.0
GO_Biological_Process_2021	positive regulation of cellular catabolic process (GO:0031331)	2/141	0.1869837339271545	0.2954139026604215	0	0	2.583257030739045	4.331433990704884	VPS35;ZC3HAV1	2.0
GO_Biological_Process_2021	regulation of actin cytoskeleton reorganization (GO:2000249)	1/37	0.1877682569704956	0.2954139026604215	0	0	4.967967967967968	8.309158689911323	HAX1	2.0
GO_Biological_Process_2021	negative regulation of epithelial cell apoptotic process (GO:1904036)	1/37	0.1877682569704956	0.2954139026604215	0	0	4.967967967967968	8.309158689911323	WFS1	2.0
GO_Biological_Process_2021	negative regulation of G1/S transition of mitotic cell cycle (GO:2000134)	1/37	0.1877682569704956	0.2954139026604215	0	0	4.967967967967968	8.309158689911323	APC	2.0
GO_Biological_Process_2021	regulation of erythrocyte differentiation (GO:0045646)	1/37	0.1877682569704956	0.2954139026604215	0	0	4.967967967967968	8.309158689911323	PRMT1	2.0
GO_Biological_Process_2021	regulation of glucose import (GO:0046324)	1/37	0.1877682569704956	0.2954139026604215	0	0	4.967967967967968	8.309158689911323	CLTCL1	2.0
GO_Biological_Process_2021	regulation of p38MAPK cascade (GO:1900744)	1/37	0.1877682569704956	0.2954139026604215	0	0	4.967967967967968	8.309158689911323	PRMT1	2.0
GO_Biological_Process_2021	positive regulation of calcium ion transport (GO:0051928)	1/37	0.1877682569704956	0.2954139026604215	0	0	4.967967967967968	8.309158689911323	WFS1	2.0
GO_Biological_Process_2021	regulation of transport (GO:0051049)	1/37	0.1877682569704956	0.2954139026604215	0	0	4.967967967967968	8.309158689911323	REEP5	2.0
GO_Biological_Process_2021	glutamine family amino acid metabolic process (GO:0009064)	1/37	0.1877682569704956	0.2954139026604215	0	0	4.967967967967968	8.309158689911323	CAD	2.0
GO_Biological_Process_2021	positive regulation of exocytosis (GO:0045921)	1/37	0.1877682569704956	0.2954139026604215	0	0	4.967967967967968	8.309158689911323	PDCD6IP	2.0
GO_Biological_Process_2021	positive regulation of myeloid cell differentiation (GO:0045639)	1/37	0.1877682569704956	0.2954139026604215	0	0	4.967967967967968	8.309158689911323	PRMT1	2.0
GO_Biological_Process_2021	neuron development (GO:0048666)	2/143	0.1910252299534542	0.297734170519861	0	0	2.54635718891038	4.215111775954568	PRMT1;STX3	2.0
GO_Biological_Process_2021	nitrogen compound transport (GO:0071705)	2/143	0.1910252299534542	0.297734170519861	0	0	2.54635718891038	4.215111775954568	RALBP1;SLC7A1	2.0
GO_Biological_Process_2021	positive regulation of cell migration (GO:0030335)	3/269	0.1915515598587837	0.297734170519861	0	0	2.0302821273366902	3.355240720118852	SYDE1;APC;CEP43	2.0
GO_Biological_Process_2021	negative regulation of innate immune response (GO:0045824)	1/38	0.1923251784724567	0.297734170519861	0	0	4.83345507669832	7.968277926890248	LYAR	2.0
GO_Biological_Process_2021	negative regulation of ubiquitin-dependent protein catabolic process (GO:2000059)	1/38	0.1923251784724567	0.297734170519861	0	0	4.83345507669832	7.968277926890248	SGTA	2.0
GO_Biological_Process_2021	spliceosomal snRNP assembly (GO:0000387)	1/38	0.1923251784724567	0.297734170519861	0	0	4.83345507669832	7.968277926890248	LSM4	2.0
GO_Biological_Process_2021	positive regulation of production of molecular mediator of immune response (GO:0002702)	1/38	0.1923251784724567	0.297734170519861	0	0	4.83345507669832	7.968277926890248	VAMP3	2.0
GO_Biological_Process_2021	lysosome organization (GO:0007040)	1/38	0.1923251784724567	0.297734170519861	0	0	4.83345507669832	7.968277926890248	HOOK2	2.0
GO_Biological_Process_2021	positive regulation of signaling (GO:0023056)	1/38	0.1923251784724567	0.297734170519861	0	0	4.83345507669832	7.968277926890248	VAMP3	2.0
GO_Biological_Process_2021	mRNA destabilization (GO:0061157)	1/38	0.1923251784724567	0.297734170519861	0	0	4.83345507669832	7.968277926890248	YTHDF1	2.0
GO_Biological_Process_2021	negative regulation of secretion by cell (GO:1903531)	1/39	0.1968567609736774	0.3013686705238865	0	0	4.706021811284969	7.648598029845743	VAMP3	2.0
GO_Biological_Process_2021	regulation of heart rate by cardiac conduction (GO:0086091)	1/39	0.1968567609736774	0.3013686705238865	0	0	4.706021811284969	7.648598029845743	DSP	2.0
GO_Biological_Process_2021	DNA integrity checkpoint signaling (GO:0031570)	1/39	0.1968567609736774	0.3013686705238865	0	0	4.706021811284969	7.648598029845743	CEP63	2.0
GO_Biological_Process_2021	regulation of protein targeting to mitochondrion (GO:1903214)	1/39	0.1968567609736774	0.3013686705238865	0	0	4.706021811284969	7.648598029845743	HAX1	2.0
GO_Biological_Process_2021	regulation of receptor-mediated endocytosis (GO:0048259)	1/39	0.1968567609736774	0.3013686705238865	0	0	4.706021811284969	7.648598029845743	FLOT1	2.0
GO_Biological_Process_2021	regulation of viral entry into host cell (GO:0046596)	1/39	0.1968567609736774	0.3013686705238865	0	0	4.706021811284969	7.648598029845743	SNX3	2.0
GO_Biological_Process_2021	positive regulation of intracellular transport (GO:0032388)	1/39	0.1968567609736774	0.3013686705238865	0	0	4.706021811284969	7.648598029845743	PCM1	2.0
GO_Biological_Process_2021	inorganic cation transmembrane transport (GO:0098662)	3/274	0.1986687144154853	0.3031816400084658	0	0	1.99231524425336	3.219813725078382	ATP2A3;ATP6V0D1;ATP6V0C	2.0
GO_Biological_Process_2021	mRNA splicing, via spliceosome (GO:0000398)	3/274	0.1986687144154853	0.3031816400084658	0	0	1.99231524425336	3.219813725078382	RBM4;MFAP1;LSM4	2.0
GO_Biological_Process_2021	positive regulation of transferase activity (GO:0051347)	2/148	0.2011791148740446	0.3044081333410066	0	0	2.4585305105853053	3.9424003225050734	VAC14;NEK7	2.0
GO_Biological_Process_2021	negative regulation of I-kappaB kinase/NF-kappaB signaling (GO:0043124)	1/40	0.2013631441044547	0.3044081333410066	0	0	4.585123585123585	7.348326827498552	TLE1	2.0
GO_Biological_Process_2021	organic hydroxy compound transport (GO:0015850)	1/40	0.2013631441044547	0.3044081333410066	0	0	4.585123585123585	7.348326827498552	RALBP1	2.0
GO_Biological_Process_2021	response to organonitrogen compound (GO:0010243)	1/40	0.2013631441044547	0.3044081333410066	0	0	4.585123585123585	7.348326827498552	SYVN1	2.0
GO_Biological_Process_2021	positive regulation of intrinsic apoptotic signaling pathway (GO:2001244)	1/40	0.2013631441044547	0.3044081333410066	0	0	4.585123585123585	7.348326827498552	BCAP31	2.0
GO_Biological_Process_2021	synaptic vesicle exocytosis (GO:0016079)	1/40	0.2013631441044547	0.3044081333410066	0	0	4.585123585123585	7.348326827498552	STX3	2.0
GO_Biological_Process_2021	regulation of mitochondrial membrane potential (GO:0051881)	1/41	0.205844466704373	0.3094685888143309	0	0	4.47027027027027	7.065863017263707	NDUFS1	2.0
GO_Biological_Process_2021	import into cell (GO:0098657)	1/41	0.205844466704373	0.3094685888143309	0	0	4.47027027027027	7.065863017263707	SLC7A1	2.0
GO_Biological_Process_2021	keratinocyte differentiation (GO:0030216)	1/41	0.205844466704373	0.3094685888143309	0	0	4.47027027027027	7.065863017263707	DSP	2.0
GO_Biological_Process_2021	cellular protein metabolic process (GO:0044267)	4/417	0.2059920316849014	0.3094685888143309	0	0	1.7464801363106448	2.759295040874889	PCMT1;RPN2;WFS1;CALU	2.0
GO_Biological_Process_2021	ATP-dependent chromatin remodeling (GO:0043044)	1/42	0.2103008668972254	0.3144746709330027	0	0	4.361019556141508	6.7997717913514455	MBD3	2.0
GO_Biological_Process_2021	negative regulation of protein catabolic process (GO:0042177)	1/42	0.2103008668972254	0.3144746709330027	0	0	4.361019556141508	6.7997717913514455	SNX3	2.0
GO_Biological_Process_2021	mitochondrial gene expression (GO:0140053)	1/42	0.2103008668972254	0.3144746709330027	0	0	4.361019556141508	6.7997717913514455	MRPL12	2.0
GO_Biological_Process_2021	negative regulation of cellular process (GO:0048523)	5/566	0.2114283528776993	0.3156720075422838	0	0	1.60985889682976	2.501509987040436	SNX3;APC;WFS1;VPS35;VAMP3	2.0
GO_Biological_Process_2021	regulation of cell-cell adhesion (GO:0022407)	1/43	0.2147324820693924	0.3201104593812239	0	0	4.256971256971257	6.548764072815388	FLOT2	2.0
GO_Biological_Process_2021	positive regulation of NF-kappaB transcription factor activity (GO:0051092)	2/155	0.2154967996968651	0.3207548667290781	0	0	2.3452168746286395	3.599460482415453	FLOT1;FLOT2	2.0
GO_Biological_Process_2021	positive regulation of programmed cell death (GO:0043068)	3/286	0.2160021722474777	0.3210124590631746	0	0	1.906668395630045	2.9219060428397663	APC;DIABLO;STK3	2.0
GO_Biological_Process_2021	regulation of cell differentiation (GO:0045595)	2/156	0.2175503801349686	0.3228166931035019	0	0	2.32987012987013	3.5538087422262272	APC;FLOT2	2.0
GO_Biological_Process_2021	cation transmembrane transport (GO:0098655)	1/44	0.2191394488033207	0.3231888664794012	0	0	4.157762413576367	6.311678755648487	SLC7A1	2.0
GO_Biological_Process_2021	neurogenesis (GO:0022008)	1/44	0.2191394488033207	0.3231888664794012	0	0	4.157762413576367	6.311678755648487	NDUFS2	2.0
GO_Biological_Process_2021	intracellular steroid hormone receptor signaling pathway (GO:0030518)	1/44	0.2191394488033207	0.3231888664794012	0	0	4.157762413576367	6.311678755648487	DDX54	2.0
GO_Biological_Process_2021	metal ion homeostasis (GO:0055065)	1/44	0.2191394488033207	0.3231888664794012	0	0	4.157762413576367	6.311678755648487	WFS1	2.0
GO_Biological_Process_2021	amino acid transmembrane transport (GO:0003333)	1/45	0.2235219029452007	0.3286486426865508	0	0	4.063063063063063	6.08746745368368	SLC7A1	2.0
GO_Biological_Process_2021	positive regulation of chemotaxis (GO:0050921)	1/45	0.2235219029452007	0.3286486426865508	0	0	4.063063063063063	6.08746745368368	STX3	2.0
GO_Biological_Process_2021	regulation of double-strand break repair via homologous recombination (GO:0010569)	1/46	0.227879979649345	0.3320242237424846	0	0	3.972572572572573	5.875181359575033	UBQLN4	2.0
GO_Biological_Process_2021	erythrocyte differentiation (GO:0030218)	1/46	0.227879979649345	0.3320242237424846	0	0	3.972572572572573	5.875181359575033	LYAR	2.0
GO_Biological_Process_2021	regulation of telomerase activity (GO:0051972)	1/46	0.227879979649345	0.3320242237424846	0	0	3.972572572572573	5.875181359575033	NEK7	2.0
GO_Biological_Process_2021	positive regulation of organelle assembly (GO:1902117)	1/46	0.227879979649345	0.3320242237424846	0	0	3.972572572572573	5.875181359575033	PDCD6IP	2.0
GO_Biological_Process_2021	posttranscriptional regulation of gene expression (GO:0010608)	1/46	0.227879979649345	0.3320242237424846	0	0	3.972572572572573	5.875181359575033	PUM3	2.0
GO_Biological_Process_2021	vesicle organization (GO:0016050)	1/46	0.227879979649345	0.3320242237424846	0	0	3.972572572572573	5.875181359575033	HOOK2	2.0
GO_Biological_Process_2021	regulation of intracellular signal transduction (GO:1902531)	4/437	0.2295456252932187	0.3339474006524838	0	0	1.6641005901975878	2.4489794017024926	MBD3;SYDE1;RALBP1;STK3	2.0
GO_Biological_Process_2021	regulation of protein localization to nucleus (GO:1900180)	1/47	0.2322138132968934	0.3358062030610763	0	0	3.8860164512338415	5.673959884798431	BYSL	2.0
GO_Biological_Process_2021	regulation of synapse assembly (GO:0051963)	1/47	0.2322138132968934	0.3358062030610763	0	0	3.8860164512338415	5.673959884798431	VPS35	2.0
GO_Biological_Process_2021	positive regulation of cell-cell adhesion (GO:0022409)	1/47	0.2322138132968934	0.3358062030610763	0	0	3.8860164512338415	5.673959884798431	FLOT1	2.0
GO_Biological_Process_2021	positive regulation of neuron death (GO:1901216)	1/47	0.2322138132968934	0.3358062030610763	0	0	3.8860164512338415	5.673959884798431	EIF2S1	2.0
GO_Biological_Process_2021	nucleus organization (GO:0006997)	1/48	0.2365235375281962	0.3396239554935975	0	0	3.803143569101016	5.483020803278797	PDCD6IP	2.0
GO_Biological_Process_2021	positive regulation of endocytosis (GO:0045807)	1/48	0.2365235375281962	0.3396239554935975	0	0	3.803143569101016	5.483020803278797	FLOT1	2.0
GO_Biological_Process_2021	substrate adhesion-dependent cell spreading (GO:0034446)	1/48	0.2365235375281962	0.3396239554935975	0	0	3.803143569101016	5.483020803278797	VAMP3	2.0
GO_Biological_Process_2021	extracellular matrix organization (GO:0030198)	3/300	0.2366117205457465	0.3396239554935975	0	0	1.8154943934760448	2.616735232686922	CAPN2;FLOT1;PPIB	2.0
GO_Biological_Process_2021	mRNA processing (GO:0006397)	3/300	0.2366117205457465	0.3396239554935975	0	0	1.8154943934760448	2.616735232686922	RBM4;MFAP1;LSM4	2.0
GO_Biological_Process_2021	negative regulation of catabolic process (GO:0009895)	1/49	0.2408092852503611	0.3441150437157527	0	0	3.723723723723724	5.301651675040672	SNX3	2.0
GO_Biological_Process_2021	regulation of cellular localization (GO:0060341)	1/49	0.2408092852503611	0.3441150437157527	0	0	3.723723723723724	5.301651675040672	REEP5	2.0
GO_Biological_Process_2021	regulation of interferon-beta production (GO:0032648)	1/49	0.2408092852503611	0.3441150437157527	0	0	3.723723723723724	5.301651675040672	FLOT1	2.0
GO_Biological_Process_2021	amino acid transport (GO:0006865)	1/50	0.2450711886958998	0.3476340209695143	0	0	3.647545504688362	5.129202360192396	SLC7A1	2.0
GO_Biological_Process_2021	regulation of cellular component movement (GO:0051270)	1/50	0.2450711886958998	0.3476340209695143	0	0	3.647545504688362	5.129202360192396	YTHDF1	2.0
GO_Biological_Process_2021	positive regulation of cell morphogenesis involved in differentiation (GO:0010770)	1/50	0.2450711886958998	0.3476340209695143	0	0	3.647545504688362	5.129202360192396	OBSL1	2.0
GO_Biological_Process_2021	positive regulation of ion transport (GO:0043270)	1/50	0.2450711886958998	0.3476340209695143	0	0	3.647545504688362	5.129202360192396	WFS1	2.0
GO_Biological_Process_2021	ribosome assembly (GO:0042255)	1/50	0.2450711886958998	0.3476340209695143	0	0	3.647545504688362	5.129202360192396	SBDS	2.0
GO_Biological_Process_2021	neuron projection development (GO:0031175)	2/171	0.24852388119153	0.3520147642683549	0	0	2.121463152232383	2.9535356582206664	PRMT1;STX3	2.0
GO_Biological_Process_2021	negative regulation of transport (GO:0051051)	1/51	0.2493093792922016	0.352094825140741	0	0	3.5744144144144143	4.965078469364473	SNX3	2.0
GO_Biological_Process_2021	mitotic metaphase plate congression (GO:0007080)	1/51	0.2493093792922016	0.352094825140741	0	0	3.5744144144144143	4.965078469364473	PDCD6IP	2.0
GO_Biological_Process_2021	regulation of intrinsic apoptotic signaling pathway (GO:2001242)	1/52	0.2535239877989193	0.3559653665897617	0	0	3.504151210033563	4.808735611393264	BCAP31	2.0
GO_Biological_Process_2021	fatty acid beta-oxidation (GO:0006635)	1/52	0.2535239877989193	0.3559653665897617	0	0	3.504151210033563	4.808735611393264	ETFB	2.0
GO_Biological_Process_2021	positive regulation of developmental growth (GO:0048639)	1/52	0.2535239877989193	0.3559653665897617	0	0	3.504151210033563	4.808735611393264	PPIB	2.0
GO_Biological_Process_2021	signal transduction in response to DNA damage (GO:0042770)	1/52	0.2535239877989193	0.3559653665897617	0	0	3.504151210033563	4.808735611393264	CEP63	2.0
GO_Biological_Process_2021	regulation of cell population proliferation (GO:0042127)	6/764	0.2570199479340267	0.3587216561363041	0	0	1.4285358689699803	1.940811086781812	APC;PRMT1;HP1BP3;STX3;CEP43;GNAI2	2.0
GO_Biological_Process_2021	cardiac muscle tissue development (GO:0048738)	1/53	0.2577151442635559	0.3587216561363041	0	0	3.4365904365904365	4.659674333934347	NDUFV2	2.0
GO_Biological_Process_2021	regulation of DNA replication (GO:0006275)	1/53	0.2577151442635559	0.3587216561363041	0	0	3.4365904365904365	4.659674333934347	PDS5A	2.0
GO_Biological_Process_2021	epidermal cell differentiation (GO:0009913)	1/53	0.2577151442635559	0.3587216561363041	0	0	3.4365904365904365	4.659674333934347	DSP	2.0
GO_Biological_Process_2021	positive regulation of macroautophagy (GO:0016239)	1/53	0.2577151442635559	0.3587216561363041	0	0	3.4365904365904365	4.659674333934347	SLC25A4	2.0
GO_Biological_Process_2021	positive regulation of phagocytosis (GO:0050766)	1/53	0.2577151442635559	0.3587216561363041	0	0	3.4365904365904365	4.659674333934347	LYAR	2.0
GO_Biological_Process_2021	regulation of alternative mRNA splicing, via spliceosome (GO:0000381)	1/54	0.2618829780379357	0.3624340355080887	0	0	3.3715791262961075	4.517435659146221	RBM4	2.0
GO_Biological_Process_2021	negative regulation of viral genome replication (GO:0045071)	1/54	0.2618829780379357	0.3624340355080887	0	0	3.3715791262961075	4.517435659146221	ZC3HAV1	2.0
GO_Biological_Process_2021	regulation of megakaryocyte differentiation (GO:0045652)	1/54	0.2618829780379357	0.3624340355080887	0	0	3.3715791262961075	4.517435659146221	PRMT1	2.0
GO_Biological_Process_2021	regulation of proteasomal protein catabolic process (GO:0061136)	1/54	0.2618829780379357	0.3624340355080887	0	0	3.3715791262961075	4.517435659146221	UBQLN4	2.0
GO_Biological_Process_2021	pyruvate metabolic process (GO:0006090)	1/55	0.266027617713312	0.3671181124443706	0	0	3.308975642308976	4.381597136664689	LDHB	2.0
GO_Biological_Process_2021	regulation of cardiac conduction (GO:1903779)	1/55	0.266027617713312	0.3671181124443706	0	0	3.308975642308976	4.381597136664689	ATP2A3	2.0
GO_Biological_Process_2021	negative regulation of gene expression (GO:0010629)	3/322	0.2696367980713949	0.3712149625798457	0	0	1.688389750079089	2.2129376948141237	RBM4;FLOT2;TLE5	2.0
GO_Biological_Process_2021	nuclear-transcribed mRNA catabolic process, deadenylation-dependent decay (GO:0000288)	1/56	0.2701491911942356	0.3712149625798457	0	0	3.2486486486486488	4.251769343128155	LSM4	2.0
GO_Biological_Process_2021	DNA damage response, signal transduction by p53 class mediator resulting in cell cycle arrest (GO:0006977)	1/56	0.2701491911942356	0.3712149625798457	0	0	3.2486486486486488	4.251769343128155	PRMT1	2.0
GO_Biological_Process_2021	negative regulation of DNA recombination (GO:0045910)	1/57	0.274247825732366	0.372606750573088	0	0	3.1904761904761907	4.127592772849137	UBQLN4	2.0
GO_Biological_Process_2021	carboxylic acid transport (GO:0046942)	1/57	0.274247825732366	0.372606750573088	0	0	3.1904761904761907	4.127592772849137	SLC7A1	2.0
GO_Biological_Process_2021	regulation of mitotic nuclear division (GO:0007088)	1/57	0.274247825732366	0.372606750573088	0	0	3.1904761904761907	4.127592772849137	OBSL1	2.0
GO_Biological_Process_2021	dicarboxylic acid metabolic process (GO:0043648)	1/57	0.274247825732366	0.372606750573088	0	0	3.1904761904761907	4.127592772849137	SDHA	2.0
GO_Biological_Process_2021	positive regulation of cell junction assembly (GO:1901890)	1/57	0.274247825732366	0.372606750573088	0	0	3.1904761904761907	4.127592772849137	FLOT1	2.0
GO_Biological_Process_2021	renal system development (GO:0072001)	1/57	0.274247825732366	0.372606750573088	0	0	3.1904761904761907	4.127592772849137	WFS1	2.0
GO_Biological_Process_2021	ribosomal large subunit biogenesis (GO:0042273)	1/57	0.274247825732366	0.372606750573088	0	0	3.1904761904761907	4.127592772849137	RSL1D1	2.0
GO_Biological_Process_2021	protein K48-linked ubiquitination (GO:0070936)	1/57	0.274247825732366	0.372606750573088	0	0	3.1904761904761907	4.127592772849137	SYVN1	2.0
GO_Biological_Process_2021	positive regulation of cell population proliferation (GO:0008284)	4/474	0.2747238148673492	0.3727292207329484	0	0	1.5301812450748622	1.9769773298270128	PRMT1;STX3;CEP43;GNAI2	2.0
GO_Biological_Process_2021	regulation of calcium ion transport (GO:0051924)	1/58	0.2783236478478441	0.3760288724769474	0	0	3.1343448711869764	4.008735070760766	WFS1	2.0
GO_Biological_Process_2021	cellular iron ion homeostasis (GO:0006879)	1/58	0.2783236478478441	0.3760288724769474	0	0	3.1343448711869764	4.008735070760766	ATP6V0D1	2.0
GO_Biological_Process_2021	RNA modification (GO:0009451)	1/58	0.2783236478478441	0.3760288724769474	0	0	3.1343448711869764	4.008735070760766	NAT10	2.0
GO_Biological_Process_2021	positive regulation of apoptotic signaling pathway (GO:2001235)	1/59	0.282376783344779	0.3804406871841793	0	0	3.0801491146318734	3.894888562568033	BCAP31	2.0
GO_Biological_Process_2021	regulation of secretion by cell (GO:1903530)	1/59	0.282376783344779	0.3804406871841793	0	0	3.0801491146318734	3.894888562568033	VAMP3	2.0
GO_Biological_Process_2021	adenylate cyclase-inhibiting G protein-coupled receptor signaling pathway (GO:0007193)	1/60	0.2864073574165455	0.3831987635240762	0	0	3.027790502366773	3.785768045800723	GNAI2	2.0
GO_Biological_Process_2021	cellular protein catabolic process (GO:0044257)	1/60	0.2864073574165455	0.3831987635240762	0	0	3.027790502366773	3.785768045800723	CAPN2	2.0
GO_Biological_Process_2021	peptidyl-threonine phosphorylation (GO:0018107)	1/60	0.2864073574165455	0.3831987635240762	0	0	3.027790502366773	3.785768045800723	CAD	2.0
GO_Biological_Process_2021	homophilic cell adhesion via plasma membrane adhesion molecules (GO:0007156)	1/60	0.2864073574165455	0.3831987635240762	0	0	3.027790502366773	3.785768045800723	OBSL1	2.0
GO_Biological_Process_2021	ribonucleoprotein complex biogenesis (GO:0022613)	1/60	0.2864073574165455	0.3831987635240762	0	0	3.027790502366773	3.785768045800723	BYSL	2.0
GO_Biological_Process_2021	negative regulation of apoptotic process (GO:0043066)	4/485	0.2884565066458812	0.3848304083133383	0	0	1.4943404943404943	1.8577804824172517	TLE1;HAX1;WFS1;KLHL20	2.0
GO_Biological_Process_2021	B cell differentiation (GO:0030183)	1/61	0.2904154944724882	0.3848304083133383	0	0	2.977177177177177	3.681108814154876	SYVN1	2.0
GO_Biological_Process_2021	regulation of DNA-templated transcription, initiation (GO:2000142)	1/61	0.2904154944724882	0.3848304083133383	0	0	2.977177177177177	3.681108814154876	MED12	2.0
GO_Biological_Process_2021	regulation of endocytosis (GO:0030100)	1/61	0.2904154944724882	0.3848304083133383	0	0	2.977177177177177	3.681108814154876	FLOT1	2.0
GO_Biological_Process_2021	positive regulation of DNA biosynthetic process (GO:2000573)	1/61	0.2904154944724882	0.3848304083133383	0	0	2.977177177177177	3.681108814154876	NEK7	2.0
GO_Biological_Process_2021	iron ion homeostasis (GO:0055072)	1/61	0.2904154944724882	0.3848304083133383	0	0	2.977177177177177	3.681108814154876	ATP6V0D1	2.0
GO_Biological_Process_2021	protein lipidation (GO:0006497)	1/61	0.2904154944724882	0.3848304083133383	0	0	2.977177177177177	3.681108814154876	ZDHHC5	2.0
GO_Biological_Process_2021	intracellular protein transport (GO:0006886)	3/336	0.2909313245608493	0.3849858349668225	0	0	1.6162492767997356	1.995531323077354	CSE1L;VPS35;STX3	2.0
GO_Biological_Process_2021	negative regulation of kinase activity (GO:0033673)	1/62	0.2944013183132487	0.3879831834796702	0	0	2.928223305272485	3.580664880929442	CEP43	2.0
GO_Biological_Process_2021	regulation of neurogenesis (GO:0050767)	1/62	0.2944013183132487	0.3879831834796702	0	0	2.928223305272485	3.580664880929442	PCM1	2.0
GO_Biological_Process_2021	positive regulation of cysteine-type endopeptidase activity (GO:2001056)	1/62	0.2944013183132487	0.3879831834796702	0	0	2.928223305272485	3.580664880929442	BCAP31	2.0
GO_Biological_Process_2021	negative regulation of macromolecule metabolic process (GO:0010605)	2/194	0.2962179660195499	0.3894872212248054	0	0	1.8651515151515152	2.269254727565981	FLOT2;TLE5	2.0
GO_Biological_Process_2021	protein localization to membrane (GO:0072657)	2/195	0.2982868760478675	0.3894872212248054	0	0	1.8553933113518608	2.2444685173551826	FLOT1;FLOT2	2.0
GO_Biological_Process_2021	actin cytoskeleton reorganization (GO:0031532)	1/63	0.2983649520769731	0.3894872212248054	0	0	2.8808485905260097	3.484207384200936	SYDE1	2.0
GO_Biological_Process_2021	COPII vesicle coating (GO:0048208)	1/63	0.2983649520769731	0.3894872212248054	0	0	2.8808485905260097	3.484207384200936	BET1	2.0
GO_Biological_Process_2021	organonitrogen compound catabolic process (GO:1901565)	1/63	0.2983649520769731	0.3894872212248054	0	0	2.8808485905260097	3.484207384200936	USE1	2.0
GO_Biological_Process_2021	vesicle coating (GO:0006901)	1/63	0.2983649520769731	0.3894872212248054	0	0	2.8808485905260097	3.484207384200936	BET1	2.0
GO_Biological_Process_2021	vesicle targeting, rough ER to cis-Golgi (GO:0048207)	1/63	0.2983649520769731	0.3894872212248054	0	0	2.8808485905260097	3.484207384200936	BET1	2.0
GO_Biological_Process_2021	negative regulation of intrinsic apoptotic signaling pathway (GO:2001243)	1/64	0.3023065181413962	0.3919840221806561	0	0	2.834977834977835	3.391523150899673	SYVN1	2.0
GO_Biological_Process_2021	regulation of cilium assembly (GO:1902017)	1/64	0.3023065181413962	0.3919840221806561	0	0	2.834977834977835	3.391523150899673	IFT20	2.0
GO_Biological_Process_2021	regulation of innate immune response (GO:0045088)	1/64	0.3023065181413962	0.3919840221806561	0	0	2.834977834977835	3.391523150899673	LYAR	2.0
GO_Biological_Process_2021	regulation of transcription initiation from RNA polymerase II promoter (GO:0060260)	1/64	0.3023065181413962	0.3919840221806561	0	0	2.834977834977835	3.391523150899673	MED12	2.0
GO_Biological_Process_2021	protein catabolic process (GO:0030163)	1/64	0.3023065181413962	0.3919840221806561	0	0	2.834977834977835	3.391523150899673	USE1	2.0
GO_Biological_Process_2021	mitotic G1 DNA damage checkpoint signaling (GO:0031571)	1/65	0.3062261382545181	0.3965341146834645	0	0	2.7905405405405403	3.3024133992822824	PRMT1	2.0
GO_Biological_Process_2021	regulation of protein localization (GO:0032880)	1/66	0.310123933546629	0.3999729236395776	0	0	2.7474705474705474	3.216692567626199	RSL1D1	2.0
GO_Biological_Process_2021	positive regulation of cell cycle (GO:0045787)	1/66	0.310123933546629	0.3999729236395776	0	0	2.7474705474705474	3.216692567626199	CCDC57	2.0
GO_Biological_Process_2021	positive regulation of T cell proliferation (GO:0042102)	1/66	0.310123933546629	0.3999729236395776	0	0	2.7474705474705474	3.216692567626199	SLC7A1	2.0
GO_Biological_Process_2021	protein N-linked glycosylation (GO:0006487)	1/67	0.3140000244884077	0.4022865035222837	0	0	2.705705705705706	3.134187254630269	RPN2	2.0
GO_Biological_Process_2021	peptidyl-threonine modification (GO:0018210)	1/67	0.3140000244884077	0.4022865035222837	0	0	2.705705705705706	3.134187254630269	CAD	2.0
GO_Biological_Process_2021	positive regulation of catabolic process (GO:0009896)	1/67	0.3140000244884077	0.4022865035222837	0	0	2.705705705705706	3.134187254630269	APC	2.0
GO_Biological_Process_2021	regulation of viral genome replication (GO:0045069)	1/67	0.3140000244884077	0.4022865035222837	0	0	2.705705705705706	3.134187254630269	ZC3HAV1	2.0
GO_Biological_Process_2021	vascular endothelial growth factor receptor signaling pathway (GO:0048010)	1/67	0.3140000244884077	0.4022865035222837	0	0	2.705705705705706	3.134187254630269	BRK1	2.0
GO_Biological_Process_2021	canonical Wnt signaling pathway (GO:0060070)	1/68	0.3178545308175756	0.4061474560446799	0	0	2.6651875756353367	3.0547352592063763	APC	2.0
GO_Biological_Process_2021	regulation of myeloid cell differentiation (GO:0045637)	1/68	0.3178545308175756	0.4061474560446799	0	0	2.6651875756353367	3.0547352592063763	PRMT1	2.0
GO_Biological_Process_2021	proteasomal protein catabolic process (GO:0010498)	2/205	0.3189184595813009	0.4069686023190709	0	0	1.7630989699955215	2.0149044501234536	SYVN1;KLHL20	2.0
GO_Biological_Process_2021	regulation of inflammatory response (GO:0050727)	2/206	0.3209747267114126	0.4083445390064545	0	0	1.754367201426025	1.99365041754966	VPS35;VAMP3	2.0
GO_Biological_Process_2021	cellular response to decreased oxygen levels (GO:0036294)	1/69	0.3216875716189564	0.4083445390064545	0	0	2.62586115527292	2.9781847075347017	HP1BP3	2.0
GO_Biological_Process_2021	synapse assembly (GO:0007416)	1/69	0.3216875716189564	0.4083445390064545	0	0	2.62586115527292	2.9781847075347017	OBSL1	2.0
GO_Biological_Process_2021	positive regulation of protein transport (GO:0051222)	1/69	0.3216875716189564	0.4083445390064545	0	0	2.62586115527292	2.9781847075347017	PCM1	2.0
GO_Biological_Process_2021	carbohydrate homeostasis (GO:0033500)	1/70	0.325499265377065	0.4088846428533742	0	0	2.587674631152892	2.9043932597474	WFS1	2.0
GO_Biological_Process_2021	cellular response to light stimulus (GO:0071482)	1/70	0.325499265377065	0.4088846428533742	0	0	2.587674631152892	2.9043932597474	EIF2S1	2.0
GO_Biological_Process_2021	negative regulation of viral process (GO:0048525)	1/70	0.325499265377065	0.4088846428533742	0	0	2.587674631152892	2.9043932597474	ZC3HAV1	2.0
GO_Biological_Process_2021	neutrophil chemotaxis (GO:0030593)	1/70	0.325499265377065	0.4088846428533742	0	0	2.587674631152892	2.9043932597474	PPIB	2.0
GO_Biological_Process_2021	COPII-coated vesicle budding (GO:0090114)	1/70	0.325499265377065	0.4088846428533742	0	0	2.587674631152892	2.9043932597474	BET1	2.0
GO_Biological_Process_2021	regulation of plasma membrane bounded cell projection assembly (GO:0120032)	1/70	0.325499265377065	0.4088846428533742	0	0	2.587674631152892	2.9043932597474	IFT20	2.0
GO_Biological_Process_2021	kidney development (GO:0001822)	1/70	0.325499265377065	0.4088846428533742	0	0	2.587674631152892	2.9043932597474	WFS1	2.0
GO_Biological_Process_2021	wound healing (GO:0042060)	1/70	0.325499265377065	0.4088846428533742	0	0	2.587674631152892	2.9043932597474	DSP	2.0
GO_Biological_Process_2021	negative regulation of neuron apoptotic process (GO:0043524)	1/71	0.3292897299808804	0.4115056651507509	0	0	2.5505791505791504	2.833227388123569	WFS1	2.0
GO_Biological_Process_2021	regulation of G1/S transition of mitotic cell cycle (GO:2000045)	1/71	0.3292897299808804	0.4115056651507509	0	0	2.5505791505791504	2.833227388123569	APC	2.0
GO_Biological_Process_2021	nucleic acid metabolic process (GO:0090304)	1/71	0.3292897299808804	0.4115056651507509	0	0	2.5505791505791504	2.833227388123569	DDX54	2.0
GO_Biological_Process_2021	Fc-gamma receptor signaling pathway involved in phagocytosis (GO:0038096)	1/71	0.3292897299808804	0.4115056651507509	0	0	2.5505791505791504	2.833227388123569	BRK1	2.0
GO_Biological_Process_2021	cell morphogenesis involved in differentiation (GO:0000904)	1/72	0.3330590825527741	0.4135412258945756	0	0	2.5145286131201625	2.7645617204222845	VAMP3	2.0
GO_Biological_Process_2021	negative regulation of supramolecular fiber organization (GO:1902904)	1/72	0.3330590825527741	0.4135412258945756	0	0	2.5145286131201625	2.7645617204222845	APC	2.0
GO_Biological_Process_2021	extrinsic apoptotic signaling pathway (GO:0097191)	1/72	0.3330590825527741	0.4135412258945756	0	0	2.5145286131201625	2.7645617204222845	DIABLO	2.0
GO_Biological_Process_2021	Fc-gamma receptor signaling pathway (GO:0038094)	1/72	0.3330590825527741	0.4135412258945756	0	0	2.5145286131201625	2.7645617204222845	BRK1	2.0
GO_Biological_Process_2021	positive regulation of neurogenesis (GO:0050769)	1/72	0.3330590825527741	0.4135412258945756	0	0	2.5145286131201625	2.7645617204222845	OBSL1	2.0
GO_Biological_Process_2021	antigen processing and presentation of exogenous peptide antigen via MHC class I, TAP-dependent (GO:0002479)	1/73	0.3368074396256327	0.4146286142294189	0	0	2.47947947947948	2.6982784378310085	VAMP3	2.0
GO_Biological_Process_2021	regulation of actin filament polymerization (GO:0030833)	1/73	0.3368074396256327	0.4146286142294189	0	0	2.47947947947948	2.6982784378310085	HAX1	2.0
GO_Biological_Process_2021	regulation of hydrolase activity (GO:0051336)	1/73	0.3368074396256327	0.4146286142294189	0	0	2.47947947947948	2.6982784378310085	RALBP1	2.0
GO_Biological_Process_2021	regulation of Rho protein signal transduction (GO:0035023)	1/73	0.3368074396256327	0.4146286142294189	0	0	2.47947947947948	2.6982784378310085	RALBP1	2.0
GO_Biological_Process_2021	granulocyte chemotaxis (GO:0071621)	1/73	0.3368074396256327	0.4146286142294189	0	0	2.47947947947948	2.6982784378310085	PPIB	2.0
GO_Biological_Process_2021	positive regulation of synaptic transmission (GO:0050806)	1/73	0.3368074396256327	0.4146286142294189	0	0	2.47947947947948	2.6982784378310085	FLOT1	2.0
GO_Biological_Process_2021	positive regulation of GTPase activity (GO:0043547)	2/214	0.3373686240003346	0.4146286142294189	0	0	1.6874785591766723	1.8335789453600104	SYDE1;RALBP1	2.0
GO_Biological_Process_2021	positive regulation of protein modification process (GO:0031401)	2/214	0.3373686240003346	0.4146286142294189	0	0	1.6874785591766723	1.8335789453600104	RALBP1;FLOT1	2.0
GO_Biological_Process_2021	DNA damage response, signal transduction by p53 class mediator (GO:0030330)	1/74	0.3405349170766361	0.4174577790558762	0	0	2.445390596075528	2.634266726538213	PRMT1	2.0
GO_Biological_Process_2021	Fc receptor mediated stimulatory signaling pathway (GO:0002431)	1/74	0.3405349170766361	0.4174577790558762	0	0	2.445390596075528	2.634266726538213	BRK1	2.0
GO_Biological_Process_2021	positive regulation of lymphocyte proliferation (GO:0050671)	1/75	0.3442416301674237	0.4213113491932154	0	0	2.4122230338446555	2.572422275085089	SLC7A1	2.0
GO_Biological_Process_2021	positive regulation of protein phosphorylation (GO:0001934)	3/371	0.3445506892987993	0.4213113491932154	0	0	1.4599122457120064	1.555557025054015	RALBP1;HAX1;FLOT1	2.0
GO_Biological_Process_2021	actomyosin structure organization (GO:0031032)	1/76	0.3479276936535684	0.4232974207422507	0	0	2.37993993993994	2.512646813371202	TMOD3	2.0
GO_Biological_Process_2021	regulation of T cell proliferation (GO:0042129)	1/76	0.3479276936535684	0.4232974207422507	0	0	2.37993993993994	2.512646813371202	SLC7A1	2.0
GO_Biological_Process_2021	RNA transport (GO:0050658)	1/76	0.3479276936535684	0.4232974207422507	0	0	2.37993993993994	2.512646813371202	FLOT1	2.0
GO_Biological_Process_2021	protein import into nucleus (GO:0006606)	1/76	0.3479276936535684	0.4232974207422507	0	0	2.37993993993994	2.512646813371202	CSE1L	2.0
GO_Biological_Process_2021	cellular response to UV (GO:0034644)	1/77	0.3515932214122483	0.4240494304277838	0	0	2.34850640113798	2.454847693044528	EIF2S1	2.0
GO_Biological_Process_2021	neutrophil migration (GO:1990266)	1/77	0.3515932214122483	0.4240494304277838	0	0	2.34850640113798	2.454847693044528	PPIB	2.0
GO_Biological_Process_2021	import into nucleus (GO:0051170)	1/77	0.3515932214122483	0.4240494304277838	0	0	2.34850640113798	2.454847693044528	CSE1L	2.0
GO_Biological_Process_2021	positive regulation of phosphatidylinositol 3-kinase signaling (GO:0014068)	1/77	0.3515932214122483	0.4240494304277838	0	0	2.34850640113798	2.454847693044528	HAX1	2.0
GO_Biological_Process_2021	positive regulation of protein modification by small protein conjugation or removal (GO:1903322)	1/77	0.3515932214122483	0.4240494304277838	0	0	2.34850640113798	2.454847693044528	WFS1	2.0
GO_Biological_Process_2021	positive regulation of type I interferon production (GO:0032481)	1/77	0.3515932214122483	0.4240494304277838	0	0	2.34850640113798	2.454847693044528	FLOT1	2.0
GO_Biological_Process_2021	positive regulation of cell motility (GO:2000147)	2/221	0.3516186270938456	0.4240494304277838	0	0	1.6329597343295974	1.7067828008847743	APC;CEP43	2.0
GO_Biological_Process_2021	protein modification process (GO:0036211)	1/78	0.3552383267847492	0.4268161985995868	0	0	2.317889317889318	2.3989374973404853	RPN2	2.0
GO_Biological_Process_2021	antigen processing and presentation of exogenous peptide antigen via MHC class I (GO:0042590)	1/78	0.3552383267847492	0.4268161985995868	0	0	2.317889317889318	2.3989374973404853	VAMP3	2.0
GO_Biological_Process_2021	negative regulation of protein serine/threonine kinase activity (GO:0071901)	1/78	0.3552383267847492	0.4268161985995868	0	0	2.317889317889318	2.3989374973404853	APC	2.0
GO_Biological_Process_2021	regulation of I-kappaB kinase/NF-kappaB signaling (GO:0043122)	2/224	0.3576948940592138	0.4292338728710566	0	0	1.6106470106470103	1.655865775979101	TLE1;GOLT1B	2.0
GO_Biological_Process_2021	regulation of ion transport (GO:0043269)	1/79	0.358863122714958	0.4301014597303344	0	0	2.288057288057288	2.3448336838079085	VAMP3	2.0
GO_Biological_Process_2021	negative regulation of programmed cell death (GO:0043069)	3/381	0.359859414205595	0.4307610831754705	0	0	1.4205621086355031	1.4518739112003751	HAX1;WFS1;KLHL20	2.0
GO_Biological_Process_2021	negative regulation of cell cycle (GO:0045786)	1/80	0.3624677212018948	0.4322763193592968	0	0	2.258980499486829	2.29245825980257	APC	2.0
GO_Biological_Process_2021	positive regulation of cell adhesion (GO:0045785)	1/80	0.3624677212018948	0.4322763193592968	0	0	2.258980499486829	2.29245825980257	STX3	2.0
GO_Biological_Process_2021	skin development (GO:0043588)	1/80	0.3624677212018948	0.4322763193592968	0	0	2.258980499486829	2.29245825980257	DSP	2.0
GO_Biological_Process_2021	negative regulation of cellular macromolecule biosynthetic process (GO:2000113)	4/547	0.3671292450005882	0.4372957468194429	0	0	1.3194870745515312	1.322180578759517	RBM4;TLE1;PDS5A;TLE5	2.0
GO_Biological_Process_2021	regulation of cyclin-dependent protein serine/threonine kinase activity (GO:0000079)	1/82	0.3696167714855899	0.4380979156504047	0	0	2.202980758536314	2.1926015531455243	APC	2.0
GO_Biological_Process_2021	cell-cell junction organization (GO:0045216)	1/82	0.3696167714855899	0.4380979156504047	0	0	2.202980758536314	2.1926015531455243	DSP	2.0
GO_Biological_Process_2021	positive regulation of cytoskeleton organization (GO:0051495)	1/82	0.3696167714855899	0.4380979156504047	0	0	2.202980758536314	2.1926015531455243	HAX1	2.0
GO_Biological_Process_2021	positive regulation of protein ubiquitination (GO:0031398)	1/82	0.3696167714855899	0.4380979156504047	0	0	2.202980758536314	2.1926015531455243	WFS1	2.0
GO_Biological_Process_2021	nuclear export (GO:0051168)	1/84	0.3766863626213328	0.445930179279666	0	0	2.1496798002822097	2.0988234648560606	CSE1L	2.0
GO_Biological_Process_2021	negative regulation of cellular amide metabolic process (GO:0034249)	1/86	0.3836773699000366	0.4525425388564534	0	0	2.098887122416534	2.0106357656935216	RBM4	2.0
GO_Biological_Process_2021	glucose homeostasis (GO:0042593)	1/86	0.3836773699000366	0.4525425388564534	0	0	2.098887122416534	2.0106357656935216	WFS1	2.0
GO_Biological_Process_2021	response to interleukin-1 (GO:0070555)	1/86	0.3836773699000366	0.4525425388564534	0	0	2.098887122416534	2.0106357656935216	TLE5	2.0
GO_Biological_Process_2021	phosphorylation (GO:0016310)	3/400	0.3887992631629373	0.4580244978236553	0	0	1.351258290388926	1.27652303409073	TOLLIP;NEK7;STK3	2.0
GO_Biological_Process_2021	sensory perception of mechanical stimulus (GO:0050954)	1/88	0.3905906590573781	0.4584575657951729	0	0	2.0504297400849123	1.927599105677141	WFS1	2.0
GO_Biological_Process_2021	positive regulation of neuron projection development (GO:0010976)	1/88	0.3905906590573781	0.4584575657951729	0	0	2.0504297400849123	1.927599105677141	SNX3	2.0
GO_Biological_Process_2021	metal ion transport (GO:0030001)	1/88	0.3905906590573781	0.4584575657951729	0	0	2.0504297400849123	1.927599105677141	ATP2A3	2.0
GO_Biological_Process_2021	regulation of cysteine-type endopeptidase activity involved in apoptotic process (GO:0043281)	1/89	0.3940184272996229	0.4608012115876946	0	0	2.027027027027027	1.8878870290173215	BCAP31	2.0
GO_Biological_Process_2021	collagen fibril organization (GO:0030199)	1/89	0.3940184272996229	0.4608012115876946	0	0	2.027027027027027	1.8878870290173215	PPIB	2.0
GO_Biological_Process_2021	post-Golgi vesicle-mediated transport (GO:0006892)	1/89	0.3940184272996229	0.4608012115876946	0	0	2.027027027027027	1.8878870290173215	KLHL20	2.0
GO_Biological_Process_2021	negative regulation of protein kinase activity (GO:0006469)	1/90	0.3974270863447697	0.4636649340688981	0	0	2.004150217633364	1.8493171721426336	CEP43	2.0
GO_Biological_Process_2021	SRP-dependent cotranslational protein targeting to membrane (GO:0006614)	1/90	0.3974270863447697	0.4636649340688981	0	0	2.004150217633364	1.8493171721426336	SRP68	2.0
GO_Biological_Process_2021	sensory perception of sound (GO:0007605)	1/91	0.4008167418869752	0.4670554555643161	0	0	1.9817817817817815	1.811845894341955	WFS1	2.0
GO_Biological_Process_2021	negative regulation of mitotic cell cycle phase transition (GO:1901991)	1/92	0.4041874987528168	0.4692850045615638	0	0	1.95990495990496	1.775431655028099	APC	2.0
GO_Biological_Process_2021	regulation of lipid metabolic process (GO:0019216)	1/92	0.4041874987528168	0.4692850045615638	0	0	1.95990495990496	1.775431655028099	LACTB	2.0
GO_Biological_Process_2021	regulation of peptidyl-tyrosine phosphorylation (GO:0050730)	1/92	0.4041874987528168	0.4692850045615638	0	0	1.95990495990496	1.775431655028099	HAX1	2.0
GO_Biological_Process_2021	regulation of heart contraction (GO:0008016)	1/93	0.4075394614933869	0.4714767901827685	0	0	1.9385037211124168	1.7400348890263444	ATP2A3	2.0
GO_Biological_Process_2021	positive regulation of peptidyl-serine phosphorylation (GO:0033138)	1/93	0.4075394614933869	0.4714767901827685	0	0	1.9385037211124168	1.7400348890263444	HAX1	2.0
GO_Biological_Process_2021	visual perception (GO:0007601)	1/93	0.4075394614933869	0.4714767901827685	0	0	1.9385037211124168	1.7400348890263444	WFS1	2.0
GO_Biological_Process_2021	negative regulation of cellular protein metabolic process (GO:0032269)	1/94	0.4108727339662438	0.4725036440611803	0	0	1.917562724014337	1.705617895170707	RBM4	2.0
GO_Biological_Process_2021	regulation of kinase activity (GO:0043549)	1/94	0.4108727339662438	0.4725036440611803	0	0	1.917562724014337	1.705617895170707	VAC14	2.0
GO_Biological_Process_2021	cotranslational protein targeting to membrane (GO:0006613)	1/94	0.4108727339662438	0.4725036440611803	0	0	1.917562724014337	1.705617895170707	SRP68	2.0
GO_Biological_Process_2021	hemopoiesis (GO:0030097)	1/94	0.4108727339662438	0.4725036440611803	0	0	1.917562724014337	1.705617895170707	SBDS	2.0
GO_Biological_Process_2021	interleukin-1-mediated signaling pathway (GO:0070498)	1/94	0.4108727339662438	0.4725036440611803	0	0	1.917562724014337	1.705617895170707	TOLLIP	2.0
GO_Biological_Process_2021	sensory perception of light stimulus (GO:0050953)	1/95	0.4141874193272811	0.4757491641737854	0	0	1.897067280046004	1.6721447304138284	WFS1	2.0
GO_Biological_Process_2021	cellular transition metal ion homeostasis (GO:0046916)	1/96	0.4174836204295661	0.4789657688063669	0	0	1.8770033191085824	1.6395811091445014	ATP6V0D1	2.0
GO_Biological_Process_2021	positive regulation of cold-induced thermogenesis (GO:0120162)	1/97	0.4207614393368468	0.4821536778166003	0	0	1.8573573573573572	1.6078943131155696	APC	2.0
GO_Biological_Process_2021	regulation of neuron apoptotic process (GO:0043523)	1/98	0.4240209777534018	0.4841657972928915	0	0	1.8381164669824464	1.5770531031709	WFS1	2.0
GO_Biological_Process_2021	regulation of peptidyl-serine phosphorylation (GO:0033135)	1/98	0.4240209777534018	0.4841657972928915	0	0	1.8381164669824464	1.5770531031709	HAX1	2.0
GO_Biological_Process_2021	RNA splicing (GO:0008380)	1/98	0.4240209777534018	0.4841657972928915	0	0	1.8381164669824464	1.5770531031709	LSM4	2.0
GO_Biological_Process_2021	organic anion transport (GO:0015711)	1/99	0.4272623365694402	0.4861430119270663	0	0	1.8192682478396764	1.5470276405099337	SLC25A4	2.0
GO_Biological_Process_2021	response to UV (GO:0009411)	1/99	0.4272623365694402	0.4861430119270663	0	0	1.8192682478396764	1.5470276405099337	EIF2S1	2.0
GO_Biological_Process_2021	positive regulation of stress-activated MAPK cascade (GO:0032874)	1/99	0.4272623365694402	0.4861430119270663	0	0	1.8192682478396764	1.5470276405099337	PRMT1	2.0
GO_Biological_Process_2021	organic acid transport (GO:0015849)	1/100	0.4304856163806702	0.4892342416749735	0	0	1.8008008008008007	1.517789408820894	SLC7A1	2.0
GO_Biological_Process_2021	cellular response to chemical stress (GO:0062197)	1/101	0.4336909170748102	0.491719983443975	0	0	1.7827027027027027	1.4893111452625565	EIF2S1	2.0
GO_Biological_Process_2021	epithelial cell differentiation (GO:0030855)	1/101	0.4336909170748102	0.491719983443975	0	0	1.7827027027027027	1.4893111452625565	TOLLIP	2.0
GO_Biological_Process_2021	calcium-mediated signaling (GO:0019722)	1/102	0.4368783380844716	0.4930192460158873	0	0	1.764962982784765	1.4615667730033788	BCAP31	2.0
GO_Biological_Process_2021	cell junction assembly (GO:0034329)	1/102	0.4368783380844716	0.4930192460158873	0	0	1.764962982784765	1.4615667730033788	OBSL1	2.0
GO_Biological_Process_2021	regulation of proteasomal ubiquitin-dependent protein catabolic process (GO:0032434)	1/102	0.4368783380844716	0.4930192460158873	0	0	1.764962982784765	1.4615667730033788	UBQLN4	2.0
GO_Biological_Process_2021	positive regulation of cell growth (GO:0030307)	1/102	0.4368783380844716	0.4930192460158873	0	0	1.764962982784765	1.4615667730033788	CEP43	2.0
GO_Biological_Process_2021	cellular response to organonitrogen compound (GO:0071417)	1/103	0.4400479781330113	0.4950773390843567	0	0	1.747571100512277	1.4345313399986035	CAPN2	2.0
GO_Biological_Process_2021	chromatin remodeling (GO:0006338)	1/103	0.4400479781330113	0.4950773390843567	0	0	1.747571100512277	1.4345313399986035	MBD3	2.0
GO_Biological_Process_2021	regulation of protein phosphorylation (GO:0001932)	2/266	0.4402395799932324	0.4950773390843567	0	0	1.3515151515151516	1.1088319555185038	RALBP1;FLOT1	2.0
GO_Biological_Process_2021	protein deubiquitination (GO:0016579)	2/267	0.4421378137009248	0.4966338698082481	0	0	1.3463464837049743	1.0987986696404166	SNX3;APC	2.0
GO_Biological_Process_2021	cellular metal ion homeostasis (GO:0006875)	1/104	0.4431999356588708	0.4972487083001965	0	0	1.730516924691682	1.4081809588372751	ATP2A3	2.0
GO_Biological_Process_2021	activation of GTPase activity (GO:0090630)	1/105	0.4463343083529788	0.4996047993846784	0	0	1.7137907137907138	1.3824927537195948	SYDE1	2.0
GO_Biological_Process_2021	positive regulation of cellular metabolic process (GO:0031325)	1/105	0.4463343083529788	0.4996047993846784	0	0	1.7137907137907138	1.3824927537195948	VAMP3	2.0
GO_Biological_Process_2021	regulation of phosphatidylinositol 3-kinase signaling (GO:0014066)	1/106	0.4494511934871076	0.5013508694094064	0	0	1.6973830973830977	1.357444807572588	HAX1	2.0
GO_Biological_Process_2021	small GTPase mediated signal transduction (GO:0007264)	1/106	0.4494511934871076	0.5013508694094064	0	0	1.6973830973830977	1.357444807572588	RALBP1	2.0
GO_Biological_Process_2021	protein localization to nucleus (GO:0034504)	1/106	0.4494511934871076	0.5013508694094064	0	0	1.6973830973830977	1.357444807572588	CSE1L	2.0
GO_Biological_Process_2021	regulation of protein ubiquitination (GO:0031396)	1/109	0.458697887580103	0.5103044251749076	0	0	1.649983316649983	1.2859367439318166	WFS1	2.0
GO_Biological_Process_2021	lipid transport (GO:0006869)	1/109	0.458697887580103	0.5103044251749076	0	0	1.649983316649983	1.2859367439318166	PEX19	2.0
GO_Biological_Process_2021	protein modification by small protein removal (GO:0070646)	2/276	0.4590626764772202	0.5103044251749076	0	0	1.301526211015262	1.0133273465035706	SNX3;APC	2.0
GO_Biological_Process_2021	regulation of protein kinase activity (GO:0045859)	1/110	0.4617457839728778	0.512697042894023	0	0	1.634763203570543	1.2632482101830096	CEP43	2.0
GO_Biological_Process_2021	cellular divalent inorganic cation homeostasis (GO:0072503)	1/111	0.4647766710242412	0.5154698785412365	0	0	1.61981981981982	1.2411031373923889	ATP2A3	2.0
GO_Biological_Process_2021	phosphatidylinositol metabolic process (GO:0046488)	1/112	0.4677906427420971	0.5182176156982407	0	0	1.6051456862267672	1.21948443933447	VAC14	2.0
GO_Biological_Process_2021	positive regulation of metabolic process (GO:0009893)	1/113	0.4707877926730359	0.5209404441261772	0	0	1.5907335907335909	1.1983757031953468	APC	2.0
GO_Biological_Process_2021	activation of protein kinase activity (GO:0032147)	1/114	0.4737682139296879	0.5224430304293133	0	0	1.576576576576577	1.1777611574875526	STK3	2.0
GO_Biological_Process_2021	histone modification (GO:0016570)	1/114	0.4737682139296879	0.5224430304293133	0	0	1.576576576576577	1.1777611574875526	PRMT1	2.0
GO_Biological_Process_2021	positive regulation of kinase activity (GO:0033674)	1/114	0.4737682139296879	0.5224430304293133	0	0	1.576576576576577	1.1777611574875526	VAC14	2.0
GO_Biological_Process_2021	calcium ion transport (GO:0006816)	1/115	0.4767319989771906	0.5251118711652978	0	0	1.5626679310889835	1.157625642541633	ATP2A3	2.0
GO_Biological_Process_2021	proteolysis (GO:0006508)	2/287	0.4793450730465764	0.5271560247486688	0	0	1.2505901116427431	0.9196021018682948	LACTB;CAPN2	2.0
GO_Biological_Process_2021	regulation of protein-containing complex assembly (GO:0043254)	1/116	0.4796792399110558	0.5271560247486688	0	0	1.5490011750881316	1.1379545810138116	BRK1	2.0
GO_Biological_Process_2021	regulation of cellular response to stress (GO:0080135)	1/118	0.4855244549149919	0.5323684715639979	0	0	1.5223685223685224	1.0999502634501594	RSL1D1	2.0
GO_Biological_Process_2021	positive regulation of protein-containing complex assembly (GO:0031334)	1/118	0.4855244549149919	0.5323684715639979	0	0	1.5223685223685224	1.0999502634501594	BRK1	2.0
GO_Biological_Process_2021	regulation of cell cycle (GO:0051726)	2/296	0.4955954309218442	0.5427949957715437	0	0	1.2117501546072975	0.8506429721459443	APC;NEK7	2.0
GO_Biological_Process_2021	positive regulation of transcription, DNA-templated (GO:0045893)	7/1183	0.496248621032946	0.5428948674041063	0	0	1.0607709750566894	0.7432591247399146	UTP15;MED12;HAX1;HEATR1;MRPL12;LYAR;WDR43	2.0
GO_Biological_Process_2021	epithelium development (GO:0060429)	1/122	0.4970203487288425	0.543124046235364	0	0	1.4717444717444716	1.0289323391984169	TOLLIP	2.0
GO_Biological_Process_2021	cellular response to organic substance (GO:0071310)	1/123	0.4998543153694176	0.5456036933862796	0	0	1.4596071481317383	1.0121479260784745	HAX1	2.0
GO_Biological_Process_2021	cellular response to oxidative stress (GO:0034599)	1/125	0.5054748586896131	0.550494603713829	0	0	1.4359197907585004	0.9796662960714976	EIF2S1	2.0
GO_Biological_Process_2021	platelet degranulation (GO:0002576)	1/125	0.5054748586896131	0.550494603713829	0	0	1.4359197907585004	0.9796662960714976	VTI1B	2.0
GO_Biological_Process_2021	phosphatidylinositol biosynthetic process (GO:0006661)	1/126	0.5082616100400139	0.552284269177338	0	0	1.4243603603603603	0.9639486697103504	VAC14	2.0
GO_Biological_Process_2021	synapse organization (GO:0050808)	1/126	0.5082616100400139	0.552284269177338	0	0	1.4243603603603603	0.9639486697103504	OBSL1	2.0
GO_Biological_Process_2021	microtubule cytoskeleton organization involved in mitosis (GO:1902850)	1/128	0.5137885052765415	0.557662579884426	0	0	1.4017876143860395	0.9335114434514526	SBDS	2.0
GO_Biological_Process_2021	muscle contraction (GO:0006936)	1/129	0.5165288209592882	0.5600076779423933	0	0	1.3907657657657655	0.918773509543211	TMOD3	2.0
GO_Biological_Process_2021	regulation of primary metabolic process (GO:0080090)	1/130	0.5192538292237739	0.5617012307168708	0	0	1.3799147985194498	0.9043443317300236	LACTB	2.0
GO_Biological_Process_2021	protein glycosylation (GO:0006486)	1/130	0.5192538292237739	0.5617012307168708	0	0	1.3799147985194498	0.9043443317300236	RPN2	2.0
GO_Biological_Process_2021	cellular response to hypoxia (GO:0071456)	1/131	0.5219636146933403	0.5640009527894483	0	0	1.3692307692307693	0.8902155130639214	HP1BP3	2.0
GO_Biological_Process_2021	protein polyubiquitination (GO:0000209)	2/314	0.5271264756517157	0.5685361238134732	0	0	1.1407925407925408	0.7304663105064283	SYVN1;KLHL20	2.0
GO_Biological_Process_2021	regulation of cell adhesion (GO:0030155)	1/133	0.5273378539719171	0.5685361238134732	0	0	1.3483483483483485	0.8628267783099518	STX3	2.0
GO_Biological_Process_2021	protein phosphorylation (GO:0006468)	3/496	0.5280458065978992	0.5686647147977376	0	0	1.08277350801124	0.691429108882909	NEK7;CAD;STK3	2.0
GO_Biological_Process_2021	positive regulation of peptidyl-tyrosine phosphorylation (GO:0050731)	1/134	0.5300024750040113	0.5701362927103284	0	0	1.3381426539321275	0.8495514475320614	HAX1	2.0
GO_Biological_Process_2021	organic substance transport (GO:0071702)	1/136	0.5352871342777427	0.57518061369555	0	0	1.3181848515181849	0.8238022283134215	PEX19	2.0
GO_Biological_Process_2021	positive regulation of response to external stimulus (GO:0032103)	1/139	0.543103896005432	0.5829315150458303	0	0	1.2893328110719415	0.7870791974411346	STX3	2.0
GO_Biological_Process_2021	Ras protein signal transduction (GO:0007265)	1/142	0.550790328775957	0.5898707955627212	0	0	1.261708517027666	0.7524843105749418	BRK1	2.0
GO_Biological_Process_2021	chromatin organization (GO:0006325)	1/142	0.550790328775957	0.5898707955627212	0	0	1.261708517027666	0.7524843105749418	HP1BP3	2.0
GO_Biological_Process_2021	cellular protein localization (GO:0034613)	2/329	0.5523811167893464	0.5899678501972986	0	0	1.0876285793716989	0.6455260971964477	VPS35;STX3	2.0
GO_Biological_Process_2021	receptor-mediated endocytosis (GO:0006898)	1/143	0.5533238843465348	0.5899678501972986	0	0	1.2527598020555768	0.741397986979378	CLTCL1	2.0
GO_Biological_Process_2021	negative regulation of DNA-binding transcription factor activity (GO:0043433)	1/143	0.5533238843465348	0.5899678501972986	0	0	1.2527598020555768	0.741397986979378	WFS1	2.0
GO_Biological_Process_2021	monocarboxylic acid metabolic process (GO:0032787)	1/143	0.5533238843465348	0.5899678501972986	0	0	1.2527598020555768	0.741397986979378	LDHB	2.0
GO_Biological_Process_2021	regulation of mRNA stability (GO:0043488)	1/146	0.5608398893551304	0.5973223077365556	0	0	1.226654240447344	0.7093984551382556	YTHDF1	2.0
GO_Biological_Process_2021	positive regulation of cytosolic calcium ion concentration (GO:0007204)	1/147	0.5633172639896432	0.5993000848171754	0	0	1.2181907935332592	0.6991346626161795	BCAP31	2.0
GO_Biological_Process_2021	regulation of cytosolic calcium ion concentration (GO:0051480)	1/148	0.5657807872209458	0.6005980664345425	0	0	1.2098424955567812	0.6890640723790057	BCAP31	2.0
GO_Biological_Process_2021	positive regulation of intracellular protein transport (GO:0090316)	1/148	0.5657807872209458	0.6005980664345425	0	0	1.2098424955567812	0.6890640723790057	PCM1	2.0
GO_Biological_Process_2021	positive regulation of hydrolase activity (GO:0051345)	1/149	0.5682305360409258	0.6025364410708389	0	0	1.2016070124178233	0.6791820116788042	RALBP1	2.0
GO_Biological_Process_2021	regulation of cytokine production (GO:0001817)	1/150	0.5706665867054475	0.6044560556551121	0	0	1.1934820726767037	0.6694839489643833	FLOT1	2.0
GO_Biological_Process_2021	actin filament organization (GO:0007015)	1/152	0.5754978966337762	0.6082395712781485	0	0	1.177555038482191	0.6506223632806057	TMOD3	2.0
GO_Biological_Process_2021	negative regulation of protein phosphorylation (GO:0001933)	1/152	0.5754978966337762	0.6082395712781485	0	0	1.177555038482191	0.6506223632806057	CEP43	2.0
GO_Biological_Process_2021	positive regulation of Wnt signaling pathway (GO:0030177)	1/153	0.5778933065595439	0.6101037531546659	0	0	1.1697486960644856	0.6414504346106595	ATP6V0C	2.0
GO_Biological_Process_2021	positive regulation of protein kinase activity (GO:0045860)	1/154	0.5802753194506106	0.6119497364511899	0	0	1.162044397338515	0.6324456838264262	STK3	2.0
GO_Biological_Process_2021	cellular response to interleukin-1 (GO:0071347)	1/155	0.582644009595311	0.6137776589629994	0	0	1.1544401544401544	0.6236042096528597	TOLLIP	2.0
GO_Biological_Process_2021	regulation of signal transduction by p53 class mediator (GO:1901796)	1/156	0.5849994508204579	0.6155876573993054	0	0	1.1469340308049985	0.6149222239729593	MBD3	2.0
GO_Biological_Process_2021	mitotic spindle organization (GO:0007052)	1/157	0.587341716483696	0.6173798673811212	0	0	1.1395241395241396	0.6063960479040577	SBDS	2.0
GO_Biological_Process_2021	skeletal system development (GO:0001501)	1/158	0.5896708797511603	0.6191544237387183	0	0	1.132208641762782	0.5980221074857578	PPIB	2.0
GO_Biological_Process_2021	protein autophosphorylation (GO:0046777)	1/159	0.591987013264365	0.6209114601665326	0	0	1.1249857452389098	0.5897969307143289	CAD	2.0
GO_Biological_Process_2021	positive regulation of intracellular signal transduction (GO:1902533)	3/546	0.5934513118120948	0.621772198709852	0	0	0.9805362664098536	0.5116439257859339	BCAP31;HAX1;GOLT1B	2.0
GO_Biological_Process_2021	gene expression (GO:0010467)	2/356	0.5954315798761294	0.6231710792636413	0	0	1.0032871083718542	0.5201730551488046	RBM4;DDX54	2.0
GO_Biological_Process_2021	positive regulation of protein kinase B signaling (GO:0051897)	1/161	0.5965804793354015	0.623697773850647	0	0	1.1108108108108108	0.5737794684224635	HAX1	2.0
GO_Biological_Process_2021	heart development (GO:0007507)	1/164	0.6033747479633057	0.6301189259811387	0	0	1.0902006300779308	0.5507876766437761	NDUFV2	2.0
GO_Biological_Process_2021	adenylate cyclase-modulating G protein-coupled receptor signaling pathway (GO:0007188)	1/165	0.6056142058257891	0.6310931206339938	0	0	1.08349813227862	0.5433874450033381	GNAI2	2.0
GO_Biological_Process_2021	regulation of neuron projection development (GO:0010975)	1/165	0.6056142058257891	0.6310931206339938	0	0	1.08349813227862	0.5433874450033381	SNX3	2.0
GO_Biological_Process_2021	regulation of MAPK cascade (GO:0043408)	1/166	0.6078411312551987	0.6327311775781486	0	0	1.0768768768768768	0.5361142456989609	STK3	2.0
GO_Biological_Process_2021	cellular protein-containing complex assembly (GO:0034622)	1/168	0.6122576625487298	0.6366425210140721	0	0	1.063872255489022	0.52193792845649	VAMP3	2.0
GO_Biological_Process_2021	cell-cell adhesion via plasma-membrane adhesion molecules (GO:0098742)	1/170	0.6166248933513925	0.640494244061769	0	0	1.0511754357908203	0.5082374286162736	OBSL1	2.0
GO_Biological_Process_2021	positive regulation of I-kappaB kinase/NF-kappaB signaling (GO:0043123)	1/171	0.6187901917963384	0.6420529809616143	0	0	1.0449390567037626	0.5015592641424772	GOLT1B	2.0
GO_Biological_Process_2021	cation transport (GO:0006812)	1/174	0.6252136292688428	0.6480218517958177	0	0	1.02666250065094	0.4821842410212715	SLC7A1	2.0
GO_Biological_Process_2021	glycerophospholipid biosynthetic process (GO:0046474)	1/177	0.6315297807632483	0.6538668469638776	0	0	1.009009009009009	0.4637508117815916	VAC14	2.0
GO_Biological_Process_2021	negative regulation of immune response (GO:0050777)	1/178	0.633611631022808	0.6553199524283004	0	0	1.0032574947829185	0.4578055386345165	LYAR	2.0
GO_Biological_Process_2021	regulated exocytosis (GO:0045055)	1/180	0.6377404221543815	0.6588847570065589	0	0	0.9919472545170868	0.4462016225520703	VTI1B	2.0
GO_Biological_Process_2021	regulation of GTPase activity (GO:0043087)	1/189	0.655756612516465	0.6767744526612236	0	0	0.9440291355184972	0.3983477982956184	RALBP1	2.0
GO_Biological_Process_2021	regulation of cell migration (GO:0030334)	2/408	0.6695344756161541	0.6902564604537939	0	0	0.8724585759068517	0.3500064932653441	APC;CEP43	2.0
GO_Biological_Process_2021	protein modification by small protein conjugation (GO:0032446)	2/409	0.6708471344727035	0.6908724220689036	0	0	0.8702702702702703	0.3474240630064036	SYVN1;KLHL20	2.0
GO_Biological_Process_2021	negative regulation of intracellular signal transduction (GO:1902532)	1/198	0.6728844064272897	0.6914961027752787	0	0	0.9004893218091188	0.3567574108246512	TLE1	2.0
GO_Biological_Process_2021	regulation of signal transduction (GO:0009966)	1/198	0.6728844064272897	0.6914961027752787	0	0	0.9004893218091188	0.3567574108246512	SNX3	2.0
GO_Biological_Process_2021	regulation of macromolecule metabolic process (GO:0060255)	1/200	0.6765743473112501	0.6945492237010282	0	0	0.8913486350672281	0.3482614435144341	FLOT1	2.0
GO_Biological_Process_2021	regulation of protein kinase B signaling (GO:0051896)	1/207	0.6891672361804442	0.7067256371022389	0	0	0.8607539578413365	0.3204340072368497	HAX1	2.0
GO_Biological_Process_2021	negative regulation of inflammatory response (GO:0050728)	1/212	0.6978634398476761	0.7141272064542957	0	0	0.8401434609965416	0.302226353321896	VPS35	2.0
GO_Biological_Process_2021	phosphate-containing compound metabolic process (GO:0006796)	1/212	0.6978634398476761	0.7141272064542957	0	0	0.8401434609965416	0.302226353321896	TOLLIP	2.0
GO_Biological_Process_2021	regulation of cell growth (GO:0001558)	1/217	0.7063184592241977	0.7220144249847353	0	0	0.8204871538204872	0.2852744136573577	CEP43	2.0
GO_Biological_Process_2021	transcription, DNA-templated (GO:0006351)	1/221	0.7129132838981334	0.727985446348411	0	0	0.8054054054054054	0.2725455547373544	MRPL12	2.0
GO_Biological_Process_2021	regulation of gene expression (GO:0010468)	5/1079	0.7287978391792026	0.7434199711162721	0	0	0.8185836857585409	0.2589662327007609	TLE1;HP1BP3;FLOT2;VPS35;TLE5	2.0
GO_Biological_Process_2021	negative regulation of nucleic acid-templated transcription (GO:1903507)	2/464	0.7367843436415132	0.7507739197866053	0	0	0.7645021645021645	0.2335248643452672	TLE1;TLE5	2.0
GO_Biological_Process_2021	regulation of cellular macromolecule biosynthetic process (GO:2000112)	2/468	0.7411160735835511	0.7543418517529042	0	0	0.7577838470542333	0.2270305412576294	HP1BP3;PUM3	2.0
GO_Biological_Process_2021	negative regulation of transcription by RNA polymerase II (GO:0000122)	3/684	0.7418475767756304	0.7543418517529042	0	0	0.7762599523097442	0.2318001324880806	WFS1;LYAR;TLE5	2.0
GO_Biological_Process_2021	cellular response to cytokine stimulus (GO:0071345)	2/482	0.755805125731724	0.7677263422259152	0	0	0.7351515151515151	0.2058216240324689	HAX1;STX3	2.0
GO_Biological_Process_2021	positive regulation of cell differentiation (GO:0045597)	1/258	0.7673621546645358	0.7786468922331319	0	0	0.6881550811511901	0.1822210009951155	RBM4	2.0
GO_Biological_Process_2021	negative regulation of signal transduction (GO:0009968)	1/267	0.778976544136142	0.7896026669837494	0	0	0.6645668224615593	0.1659917419835402	TLE1	2.0
GO_Biological_Process_2021	negative regulation of transcription, DNA-templated (GO:0045892)	4/948	0.7833571488973546	0.793008303193903	0	0	0.7432517263025737	0.1814772158328881	TLE1;WFS1;LYAR;TLE5	2.0
GO_Biological_Process_2021	positive regulation of nucleic acid-templated transcription (GO:1903508)	2/511	0.7839781879401423	0.793008303193903	0	0	0.6922307554920522	0.168471023628087	MED12;MRPL12	2.0
GO_Biological_Process_2021	DNA metabolic process (GO:0006259)	1/277	0.7912083590757072	0.7994845971413528	0	0	0.6401619010314662	0.1499220337876784	PDS5A	2.0
GO_Biological_Process_2021	protein ubiquitination (GO:0016567)	2/525	0.7965399780525803	0.804030949633012	0	0	0.6732139753172258	0.1531413408971774	SYVN1;KLHL20	2.0
GO_Biological_Process_2021	DNA repair (GO:0006281)	1/298	0.8147538607090493	0.8215576507776008	0	0	0.594260927594261	0.1217457743504013	PDS5A	2.0
GO_Biological_Process_2021	cellular response to oxygen-containing compound (GO:1901701)	1/323	0.839374330222422	0.845501150151053	0	0	0.5474231995971126	0.0958529863988896	CAPN2	2.0
GO_Biological_Process_2021	positive regulation of cytokine production (GO:0001819)	1/335	0.850011302316096	0.8553238729555717	0	0	0.5274316232400065	0.0857106096636599	FLOT1	2.0
GO_Biological_Process_2021	cytokine-mediated signaling pathway (GO:0019221)	2/621	0.8666199309608462	0.8711288796130878	0	0	0.5659861947422529	0.0810236240460577	TOLLIP;STX3	2.0
GO_Biological_Process_2021	negative regulation of cell population proliferation (GO:0008285)	1/379	0.8833738524098349	0.887046924561227	0	0	0.4649887983221316	0.0576617631832606	APC	2.0
GO_Biological_Process_2021	regulation of nucleic acid-templated transcription (GO:1903506)	1/430	0.9129350343541396	0.9157790687290746	0	0	0.4086394086394086	0.0372231914094808	HP1BP3	2.0
GO_Biological_Process_2021	positive regulation of transcription by RNA polymerase II (GO:0045944)	2/908	0.965573713534901	0.967576978500741	0	0	0.3809351796106763	0.0133452383419518	MED12;HAX1	2.0
GO_Biological_Process_2021	regulation of transcription by RNA polymerase II (GO:0006357)	5/2206	0.995914113578734	0.9965507411459392	0	0	0.3755090082248086	0.0015374301835866	MED12;HAX1;WFS1;LYAR;TLE5	2.0
GO_Biological_Process_2021	regulation of transcription, DNA-templated (GO:0006355)	5/2244	0.9965507411459392	0.9965507411459392	0	0	0.3683428433087201	0.0012727060238771	MED12;TLE1;HP1BP3;MRPL12;TLE5	2.0
GO_Biological_Process_2021	mRNA splicing, via spliceosome (GO:0000398)	28/274	1.7261509603536733e-30	1.0529520858157407e-27	0	0	35.524841915085815	2434.576342861661	SF3B3;RBM8A;SF3B6;DDX1;SRSF1;DDX20;PRPF19;EFTUD2;PUF60;HNRNPA0;SRPK3;PRMT5;SF3A2;NCBP2;HNRNPM;NUDT21;SFPQ;PRPF6;SNW1;PSPC1;SNRPG;SRSF3;RNPS1;SRSF5;HNRNPH3;SNRPC;SRSF7;RBMX	5.0
GO_Biological_Process_2021	RNA splicing, via transesterification reactions with bulged adenosine as nucleophile (GO:0000377)	24/251	2.1697495839444206e-25	6.617736231030483e-23	0	0	31.05845223223092	1763.8099856330025	SF3B3;SF3A2;RBM8A;NCBP2;SF3B6;SRSF1;PRPF19;EFTUD2;HNRNPM;NUDT21;SFPQ;PRPF6;SNW1;PUF60;PSPC1;SNRPG;SRSF3;RNPS1;SRSF5;HNRNPH3;SNRPC;SRSF7;RBMX;HNRNPA0	5.0
GO_Biological_Process_2021	mRNA processing (GO:0006397)	24/300	1.616787925925802e-23	3.2785435475435346e-21	0	0	25.480856586632058	1337.2102733604509	SF3B3;SF3A2;RBM8A;NCBP2;SF3B6;SRSF1;PRPF19;EFTUD2;HNRNPM;NUDT21;SFPQ;PRPF6;SNW1;PUF60;PSPC1;SNRPG;SRSF3;RNPS1;SRSF5;HNRNPH3;SNRPC;SRSF7;RBMX;HNRNPA0	5.0
GO_Biological_Process_2021	ribonucleoprotein complex assembly (GO:0022618)	19/136	2.1498646213400226e-23	3.2785435475435346e-21	0	0	44.64007597340931	2329.946458493113	SRPK3;PRMT5;SF3A2;DDX1;SRSF1;RPL10L;DDX20;PRPF19;TARBP2;RPL6;NUDT21;RPS28;PRPF6;PUF60;SNRPG;RPL24;RPL38;SRSF5;SNRPC	5.0
GO_Biological_Process_2021	RNA processing (GO:0006396)	16/179	1.2476992648445872e-16	1.5221931031103965e-14	0	0	25.843435582822085	946.3881673521712	RBM39;SF3B3;SF3A2;RBM8A;NCBP2;SRSF1;DDX20;NUDT21;SFPQ;PRPF6;SNRPG;RNPS1;SRSF5;HNRNPH3;SRSF7;HNRNPA0	5.0
GO_Biological_Process_2021	gene expression (GO:0010467)	18/356	3.0411797877440845e-14	3.091866117539819e-12	0	0	14.277295939045148	444.36578460207255	RBM39;RBM8A;NCBP2;SRSF1;DDX20;RPL6;EEF1A1;RPS28;RPS29;RPL14;RPL24;SRSF3;RNPS1;RPL38;SRSF5;HNRNPH3;SRSF7;RPS12	5.0
GO_Biological_Process_2021	nuclear-transcribed mRNA catabolic process, nonsense-mediated decay (GO:0000184)	12/113	1.2635313036525112e-13	1.1010772788971884e-11	0	0	29.790199273091865	884.7598558161935	RPS28;RBM8A;NCBP2;RPS29;RPL14;RPL24;RNPS1;EIF3E;PPP2R2A;RPL38;RPL6;RPS12	5.0
GO_Biological_Process_2021	spliceosomal complex assembly (GO:0000245)	9/46	5.344744354533385e-13	4.0753675703317046e-11	0	0	58.94792353328938	1665.7205068076184	SRPK3;SF3A2;PRPF6;PUF60;DDX1;SRSF1;SNRPG;SRSF5;PRPF19	5.0
GO_Biological_Process_2021	nuclear-transcribed mRNA catabolic process (GO:0000956)	12/171	1.817689181412941e-11	1.231989334068771e-09	0	0	18.867924528301888	466.6201888512341	RPS28;RBM8A;NCBP2;RPS29;RPL14;RPL24;RNPS1;EIF3E;PPP2R2A;RPL38;RPL6;RPS12	5.0
GO_Biological_Process_2021	mRNA metabolic process (GO:0016071)	9/95	4.755776944318266e-10	2.901023936034142e-08	0	0	25.29878048780488	543.0760399097559	NUDT21;SFPQ;SF3A2;NCBP2;SRSF1;SNRPG;SRSF5;SRSF7;HNRNPA0	5.0
GO_Biological_Process_2021	RNA splicing (GO:0008380)	9/98	6.299113733592723e-10	3.493144888628692e-08	0	0	24.442312962455468	517.8212032122296	SFPQ;SF3B3;PRPF6;RBM8A;NCBP2;SNRPG;RNPS1;HNRNPH3;SRSF7	5.0
GO_Biological_Process_2021	RNA 3'-end processing (GO:0031123)	8/69	8.943166084480358e-10	4.5461094262775166e-08	0	0	31.361643294489436	653.41862294318	NUDT21;RBM8A;NCBP2;SRSF1;SRSF3;RNPS1;SRSF5;SRSF7	5.0
GO_Biological_Process_2021	mRNA 3'-end processing (GO:0031124)	8/79	2.689170715344528e-09	1.261841643353971e-07	0	0	26.93093500763618	531.4559594915211	NUDT21;RBM8A;NCBP2;SRSF1;SRSF3;RNPS1;SRSF5;SRSF7	5.0
GO_Biological_Process_2021	regulation of cellular amine metabolic process (GO:0033238)	7/51	3.140632164231349e-09	1.3684183001293736e-07	0	0	37.62310606060606	736.616838993045	PSMA5;PSMD6;PSMD12;PSMD7;PSMD11;PSMD14;PSMD3	5.0
GO_Biological_Process_2021	regulation of cellular amino acid metabolic process (GO:0006521)	7/54	4.7514899900575576e-09	1.93227259595674e-07	0	0	35.216312056737586	674.9138444548664	PSMA5;PSMD6;PSMD12;PSMD7;PSMD11;PSMD14;PSMD3	5.0
GO_Biological_Process_2021	negative regulation of cell cycle G2/M phase transition (GO:1902750)	7/57	7.015457870092147e-09	2.599919950566225e-07	0	0	33.098333333333336	621.426168296435	PSMA5;PSMD6;PSMD12;PSMD7;PSMD11;PSMD14;PSMD3	5.0
GO_Biological_Process_2021	SRP-dependent cotranslational protein targeting to membrane (GO:0006614)	8/90	7.671894936097056e-09	2.599919950566225e-07	0	0	23.305318836320893	435.4762473098418	RPS28;RPS29;RPL14;RPL24;RPL38;SRP14;RPL6;RPS12	5.0
GO_Biological_Process_2021	regulation of mRNA splicing, via spliceosome (GO:0048024)	8/90	7.671894936097056e-09	2.599919950566225e-07	0	0	23.305318836320893	435.4762473098418	RBM39;SNW1;RBM8A;PUF60;SRSF3;RNPS1;SRSF7;RBMX	5.0
GO_Biological_Process_2021	regulation of stem cell differentiation (GO:2000736)	8/91	8.380333710394568e-09	2.690528191231941e-07	0	0	23.02337059079692	428.174328036552	PSMA5;NUDT21;PSMD6;PSMD12;PSMD7;PSMD11;PSMD14;PSMD3	5.0
GO_Biological_Process_2021	cytoplasmic translation (GO:0002181)	8/93	9.968380265643496e-09	3.040355981021267e-07	0	0	22.47937632884479	414.1566064803165	RPS28;RPS29;EIF3I;RPL14;RPL24;RPL38;RPL6;RPS12	5.0
GO_Biological_Process_2021	cotranslational protein targeting to membrane (GO:0006613)	8/94	1.0855488043771965e-08	3.153260812714713e-07	0	0	22.21686746987952	407.4261363506871	RPS28;RPS29;RPL14;RPL24;RPL38;SRP14;RPL6;RPS12	5.0
GO_Biological_Process_2021	regulation of cellular ketone metabolic process (GO:0010565)	7/64	1.606494521066252e-08	4.26070286021919e-07	0	0	29.023391812865498	520.8719655139457	PSMA5;PSMD6;PSMD12;PSMD7;PSMD11;PSMD14;PSMD3	5.0
GO_Biological_Process_2021	pre-replicative complex assembly (GO:0036388)	7/64	1.606494521066252e-08	4.26070286021919e-07	0	0	29.023391812865498	520.8719655139457	PSMA5;PSMD6;PSMD12;PSMD7;PSMD11;PSMD14;PSMD3	5.0
GO_Biological_Process_2021	spliceosomal snRNP assembly (GO:0000387)	6/38	1.8431551493660405e-08	4.6846860046386877e-07	0	0	43.84632352941176	780.8680276834334	PRMT5;PRPF6;DDX20;SNRPG;PRPF19;SNRPC	5.0
GO_Biological_Process_2021	negative regulation of G2/M transition of mitotic cell cycle (GO:0010972)	7/66	1.9992261396502576e-08	4.878111780746628e-07	0	0	28.03672316384181	497.032801248044	PSMA5;PSMD6;PSMD12;PSMD7;PSMD11;PSMD14;PSMD3	5.0
GO_Biological_Process_2021	protein targeting to ER (GO:0045047)	8/103	2.242828025356284e-08	5.262019597951281e-07	0	0	20.10298034242232	354.07265017925533	RPS28;RPS29;RPL14;RPL24;RPL38;SRP14;RPL6;RPS12	5.0
GO_Biological_Process_2021	proteasomal protein catabolic process (GO:0010498)	10/205	3.2089320319526854e-08	7.249809405522734e-07	0	0	12.48116492560937	215.359287671416	PSMA5;PSMD12;PSMD6;PSMD11;PSMD7;PSMD14;PSMD3;HUWE1;PRPF19;KCTD17	5.0
GO_Biological_Process_2021	regulation of hematopoietic stem cell differentiation (GO:1902036)	7/71	3.3517487842668525e-08	7.302024137152784e-07	0	0	25.83984375	444.7346802271557	PSMA5;PSMD6;PSMD12;PSMD7;PSMD11;PSMD14;PSMD3	5.0
GO_Biological_Process_2021	antigen processing and presentation of exogenous peptide antigen via MHC class I, TAP-dependent (GO:0002479)	7/73	4.0763837976612634e-08	8.574462470942656e-07	0	0	25.05429292929293	426.3105815516673	PSMA5;PSMD6;PSMD12;PSMD7;PSMD11;PSMD14;PSMD3	5.0
GO_Biological_Process_2021	NIK/NF-kappaB signaling (GO:0038061)	7/74	4.4857469990882286e-08	9.121018898146064e-07	0	0	24.67910447761194	417.56491241895	PSMA5;PSMD6;PSMD12;PSMD7;PSMD11;PSMD14;PSMD3	5.0
GO_Biological_Process_2021	regulation of transcription from RNA polymerase II promoter in response to hypoxia (GO:0061418)	7/75	4.929353134848377e-08	9.39657941330472e-07	0	0	24.31495098039216	409.110550596308	PSMA5;PSMD6;PSMD12;PSMD7;PSMD11;PSMD14;PSMD3	5.0
GO_Biological_Process_2021	regulation of hematopoietic progenitor cell differentiation (GO:1901532)	7/75	4.929353134848377e-08	9.39657941330472e-07	0	0	24.31495098039216	409.110550596308	PSMA5;PSMD6;PSMD12;PSMD7;PSMD11;PSMD14;PSMD3	5.0
GO_Biological_Process_2021	RNA transport (GO:0050658)	7/76	5.4095016065693686e-08	9.999381757597922e-07	0	0	23.96135265700483	400.933903129904	RBM8A;NCBP2;SRSF1;SRSF3;RNPS1;SRSF5;SRSF7	5.0
GO_Biological_Process_2021	antigen processing and presentation of exogenous peptide antigen via MHC class I (GO:0042590)	7/78	6.489210786738715e-08	1.1642407587972395e-06	0	0	23.284037558685448	385.3633909050666	PSMA5;PSMD6;PSMD12;PSMD7;PSMD11;PSMD14;PSMD3	5.0
GO_Biological_Process_2021	anaphase-promoting complex-dependent catabolic process (GO:0031145)	7/84	1.0882533729232157e-07	1.8439848818976708e-06	0	0	21.463203463203463	344.13073740802696	PSMA5;PSMD6;PSMD12;PSMD7;PSMD11;PSMD14;PSMD3	5.0
GO_Biological_Process_2021	nuclear export (GO:0051168)	7/84	1.0882533729232157e-07	1.8439848818976708e-06	0	0	21.463203463203463	344.13073740802696	RBM8A;NCBP2;SRSF1;SRSF3;RNPS1;SRSF5;SRSF7	5.0
GO_Biological_Process_2021	Wnt signaling pathway, planar cell polarity pathway (GO:0060071)	7/85	1.1815641888965397e-07	1.947984203315917e-06	0	0	21.186965811965813	337.9587262607035	PSMA5;PSMD6;PSMD12;PSMD7;PSMD11;PSMD14;PSMD3	5.0
GO_Biological_Process_2021	regulation of transcription from RNA polymerase II promoter in response to stress (GO:0043618)	7/87	1.388557769755935e-07	2.229000630397685e-06	0	0	20.65520833333333	326.1422285735355	PSMA5;PSMD6;PSMD12;PSMD7;PSMD11;PSMD14;PSMD3	5.0
GO_Biological_Process_2021	regulation of establishment of planar polarity (GO:0090175)	7/88	1.503019584220102e-07	2.350876785575032e-06	0	0	20.39917695473251	320.48370745675334	PSMA5;PSMD6;PSMD12;PSMD7;PSMD11;PSMD14;PSMD3	5.0
GO_Biological_Process_2021	SCF-dependent proteasomal ubiquitin-dependent protein catabolic process (GO:0031146)	7/89	1.625338590948832e-07	2.4612391301554675e-06	0	0	20.14939024390244	314.9829148496775	PSMA5;PSMD6;PSMD12;PSMD7;PSMD11;PSMD14;PSMD3	5.0
GO_Biological_Process_2021	RNA metabolic process (GO:0016070)	8/133	1.6542754809241669e-07	2.4612391301554675e-06	0	0	15.255132530120482	238.2048139212816	HNRNPM;RBM39;NCBP2;DDX20;HNRNPH3;RBMX;SND1;HNRNPA0	5.0
GO_Biological_Process_2021	negative regulation of mitotic cell cycle phase transition (GO:1901991)	7/92	2.0438478191582802e-07	2.9684456421108355e-06	0	0	19.435294117647057	299.36691633798534	PSMA5;PSMD12;PSMD6;PSMD11;PSMD7;PSMD14;PSMD3	5.0
GO_Biological_Process_2021	mRNA splice site selection (GO:0006376)	5/30	2.2728475687790198e-07	3.224272132453957e-06	0	0	46.24186046511628	707.3646143925733	SF3A2;PUF60;SRSF1;SRSF5;SNRPC	5.0
GO_Biological_Process_2021	interleukin-1-mediated signaling pathway (GO:0070498)	7/94	2.3705436122829778e-07	3.2864354624832197e-06	0	0	18.986590038314176	289.6399819986243	PSMA5;PSMD12;PSMD6;PSMD11;PSMD7;PSMD14;PSMD3	5.0
GO_Biological_Process_2021	regulation of cell cycle phase transition (GO:1901987)	7/95	2.549717491537488e-07	3.4562837107508166e-06	0	0	18.769886363636363	284.9665373757955	PSMA5;PSMD12;PSMD6;PSMD11;PSMD7;PSMD14;PSMD3	5.0
GO_Biological_Process_2021	mRNA-containing ribonucleoprotein complex export from nucleus (GO:0071427)	7/99	3.384913002895973e-07	4.488688982101181e-06	0	0	17.95018115942029	267.43557470227427	RBM8A;NCBP2;SRSF1;SRSF3;RNPS1;SRSF5;SRSF7	5.0
GO_Biological_Process_2021	mRNA transport (GO:0051028)	7/104	4.742190018313334e-07	6.154757257810922e-06	0	0	17.02061855670103	247.84738118216237	RBM8A;NCBP2;SRSF1;SRSF3;RNPS1;SRSF5;SRSF7	5.0
GO_Biological_Process_2021	cellular response to interleukin-1 (GO:0071347)	8/155	5.353005365166166e-07	6.722850481020718e-06	0	0	12.9576264240636	187.11379448972684	PSMA5;PSMD12;PSMD6;PSMD11;PSMD7;PSMD14;PSMD3;RBMX	5.0
GO_Biological_Process_2021	RNA export from nucleus (GO:0006405)	7/106	5.400322517541233e-07	6.722850481020718e-06	0	0	16.675084175084177	240.64876132072104	RBM8A;NCBP2;SRSF1;SRSF3;RNPS1;SRSF5;SRSF7	5.0
GO_Biological_Process_2021	translation (GO:0006412)	9/214	5.699620871105798e-07	6.885993316054861e-06	0	0	10.54943486020226	151.67656730919958	EEF1A1;EEF1B2;RPS28;RPS29;RPL14;RPL24;RPL38;RPL6;RPS12	5.0
GO_Biological_Process_2021	mRNA export from nucleus (GO:0006406)	7/107	5.757141952767179e-07	6.885993316054861e-06	0	0	16.5075	237.17405646311292	RBM8A;NCBP2;SRSF1;SRSF3;RNPS1;SRSF5;SRSF7	5.0
GO_Biological_Process_2021	Fc-epsilon receptor signaling pathway (GO:0038095)	7/111	7.389156222914131e-07	8.617634656859783e-06	0	0	15.869391025641026	224.0453653887856	PSMA5;PSMD12;PSMD6;PSMD11;PSMD7;PSMD14;PSMD3	5.0
GO_Biological_Process_2021	peptide biosynthetic process (GO:0043043)	8/162	7.487453062517517e-07	8.617634656859783e-06	0	0	12.364262243780315	174.39627396151465	EEF1A1;RPS28;RPS29;RPL14;RPL24;RPL38;RPL6;RPS12	5.0
GO_Biological_Process_2021	Fc receptor signaling pathway (GO:0038093)	7/112	7.85284746869085e-07	8.870809177595219e-06	0	0	15.717460317460317	220.9437888803272	PSMA5;PSMD12;PSMD6;PSMD11;PSMD7;PSMD14;PSMD3	5.0
GO_Biological_Process_2021	regulation of mRNA binding (GO:1902415)	3/5	9.051855391671596e-07	1.0039330525308496e-05	0	0	339.3238636363636	4721.734282901076	EIF3E;EIF3C;EIF3D	5.0
GO_Biological_Process_2021	cellular response to lectin (GO:1990858)	7/115	9.393032488227732e-07	1.0052192662840203e-05	0	0	15.278549382716047	212.03765575529388	PSMA5;PSMD12;PSMD6;PSMD11;PSMD7;PSMD14;PSMD3	5.0
GO_Biological_Process_2021	stimulatory C-type lectin receptor signaling pathway (GO:0002223)	7/115	9.393032488227732e-07	1.0052192662840203e-05	0	0	15.278549382716047	212.03765575529388	PSMA5;PSMD12;PSMD6;PSMD11;PSMD7;PSMD14;PSMD3	5.0
GO_Biological_Process_2021	tumor necrosis factor-mediated signaling pathway (GO:0033209)	7/116	9.959579680336218e-07	1.0474730353457056e-05	0	0	15.137614678899082	209.19518613473284	PSMA5;PSMD12;PSMD6;PSMD11;PSMD7;PSMD14;PSMD3	5.0
GO_Biological_Process_2021	alternative mRNA splicing, via spliceosome (GO:0000380)	4/18	1.1685941117793682e-06	1.2031284159858604e-05	0	0	65.33661740558293	892.4791903133745	HNRNPM;SFPQ;PUF60;SRSF1	5.0
GO_Biological_Process_2021	innate immune response activating cell surface receptor signaling pathway (GO:0002220)	7/119	1.1834049993303545e-06	1.2031284159858604e-05	0	0	14.729910714285714	201.0207807759012	PSMA5;PSMD12;PSMD6;PSMD11;PSMD7;PSMD14;PSMD3	5.0
GO_Biological_Process_2021	regulation of mRNA catabolic process (GO:0061013)	7/122	1.399555746987504e-06	1.3995557469875038e-05	0	0	14.343478260869563	193.3408453857942	PSMA5;PSMD12;PSMD6;PSMD11;PSMD7;PSMD14;PSMD3	5.0
GO_Biological_Process_2021	regulation of mitotic cell cycle (GO:0007346)	8/178	1.5235538250743585e-06	1.4989803762828363e-05	0	0	11.19149539333806	149.90409232824854	PSMA5;PRMT5;PSMD12;PSMD6;PSMD11;PSMD7;PSMD14;PSMD3	5.0
GO_Biological_Process_2021	non-canonical Wnt signaling pathway (GO:0035567)	7/124	1.5612805387563323e-06	1.511716077208512e-05	0	0	14.096866096866098	188.4751591368513	PSMA5;PSMD12;PSMD6;PSMD11;PSMD7;PSMD14;PSMD3	5.0
GO_Biological_Process_2021	cellular macromolecule biosynthetic process (GO:0034645)	10/314	1.6476605415843994e-06	1.5704264536976306e-05	0	0	7.961744639376218	106.01981875958492	EEF1A1;EEF1B2;RPS28;RPS29;RPL14;RPL24;RNPS1;RPL38;RPL6;RPS12	5.0
GO_Biological_Process_2021	positive regulation of RNA binding (GO:1905216)	3/6	1.8044140764557531e-06	1.6933732102123223e-05	0	0	226.20454545454547	2991.6172362492607	EIF3E;EIF3C;EIF3D	5.0
GO_Biological_Process_2021	DNA-dependent DNA replication (GO:0006261)	7/129	2.035304909958571e-06	1.8811151440526182e-05	0	0	13.515710382513662	177.121558825408	PSMA5;PSMD12;PSMD6;PSMD11;PSMD7;PSMD14;PSMD3	5.0
GO_Biological_Process_2021	positive regulation of canonical Wnt signaling pathway (GO:0090263)	7/130	2.1432449307887704e-06	1.92261677614875e-05	0	0	13.405149051490516	174.97995157661967	PSMA5;PSMD12;PSMD6;PSMD11;PSMD7;PSMD14;PSMD3	5.0
GO_Biological_Process_2021	regulation of primary metabolic process (GO:0080090)	7/130	2.1432449307887704e-06	1.92261677614875e-05	0	0	13.405149051490516	174.97995157661967	PSMA5;PSMD12;PSMD6;PSMD11;PSMD7;PSMD14;PSMD3	5.0
GO_Biological_Process_2021	cellular response to hypoxia (GO:0071456)	7/131	2.255929527553322e-06	1.9943724808804733e-05	0	0	13.296370967741936	172.87873006223168	PSMA5;PSMD12;PSMD6;PSMD11;PSMD7;PSMD14;PSMD3	5.0
GO_Biological_Process_2021	positive regulation of mRNA binding (GO:1902416)	3/7	3.147329626286118e-06	2.742672960049331e-05	0	0	169.64488636363637	2149.2236352929544	EIF3E;EIF3C;EIF3D	5.0
GO_Biological_Process_2021	protein-DNA complex assembly (GO:0065004)	7/143	4.042635405277403e-06	3.473250136928473e-05	0	0	12.115808823529411	150.4615500558346	PSMA5;PSMD12;PSMD6;PSMD11;PSMD7;PSMD14;PSMD3	5.0
GO_Biological_Process_2021	regulation of mRNA stability (GO:0043488)	7/146	4.638174381599872e-06	3.9295644066332245e-05	0	0	11.852517985611511	145.5630220574841	PSMA5;PSMD12;PSMD6;PSMD11;PSMD7;PSMD14;PSMD3	5.0
GO_Biological_Process_2021	regulation of G2/M transition of mitotic cell cycle (GO:0010389)	7/149	5.305065868801865e-06	4.433000246533065e-05	0	0	11.600352112676056	140.90771814679744	PSMA5;PSMD12;PSMD6;PSMD11;PSMD7;PSMD14;PSMD3	5.0
GO_Biological_Process_2021	positive regulation of Wnt signaling pathway (GO:0030177)	7/153	6.316748269623614e-06	5.207049249284331e-05	0	0	11.280251141552512	135.05061838418706	PSMA5;PSMD12;PSMD6;PSMD11;PSMD7;PSMD14;PSMD3	5.0
GO_Biological_Process_2021	T cell receptor signaling pathway (GO:0050852)	7/158	7.80222040058879e-06	6.345805925812216e-05	0	0	10.903973509933774	128.2427468150135	PSMA5;PSMD12;PSMD6;PSMD11;PSMD7;PSMD14;PSMD3	5.0
GO_Biological_Process_2021	negative regulation of canonical Wnt signaling pathway (GO:0090090)	7/165	1.0359967338550188e-05	8.315236942783704e-05	0	0	10.417194092827003	119.563985584798	PSMA5;PSMD12;PSMD6;PSMD11;PSMD7;PSMD14;PSMD3	5.0
GO_Biological_Process_2021	neutrophil degranulation (GO:0043312)	11/481	1.1617999959859486e-05	9.203870098070502e-05	0	0	5.686941489361702	64.62045990054845	EEF1A1;PSMA5;PSMD12;PSMD6;PSMD11;PSMD7;PSMD14;PSMD3;HUWE1;PA2G4;SRP14	5.0
GO_Biological_Process_2021	neutrophil activation involved in immune response (GO:0002283)	11/485	1.2550941897253838e-05	9.815480201698514e-05	0	0	5.637790084388186	63.62649124064245	EEF1A1;PSMA5;PSMD12;PSMD6;PSMD11;PSMD7;PSMD14;PSMD3;HUWE1;PA2G4;SRP14	5.0
GO_Biological_Process_2021	protein polyubiquitination (GO:0000209)	9/314	1.3106860070166992e-05	0.00010120486889622616	0	0	7.054618152738905	79.31066131114069	PSMA5;PSMD12;PSMD6;PSMD11;PSMD7;PSMD14;PSMD3;HUWE1;PRPF19	5.0
GO_Biological_Process_2021	neutrophil mediated immunity (GO:0002446)	11/488	1.3292809504218627e-05	0.00010135767246966704	0	0	5.60146750524109	62.89488649367632	EEF1A1;PSMA5;PSMD12;PSMD6;PSMD11;PSMD7;PSMD14;PSMD3;HUWE1;PA2G4;SRP14	5.0
GO_Biological_Process_2021	proteasome-mediated ubiquitin-dependent protein catabolic process (GO:0043161)	9/321	1.5614465623007053e-05	0.00011759042012388028	0	0	6.893878986866792	76.29671508299086	PSMA5;PSMD12;PSMD6;PSMD11;PSMD7;PSMD14;PSMD3;HUWE1;KCTD17	5.0
GO_Biological_Process_2021	nucleic acid metabolic process (GO:0090304)	5/71	1.7931306740311734e-05	0.00013339142819012389	0	0	17.479739252995067	191.03541293361525	HNRNPM;NCBP2;DDX1;RBMX;HNRNPA0	5.0
GO_Biological_Process_2021	antigen receptor-mediated signaling pathway (GO:0050851)	7/185	2.174762771649213e-05	0.0001598319627356651	0	0	9.237359550561798	99.17234642172488	PSMA5;PSMD12;PSMD6;PSMD11;PSMD7;PSMD14;PSMD3	5.0
GO_Biological_Process_2021	regulation of mitotic cell cycle phase transition (GO:1901990)	7/188	2.411781746731755e-05	0.00017514129351266317	0	0	9.082872928176796	96.57418844407826	PSMA5;PSMD12;PSMD6;PSMD11;PSMD7;PSMD14;PSMD3	5.0
GO_Biological_Process_2021	spliceosomal tri-snRNP complex assembly (GO:0000244)	3/13	2.5214231178906645e-05	0.0001809491884603889	0	0	67.8375	718.2703689857386	PRPF6;DDX20;PRPF19	5.0
GO_Biological_Process_2021	negative regulation of Wnt signaling pathway (GO:0030178)	7/191	2.669713299249999e-05	0.0001893633851793604	0	0	8.933423913043478	94.07747965760409	PSMA5;PSMD12;PSMD6;PSMD11;PSMD7;PSMD14;PSMD3	5.0
GO_Biological_Process_2021	cellular response to tumor necrosis factor (GO:0071356)	7/194	2.9499665407567188e-05	0.00020560185068711843	0	0	8.788770053475936	91.67681735336612	PSMA5;PSMD12;PSMD6;PSMD11;PSMD7;PSMD14;PSMD3	5.0
GO_Biological_Process_2021	protein deubiquitination (GO:0016579)	8/267	2.966059485322364e-05	0.00020560185068711843	0	0	7.312648276503698	76.23941253433614	PSMA5;PSMD12;PSMD6;PSMD11;PSMD7;PSMD14;PSMD3;ACTB	5.0
GO_Biological_Process_2021	negative regulation of mRNA splicing, via spliceosome (GO:0048025)	3/14	3.1985191111611365e-05	0.00021922434357396557	0	0	61.667355371900825	638.2717765653198	RNPS1;RBMX;SRSF7	5.0
GO_Biological_Process_2021	ubiquitin-dependent protein catabolic process (GO:0006511)	9/354	3.36952531654255e-05	0.0002283789381212173	0	0	6.223966065747614	64.09535846006963	PSMA5;PSMD12;PSMD6;PSMD11;PSMD7;PSMD14;PSMD3;HUWE1;KCTD17	5.0
GO_Biological_Process_2021	ncRNA processing (GO:0034470)	7/201	3.699097945470279e-05	0.0002479615106304253	0	0	8.46864261168385	86.42111300530054	RPS28;BMS1;RPL14;RPL24;RPL38;TARBP2;RPL6	5.0
GO_Biological_Process_2021	protein modification by small protein removal (GO:0070646)	8/276	3.7536099611859134e-05	0.0002488806604699356	0	0	7.063837439309476	71.98196877057065	PSMA5;PSMD12;PSMD6;PSMD11;PSMD7;PSMD14;PSMD3;ACTB	5.0
GO_Biological_Process_2021	negative regulation of mRNA processing (GO:0050686)	3/15	3.984987807510003e-05	0.00026138092070764535	0	0	56.52556818181818	572.6261191809784	RNPS1;RBMX;SRSF7	5.0
GO_Biological_Process_2021	mRNA cis splicing, via spliceosome (GO:0045292)	3/16	4.8884574766446685e-05	0.0003172296873141753	0	0	52.17482517482517	517.8898532877189	NCBP2;SRSF1;SNRPC	5.0
GO_Biological_Process_2021	ribosome assembly (GO:0042255)	4/50	7.869565920366472e-05	0.0005053089696235314	0	0	19.85307346326837	187.6100068119366	RPS28;RPL10L;RPL24;RPL6	5.0
GO_Biological_Process_2021	negative regulation of RNA splicing (GO:0033119)	3/19	8.375551803356849e-05	0.0005321965208382998	0	0	42.38565340909091	397.8999203255709	RNPS1;RBMX;SRSF7	5.0
GO_Biological_Process_2021	rRNA metabolic process (GO:0016072)	6/162	9.721760322283396e-05	0.0006113684326384404	0	0	8.938009049773756	82.57432180177572	RPS28;BMS1;RPL14;RPL24;RPL38;RPL6	5.0
GO_Biological_Process_2021	regulation of alternative mRNA splicing, via spliceosome (GO:0000381)	4/54	0.000106577031711311	0.0006633876463663235	0	0	18.26114942528736	167.02820601322307	RBM8A;PUF60;RNPS1;RBMX	5.0
GO_Biological_Process_2021	ribosomal large subunit biogenesis (GO:0042273)	4/57	0.00013174151085496624	0.000811740622439691	0	0	17.22489698546953	153.8987497887898	RPL10L;RPL14;RPL24;RPL6	5.0
GO_Biological_Process_2021	rRNA processing (GO:0006364)	6/173	0.0001393843496299388	0.0008502445327426266	0	0	8.344628390278267	74.0859084209299	RPS28;BMS1;RPL14;RPL24;RPL38;RPL6	5.0
GO_Biological_Process_2021	positive regulation of mRNA processing (GO:0050685)	3/23	0.00015107260716925268	0.0009124187165667736	0	0	33.90170454545454	298.2587209795482	SNW1;NCBP2;RBMX	5.0
GO_Biological_Process_2021	regulation of canonical Wnt signaling pathway (GO:0060828)	7/253	0.0001564108903290857	0.0009353984617719832	0	0	6.66090785907859	58.369696103759686	PSMA5;PSMD12;PSMD6;PSMD11;PSMD7;PSMD14;PSMD3	5.0
GO_Biological_Process_2021	regulation of translation (GO:0006417)	6/178	0.0001628030256675566	0.0009641732588078594	0	0	8.1	70.65605310703458	NCBP2;DDX1;EIF3H;EIF3E;EIF3C;EIF3D	5.0
GO_Biological_Process_2021	post-translational protein modification (GO:0043687)	8/345	0.00017706739914208407	0.0010385683988141	0	0	5.597797719066175	48.35926316465479	PSMA5;PSMD12;PSMD6;PSMD11;PSMD7;PSMD14;PSMD3;DCUN1D1	5.0
GO_Biological_Process_2021	ribosomal large subunit assembly (GO:0000027)	3/25	0.000194910463273067	0.0011323369771101	0	0	30.81663223140496	263.2655728989224	RPL10L;RPL24;RPL6	5.0
GO_Biological_Process_2021	ribosome biogenesis (GO:0042254)	6/192	0.0002452624411076129	0.0014114159346758	0	0	7.485009487666034	62.224244140738165	RPS28;BMS1;RPL14;RPL24;RPL38;RPL6	5.0
GO_Biological_Process_2021	regulation of translational initiation (GO:0006446)	4/68	0.00026145318849893947	0.0014905275232182	0	0	14.25646551724138	117.6052237553147	NCBP2;DDX1;EIF3H;EIF3E	5.0
GO_Biological_Process_2021	DNA-templated transcription, termination (GO:0006353)	4/70	0.0002923322791578534	0.0016511360211693	0	0	13.823058167885756	112.4867871484014	PRMT5;NUDT21;NCBP2;SNRPG	5.0
GO_Biological_Process_2021	mRNA 5'-splice site recognition (GO:0000395)	2/6	0.0003035036602608174	0.0016985067225605	0	0	111.8258426966292	905.8023968713482	SRSF1;SNRPC	5.0
GO_Biological_Process_2021	MAPK cascade (GO:0000165)	7/303	0.0004667118497619381	0.0025881293486798	0	0	5.521677927927928	42.35015717081141	PSMA5;PSMD12;PSMD6;PSMD11;PSMD7;PSMD14;PSMD3	5.0
GO_Biological_Process_2021	termination of RNA polymerase II transcription (GO:0006369)	3/34	0.000492313571635662	0.002705507015295	0	0	21.859970674486803	166.4941648696068	NUDT21;NCBP2;SNRPG	5.0
GO_Biological_Process_2021	regulation of mRNA processing (GO:0050684)	3/36	0.0005835715305037674	0.003178380657208	0	0	20.53305785123967	152.89620238017142	RBM39;SRPK3;SRSF3	5.0
GO_Biological_Process_2021	cellular protein metabolic process (GO:0044267)	8/417	0.0006274901561643108	0.0033873362412409	0	0	4.59539870975344	33.88547092871694	EEF1A1;RPS28;RPS29;RPL14;RPL24;RPL38;RPL6;RPS12	5.0
GO_Biological_Process_2021	protein ubiquitination (GO:0016567)	9/525	0.0006422611690031553	0.0034366606411572	0	0	4.125	30.3208765682472	PSMA5;PSMD12;PSMD6;PSMD11;PSMD7;PSMD14;PSMD3;HUWE1;PRPF19	5.0
GO_Biological_Process_2021	actin-myosin filament sliding (GO:0033275)	3/38	0.0006849819924346206	0.0036020604774579	0	0	19.357792207792208	141.04315840930292	ACTC1;ACTN3;TPM4	5.0
GO_Biological_Process_2021	muscle filament sliding (GO:0030049)	3/38	0.0006849819924346206	0.0036020604774579	0	0	19.357792207792208	141.04315840930292	ACTC1;ACTN3;TPM4	5.0
GO_Biological_Process_2021	nucleocytoplasmic transport (GO:0006913)	3/40	0.0007969797201838036	0.0041551934129241	0	0	18.30958230958231	130.63303496700556	NCBP2;DDX20;SNRPG	5.0
GO_Biological_Process_2021	positive regulation of mRNA 3'-end processing (GO:0031442)	2/10	0.0008997797846246235	0.0046514039713645	0	0	55.901685393258425	392.0586726861853	NUDT21;NCBP2	5.0
GO_Biological_Process_2021	negative regulation of chromatin organization (GO:1905268)	2/13	0.0015458243502584	0.0077291217512923	0	0	40.64964249233912	263.0925328432116	H1-1;H1-3	5.0
GO_Biological_Process_2021	negative regulation of chromatin silencing (GO:0031936)	2/13	0.0015458243502584	0.0077291217512923	0	0	40.64964249233912	263.0925328432116	H1-1;H1-3	5.0
GO_Biological_Process_2021	negative regulation of gene silencing (GO:0060969)	2/13	0.0015458243502584	0.0077291217512923	0	0	40.64964249233912	263.0925328432116	H1-1;H1-3	5.0
GO_Biological_Process_2021	pre-mRNA cleavage required for polyadenylation (GO:0098789)	2/13	0.0015458243502584	0.0077291217512923	0	0	40.64964249233912	263.0925328432116	NUDT21;NCBP2	5.0
GO_Biological_Process_2021	mRNA cleavage involved in mRNA processing (GO:0098787)	2/14	0.0017981323113668	0.0089175667474289	0	0	37.26029962546816	235.52260572132244	NUDT21;NCBP2	5.0
GO_Biological_Process_2021	nucleosome positioning (GO:0016584)	2/15	0.0020686387832529	0.0101763682079379	0	0	34.392394122731204	212.57472723753835	H1-1;H1-3	5.0
GO_Biological_Process_2021	positive regulation of gene expression, epigenetic (GO:0045815)	3/57	0.0022323557317029	0.0108938959707105	0	0	12.53472222222222	76.5206920405033	H1-1;ACTB;H1-3	5.0
GO_Biological_Process_2021	regulation of chromatin silencing (GO:0031935)	2/16	0.0023571766245942	0.0114117281031941	0	0	31.93418940609952	193.21112986707715	H1-1;H1-3	5.0
GO_Biological_Process_2021	ribonucleoprotein complex biogenesis (GO:0022613)	3/60	0.0025852727930366	0.0124174519980502	0	0	11.873205741626794	70.73966038203203	RPS28;RPL14;RPL38	5.0
GO_Biological_Process_2021	negative regulation of ATP metabolic process (GO:1903579)	2/17	0.0026635798098832	0.0126936225314749	0	0	29.80374531835206	176.67911374226674	FIS1;ACTN3	5.0
GO_Biological_Process_2021	release of cytochrome c from mitochondria (GO:0001836)	2/18	0.0029876834195158	0.0139121136328602	0	0	27.939606741573037	162.42011357237996	FIS1;SFN	5.0
GO_Biological_Process_2021	positive regulation of mRNA splicing, via spliceosome (GO:0048026)	2/18	0.0029876834195158	0.0139121136328602	0	0	27.939606741573037	162.42011357237996	SNW1;RBMX	5.0
GO_Biological_Process_2021	regulation of mRNA polyadenylation (GO:1900363)	2/18	0.0029876834195158	0.0139121136328602	0	0	27.939606741573037	162.42011357237996	NUDT21;NCBP2	5.0
GO_Biological_Process_2021	cytoplasmic translational initiation (GO:0002183)	2/19	0.0033293236373079	0.0153855107481653	0	0	26.29477858559154	150.0113465316229	EIF3I;EIF3D	5.0
GO_Biological_Process_2021	transcription, DNA-templated (GO:0006351)	5/221	0.0033909661268904	0.0155525514090465	0	0	5.300656761412576	30.142928912536046	PRMT5;NCBP2;RNPS1;RBMX;GTF2E2	5.0
GO_Biological_Process_2021	transcription by RNA polymerase II (GO:0006366)	6/320	0.0034172742596267	0.0155562484953159	0	0	4.405020606968902	25.01572458686972	NUDT21;SNW1;NCBP2;SNRPG;RBMX;GTF2E2	5.0
GO_Biological_Process_2021	miRNA metabolic process (GO:0010586)	2/20	0.003688337741346	0.0165432795751549	0	0	24.83270911360799	139.12722450187454	SND1;TARBP2	5.0
GO_Biological_Process_2021	endoplasmic reticulum calcium ion homeostasis (GO:0032469)	2/20	0.003688337741346	0.0165432795751549	0	0	24.83270911360799	139.12722450187454	FIS1;KCTD17	5.0
GO_Biological_Process_2021	regulation of RNA splicing (GO:0043484)	3/76	0.0050406794648644	0.0224439012669147	0	0	9.263387297633871	49.005304796242974	RBM39;SRSF3;HNRNPH3	5.0
GO_Biological_Process_2021	DNA packaging (GO:0006323)	2/24	0.0052949165624022	0.0234050659642419	0	0	20.31358529111338	106.46366419478711	H1-1;H1-3	5.0
GO_Biological_Process_2021	RNA splicing, via transesterification reactions (GO:0000375)	2/25	0.005738397161348	0.0251828940174265	0	0	19.42940889106009	100.26692854608908	SF3B3;PRPF6	5.0
GO_Biological_Process_2021	positive regulation of cellular amide metabolic process (GO:0034250)	3/81	0.006018770310519	0.0262246420672616	0	0	8.667395104895105	44.31528441329418	EIF3E;EIF3C;EIF3D	5.0
GO_Biological_Process_2021	double-strand break repair (GO:0006302)	4/164	0.0067016739947545	0.0289930577078033	0	0	5.675	28.405633274480454	SFPQ;PSMD14;DDX1;PRPF19	5.0
GO_Biological_Process_2021	histone mRNA metabolic process (GO:0008334)	2/28	0.007166740296316	0.0307867012729071	0	0	17.18496110630942	84.86456833477345	NCBP2;SNRPG	5.0
GO_Biological_Process_2021	protein complex oligomerization (GO:0051259)	3/90	0.008048228769936	0.0343316052423844	0	0	7.767241379310345	37.45599327195804	NUDT21;G3BP2;RBMX	5.0
GO_Biological_Process_2021	positive regulation of RNA splicing (GO:0033120)	2/31	0.0087387083846252	0.037018139684871	0	0	15.404881828748549	73.0190302211722	SNW1;RBMX	5.0
GO_Biological_Process_2021	apoptotic mitochondrial changes (GO:0008637)	2/33	0.009864460788354	0.0414987660751447	0	0	14.409568684305908	66.55515792073881	FIS1;SFN	5.0
GO_Biological_Process_2021	cell-substrate junction assembly (GO:0007044)	2/34	0.0104502219351675	0.0436618861674808	0	0	13.958567415730338	63.6668693931801	ACTN3;PLEC	5.0
GO_Biological_Process_2021	positive regulation of translation (GO:0045727)	3/100	0.0107235720485245	0.0444991765278908	0	0	6.9629803186504216	31.57928099076808	EIF3E;EIF3C;EIF3D	5.0
GO_Biological_Process_2021	maturation of SSU-rRNA (GO:0030490)	2/35	0.011051043327559	0.0455482191203446	0	0	13.534899557371467	60.97784144343802	RPS28;BMS1	5.0
GO_Biological_Process_2021	positive regulation of cellular protein metabolic process (GO:0032270)	3/102	0.0113131046864969	0.0460066257250875	0	0	6.821625344352617	30.573116253509056	EIF3E;EIF3C;EIF3D	5.0
GO_Biological_Process_2021	regulation of protein catabolic process (GO:0042176)	3/102	0.0113131046864969	0.0460066257250875	0	0	6.821625344352617	30.573116253509056	EEF1A1;SF3B3;HUWE1	5.0
GO_Biological_Process_2021	negative regulation of DNA metabolic process (GO:0051053)	2/36	0.0116667789265867	0.0471306963259462	0	0	13.13615333773959	58.4691483430762	H1-1;H1-3	5.0
GO_Biological_Process_2021	translational elongation (GO:0006414)	3/104	0.0119210416577346	0.0478410224422243	0	0	6.685868586858686	29.614722175011007	EEF1A1;EEF1B2;MRPS23	5.0
GO_Biological_Process_2021	positive regulation of intrinsic apoptotic signaling pathway (GO:2001244)	2/40	0.0142759771439224	0.0569172944953771	0	0	11.75103489059728	49.9322280572435	FIS1;SFPQ	5.0
GO_Biological_Process_2021	regulation of DNA recombination (GO:0000018)	2/42	0.0156663367587263	0.0620549702780719	0	0	11.162359550561796	46.39345668997293	H1-1;H1-3	5.0
GO_Biological_Process_2021	chromosome condensation (GO:0030261)	2/45	0.0178559280699764	0.0702717169205525	0	0	10.382022471910112	41.7919980036468	H1-1;H1-3	5.0
GO_Biological_Process_2021	positive regulation of organelle assembly (GO:1902117)	2/46	0.0186129887586472	0.0723179818011133	0	0	10.145556690500513	40.41883887816029	G3BP2;KCTD17	5.0
GO_Biological_Process_2021	posttranscriptional regulation of gene expression (GO:0010608)	2/46	0.0186129887586472	0.0723179818011133	0	0	10.145556690500513	40.41883887816029	NUDT21;MATR3	5.0
GO_Biological_Process_2021	negative regulation of catabolic process (GO:0009895)	2/49	0.020963865245223	0.080453538235395	0	0	9.496533588333731	36.70367522158317	SF3B3;ACTN3	5.0
GO_Biological_Process_2021	positive regulation of macromolecule biosynthetic process (GO:0010557)	3/129	0.0211025674060052	0.080453538235395	0	0	5.35254329004329	20.652041968240923	EIF3E;EIF3C;EIF3D	5.0
GO_Biological_Process_2021	muscle contraction (GO:0006936)	3/129	0.0211025674060052	0.080453538235395	0	0	5.35254329004329	20.652041968240923	ACTC1;TPM4;ACTN3	5.0
GO_Biological_Process_2021	negative regulation of cellular respiration (GO:1901856)	1/5	0.0225459880333306	0.0806063080579277	0	0	55.29166666666666	209.67695566371845	ACTN3	5.0
GO_Biological_Process_2021	positive regulation of dopamine receptor signaling pathway (GO:0060161)	1/5	0.0225459880333306	0.0806063080579277	0	0	55.29166666666666	209.67695566371845	PRMT5	5.0
GO_Biological_Process_2021	regulation of vitamin D receptor signaling pathway (GO:0070562)	1/5	0.0225459880333306	0.0806063080579277	0	0	55.29166666666666	209.67695566371845	SNW1	5.0
GO_Biological_Process_2021	response to denervation involved in regulation of muscle adaptation (GO:0014894)	1/5	0.0225459880333306	0.0806063080579277	0	0	55.29166666666666	209.67695566371845	ACTN3	5.0
GO_Biological_Process_2021	negative regulation of lipid transport (GO:0032369)	1/5	0.0225459880333306	0.0806063080579277	0	0	55.29166666666666	209.67695566371845	FIS1	5.0
GO_Biological_Process_2021	ribose phosphate metabolic process (GO:0019693)	1/5	0.0225459880333306	0.0806063080579277	0	0	55.29166666666666	209.67695566371845	TKT	5.0
GO_Biological_Process_2021	positive regulation of nucleobase-containing compound transport (GO:0032241)	1/5	0.0225459880333306	0.0806063080579277	0	0	55.29166666666666	209.67695566371845	NCBP2	5.0
GO_Biological_Process_2021	spliceosomal conformational changes to generate catalytic conformation (GO:0000393)	1/5	0.0225459880333306	0.0806063080579277	0	0	55.29166666666666	209.67695566371845	PRPF19	5.0
GO_Biological_Process_2021	positive regulation of protein neddylation (GO:2000436)	1/5	0.0225459880333306	0.0806063080579277	0	0	55.29166666666666	209.67695566371845	DCUN1D1	5.0
GO_Biological_Process_2021	positive regulation of RNA export from nucleus (GO:0046833)	1/5	0.0225459880333306	0.0806063080579277	0	0	55.29166666666666	209.67695566371845	NCBP2	5.0
GO_Biological_Process_2021	intrinsic apoptotic signaling pathway in response to DNA damage (GO:0008630)	2/51	0.0225961945539436	0.0806063080579277	0	0	9.108002751662465	34.51909152088551	SNW1;SFN	5.0
GO_Biological_Process_2021	cytokine-mediated signaling pathway (GO:0019221)	7/621	0.0231100273958162	0.0819599808805109	0	0	2.618756786102063	9.866136519144474	PSMA5;PSMD12;PSMD6;PSMD11;PSMD7;PSMD14;PSMD3	5.0
GO_Biological_Process_2021	negative regulation of protein metabolic process (GO:0051248)	2/52	0.0234314873982083	0.0826196954503301	0	0	8.925393258426967	33.503021485763604	SF3B3;VBP1	5.0
GO_Biological_Process_2021	positive regulation of establishment of protein localization to mitochondrion (GO:1903749)	2/56	0.0268971580939329	0.0909759374853618	0	0	8.262588431127757	29.87532724797899	HUWE1;SFN	5.0
GO_Biological_Process_2021	negative regulation of metabolic process (GO:0009892)	2/56	0.0268971580939329	0.0909759374853618	0	0	8.262588431127757	29.87532724797899	FIS1;ACTN3	5.0
GO_Biological_Process_2021	positive regulation of autophagy of mitochondrion in response to mitochondrial depolarization (GO:1904925)	1/6	0.0269944994833614	0.0909759374853618	0	0	44.23111111111111	159.76817645417998	HUWE1	5.0
GO_Biological_Process_2021	negative regulation of endoplasmic reticulum calcium ion concentration (GO:0032471)	1/6	0.0269944994833614	0.0909759374853618	0	0	44.23111111111111	159.76817645417998	FIS1	5.0
GO_Biological_Process_2021	skeletal muscle thin filament assembly (GO:0030240)	1/6	0.0269944994833614	0.0909759374853618	0	0	44.23111111111111	159.76817645417998	ACTC1	5.0
GO_Biological_Process_2021	pentose-phosphate shunt, non-oxidative branch (GO:0009052)	1/6	0.0269944994833614	0.0909759374853618	0	0	44.23111111111111	159.76817645417998	TKT	5.0
GO_Biological_Process_2021	mRNA 3'-splice site recognition (GO:0000389)	1/6	0.0269944994833614	0.0909759374853618	0	0	44.23111111111111	159.76817645417998	SF3A2	5.0
GO_Biological_Process_2021	regulation of pro-B cell differentiation (GO:2000973)	1/6	0.0269944994833614	0.0909759374853618	0	0	44.23111111111111	159.76817645417998	NUDT21	5.0
GO_Biological_Process_2021	negative regulation of DNA recombination (GO:0045910)	2/57	0.0277940619555499	0.093155921938931	0	0	8.111950970377936	29.06457585127293	H1-1;H1-3	5.0
GO_Biological_Process_2021	positive regulation of intracellular protein transport (GO:0090316)	3/148	0.0300678763931465	0.0998334521795801	0	0	4.646708463949843	16.28345074273372	FIS1;HUWE1;SFN	5.0
GO_Biological_Process_2021	aldehyde biosynthetic process (GO:0046184)	1/7	0.0314229882270153	0.0998334521795801	0	0	36.85740740740741	127.53457405171322	TKT	5.0
GO_Biological_Process_2021	glyceraldehyde-3-phosphate metabolic process (GO:0019682)	1/7	0.0314229882270153	0.0998334521795801	0	0	36.85740740740741	127.53457405171322	TKT	5.0
GO_Biological_Process_2021	ribose phosphate biosynthetic process (GO:0046390)	1/7	0.0314229882270153	0.0998334521795801	0	0	36.85740740740741	127.53457405171322	TKT	5.0
GO_Biological_Process_2021	positive regulation of mitophagy in response to mitochondrial depolarization (GO:0098779)	1/7	0.0314229882270153	0.0998334521795801	0	0	36.85740740740741	127.53457405171322	HUWE1	5.0
GO_Biological_Process_2021	positive regulation of oxidative stress-induced cell death (GO:1903209)	1/7	0.0314229882270153	0.0998334521795801	0	0	36.85740740740741	127.53457405171322	SFPQ	5.0
GO_Biological_Process_2021	miRNA catabolic process (GO:0010587)	1/7	0.0314229882270153	0.0998334521795801	0	0	36.85740740740741	127.53457405171322	SND1	5.0
GO_Biological_Process_2021	miRNA loading onto RISC involved in gene silencing by miRNA (GO:0035280)	1/7	0.0314229882270153	0.0998334521795801	0	0	36.85740740740741	127.53457405171322	TARBP2	5.0
GO_Biological_Process_2021	modulation by symbiont of host apoptotic process (GO:0052150)	1/7	0.0314229882270153	0.0998334521795801	0	0	36.85740740740741	127.53457405171322	SFPQ	5.0
GO_Biological_Process_2021	protein localization to cytoplasmic stress granule (GO:1903608)	1/7	0.0314229882270153	0.0998334521795801	0	0	36.85740740740741	127.53457405171322	DDX1	5.0
GO_Biological_Process_2021	actin filament organization (GO:0007015)	3/152	0.0321739728768415	0.1015266249814366	0	0	4.521049420378279	15.537026905006876	EPS8;ACTC1;TPM4	5.0
GO_Biological_Process_2021	negative regulation of kinase activity (GO:0033673)	2/62	0.032455232576033	0.1015266249814366	0	0	7.4340823970037455	25.483243458774663	SFN;TARBP2	5.0
GO_Biological_Process_2021	double-strand break repair via nonhomologous end joining (GO:0006303)	2/62	0.032455232576033	0.1015266249814366	0	0	7.4340823970037455	25.483243458774663	PSMD14;PRPF19	5.0
GO_Biological_Process_2021	regulation of actin filament length (GO:0030832)	1/8	0.0358315430597973	0.1076711392437261	0	0	31.590476190476192	105.16237910185852	EPS8	5.0
GO_Biological_Process_2021	negative regulation of mitochondrial fusion (GO:0010637)	1/8	0.0358315430597973	0.1076711392437261	0	0	31.590476190476192	105.16237910185852	HUWE1	5.0
GO_Biological_Process_2021	regulation of chaperone-mediated autophagy (GO:1904714)	1/8	0.0358315430597973	0.1076711392437261	0	0	31.590476190476192	105.16237910185852	EEF1A1	5.0
GO_Biological_Process_2021	skeletal myofibril assembly (GO:0014866)	1/8	0.0358315430597973	0.1076711392437261	0	0	31.590476190476192	105.16237910185852	ACTC1	5.0
GO_Biological_Process_2021	cytoplasmic sequestering of NF-kappaB (GO:0007253)	1/8	0.0358315430597973	0.1076711392437261	0	0	31.590476190476192	105.16237910185852	G3BP2	5.0
GO_Biological_Process_2021	tubulin complex assembly (GO:0007021)	1/8	0.0358315430597973	0.1076711392437261	0	0	31.590476190476192	105.16237910185852	VBP1	5.0
GO_Biological_Process_2021	negative regulation by symbiont of host apoptotic process (GO:0033668)	1/8	0.0358315430597973	0.1076711392437261	0	0	31.590476190476192	105.16237910185852	SFPQ	5.0
GO_Biological_Process_2021	negative regulation by symbiont of host programmed cell death (GO:0052041)	1/8	0.0358315430597973	0.1076711392437261	0	0	31.590476190476192	105.16237910185852	SFPQ	5.0
GO_Biological_Process_2021	positive regulation of catabolic process (GO:0009896)	2/67	0.0373996307216649	0.1118322291187041	0	0	6.860501296456353	22.54425522327012	ACTN3;HUWE1	5.0
GO_Biological_Process_2021	actin-mediated cell contraction (GO:0070252)	1/9	0.0402202524791915	0.1162765593000324	0	0	27.64027777777778	88.81884342634399	ACTC1	5.0
GO_Biological_Process_2021	regulation of transmembrane transporter activity (GO:0022898)	1/9	0.0402202524791915	0.1162765593000324	0	0	27.64027777777778	88.81884342634399	ACTB	5.0
GO_Biological_Process_2021	histone arginine methylation (GO:0034969)	1/9	0.0402202524791915	0.1162765593000324	0	0	27.64027777777778	88.81884342634399	PRMT5	5.0
GO_Biological_Process_2021	positive regulation of mitochondrial calcium ion concentration (GO:0051561)	1/9	0.0402202524791915	0.1162765593000324	0	0	27.64027777777778	88.81884342634399	FIS1	5.0
GO_Biological_Process_2021	small RNA loading onto RISC (GO:0070922)	1/9	0.0402202524791915	0.1162765593000324	0	0	27.64027777777778	88.81884342634399	TARBP2	5.0
GO_Biological_Process_2021	mitochondrial fragmentation involved in apoptotic process (GO:0043653)	1/9	0.0402202524791915	0.1162765593000324	0	0	27.64027777777778	88.81884342634399	FIS1	5.0
GO_Biological_Process_2021	peroxisome fission (GO:0016559)	1/9	0.0402202524791915	0.1162765593000324	0	0	27.64027777777778	88.81884342634399	FIS1	5.0
GO_Biological_Process_2021	snRNA transcription by RNA polymerase II (GO:0042795)	2/70	0.0404960236352826	0.1165215774411434	0	0	6.556840713813616	21.024847370634298	NCBP2;GTF2E2	5.0
GO_Biological_Process_2021	cellular protein-containing complex assembly (GO:0034622)	3/168	0.041348877213676	0.1184169723020769	0	0	4.079338842975207	12.995590590806447	PSMD11;VBP1;RPL38	5.0
GO_Biological_Process_2021	snRNA transcription (GO:0009301)	2/71	0.0415490828336105	0.1184343015350582	0	0	6.461488356945123	20.5532179975281	NCBP2;GTF2E2	5.0
GO_Biological_Process_2021	cellular protein modification process (GO:0006464)	9/1025	0.0434099679572335	0.1203513931154575	0	0	2.04096648742078	6.402646958148051	PSMA5;PSMD12;PSMD6;PSMD11;PSMD7;PSMD14;PSMD3;DCUN1D1;PPP2R2A	5.0
GO_Biological_Process_2021	chromatin assembly (GO:0031497)	2/73	0.0436859095122523	0.1203513931154575	0	0	6.278841588858997	19.657355628252503	H1-1;H1-3	5.0
GO_Biological_Process_2021	adherens junction assembly (GO:0034333)	1/10	0.0445892046624482	0.1203513931154575	0	0	24.567901234567906	76.41264641223972	ACTB	5.0
GO_Biological_Process_2021	negative regulation of circadian rhythm (GO:0042754)	1/10	0.0445892046624482	0.1203513931154575	0	0	24.567901234567906	76.41264641223972	SFPQ	5.0
GO_Biological_Process_2021	apical protein localization (GO:0045176)	1/10	0.0445892046624482	0.1203513931154575	0	0	24.567901234567906	76.41264641223972	ACTB	5.0
GO_Biological_Process_2021	negative regulation of glycolytic process (GO:0045820)	1/10	0.0445892046624482	0.1203513931154575	0	0	24.567901234567906	76.41264641223972	ACTN3	5.0
GO_Biological_Process_2021	positive regulation of epidermis development (GO:0045684)	1/10	0.0445892046624482	0.1203513931154575	0	0	24.567901234567906	76.41264641223972	SFN	5.0
GO_Biological_Process_2021	retinoic acid receptor signaling pathway (GO:0048384)	1/10	0.0445892046624482	0.1203513931154575	0	0	24.567901234567906	76.41264641223972	SNW1	5.0
GO_Biological_Process_2021	negative regulation of purine nucleotide metabolic process (GO:1900543)	1/10	0.0445892046624482	0.1203513931154575	0	0	24.567901234567906	76.41264641223972	ACTN3	5.0
GO_Biological_Process_2021	positive regulation of skeletal muscle tissue development (GO:0048643)	1/10	0.0445892046624482	0.1203513931154575	0	0	24.567901234567906	76.41264641223972	ACTN3	5.0
GO_Biological_Process_2021	production of siRNA involved in RNA interference (GO:0030422)	1/10	0.0445892046624482	0.1203513931154575	0	0	24.567901234567906	76.41264641223972	TARBP2	5.0
GO_Biological_Process_2021	regulation of protein neddylation (GO:2000434)	1/10	0.0445892046624482	0.1203513931154575	0	0	24.567901234567906	76.41264641223972	DCUN1D1	5.0
GO_Biological_Process_2021	fibroblast growth factor receptor signaling pathway (GO:0008543)	2/75	0.0458629311711532	0.1232440000634514	0	0	6.1062028628597815	18.819916168297784	HNRNPM;NCBP2	5.0
GO_Biological_Process_2021	regulation of nucleic acid-templated transcription (GO:1903506)	5/430	0.0465018660277419	0.1244128871794851	0	0	2.665389876880985	8.178116706856247	PRMT5;SFPQ;NFIA;PSPC1;RPL6	5.0
GO_Biological_Process_2021	import into nucleus (GO:0051170)	2/77	0.0480792595826913	0.1266624168122541	0	0	5.942771535580524	18.03574341359152	SNRPG;DDX20	5.0
GO_Biological_Process_2021	positive regulation of protein modification by small protein conjugation or removal (GO:1903322)	2/77	0.0480792595826913	0.1266624168122541	0	0	5.942771535580524	18.03574341359152	DCUN1D1;HUWE1	5.0
GO_Biological_Process_2021	negative regulation of defense response to virus (GO:0050687)	1/11	0.0489384874443282	0.1266624168122541	0	0	22.11	66.71009583505662	TARBP2	5.0
GO_Biological_Process_2021	regulation of mitochondrial fusion (GO:0010635)	1/11	0.0489384874443282	0.1266624168122541	0	0	22.11	66.71009583505662	HUWE1	5.0
GO_Biological_Process_2021	regulation of mRNA 3'-end processing (GO:0031440)	1/11	0.0489384874443282	0.1266624168122541	0	0	22.11	66.71009583505662	NCBP2	5.0
GO_Biological_Process_2021	mitochondrion morphogenesis (GO:0070584)	1/11	0.0489384874443282	0.1266624168122541	0	0	22.11	66.71009583505662	FIS1	5.0
GO_Biological_Process_2021	proteasome assembly (GO:0043248)	1/11	0.0489384874443282	0.1266624168122541	0	0	22.11	66.71009583505662	PSMD11	5.0
GO_Biological_Process_2021	positive regulation of cellular biosynthetic process (GO:0031328)	3/180	0.0490038202749048	0.1266624168122541	0	0	3.800462249614792	11.461650751388548	EIF3E;EIF3C;EIF3D	5.0
GO_Biological_Process_2021	recombinational repair (GO:0000725)	2/79	0.050334019027132	0.1295516945424074	0	0	5.787830147380709	17.30025323429962	SFPQ;PSMD14	5.0
GO_Biological_Process_2021	actin crosslink formation (GO:0051764)	1/12	0.0532681882881208	0.1320877839664786	0	0	20.0989898989899	58.93859893285312	EPS8	5.0
GO_Biological_Process_2021	negative regulation of calcineurin-mediated signaling (GO:0106057)	1/12	0.0532681882881208	0.1320877839664786	0	0	20.0989898989899	58.93859893285312	ACTN3	5.0
GO_Biological_Process_2021	negative regulation of calcineurin-NFAT signaling cascade (GO:0070885)	1/12	0.0532681882881208	0.1320877839664786	0	0	20.0989898989899	58.93859893285312	ACTN3	5.0
GO_Biological_Process_2021	regulation of RNA export from nucleus (GO:0046831)	1/12	0.0532681882881208	0.1320877839664786	0	0	20.0989898989899	58.93859893285312	NCBP2	5.0
GO_Biological_Process_2021	exit from mitosis (GO:0010458)	1/12	0.0532681882881208	0.1320877839664786	0	0	20.0989898989899	58.93859893285312	EPS8	5.0
GO_Biological_Process_2021	hemidesmosome assembly (GO:0031581)	1/12	0.0532681882881208	0.1320877839664786	0	0	20.0989898989899	58.93859893285312	PLEC	5.0
GO_Biological_Process_2021	morphogenesis of a polarized epithelium (GO:0001738)	1/12	0.0532681882881208	0.1320877839664786	0	0	20.0989898989899	58.93859893285312	ACTB	5.0
GO_Biological_Process_2021	phosphate ion transmembrane transport (GO:0035435)	1/12	0.0532681882881208	0.1320877839664786	0	0	20.0989898989899	58.93859893285312	SLC25A3	5.0
GO_Biological_Process_2021	negative regulation of amyloid fibril formation (GO:1905907)	1/12	0.0532681882881208	0.1320877839664786	0	0	20.0989898989899	58.93859893285312	VBP1	5.0
GO_Biological_Process_2021	positive regulation of protein ubiquitination (GO:0031398)	2/82	0.0537863310880919	0.1328326395292958	0	0	5.569943820224719	16.279474837264313	DCUN1D1;HUWE1	5.0
GO_Biological_Process_2021	positive regulation of plasma membrane bounded cell projection assembly (GO:0120034)	2/83	0.0549553897234612	0.1351725311746424	0	0	5.500901650714384	15.959400252691434	EPS8;KCTD17	5.0
GO_Biological_Process_2021	regulation of gene expression (GO:0010468)	9/1079	0.0566605264793643	0.1356093456606642	0	0	1.9324253476179625	5.547369951763597	PRMT5;NUDT21;SFPQ;ACTC1;NFIA;PSPC1;MATR3;HNRNPH3;RPL6	5.0
GO_Biological_Process_2021	protein neddylation (GO:0045116)	1/13	0.0575783943051017	0.1356093456606642	0	0	18.423148148148147	52.59086388764015	DCUN1D1	5.0
GO_Biological_Process_2021	Golgi ribbon formation (GO:0090161)	1/13	0.0575783943051017	0.1356093456606642	0	0	18.423148148148147	52.59086388764015	PRMT5	5.0
GO_Biological_Process_2021	cell part morphogenesis (GO:0032990)	1/13	0.0575783943051017	0.1356093456606642	0	0	18.423148148148147	52.59086388764015	FIS1	5.0
GO_Biological_Process_2021	positive regulation of mRNA metabolic process (GO:1903313)	1/13	0.0575783943051017	0.1356093456606642	0	0	18.423148148148147	52.59086388764015	NUDT21	5.0
GO_Biological_Process_2021	positive regulation of ruffle assembly (GO:1900029)	1/13	0.0575783943051017	0.1356093456606642	0	0	18.423148148148147	52.59086388764015	EPS8	5.0
GO_Biological_Process_2021	regulation of mRNA metabolic process (GO:1903311)	1/13	0.0575783943051017	0.1356093456606642	0	0	18.423148148148147	52.59086388764015	SRPK3	5.0
GO_Biological_Process_2021	pentose-phosphate shunt (GO:0006098)	1/13	0.0575783943051017	0.1356093456606642	0	0	18.423148148148147	52.59086388764015	TKT	5.0
GO_Biological_Process_2021	muscle tissue development (GO:0060537)	1/13	0.0575783943051017	0.1356093456606642	0	0	18.423148148148147	52.59086388764015	SRPK3	5.0
GO_Biological_Process_2021	protein heterotetramerization (GO:0051290)	1/13	0.0575783943051017	0.1356093456606642	0	0	18.423148148148147	52.59086388764015	NUDT21	5.0
GO_Biological_Process_2021	endonucleolytic cleavage of tricistronic rRNA transcript (SSU-rRNA, 5.8S rRNA, LSU-rRNA) (GO:0000479)	1/13	0.0575783943051017	0.1356093456606642	0	0	18.423148148148147	52.59086388764015	BMS1	5.0
GO_Biological_Process_2021	protein targeting to membrane (GO:0006612)	2/87	0.0597202818135531	0.1401129688702593	0	0	5.240978189028421	14.769514616464974	FIS1;SRP14	5.0
GO_Biological_Process_2021	regulation of retinoic acid receptor signaling pathway (GO:0048385)	1/14	0.061869192229165	0.1413490908606392	0	0	17.005128205128205	47.32073015810725	SNW1	5.0
GO_Biological_Process_2021	positive regulation of glucose metabolic process (GO:0010907)	1/14	0.061869192229165	0.1413490908606392	0	0	17.005128205128205	47.32073015810725	ACTN3	5.0
GO_Biological_Process_2021	heart process (GO:0003015)	1/14	0.061869192229165	0.1413490908606392	0	0	17.005128205128205	47.32073015810725	ACTC1	5.0
GO_Biological_Process_2021	negative regulation of translational initiation (GO:0045947)	1/14	0.061869192229165	0.1413490908606392	0	0	17.005128205128205	47.32073015810725	EIF3E	5.0
GO_Biological_Process_2021	cytoplasmic sequestering of transcription factor (GO:0042994)	1/14	0.061869192229165	0.1413490908606392	0	0	17.005128205128205	47.32073015810725	G3BP2	5.0
GO_Biological_Process_2021	pre-miRNA processing (GO:0031054)	1/14	0.061869192229165	0.1413490908606392	0	0	17.005128205128205	47.32073015810725	TARBP2	5.0
GO_Biological_Process_2021	peptidyl-serine dephosphorylation (GO:0070262)	1/14	0.061869192229165	0.1413490908606392	0	0	17.005128205128205	47.32073015810725	PPP2R2A	5.0
GO_Biological_Process_2021	regulation of cysteine-type endopeptidase activity involved in apoptotic process (GO:0043281)	2/89	0.0621544876855979	0.1414710354037864	0	0	5.11997933617461	14.223979745424447	FIS1;SFN	5.0
GO_Biological_Process_2021	regulation of cellular macromolecule biosynthetic process (GO:2000112)	5/468	0.0623900153687968	0.1414792170073089	0	0	2.441860465116279	6.774575646166123	PRMT5;SFPQ;NFIA;PSPC1;RPL6	5.0
GO_Biological_Process_2021	negative regulation of protein kinase activity (GO:0006469)	2/90	0.0633841770096612	0.1432012887996051	0	0	5.061542390194076	13.962472321322544	SFN;TARBP2	5.0
GO_Biological_Process_2021	modification-dependent protein catabolic process (GO:0019941)	3/201	0.0639355580313368	0.1439139867126033	0	0	3.393767217630854	9.332451268278032	PSMD11;PSMD14;PSMD3	5.0
GO_Biological_Process_2021	cellular response to fibroblast growth factor stimulus (GO:0044344)	2/92	0.0658682314274231	0.1440921705469195	0	0	4.94856429463171	13.46058491856665	HNRNPM;NCBP2	5.0
GO_Biological_Process_2021	regulation of aerobic respiration (GO:1903715)	1/15	0.0661406684477663	0.1440921705469195	0	0	15.78968253968254	42.884327217943145	ACTN3	5.0
GO_Biological_Process_2021	regulation of amyloid fibril formation (GO:1905906)	1/15	0.0661406684477663	0.1440921705469195	0	0	15.78968253968254	42.884327217943145	VBP1	5.0
GO_Biological_Process_2021	positive regulation of histone H3-K4 methylation (GO:0051571)	1/15	0.0661406684477663	0.1440921705469195	0	0	15.78968253968254	42.884327217943145	SNW1	5.0
GO_Biological_Process_2021	histone H3 deacetylation (GO:0070932)	1/15	0.0661406684477663	0.1440921705469195	0	0	15.78968253968254	42.884327217943145	SFPQ	5.0
GO_Biological_Process_2021	cardiac myofibril assembly (GO:0055003)	1/15	0.0661406684477663	0.1440921705469195	0	0	15.78968253968254	42.884327217943145	ACTC1	5.0
GO_Biological_Process_2021	tRNA splicing, via endonucleolytic cleavage and ligation (GO:0006388)	1/15	0.0661406684477663	0.1440921705469195	0	0	15.78968253968254	42.884327217943145	DDX1	5.0
GO_Biological_Process_2021	peptidyl-arginine modification (GO:0018195)	1/15	0.0661406684477663	0.1440921705469195	0	0	15.78968253968254	42.884327217943145	PRMT5	5.0
GO_Biological_Process_2021	protein localization to cell-cell junction (GO:0150105)	1/15	0.0661406684477663	0.1440921705469195	0	0	15.78968253968254	42.884327217943145	ACTB	5.0
GO_Biological_Process_2021	nucleosome organization (GO:0034728)	2/94	0.0683845325539456	0.1484504087469993	0	0	4.8404982901807525	12.985162400470038	H1-1;H1-3	5.0
GO_Biological_Process_2021	positive regulation of gene expression (GO:0010628)	5/482	0.0689334400348581	0.149111341919374	0	0	2.368485203061772	6.334783391868813	ACTC1;EIF3E;EIF3C;EIF3D;ACTB	5.0
GO_Biological_Process_2021	RNA splicing, via endonucleolytic cleavage and ligation (GO:0000394)	1/16	0.0703929089335409	0.1506655243840701	0	0	14.736296296296295	39.10516049943563	DDX1	5.0
GO_Biological_Process_2021	regulation of oxidative phosphorylation (GO:0002082)	1/16	0.0703929089335409	0.1506655243840701	0	0	14.736296296296295	39.10516049943563	ACTN3	5.0
GO_Biological_Process_2021	positive regulation by host of viral transcription (GO:0043923)	1/16	0.0703929089335409	0.1506655243840701	0	0	14.736296296296295	39.10516049943563	SNW1	5.0
GO_Biological_Process_2021	double-strand break repair via homologous recombination (GO:0000724)	2/97	0.0722177537900098	0.1540308734682028	0	0	4.686930810171496	12.31757928250425	SFPQ;PSMD14	5.0
GO_Biological_Process_2021	establishment of protein localization to endoplasmic reticulum (GO:0072599)	1/17	0.0746259993488433	0.1543113884840489	0	0	13.814583333333331	35.852522791117856	SRP14	5.0
GO_Biological_Process_2021	regulation of cellular respiration (GO:0043457)	1/17	0.0746259993488433	0.1543113884840489	0	0	13.814583333333331	35.852522791117856	ACTN3	5.0
GO_Biological_Process_2021	ribosomal small subunit assembly (GO:0000028)	1/17	0.0746259993488433	0.1543113884840489	0	0	13.814583333333331	35.852522791117856	RPS28	5.0
GO_Biological_Process_2021	RNA interference (GO:0016246)	1/17	0.0746259993488433	0.1543113884840489	0	0	13.814583333333331	35.852522791117856	TARBP2	5.0
GO_Biological_Process_2021	positive regulation of stem cell differentiation (GO:2000738)	1/17	0.0746259993488433	0.1543113884840489	0	0	13.814583333333331	35.852522791117856	NUDT21	5.0
GO_Biological_Process_2021	positive regulation of transcription of Notch receptor target (GO:0007221)	1/17	0.0746259993488433	0.1543113884840489	0	0	13.814583333333331	35.852522791117856	SNW1	5.0
GO_Biological_Process_2021	phosphate ion transport (GO:0006817)	1/17	0.0746259993488433	0.1543113884840489	0	0	13.814583333333331	35.852522791117856	SLC25A3	5.0
GO_Biological_Process_2021	muscle tissue morphogenesis (GO:0060415)	1/17	0.0746259993488433	0.1543113884840489	0	0	13.814583333333331	35.852522791117856	ACTC1	5.0
GO_Biological_Process_2021	protein heterooligomerization (GO:0051291)	1/17	0.0746259993488433	0.1543113884840489	0	0	13.814583333333331	35.852522791117856	NUDT21	5.0
GO_Biological_Process_2021	epithelial cell differentiation (GO:0030855)	2/101	0.0774344353628448	0.159040422799109	0	0	4.49665191238225	11.503891140097563	TAGLN2;HNRNPH3	5.0
GO_Biological_Process_2021	positive regulation of protein localization to membrane (GO:1905477)	2/101	0.0774344353628448	0.159040422799109	0	0	4.49665191238225	11.503891140097563	FIS1;SFN	5.0
GO_Biological_Process_2021	3'-UTR-mediated mRNA stabilization (GO:0070935)	1/18	0.0788400249120094	0.1592464079348535	0	0	13.001307189542484	33.02766894797317	HNRNPA0	5.0
GO_Biological_Process_2021	dendritic cell migration (GO:0036336)	1/18	0.0788400249120094	0.1592464079348535	0	0	13.001307189542484	33.02766894797317	EPS8	5.0
GO_Biological_Process_2021	mitochondrial fission (GO:0000266)	1/18	0.0788400249120094	0.1592464079348535	0	0	13.001307189542484	33.02766894797317	FIS1	5.0
GO_Biological_Process_2021	mitochondrial fusion (GO:0008053)	1/18	0.0788400249120094	0.1592464079348535	0	0	13.001307189542484	33.02766894797317	FIS1	5.0
GO_Biological_Process_2021	regulation of oxidative stress-induced intrinsic apoptotic signaling pathway (GO:1902175)	1/18	0.0788400249120094	0.1592464079348535	0	0	13.001307189542484	33.02766894797317	SFPQ	5.0
GO_Biological_Process_2021	actin filament capping (GO:0051693)	1/19	0.0830350705457495	0.1628662155398945	0	0	12.278395061728396	30.55469063103589	EPS8	5.0
GO_Biological_Process_2021	establishment of skin barrier (GO:0061436)	1/19	0.0830350705457495	0.1628662155398945	0	0	12.278395061728396	30.55469063103589	SFN	5.0
GO_Biological_Process_2021	Rac protein signal transduction (GO:0016601)	1/19	0.0830350705457495	0.1628662155398945	0	0	12.278395061728396	30.55469063103589	EPS8	5.0
GO_Biological_Process_2021	positive regulation of cilium assembly (GO:0045724)	1/19	0.0830350705457495	0.1628662155398945	0	0	12.278395061728396	30.55469063103589	KCTD17	5.0
GO_Biological_Process_2021	barbed-end actin filament capping (GO:0051016)	1/19	0.0830350705457495	0.1628662155398945	0	0	12.278395061728396	30.55469063103589	EPS8	5.0
GO_Biological_Process_2021	regulation of water loss via skin (GO:0033561)	1/19	0.0830350705457495	0.1628662155398945	0	0	12.278395061728396	30.55469063103589	SFN	5.0
GO_Biological_Process_2021	positive regulation of G protein-coupled receptor signaling pathway (GO:0045745)	1/19	0.0830350705457495	0.1628662155398945	0	0	12.278395061728396	30.55469063103589	PRMT5	5.0
GO_Biological_Process_2021	positive regulation of mitochondrial fission (GO:0090141)	1/19	0.0830350705457495	0.1628662155398945	0	0	12.278395061728396	30.55469063103589	FIS1	5.0
GO_Biological_Process_2021	regulation of histone H3-K4 methylation (GO:0051569)	1/19	0.0830350705457495	0.1628662155398945	0	0	12.278395061728396	30.55469063103589	SNW1	5.0
GO_Biological_Process_2021	regulation of cell cycle process (GO:0010564)	2/106	0.0841168729401121	0.1644592708123986	0	0	4.279386343993085	10.59382674432107	PRMT5;SND1	5.0
GO_Biological_Process_2021	positive regulation of epidermal cell differentiation (GO:0045606)	1/20	0.0872112207421384	0.1667675380962521	0	0	11.63157894736842	28.37433281380585	SFN	5.0
GO_Biological_Process_2021	positive regulation of epithelial cell differentiation (GO:0030858)	1/20	0.0872112207421384	0.1667675380962521	0	0	11.63157894736842	28.37433281380585	SFN	5.0
GO_Biological_Process_2021	cardiac ventricle development (GO:0003231)	1/20	0.0872112207421384	0.1667675380962521	0	0	11.63157894736842	28.37433281380585	MATR3	5.0
GO_Biological_Process_2021	regulation of nuclear division (GO:0051783)	1/20	0.0872112207421384	0.1667675380962521	0	0	11.63157894736842	28.37433281380585	PRMT5	5.0
GO_Biological_Process_2021	production of small RNA involved in gene silencing by RNA (GO:0070918)	1/20	0.0872112207421384	0.1667675380962521	0	0	11.63157894736842	28.37433281380585	TARBP2	5.0
GO_Biological_Process_2021	regulation of protein localization to cell periphery (GO:1904375)	1/20	0.0872112207421384	0.1667675380962521	0	0	11.63157894736842	28.37433281380585	ACTB	5.0
GO_Biological_Process_2021	regulation of protein modification by small protein conjugation or removal (GO:1903320)	1/20	0.0872112207421384	0.1667675380962521	0	0	11.63157894736842	28.37433281380585	DCUN1D1	5.0
GO_Biological_Process_2021	regulation of protein ubiquitination (GO:0031396)	2/109	0.0882081962688464	0.1681468741374886	0	0	4.1587734957471385	10.097732410741388	HUWE1;DCUN1D1	5.0
GO_Biological_Process_2021	regulation of protein kinase activity (GO:0045859)	2/110	0.0895850871378495	0.1702395736887483	0	0	4.120058260507698	9.939914170858712	SFN;TARBP2	5.0
GO_Biological_Process_2021	focal adhesion assembly (GO:0048041)	1/21	0.0913685596546413	0.1714917581210191	0	0	11.049444444444443	26.43970563474231	ACTN3	5.0
GO_Biological_Process_2021	calcium-mediated signaling using intracellular calcium source (GO:0035584)	1/21	0.0913685596546413	0.1714917581210191	0	0	11.049444444444443	26.43970563474231	FIS1	5.0
GO_Biological_Process_2021	histone ubiquitination (GO:0016574)	1/21	0.0913685596546413	0.1714917581210191	0	0	11.049444444444443	26.43970563474231	HUWE1	5.0
GO_Biological_Process_2021	intrinsic apoptotic signaling pathway in response to DNA damage by p53 class mediator (GO:0042771)	1/21	0.0913685596546413	0.1714917581210191	0	0	11.049444444444443	26.43970563474231	SNW1	5.0
GO_Biological_Process_2021	mitochondrial calcium ion homeostasis (GO:0051560)	1/22	0.0955071710697484	0.1770801652053087	0	0	10.522751322751322	24.71324912687108	FIS1	5.0
GO_Biological_Process_2021	organelle fusion (GO:0048284)	1/22	0.0955071710697484	0.1770801652053087	0	0	10.522751322751322	24.71324912687108	FIS1	5.0
GO_Biological_Process_2021	proteasomal ubiquitin-independent protein catabolic process (GO:0010499)	1/22	0.0955071710697484	0.1770801652053087	0	0	10.522751322751322	24.71324912687108	PSMA5	5.0
GO_Biological_Process_2021	protein import into peroxisome membrane (GO:0045046)	1/22	0.0955071710697484	0.1770801652053087	0	0	10.522751322751322	24.71324912687108	FIS1	5.0
GO_Biological_Process_2021	glucose 6-phosphate metabolic process (GO:0051156)	1/23	0.0996271383895574	0.1836028834369487	0	0	10.043939393939391	23.16454510995958	TKT	5.0
GO_Biological_Process_2021	membrane protein ectodomain proteolysis (GO:0006509)	1/23	0.0996271383895574	0.1836028834369487	0	0	10.043939393939391	23.16454510995958	RBMX	5.0
GO_Biological_Process_2021	positive regulation of cysteine-type endopeptidase activity involved in apoptotic process (GO:0043280)	2/119	0.1022556528995758	0.1877578998311377	0	0	3.801402093536925	8.668258126652075	FIS1;HSPE1	5.0
GO_Biological_Process_2021	regulation of ruffle assembly (GO:1900027)	1/24	0.1037285446608088	0.1877578998311377	0	0	9.606763285024154	21.76871367585296	EPS8	5.0
GO_Biological_Process_2021	positive regulation of cellular response to transforming growth factor beta stimulus (GO:1903846)	1/24	0.1037285446608088	0.1877578998311377	0	0	9.606763285024154	21.76871367585296	SNW1	5.0
GO_Biological_Process_2021	cardiac muscle cell development (GO:0055013)	1/24	0.1037285446608088	0.1877578998311377	0	0	9.606763285024154	21.76871367585296	ACTC1	5.0
GO_Biological_Process_2021	positive regulation of protein targeting to membrane (GO:0090314)	1/24	0.1037285446608088	0.1877578998311377	0	0	9.606763285024154	21.76871367585296	FIS1	5.0
GO_Biological_Process_2021	positive regulation of transforming growth factor beta receptor signaling pathway (GO:0030511)	1/24	0.1037285446608088	0.1877578998311377	0	0	9.606763285024154	21.76871367585296	SNW1	5.0
GO_Biological_Process_2021	protein homooligomerization (GO:0051260)	2/121	0.1051357868468695	0.1897421005224568	0	0	3.737135303559626	8.417906824254867	G3BP2;RBMX	5.0
GO_Biological_Process_2021	epithelium development (GO:0060429)	2/122	0.1065841587459412	0.1911773205475632	0	0	3.7058052434456927	8.296632314187134	TAGLN2;HNRNPH3	5.0
GO_Biological_Process_2021	regulation of proteolysis involved in cellular protein catabolic process (GO:1903050)	1/25	0.1078114725710848	0.1911773205475632	0	0	9.20601851851852	20.505220529335578	PSMD14	5.0
GO_Biological_Process_2021	negative regulation of cellular carbohydrate metabolic process (GO:0010677)	1/25	0.1078114725710848	0.1911773205475632	0	0	9.20601851851852	20.505220529335578	ACTN3	5.0
GO_Biological_Process_2021	regulation of epidermal cell differentiation (GO:0045604)	1/25	0.1078114725710848	0.1911773205475632	0	0	9.20601851851852	20.505220529335578	SFN	5.0
GO_Biological_Process_2021	regulation of mitochondrial fission (GO:0090140)	1/25	0.1078114725710848	0.1911773205475632	0	0	9.20601851851852	20.505220529335578	FIS1	5.0
GO_Biological_Process_2021	peroxisome organization (GO:0007031)	1/25	0.1078114725710848	0.1911773205475632	0	0	9.20601851851852	20.505220529335578	FIS1	5.0
GO_Biological_Process_2021	protein targeting (GO:0006605)	2/125	0.1109615528145358	0.1938760304494452	0	0	3.6148716543345207	7.947553826864435	FIS1;SRP14	5.0
GO_Biological_Process_2021	positive regulation of histone methylation (GO:0031062)	1/26	0.1118760044560733	0.1938760304494452	0	0	8.837333333333333	19.356977885596702	SNW1	5.0
GO_Biological_Process_2021	histone methylation (GO:0016571)	1/26	0.1118760044560733	0.1938760304494452	0	0	8.837333333333333	19.356977885596702	PRMT5	5.0
GO_Biological_Process_2021	positive regulation of protein insertion into mitochondrial membrane involved in apoptotic signaling pathway (GO:1900740)	1/26	0.1118760044560733	0.1938760304494452	0	0	8.837333333333333	19.356977885596702	SFN	5.0
GO_Biological_Process_2021	chaperone cofactor-dependent protein refolding (GO:0051085)	1/26	0.1118760044560733	0.1938760304494452	0	0	8.837333333333333	19.356977885596702	HSPE1	5.0
GO_Biological_Process_2021	organelle fission (GO:0048285)	1/26	0.1118760044560733	0.1938760304494452	0	0	8.837333333333333	19.356977885596702	FIS1	5.0
GO_Biological_Process_2021	DNA geometric change (GO:0032392)	1/26	0.1118760044560733	0.1938760304494452	0	0	8.837333333333333	19.356977885596702	DDX1	5.0
GO_Biological_Process_2021	regulation of protein insertion into mitochondrial membrane involved in apoptotic signaling pathway (GO:1900739)	1/26	0.1118760044560733	0.1938760304494452	0	0	8.837333333333333	19.356977885596702	SFN	5.0
GO_Biological_Process_2021	peroxisomal membrane transport (GO:0015919)	1/27	0.1159222222375367	0.200318854291494	0	0	8.497008547008546	18.309658301022694	FIS1	5.0
GO_Biological_Process_2021	Golgi organization (GO:0007030)	2/130	0.1183601934765363	0.2039540057081558	0	0	3.472787921348315	7.411008662088541	PRMT5;HUWE1	5.0
GO_Biological_Process_2021	regulation of calcineurin-NFAT signaling cascade (GO:0070884)	1/28	0.1199502075259735	0.2049569372292546	0	0	8.181893004115226	17.351165070718814	ACTN3	5.0
GO_Biological_Process_2021	carbohydrate derivative biosynthetic process (GO:1901137)	1/28	0.1199502075259735	0.2049569372292546	0	0	8.181893004115226	17.351165070718814	TKT	5.0
GO_Biological_Process_2021	cellular response to epidermal growth factor stimulus (GO:0071364)	1/28	0.1199502075259735	0.2049569372292546	0	0	8.181893004115226	17.351165070718814	EEF1A1	5.0
GO_Biological_Process_2021	regulation of protein targeting to membrane (GO:0090313)	1/29	0.1239600415911738	0.2088829430127514	0	0	7.889285714285714	16.47121924030951	FIS1	5.0
GO_Biological_Process_2021	protein targeting to peroxisome (GO:0006625)	1/29	0.1239600415911738	0.2088829430127514	0	0	7.889285714285714	16.47121924030951	FIS1	5.0
GO_Biological_Process_2021	regulation of ubiquitin-protein transferase activity (GO:0051438)	1/29	0.1239600415911738	0.2088829430127514	0	0	7.889285714285714	16.47121924030951	DCUN1D1	5.0
GO_Biological_Process_2021	positive regulation of viral genome replication (GO:0045070)	1/29	0.1239600415911738	0.2088829430127514	0	0	7.889285714285714	16.47121924030951	TARBP2	5.0
GO_Biological_Process_2021	production of miRNAs involved in gene silencing by miRNA (GO:0035196)	1/29	0.1239600415911738	0.2088829430127514	0	0	7.889285714285714	16.47121924030951	TARBP2	5.0
GO_Biological_Process_2021	cellular calcium ion homeostasis (GO:0006874)	2/136	0.1273969805517062	0.2115192445000801	0	0	3.316283749790374	6.833027688239336	ATP2B2;KCTD17	5.0
GO_Biological_Process_2021	Golgi to plasma membrane protein transport (GO:0043001)	1/30	0.1279518052795566	0.2115192445000801	0	0	7.616858237547893	15.661034464173188	KRT18	5.0
GO_Biological_Process_2021	maintenance of blood-brain barrier (GO:0035633)	1/30	0.1279518052795566	0.2115192445000801	0	0	7.616858237547893	15.661034464173188	ACTB	5.0
GO_Biological_Process_2021	maturation of SSU-rRNA from tricistronic rRNA transcript (SSU-rRNA, 5.8S rRNA, LSU-rRNA) (GO:0000462)	1/30	0.1279518052795566	0.2115192445000801	0	0	7.616858237547893	15.661034464173188	BMS1	5.0
GO_Biological_Process_2021	morphogenesis of an epithelium (GO:0002009)	1/30	0.1279518052795566	0.2115192445000801	0	0	7.616858237547893	15.661034464173188	ACTB	5.0
GO_Biological_Process_2021	ncRNA catabolic process (GO:0034661)	1/30	0.1279518052795566	0.2115192445000801	0	0	7.616858237547893	15.661034464173188	SND1	5.0
GO_Biological_Process_2021	regulation of protein localization to membrane (GO:1905475)	1/30	0.1279518052795566	0.2115192445000801	0	0	7.616858237547893	15.661034464173188	ACTB	5.0
GO_Biological_Process_2021	'de novo' posttranslational protein folding (GO:0051084)	1/31	0.1319255791544341	0.2151727360540235	0	0	7.362592592592593	14.91305874036	HSPE1	5.0
GO_Biological_Process_2021	regulation of cellular component size (GO:0032535)	1/31	0.1319255791544341	0.2151727360540235	0	0	7.362592592592593	14.91305874036	EPS8	5.0
GO_Biological_Process_2021	negative regulation of proteasomal ubiquitin-dependent protein catabolic process (GO:0032435)	1/31	0.1319255791544341	0.2151727360540235	0	0	7.362592592592593	14.91305874036	EIF3H	5.0
GO_Biological_Process_2021	positive regulation of protein targeting to mitochondrion (GO:1903955)	1/31	0.1319255791544341	0.2151727360540235	0	0	7.362592592592593	14.91305874036	HUWE1	5.0
GO_Biological_Process_2021	positive regulation of ubiquitin-protein transferase activity (GO:0051443)	1/31	0.1319255791544341	0.2151727360540235	0	0	7.362592592592593	14.91305874036	DCUN1D1	5.0
GO_Biological_Process_2021	transcription initiation from RNA polymerase II promoter (GO:0006367)	2/140	0.1335102958059117	0.2164169202184039	0	0	3.2195082234163817	6.482726686094543	SNW1;GTF2E2	5.0
GO_Biological_Process_2021	7-methylguanosine mRNA capping (GO:0006370)	1/32	0.1358814433502437	0.2164169202184039	0	0	7.124731182795699	14.220767606966223	NCBP2	5.0
GO_Biological_Process_2021	7-methylguanosine RNA capping (GO:0009452)	1/32	0.1358814433502437	0.2164169202184039	0	0	7.124731182795699	14.220767606966223	NCBP2	5.0
GO_Biological_Process_2021	gene silencing by miRNA (GO:0035195)	1/32	0.1358814433502437	0.2164169202184039	0	0	7.124731182795699	14.220767606966223	TARBP2	5.0
GO_Biological_Process_2021	cardiac muscle tissue morphogenesis (GO:0055008)	1/32	0.1358814433502437	0.2164169202184039	0	0	7.124731182795699	14.220767606966223	ACTC1	5.0
GO_Biological_Process_2021	RNA biosynthetic process (GO:0032774)	1/32	0.1358814433502437	0.2164169202184039	0	0	7.124731182795699	14.220767606966223	PRMT5	5.0
GO_Biological_Process_2021	DNA damage checkpoint signaling (GO:0000077)	1/32	0.1358814433502437	0.2164169202184039	0	0	7.124731182795699	14.220767606966223	PRPF19	5.0
GO_Biological_Process_2021	modulation by host of symbiont process (GO:0051851)	1/32	0.1358814433502437	0.2164169202184039	0	0	7.124731182795699	14.220767606966223	SNW1	5.0
GO_Biological_Process_2021	protein K63-linked deubiquitination (GO:0070536)	1/32	0.1358814433502437	0.2164169202184039	0	0	7.124731182795699	14.220767606966223	PSMD14	5.0
GO_Biological_Process_2021	Ras protein signal transduction (GO:0007265)	2/142	0.1365919130276743	0.2169819451741701	0	0	3.173194221508828	6.31706030789965	EPS8;G3BP2	5.0
GO_Biological_Process_2021	actin filament bundle assembly (GO:0051017)	1/33	0.139819477714127	0.2203872904537919	0	0	6.901736111111111	13.578497250356977	EPS8	5.0
GO_Biological_Process_2021	actin filament bundle organization (GO:0061572)	1/33	0.139819477714127	0.2203872904537919	0	0	6.901736111111111	13.578497250356977	EPS8	5.0
GO_Biological_Process_2021	positive regulation of ATP metabolic process (GO:1903580)	1/33	0.139819477714127	0.2203872904537919	0	0	6.901736111111111	13.578497250356977	ACTN3	5.0
GO_Biological_Process_2021	regulation of transmembrane transport (GO:0034762)	1/34	0.1437397616838324	0.2248237298131737	0	0	6.692255892255893	12.981308887513196	ACTB	5.0
GO_Biological_Process_2021	negative regulation of mitochondrion organization (GO:0010823)	1/34	0.1437397616838324	0.2248237298131737	0	0	6.692255892255893	12.981308887513196	HUWE1	5.0
GO_Biological_Process_2021	positive regulation of mitochondrial outer membrane permeabilization involved in apoptotic signaling pathway (GO:1901030)	1/34	0.1437397616838324	0.2248237298131737	0	0	6.692255892255893	12.981308887513196	SFN	5.0
GO_Biological_Process_2021	regulation of cytosolic calcium ion concentration (GO:0051480)	2/148	0.1459301204810938	0.2276659168630876	0	0	3.0418654763737107	5.854457638970256	FIS1;ATP2B2	5.0
GO_Biological_Process_2021	retina homeostasis (GO:0001895)	1/36	0.1515273946369231	0.232825467830033	0	0	6.309206349206349	11.90540201874753	ACTB	5.0
GO_Biological_Process_2021	regulation of defense response to virus by host (GO:0050691)	1/36	0.1515273946369231	0.232825467830033	0	0	6.309206349206349	11.90540201874753	TARBP2	5.0
GO_Biological_Process_2021	intrinsic apoptotic signaling pathway by p53 class mediator (GO:0072332)	1/36	0.1515273946369231	0.232825467830033	0	0	6.309206349206349	11.90540201874753	SNW1	5.0
GO_Biological_Process_2021	membrane fusion (GO:0061025)	1/36	0.1515273946369231	0.232825467830033	0	0	6.309206349206349	11.90540201874753	HUWE1	5.0
GO_Biological_Process_2021	mitochondrion disassembly (GO:0061726)	1/36	0.1515273946369231	0.232825467830033	0	0	6.309206349206349	11.90540201874753	FIS1	5.0
GO_Biological_Process_2021	platelet aggregation (GO:0070527)	1/36	0.1515273946369231	0.232825467830033	0	0	6.309206349206349	11.90540201874753	ACTB	5.0
GO_Biological_Process_2021	negative regulation of protein phosphorylation (GO:0001933)	2/152	0.1522281506834413	0.2333145023037668	0	0	2.960149812734082	5.572111684519699	SFN;TARBP2	5.0
GO_Biological_Process_2021	regulation of transport (GO:0051049)	1/37	0.1553949008269251	0.2369772237610607	0	0	6.133641975308642	11.419526641299596	ACTB	5.0
GO_Biological_Process_2021	ncRNA metabolic process (GO:0034660)	1/37	0.1553949008269251	0.2369772237610607	0	0	6.133641975308642	11.419526641299596	TARBP2	5.0
GO_Biological_Process_2021	positive regulation of cell development (GO:0010720)	1/38	0.1592449710043435	0.2398504501546902	0	0	5.967567567567568	10.964280902508728	SNW1	5.0
GO_Biological_Process_2021	negative regulation of proteasomal protein catabolic process (GO:1901799)	1/38	0.1592449710043435	0.2398504501546902	0	0	5.967567567567568	10.964280902508728	EIF3H	5.0
GO_Biological_Process_2021	negative regulation of ubiquitin-dependent protein catabolic process (GO:2000059)	1/38	0.1592449710043435	0.2398504501546902	0	0	5.967567567567568	10.964280902508728	EIF3H	5.0
GO_Biological_Process_2021	ventricular septum development (GO:0003281)	1/38	0.1592449710043435	0.2398504501546902	0	0	5.967567567567568	10.964280902508728	MATR3	5.0
GO_Biological_Process_2021	ncRNA export from nucleus (GO:0097064)	1/38	0.1592449710043435	0.2398504501546902	0	0	5.967567567567568	10.964280902508728	NCBP2	5.0
GO_Biological_Process_2021	negative regulation of nucleic acid-templated transcription (GO:1903507)	4/464	0.161079484494754	0.2420159742408866	0	0	1.943928035982009	3.5493352793634085	SFPQ;SNW1;PSPC1;PA2G4	5.0
GO_Biological_Process_2021	regulation of protein targeting to mitochondrion (GO:1903214)	1/39	0.1630776829486428	0.2420374369797375	0	0	5.810233918128655	10.53702543665738	HUWE1	5.0
GO_Biological_Process_2021	protein monoubiquitination (GO:0006513)	1/39	0.1630776829486428	0.2420374369797375	0	0	5.810233918128655	10.53702543665738	HUWE1	5.0
GO_Biological_Process_2021	membrane protein proteolysis (GO:0033619)	1/39	0.1630776829486428	0.2420374369797375	0	0	5.810233918128655	10.53702543665738	RBMX	5.0
GO_Biological_Process_2021	organophosphate biosynthetic process (GO:0090407)	1/39	0.1630776829486428	0.2420374369797375	0	0	5.810233918128655	10.53702543665738	TKT	5.0
GO_Biological_Process_2021	DNA integrity checkpoint signaling (GO:0031570)	1/39	0.1630776829486428	0.2420374369797375	0	0	5.810233918128655	10.53702543665738	PRPF19	5.0
GO_Biological_Process_2021	autophagy of mitochondrion (GO:0000422)	1/40	0.1668931140336256	0.2459053129480957	0	0	5.660968660968661	10.135407955018016	FIS1	5.0
GO_Biological_Process_2021	ribosomal small subunit biogenesis (GO:0042274)	1/40	0.1668931140336256	0.2459053129480957	0	0	5.660968660968661	10.135407955018016	RPS28	5.0
GO_Biological_Process_2021	stem cell differentiation (GO:0048863)	1/40	0.1668931140336256	0.2459053129480957	0	0	5.660968660968661	10.135407955018016	PSMD11	5.0
GO_Biological_Process_2021	protein methylation (GO:0006479)	1/41	0.170691341323327	0.2490950196345203	0	0	5.519166666666667	9.757325781325308	PRMT5	5.0
GO_Biological_Process_2021	regulation of viral transcription (GO:0046782)	1/41	0.170691341323327	0.2490950196345203	0	0	5.519166666666667	9.757325781325308	TARBP2	5.0
GO_Biological_Process_2021	heart contraction (GO:0060047)	1/41	0.170691341323327	0.2490950196345203	0	0	5.519166666666667	9.757325781325308	ACTC1	5.0
GO_Biological_Process_2021	nucleobase-containing compound catabolic process (GO:0034655)	1/41	0.170691341323327	0.2490950196345203	0	0	5.519166666666667	9.757325781325308	SND1	5.0
GO_Biological_Process_2021	ATP-dependent chromatin remodeling (GO:0043044)	1/42	0.174472441534073	0.2527985494911747	0	0	5.384281842818428	9.400894059774712	ACTB	5.0
GO_Biological_Process_2021	negative regulation of protein catabolic process (GO:0042177)	1/42	0.174472441534073	0.2527985494911747	0	0	5.384281842818428	9.400894059774712	SF3B3	5.0
GO_Biological_Process_2021	nucleic acid-templated transcription (GO:0097659)	1/42	0.174472441534073	0.2527985494911747	0	0	5.384281842818428	9.400894059774712	RNPS1	5.0
GO_Biological_Process_2021	DNA-templated transcription, initiation (GO:0006352)	2/168	0.1779147332728241	0.2558217870747179	0	0	2.6726682008934617	4.614230340699538	SNW1;GTF2E2	5.0
GO_Biological_Process_2021	cellular response to retinoic acid (GO:0071300)	1/43	0.1782364909946805	0.2558217870747179	0	0	5.2558201058201055	9.064418660017266	SNW1	5.0
GO_Biological_Process_2021	substantia nigra development (GO:0021762)	1/43	0.1782364909946805	0.2558217870747179	0	0	5.2558201058201055	9.064418660017266	ACTB	5.0
GO_Biological_Process_2021	myofibril assembly (GO:0030239)	1/43	0.1782364909946805	0.2558217870747179	0	0	5.2558201058201055	9.064418660017266	ACTC1	5.0
GO_Biological_Process_2021	negative regulation of apoptotic process (GO:0043066)	4/485	0.1796634230022097	0.2572645258951829	0	0	1.8570506846368915	3.1879432929392832	SFPQ;KRT18;SFN;PA2G4	5.0
GO_Biological_Process_2021	homotypic cell-cell adhesion (GO:0034109)	1/44	0.1819835657775782	0.258764510779307	0	0	5.133333333333334	8.74637298872691	ACTB	5.0
GO_Biological_Process_2021	mRNA stabilization (GO:0048255)	1/44	0.1819835657775782	0.258764510779307	0	0	5.133333333333334	8.74637298872691	HNRNPA0	5.0
GO_Biological_Process_2021	protein K63-linked ubiquitination (GO:0070534)	1/44	0.1819835657775782	0.258764510779307	0	0	5.133333333333334	8.74637298872691	PRPF19	5.0
GO_Biological_Process_2021	positive regulation of nervous system development (GO:0051962)	1/45	0.1857137415681219	0.2628431145163674	0	0	5.016414141414141	8.445378081370217	SNW1	5.0
GO_Biological_Process_2021	positive regulation of Notch signaling pathway (GO:0045747)	1/45	0.1857137415681219	0.2628431145163674	0	0	5.016414141414141	8.445378081370217	SNW1	5.0
GO_Biological_Process_2021	positive regulation of nucleocytoplasmic transport (GO:0046824)	1/46	0.1894270937743082	0.2674780722276111	0	0	4.904691358024691	8.160185435636516	NCBP2	5.0
GO_Biological_Process_2021	positive regulation of developmental process (GO:0051094)	2/177	0.1926481311778784	0.2708171388418566	0	0	2.5340609951845905	4.173319480657611	FIS1;PA2G4	5.0
GO_Biological_Process_2021	negative regulation of cold-induced thermogenesis (GO:0120163)	1/47	0.1931236973708322	0.2708171388418566	0	0	4.797826086956522	7.889662170918938	ACTN3	5.0
GO_Biological_Process_2021	histone deacetylation (GO:0016575)	1/47	0.1931236973708322	0.2708171388418566	0	0	4.797826086956522	7.889662170918938	SFPQ	5.0
GO_Biological_Process_2021	establishment of protein localization to mitochondrion (GO:0072655)	1/48	0.1968036270868368	0.274087243203129	0	0	4.695508274231679	7.63277814208722	FIS1	5.0
GO_Biological_Process_2021	base-excision repair (GO:0006284)	1/48	0.1968036270868368	0.274087243203129	0	0	4.695508274231679	7.63277814208722	HUWE1	5.0
GO_Biological_Process_2021	regulation of mitochondrion organization (GO:0010821)	1/48	0.1968036270868368	0.274087243203129	0	0	4.695508274231679	7.63277814208722	FIS1	5.0
GO_Biological_Process_2021	adherens junction organization (GO:0034332)	1/49	0.2004669573314919	0.2772898956285943	0	0	4.597453703703704	7.388594729250947	ACTB	5.0
GO_Biological_Process_2021	response to unfolded protein (GO:0006986)	1/49	0.2004669573314919	0.2772898956285943	0	0	4.597453703703704	7.388594729250947	HSPE1	5.0
GO_Biological_Process_2021	RNA catabolic process (GO:0006401)	1/49	0.2004669573314919	0.2772898956285943	0	0	4.597453703703704	7.388594729250947	SND1	5.0
GO_Biological_Process_2021	blood circulation (GO:0008015)	1/51	0.2077441151626174	0.2847728320206666	0	0	4.413111111111111	6.934975389189486	ACTC1	5.0
GO_Biological_Process_2021	mitotic nuclear membrane organization (GO:0101024)	1/51	0.2077441151626174	0.2847728320206666	0	0	4.413111111111111	6.934975389189486	PPP2R2A	5.0
GO_Biological_Process_2021	mitotic nuclear membrane reassembly (GO:0007084)	1/51	0.2077441151626174	0.2847728320206666	0	0	4.413111111111111	6.934975389189486	PPP2R2A	5.0
GO_Biological_Process_2021	DNA duplex unwinding (GO:0032508)	1/51	0.2077441151626174	0.2847728320206666	0	0	4.413111111111111	6.934975389189486	DDX1	5.0
GO_Biological_Process_2021	positive regulation of developmental growth (GO:0048639)	1/52	0.2113580898786739	0.2877866848794444	0	0	4.326361655773421	6.724037669112319	ACTN3	5.0
GO_Biological_Process_2021	signal transduction in response to DNA damage (GO:0042770)	1/52	0.2113580898786739	0.2877866848794444	0	0	4.326361655773421	6.724037669112319	PRPF19	5.0
GO_Biological_Process_2021	regulation of intrinsic apoptotic signaling pathway (GO:2001242)	1/52	0.2113580898786739	0.2877866848794444	0	0	4.326361655773421	6.724037669112319	FIS1	5.0
GO_Biological_Process_2021	supramolecular fiber organization (GO:0097435)	3/351	0.2146952258089136	0.2894547752621036	0	0	1.9162421630094044	2.948207190170097	ACTC1;TPM4;PLEC	5.0
GO_Biological_Process_2021	negative regulation of cysteine-type endopeptidase activity (GO:2000117)	1/53	0.2149557593339884	0.2894547752621036	0	0	4.2429487179487175	6.522782832535751	SFN	5.0
GO_Biological_Process_2021	heart morphogenesis (GO:0003007)	1/53	0.2149557593339884	0.2894547752621036	0	0	4.2429487179487175	6.522782832535751	ACTC1	5.0
GO_Biological_Process_2021	cardiac muscle tissue development (GO:0048738)	1/53	0.2149557593339884	0.2894547752621036	0	0	4.2429487179487175	6.522782832535751	ACTC1	5.0
GO_Biological_Process_2021	cellular macromolecule catabolic process (GO:0044265)	1/53	0.2149557593339884	0.2894547752621036	0	0	4.2429487179487175	6.522782832535751	SND1	5.0
GO_Biological_Process_2021	regulation of cyclin-dependent protein kinase activity (GO:1904029)	1/54	0.218537196270745	0.2923414248358651	0	0	4.1626834381551365	6.330604994411687	ACTB	5.0
GO_Biological_Process_2021	nuclear membrane reassembly (GO:0031468)	1/54	0.218537196270745	0.2923414248358651	0	0	4.1626834381551365	6.330604994411687	PPP2R2A	5.0
GO_Biological_Process_2021	regulation of proteasomal protein catabolic process (GO:0061136)	1/54	0.218537196270745	0.2923414248358651	0	0	4.1626834381551365	6.330604994411687	PSMD14	5.0
GO_Biological_Process_2021	protein targeting to mitochondrion (GO:0006626)	1/55	0.2221024731436683	0.2951688640907138	0	0	4.0853909465020575	6.146946271109125	FIS1	5.0
GO_Biological_Process_2021	negative regulation of cysteine-type endopeptidase activity involved in apoptotic process (GO:0043154)	1/55	0.2221024731436683	0.2951688640907138	0	0	4.0853909465020575	6.146946271109125	SFN	5.0
GO_Biological_Process_2021	regulation of cardiac conduction (GO:1903779)	1/55	0.2221024731436683	0.2951688640907138	0	0	4.0853909465020575	6.146946271109125	ATP2B2	5.0
GO_Biological_Process_2021	regulation of ATP metabolic process (GO:1903578)	1/56	0.225651662036551	0.2972948463116547	0	0	4.010909090909091	5.971292197329055	FIS1	5.0
GO_Biological_Process_2021	Rho protein signal transduction (GO:0007266)	1/56	0.225651662036551	0.2972948463116547	0	0	4.010909090909091	5.971292197329055	EPS8	5.0
GO_Biological_Process_2021	mitochondrial transport (GO:0006839)	1/56	0.225651662036551	0.2972948463116547	0	0	4.010909090909091	5.971292197329055	FIS1	5.0
GO_Biological_Process_2021	DNA damage response, signal transduction by p53 class mediator resulting in cell cycle arrest (GO:0006977)	1/56	0.225651662036551	0.2972948463116547	0	0	4.010909090909091	5.971292197329055	SFN	5.0
GO_Biological_Process_2021	regulation of mitotic nuclear division (GO:0007088)	1/57	0.2291848347206408	0.3012990284042908	0	0	3.9390873015873016	5.803167650681655	PRMT5	5.0
GO_Biological_Process_2021	positive regulation of mitochondrion organization (GO:0010822)	1/58	0.2327020627321415	0.3052650715410889	0	0	3.869785575048733	5.642133221925396	FIS1	5.0
GO_Biological_Process_2021	positive regulation of apoptotic signaling pathway (GO:2001235)	1/59	0.2362034172060933	0.3091933143684912	0	0	3.802873563218391	5.487781979629839	FIS1	5.0
GO_Biological_Process_2021	negative regulation of cellular macromolecule biosynthetic process (GO:2000113)	4/547	0.238238954381074	0.311190068891767	0	0	1.6397620710823226	2.352207697803515	SFPQ;SNW1;PSPC1;PA2G4	5.0
GO_Biological_Process_2021	Notch signaling pathway (GO:0007219)	1/60	0.2396889689588318	0.3124151091130073	0	0	3.738229755178908	5.339736572906059	SNW1	5.0
GO_Biological_Process_2021	mitotic cell cycle phase transition (GO:0044772)	2/209	0.2460541250918302	0.318715883825019	0	0	2.138848178906801	2.999100929769641	EPS8;PPP2R2A	5.0
GO_Biological_Process_2021	positive regulation of cysteine-type endopeptidase activity (GO:2001056)	1/62	0.2466129461728016	0.318715883825019	0	0	3.615300546448088	5.061186460857805	FIS1	5.0
GO_Biological_Process_2021	response to retinoic acid (GO:0032526)	1/62	0.2466129461728016	0.318715883825019	0	0	3.615300546448088	5.061186460857805	SNW1	5.0
GO_Biological_Process_2021	regulation of neurogenesis (GO:0050767)	1/62	0.2466129461728016	0.318715883825019	0	0	3.615300546448088	5.061186460857805	SNW1	5.0
GO_Biological_Process_2021	regulation of apoptotic process (GO:0042981)	5/742	0.2488746920433357	0.3209589051721665	0	0	1.5124167744785586	2.1034779523810334	KRT18;ACTN3;DDX20;RNPS1;PA2G4	5.0
GO_Biological_Process_2021	positive regulation of viral process (GO:0048524)	1/63	0.2500515117627875	0.3217962493149797	0	0	3.556810035842294	4.930052901535926	TARBP2	5.0
GO_Biological_Process_2021	regulation of cilium assembly (GO:1902017)	1/64	0.2534745549364011	0.3241498501283116	0	0	3.500176366843033	4.8039634880282005	KCTD17	5.0
GO_Biological_Process_2021	tRNA processing (GO:0008033)	1/64	0.2534745549364011	0.3241498501283116	0	0	3.500176366843033	4.8039634880282005	DDX1	5.0
GO_Biological_Process_2021	protein catabolic process (GO:0030163)	1/64	0.2534745549364011	0.3241498501283116	0	0	3.500176366843033	4.8039634880282005	PRPF19	5.0
GO_Biological_Process_2021	regulation of RNA metabolic process (GO:0051252)	1/65	0.2568821449606544	0.326454392554165	0	0	3.4453125	4.682654724384663	HNRNPH3	5.0
GO_Biological_Process_2021	inorganic anion transmembrane transport (GO:0098661)	1/65	0.2568821449606544	0.326454392554165	0	0	3.4453125	4.682654724384663	SLC25A3	5.0
GO_Biological_Process_2021	mitotic G1 DNA damage checkpoint signaling (GO:0031571)	1/65	0.2568821449606544	0.326454392554165	0	0	3.4453125	4.682654724384663	SFN	5.0
GO_Biological_Process_2021	cell-cell junction assembly (GO:0007043)	1/66	0.2602743508396837	0.3300776590690376	0	0	3.3921367521367523	4.565880548678803	ACTB	5.0
GO_Biological_Process_2021	regulation of viral genome replication (GO:0045069)	1/67	0.2636512412512848	0.332975687708662	0	0	3.3405723905723907	4.453410940878656	TARBP2	5.0
GO_Biological_Process_2021	transcription elongation from RNA polymerase II promoter (GO:0006368)	1/67	0.2636512412512848	0.332975687708662	0	0	3.3405723905723907	4.453410940878656	NCBP2	5.0
GO_Biological_Process_2021	DNA-templated transcription, elongation (GO:0006354)	1/69	0.2703593489278758	0.3407421546405046	0	0	3.241993464052288	4.240538094186325	NCBP2	5.0
GO_Biological_Process_2021	wound healing (GO:0042060)	1/70	0.2736907020312956	0.344229542761011	0	0	3.194847020933977	4.139744224865207	PLEC	5.0
GO_Biological_Process_2021	protein tetramerization (GO:0051262)	1/71	0.2770070114403383	0.3462587643004228	0	0	3.149047619047619	4.042471669030661	NUDT21	5.0
GO_Biological_Process_2021	Fc-gamma receptor signaling pathway involved in phagocytosis (GO:0038096)	1/71	0.2770070114403383	0.3462587643004228	0	0	3.149047619047619	4.042471669030661	ACTB	5.0
GO_Biological_Process_2021	regulation of glycolytic process (GO:0006110)	1/71	0.2770070114403383	0.3462587643004228	0	0	3.149047619047619	4.042471669030661	ACTN3	5.0
GO_Biological_Process_2021	transmembrane receptor protein tyrosine kinase signaling pathway (GO:0007169)	3/404	0.2790582533092341	0.346831825560378	0	0	1.6584674676944005	2.1167596205151464	HNRNPM;NCBP2;ACTB	5.0
GO_Biological_Process_2021	Fc-gamma receptor signaling pathway (GO:0038094)	1/72	0.2803083442643711	0.346831825560378	0	0	3.1045383411580594	3.9485538193516256	ACTB	5.0
GO_Biological_Process_2021	cell junction organization (GO:0034330)	1/72	0.2803083442643711	0.346831825560378	0	0	3.1045383411580594	3.9485538193516256	ACTB	5.0
GO_Biological_Process_2021	positive regulation of neurogenesis (GO:0050769)	1/72	0.2803083442643711	0.346831825560378	0	0	3.1045383411580594	3.9485538193516256	SNW1	5.0
GO_Biological_Process_2021	negative regulation of supramolecular fiber organization (GO:1902904)	1/72	0.2803083442643711	0.346831825560378	0	0	3.1045383411580594	3.9485538193516256	VBP1	5.0
GO_Biological_Process_2021	regulation of Rho protein signal transduction (GO:0035023)	1/73	0.2835947674102115	0.3487758228230423	0	0	3.0612654320987653	3.857834050222409	EPS8	5.0
GO_Biological_Process_2021	response to molecule of bacterial origin (GO:0002237)	1/73	0.2835947674102115	0.3487758228230423	0	0	3.0612654320987653	3.857834050222409	HNRNPA0	5.0
GO_Biological_Process_2021	transcription-coupled nucleotide-excision repair (GO:0006283)	1/73	0.2835947674102115	0.3487758228230423	0	0	3.0612654320987653	3.857834050222409	PRPF19	5.0
GO_Biological_Process_2021	proteolysis involved in cellular protein catabolic process (GO:0051603)	1/74	0.286866347500591	0.3492783871763683	0	0	3.0191780821917806	3.7701649960105934	PRPF19	5.0
GO_Biological_Process_2021	Fc receptor mediated stimulatory signaling pathway (GO:0002431)	1/74	0.286866347500591	0.3492783871763683	0	0	3.0191780821917806	3.7701649960105934	ACTB	5.0
GO_Biological_Process_2021	negative regulation of protein binding (GO:0032091)	1/74	0.286866347500591	0.3492783871763683	0	0	3.0191780821917806	3.7701649960105934	ACTB	5.0
GO_Biological_Process_2021	mitotic nuclear division (GO:0140014)	1/74	0.286866347500591	0.3492783871763683	0	0	3.0191780821917806	3.7701649960105934	EPS8	5.0
GO_Biological_Process_2021	DNA damage response, signal transduction by p53 class mediator (GO:0030330)	1/74	0.286866347500591	0.3492783871763683	0	0	3.0191780821917806	3.7701649960105934	SFN	5.0
GO_Biological_Process_2021	nucleic acid phosphodiester bond hydrolysis (GO:0090305)	1/75	0.2901231508061497	0.3525400836489071	0	0	2.9782282282282284	3.685407890205616	DDX1	5.0
GO_Biological_Process_2021	positive regulation of transcription, DNA-templated (GO:0045893)	7/1183	0.2923668919971792	0.3536616569435535	0	0	1.3274518140589568	1.6324282744320475	SFPQ;PRPF6;SNW1;NFIA;H1-1;RBMX;H1-3	5.0
GO_Biological_Process_2021	actomyosin structure organization (GO:0031032)	1/76	0.2933652433007182	0.3536616569435535	0	0	2.9383703703703703	3.603431958498573	ACTC1	5.0
GO_Biological_Process_2021	regulation of cell division (GO:0051302)	1/76	0.2933652433007182	0.3536616569435535	0	0	2.9383703703703703	3.603431958498573	SFN	5.0
GO_Biological_Process_2021	cell morphogenesis involved in neuron differentiation (GO:0048667)	1/76	0.2933652433007182	0.3536616569435535	0	0	2.9383703703703703	3.603431958498573	ACTB	5.0
GO_Biological_Process_2021	negative regulation of developmental process (GO:0051093)	1/77	0.2965926907692667	0.3568472216356068	0	0	2.899561403508772	3.5241138614323195	HUWE1	5.0
GO_Biological_Process_2021	membrane organization (GO:0061024)	2/242	0.3016689324788731	0.3622402535671509	0	0	1.8416666666666663	2.207099583106193	HUWE1;ACTB	5.0
GO_Biological_Process_2021	axon development (GO:0061564)	1/79	0.3030039118727295	0.3624164436124804	0	0	2.824928774928775	3.3729919722991	ACTB	5.0
GO_Biological_Process_2021	negative regulation of NF-kappaB transcription factor activity (GO:0032088)	1/79	0.3030039118727295	0.3624164436124804	0	0	2.824928774928775	3.3729919722991	G3BP2	5.0
GO_Biological_Process_2021	skin development (GO:0043588)	1/80	0.3061878155088421	0.3640829775056407	0	0	2.789029535864979	3.300974284480818	SFN	5.0
GO_Biological_Process_2021	regulation of organelle organization (GO:0033043)	1/80	0.3061878155088421	0.3640829775056407	0	0	2.789029535864979	3.300974284480818	FIS1	5.0
GO_Biological_Process_2021	regulation of protein localization to plasma membrane (GO:1903076)	1/80	0.3061878155088421	0.3640829775056407	0	0	2.789029535864979	3.300974284480818	ACTB	5.0
GO_Biological_Process_2021	activation of cysteine-type endopeptidase activity involved in apoptotic process (GO:0006919)	1/81	0.3093573340466671	0.367136135736317	0	0	2.754027777777778	3.2311858092469743	HSPE1	5.0
GO_Biological_Process_2021	regulation of cyclin-dependent protein serine/threonine kinase activity (GO:0000079)	1/82	0.3125125317289567	0.3687285190612449	0	0	2.7198902606310016	3.163533489654325	ACTB	5.0
GO_Biological_Process_2021	regulation of gene expression, epigenetic (GO:0040029)	1/82	0.3125125317289567	0.3687285190612449	0	0	2.7198902606310016	3.163533489654325	ACTB	5.0
GO_Biological_Process_2021	ephrin receptor signaling pathway (GO:0048013)	1/82	0.3125125317289567	0.3687285190612449	0	0	2.7198902606310016	3.163533489654325	ACTB	5.0
GO_Biological_Process_2021	regulation of Notch signaling pathway (GO:0008593)	1/83	0.3156534725793449	0.3717154792922787	0	0	2.6865853658536585	3.0979291843049017	SNW1	5.0
GO_Biological_Process_2021	positive regulation of protein catabolic process (GO:0045732)	1/85	0.3218928383179932	0.3783326230712444	0	0	2.622354497354497	2.972534772296902	HUWE1	5.0
GO_Biological_Process_2021	regulation of Ras protein signal transduction (GO:0046578)	1/86	0.3249913897203026	0.3797792102095491	0	0	2.591372549019608	2.9125902540604933	EPS8	5.0
GO_Biological_Process_2021	response to interleukin-1 (GO:0070555)	1/86	0.3249913897203026	0.3797792102095491	0	0	2.591372549019608	2.9125902540604933	RBMX	5.0
GO_Biological_Process_2021	negative regulation of phosphorylation (GO:0042326)	1/86	0.3249913897203026	0.3797792102095491	0	0	2.591372549019608	2.9125902540604933	ACTN3	5.0
GO_Biological_Process_2021	positive regulation of cell differentiation (GO:0045597)	2/258	0.3284592282448548	0.3830977614328135	0	0	1.7251580056179776	1.920691836749042	NUDT21;PA2G4	5.0
GO_Biological_Process_2021	negative regulation of binding (GO:0051100)	1/88	0.3311465440950161	0.3839246626696334	0	0	2.53154533844189	2.797849402738823	ACTB	5.0
GO_Biological_Process_2021	sensory perception of mechanical stimulus (GO:0050954)	1/88	0.3311465440950161	0.3839246626696334	0	0	2.53154533844189	2.797849402738823	ATP2B2	5.0
GO_Biological_Process_2021	metal ion transport (GO:0030001)	1/88	0.3311465440950161	0.3839246626696334	0	0	2.53154533844189	2.797849402738823	ATP2B2	5.0
GO_Biological_Process_2021	cellular component assembly (GO:0022607)	2/261	0.3334554438258391	0.3839246626696334	0	0	1.7049151880612554	1.872416327011926	EPS8;ACTB	5.0
GO_Biological_Process_2021	collagen fibril organization (GO:0030199)	1/89	0.3342032719304514	0.3839246626696334	0	0	2.502651515151515	2.742920757507892	PLEC	5.0
GO_Biological_Process_2021	mitochondrial translational elongation (GO:0070125)	1/89	0.3342032719304514	0.3839246626696334	0	0	2.502651515151515	2.742920757507892	MRPS23	5.0
GO_Biological_Process_2021	mitochondrial translational termination (GO:0070126)	1/89	0.3342032719304514	0.3839246626696334	0	0	2.502651515151515	2.742920757507892	MRPS23	5.0
GO_Biological_Process_2021	protein import (GO:0017038)	1/89	0.3342032719304514	0.3839246626696334	0	0	2.502651515151515	2.742920757507892	FIS1	5.0
GO_Biological_Process_2021	negative regulation of translation (GO:0017148)	1/90	0.3372461830168844	0.3866920519554502	0	0	2.474406991260924	2.689537136090647	EIF3E	5.0
GO_Biological_Process_2021	regulation of actin cytoskeleton organization (GO:0032956)	1/91	0.3402753390653056	0.3879774894015633	0	0	2.44679012345679	2.6376401649290213	EPS8	5.0
GO_Biological_Process_2021	sensory perception of sound (GO:0007605)	1/91	0.3402753390653056	0.3879774894015633	0	0	2.44679012345679	2.6376401649290213	ATP2B2	5.0
GO_Biological_Process_2021	positive regulation of transport (GO:0051050)	1/91	0.3402753390653056	0.3879774894015633	0	0	2.44679012345679	2.6376401649290213	ACTB	5.0
GO_Biological_Process_2021	positive regulation of transmembrane receptor protein serine/threonine kinase signaling pathway (GO:0090100)	1/92	0.3432908016158175	0.3906854272120311	0	0	2.41978021978022	2.587174258353521	SNW1	5.0
GO_Biological_Process_2021	regulation of heart contraction (GO:0008016)	1/93	0.346292631850734	0.3933677940948748	0	0	2.3933574879227053	2.538086458874912	ATP2B2	5.0
GO_Biological_Process_2021	regulation of kinase activity (GO:0043549)	1/94	0.3492808907923712	0.3960248018277814	0	0	2.3675029868578257	2.490326285607444	EEF1A1	5.0
GO_Biological_Process_2021	translational termination (GO:0006415)	1/96	0.3552169370160284	0.4020080363261175	0	0	2.3174269005847954	2.398598453124844	MRPS23	5.0
GO_Biological_Process_2021	calcium ion homeostasis (GO:0055074)	1/97	0.3581648448967738	0.4045936210870963	0	0	2.2931712962962965	2.354541004248828	ATP2B2	5.0
GO_Biological_Process_2021	regulation of transforming growth factor beta receptor signaling pathway (GO:0017015)	1/100	0.3669288252624231	0.4129641760333545	0	0	2.22334455667789	2.2290972080359737	SNW1	5.0
GO_Biological_Process_2021	cell-matrix adhesion (GO:0007160)	1/100	0.3669288252624231	0.4129641760333545	0	0	2.22334455667789	2.2290972080359737	ACTN3	5.0
GO_Biological_Process_2021	calcium-mediated signaling (GO:0019722)	1/102	0.3727056189582883	0.4163927244772086	0	0	2.179097909790979	2.1506964111098914	FIS1	5.0
GO_Biological_Process_2021	cell junction assembly (GO:0034329)	1/102	0.3727056189582883	0.4163927244772086	0	0	2.179097909790979	2.1506964111098914	ACTB	5.0
GO_Biological_Process_2021	intrinsic apoptotic signaling pathway (GO:0097193)	1/102	0.3727056189582883	0.4163927244772086	0	0	2.179097909790979	2.1506964111098914	SFN	5.0
GO_Biological_Process_2021	regulation of proteasomal ubiquitin-dependent protein catabolic process (GO:0032434)	1/102	0.3727056189582883	0.4163927244772086	0	0	2.179097909790979	2.1506964111098914	EIF3H	5.0
GO_Biological_Process_2021	positive regulation of programmed cell death (GO:0043068)	2/286	0.3746362735578053	0.417304926999673	0	0	1.5528564646304794	1.524593950376298	DDX20;RNPS1	5.0
GO_Biological_Process_2021	cellular response to organonitrogen compound (GO:0071417)	1/103	0.3755744342997057	0.417304926999673	0	0	2.157625272331155	2.1129594090781154	ACTB	5.0
GO_Biological_Process_2021	chromatin remodeling (GO:0006338)	1/103	0.3755744342997057	0.417304926999673	0	0	2.157625272331155	2.1129594090781154	ACTB	5.0
GO_Biological_Process_2021	cellular metal ion homeostasis (GO:0006875)	1/104	0.37843027311941	0.4197135756415275	0	0	2.1365695792880257	2.076154745756979	ATP2B2	5.0
GO_Biological_Process_2021	nucleotide-excision repair (GO:0006289)	1/105	0.3812731935210421	0.4213345073330357	0	0	2.1159188034188032	2.040251679595708	PRPF19	5.0
GO_Biological_Process_2021	mitochondrial translation (GO:0032543)	1/105	0.3812731935210421	0.4213345073330357	0	0	2.1159188034188032	2.040251679595708	MRPS23	5.0
GO_Biological_Process_2021	small GTPase mediated signal transduction (GO:0007264)	1/106	0.3841032532502064	0.4236943661530305	0	0	2.095661375661376	2.0052207489993443	G3BP2	5.0
GO_Biological_Process_2021	DNA repair (GO:0006281)	2/298	0.3940532708370075	0.4338853704161996	0	0	1.4889918007895535	1.386652163898167	DDX1;HUWE1	5.0
GO_Biological_Process_2021	positive regulation of transcription by RNA polymerase II (GO:0045944)	5/908	0.3974218702037463	0.4359393438433496	0	0	1.2236987818383167	1.1291765154534503	SFPQ;PRPF6;SNW1;NFIA;RBMX	5.0
GO_Biological_Process_2021	cellular divalent inorganic cation homeostasis (GO:0072503)	1/111	0.3980626467553208	0.4359393438433496	0	0	1.9998989898989896	1.842198719314503	ATP2B2	5.0
GO_Biological_Process_2021	regulation of protein serine/threonine kinase activity (GO:0071900)	1/111	0.3980626467553208	0.4359393438433496	0	0	1.9998989898989896	1.842198719314503	ACTB	5.0
GO_Biological_Process_2021	response to lipid (GO:0033993)	1/114	0.4062875981541143	0.4433549818855273	0	0	1.9465093411996064	1.7532092851817729	HNRNPA0	5.0
GO_Biological_Process_2021	histone modification (GO:0016570)	1/114	0.4062875981541143	0.4433549818855273	0	0	1.9465093411996064	1.7532092851817729	HUWE1	5.0
GO_Biological_Process_2021	calcium ion transport (GO:0006816)	1/115	0.4090044706544362	0.4447285688042889	0	0	1.929337231968811	1.7248838071784012	ATP2B2	5.0
GO_Biological_Process_2021	positive regulation of protein metabolic process (GO:0051247)	1/115	0.4090044706544362	0.4447285688042889	0	0	1.929337231968811	1.7248838071784012	HUWE1	5.0
GO_Biological_Process_2021	positive regulation of apoptotic process (GO:0043065)	2/310	0.4132006775056057	0.4484918385737002	0	0	1.4301036042609077	1.2639568876930731	DDX20;RNPS1	5.0
GO_Biological_Process_2021	regulation of protein binding (GO:0043393)	1/118	0.4170815282187675	0.4519000572174923	0	0	1.879582146248813	1.6436449000976832	ACTB	5.0
GO_Biological_Process_2021	cellular response to oxygen-containing compound (GO:1901701)	2/323	0.4336089304133351	0.4682649253951768	0	0	1.371276558507473	1.1458554672481094	SNW1;ACTB	5.0
GO_Biological_Process_2021	negative regulation of transcription, DNA-templated (GO:0045892)	5/948	0.433720791554549	0.4682649253951768	0	0	1.1693260006411996	0.9768014902770568	SFPQ;SNW1;PSPC1;DDX20;PA2G4	5.0
GO_Biological_Process_2021	platelet degranulation (GO:0002576)	1/125	0.4355058821259023	0.469361463068552	0	0	1.7728494623655917	1.4736757548086197	TAGLN2	5.0
GO_Biological_Process_2021	G2/M transition of mitotic cell cycle (GO:0000086)	1/130	0.4483123448376989	0.4823113410070482	0	0	1.7037037037037035	1.3668220072271482	PPP2R2A	5.0
GO_Biological_Process_2021	cell cycle G2/M phase transition (GO:0044839)	1/131	0.4508389413444112	0.4841756236269205	0	0	1.6905128205128206	1.346738785032599	PPP2R2A	5.0
GO_Biological_Process_2021	protein dephosphorylation (GO:0006470)	1/139	0.4706439838023178	0.5045568191905341	0	0	1.5918679549114332	1.1997166071276797	PPP2R2A	5.0
GO_Biological_Process_2021	neuron projection morphogenesis (GO:0048812)	1/140	0.4730694050363985	0.5062672580214089	0	0	1.580335731414868	1.1829021041333296	ACTB	5.0
GO_Biological_Process_2021	protein localization to organelle (GO:0033365)	1/142	0.4778873228555985	0.5105276128579949	0	0	1.5577620173364854	1.150220786502666	DDX1	5.0
GO_Biological_Process_2021	positive regulation of cytosolic calcium ion concentration (GO:0007204)	1/147	0.4897423397306892	0.5222776699925182	0	0	1.5040334855403348	1.0736932031668935	FIS1	5.0
GO_Biological_Process_2021	positive regulation of transferase activity (GO:0051347)	1/148	0.4920811973539075	0.5238560739718736	0	0	1.4937263794406652	1.0592186145102815	DCUN1D1	5.0
GO_Biological_Process_2021	cellular response to organic cyclic compound (GO:0071407)	1/150	0.4967271501562806	0.5278807693298453	0	0	1.4735272184936614	1.0310482095743314	ACTB	5.0
GO_Biological_Process_2021	dephosphorylation (GO:0016311)	1/153	0.5036173831678689	0.5342723543172174	0	0	1.4442251461988305	0.9906495720994232	PPP2R2A	5.0
GO_Biological_Process_2021	regulation of signal transduction by p53 class mediator (GO:1901796)	1/156	0.5104143052820921	0.5396061113034248	0	0	1.416057347670251	0.9523446161448637	PRMT5	5.0
GO_Biological_Process_2021	regulation of cell differentiation (GO:0045595)	1/156	0.5104143052820921	0.5396061113034248	0	0	1.416057347670251	0.9523446161448637	PA2G4	5.0
GO_Biological_Process_2021	cellular response to growth factor stimulus (GO:0071363)	1/158	0.5148943652095792	0.5434006276433275	0	0	1.3978768577494691	0.9279015935793928	EEF1A1	5.0
GO_Biological_Process_2021	response to lipopolysaccharide (GO:0032496)	1/159	0.517119166400232	0.544806030231678	0	0	1.388959212376934	0.9159935091467316	HNRNPA0	5.0
GO_Biological_Process_2021	negative regulation of programmed cell death (GO:0043069)	2/381	0.5197655164949945	0.546649939761977	0	0	1.157985236132934	0.7577594826108996	KRT18;PA2G4	5.0
GO_Biological_Process_2021	positive regulation of I-kappaB kinase/NF-kappaB signaling (GO:0043123)	1/171	0.5430424214147953	0.5701478090585631	0	0	1.2901307189542484	0.7877123237412353	DDX1	5.0
GO_Biological_Process_2021	neuron differentiation (GO:0030182)	1/174	0.5493051524499436	0.5757322044578447	0	0	1.2675658317276814	0.7594001584513406	ATP2B2	5.0
GO_Biological_Process_2021	mitochondrion organization (GO:0007005)	1/175	0.5513738057094492	0.5769091277577427	0	0	1.2602171136653897	0.7502605380389284	FIS1	5.0
GO_Biological_Process_2021	protein modification by small protein conjugation (GO:0032446)	2/409	0.5581857925889888	0.5830365299302794	0	0	1.076774425089032	0.6278277685144732	HUWE1;DCUN1D1	5.0
GO_Biological_Process_2021	regulated exocytosis (GO:0045055)	1/180	0.5615770458260878	0.5855760648784848	0	0	1.224705152079454	0.7066625882975687	TAGLN2	5.0
GO_Biological_Process_2021	regulation of programmed cell death (GO:0043067)	1/194	0.5889410753228	0.6130615289196383	0	0	1.1350604490500864	0.6009340799218843	ACTN3	5.0
GO_Biological_Process_2021	regulation of signal transduction (GO:0009966)	1/198	0.5964442626887184	0.6198143104601673	0	0	1.1117879300620417	0.574538073155522	SNW1	5.0
GO_Biological_Process_2021	endomembrane system organization (GO:0010256)	1/199	0.5982987954028239	0.6206841244825214	0	0	1.1061167227833897	0.5681734375094627	HUWE1	5.0
GO_Biological_Process_2021	generation of neurons (GO:0048699)	1/202	0.6038119693310667	0.6253400701051794	0	0	1.0894416804864566	0.5496150900668535	ATP2B2	5.0
GO_Biological_Process_2021	negative regulation of transcription by RNA polymerase II (GO:0000122)	3/684	0.6061836736581984	0.6267322727652559	0	0	0.9625550660792952	0.4818283522795609	SFPQ;SNW1;DDX20	5.0
GO_Biological_Process_2021	negative regulation of multicellular organismal process (GO:0051241)	1/214	0.6251261876148944	0.6452233070136811	0	0	1.0274387063119457	0.4826925016687537	ACTN3	5.0
GO_Biological_Process_2021	cellular response to lipid (GO:0071396)	1/219	0.6336687011617381	0.6529356549132775	0	0	1.00361875637105	0.4578799961490252	SNW1	5.0
GO_Biological_Process_2021	regulation of I-kappaB kinase/NF-kappaB signaling (GO:0043122)	1/224	0.6420186404443283	0.6604238965784828	0	0	0.9808669656203288	0.4346593672982926	DDX1	5.0
GO_Biological_Process_2021	inflammatory response (GO:0006954)	1/230	0.651790408769939	0.6693470527772102	0	0	0.9548762736535662	0.4087178185671768	HNRNPA0	5.0
GO_Biological_Process_2021	regulation of autophagy (GO:0010506)	1/231	0.6533931882642441	0.6698652854473762	0	0	0.9506763285024156	0.4045852240026348	EEF1A1	5.0
GO_Biological_Process_2021	axonogenesis (GO:0007409)	1/240	0.6674937602285274	0.6831731438580565	0	0	0.9144583914458392	0.3696471597561396	ACTB	5.0
GO_Biological_Process_2021	positive regulation of signal transduction (GO:0009967)	1/252	0.6854155379794353	0.7003408344513493	0	0	0.8702080566622399	0.3287036891167205	SNW1	5.0
GO_Biological_Process_2021	positive regulation of intracellular signal transduction (GO:1902533)	2/546	0.7144063492765997	0.7287422626400097	0	0	0.7999421678783873	0.2690232403783664	FIS1;DDX1	5.0
GO_Biological_Process_2021	proteolysis (GO:0006508)	1/287	0.7324092281100468	0.7458591471571427	0	0	0.7623543123543124	0.2374092287150161	PSMD6	5.0
GO_Biological_Process_2021	regulation of cell cycle (GO:0051726)	1/296	0.7433256335458247	0.7557143941049217	0	0	0.7387570621468926	0.2191309041184887	SND1	5.0
GO_Biological_Process_2021	extracellular matrix organization (GO:0030198)	1/300	0.7480348655801606	0.7592367188084825	0	0	0.728725380899294	0.2115531247817413	PLEC	5.0
GO_Biological_Process_2021	cellular protein localization (GO:0034613)	1/329	0.7797141321058813	0.7900757817019728	0	0	0.6633130081300813	0.1650507986260913	PRPF19	5.0
GO_Biological_Process_2021	cellular response to DNA damage stimulus (GO:0006974)	1/350	0.800162669926172	0.8094514571392454	0	0	0.6227316141356256	0.1388319321337504	SFN	5.0
GO_Biological_Process_2021	positive regulation of macromolecule metabolic process (GO:0010604)	1/384	0.8293608836800869	0.8375995679550545	0	0	0.5664635915288657	0.1059852781969733	ACTC1	5.0
GO_Biological_Process_2021	organelle organization (GO:0006996)	1/420	0.8556836554094409	0.8627554211566264	0	0	0.5168390347387961	0.0805517061796681	HUWE1	5.0
GO_Biological_Process_2021	regulation of intracellular signal transduction (GO:1902531)	1/437	0.8666759134523542	0.872396546544449	0	0	0.4962538226299694	0.0710090459917979	PRMT5	5.0
GO_Biological_Process_2021	cellular response to cytokine stimulus (GO:0071345)	1/482	0.8919345439167411	0.896342787132145	0	0	0.4487872487872488	0.0513244453618852	RBMX	5.0
GO_Biological_Process_2021	regulation of transcription, DNA-templated (GO:0006355)	7/2244	0.8971650213972332	0.9001162221255137	0	0	0.6583221576516167	0.0714381340707392	PRMT5;SFPQ;SNW1;NFIA;PSPC1;PA2G4;RPL6	5.0
GO_Biological_Process_2021	positive regulation of cellular process (GO:0048522)	1/625	0.9447411187618974	0.9450660269145152	0	0	0.3433938746438746	0.0195199972779498	PA2G4	5.0
GO_Biological_Process_2021	regulation of transcription by RNA polymerase II (GO:0006357)	6/2206	0.9450660269145152	0.9450660269145152	0	0	0.5682032085561497	0.0321037563951212	SFPQ;PRPF6;SNW1;NFIA;DDX20;RBMX	5.0
GO_Biological_Process_2021	regulation of extrinsic apoptotic signaling pathway (GO:2001236)	7/64	3.0658804515860182e-09	4.6662700473139206e-06	0	0	37.543049932523616	735.953819193117	CYLD;CASP8;CAV1;FAS;THBS1;PML;FGFR1	12.0
GO_Biological_Process_2021	regulation of apoptotic process (GO:0042981)	16/742	6.4889467178663284e-09	4.9380884522962754e-06	0	0	7.556867375049193	142.47087213341152	ALK;ANXA5;PLK1;THBS1;NFKB1;NME1;AQP1;SOD1;MAPK8;CASP8;ALB;FAS;BAX;TP53;TP63;SNCA	12.0
GO_Biological_Process_2021	negative regulation of apoptotic process (GO:0043066)	13/485	1.6452316752458098e-08	7.171820648692587e-06	0	0	9.082447572536628	162.7828871173311	CAV1;ANXA5;PLK1;THBS1;NFKB1;AQP1;SOD1;MAPK8;ERBB3;ALB;FAS;TP53;SNCA	12.0
GO_Biological_Process_2021	cellular response to mechanical stimulus (GO:0071260)	6/49	2.177370190770604e-08	7.171820648692587e-06	0	0	42.04016913319239	741.6963295146173	MAPK8;CASP8;FAS;NFKB1;AQP1;TNFRSF1A	12.0
GO_Biological_Process_2021	positive regulation of transcription, DNA-templated (GO:0045893)	19/1183	2.356051461462742e-08	7.171820648692587e-06	0	0	5.778966478635804	101.49999676159744	CCNT1;TNKS;ILK;PML;NFKB1;TNFRSF1A;SOX2;PER1;CDK7;PHF5A;ERBB4;MED21;MYB;REL;RARA;PPARG;OTX1;TP53;TP63	12.0
GO_Biological_Process_2021	negative regulation of transcription, DNA-templated (GO:0045892)	17/948	3.0835115336023606e-08	7.821840923571322e-06	0	0	6.306981740064447	109.07680011825308	CAV1;PLK1;GMNN;BMI1;PML;NFKB1;DCAF1;SOX2;PER1;MYB;RARA;PPARG;TP53;E2F6;TP63;SNCA;TAF1	12.0
GO_Biological_Process_2021	positive regulation of apoptotic signaling pathway (GO:2001235)	6/59	6.820018102497389e-08	1.4828667931430037e-05	0	0	34.09090909090909	562.527907424161	CYLD;CAV1;BAX;FAS;TP53;PML	12.0
GO_Biological_Process_2021	regulation of transcription by RNA polymerase II (GO:0006357)	25/2206	8.699717321925625e-08	1.6380729768933457e-05	0	0	4.328240998175734	70.36590283265366	CCNT1;ZBTB47;TNKS;BMI1;DCAF1;SOX2;MYB;OTX1;E2F6;TP63;SNCA;CAV1;PLK1;NFKB1;TNFRSF1A;PER1;CDK7;MED21;REL;RARA;BAX;PPARG;CDK12;TP53;TAF1	12.0
GO_Biological_Process_2021	regulation of cell cycle (GO:0051726)	10/296	1.0336224407278918e-07	1.6380729768933457e-05	0	0	11.07714865779382	178.17622511819692	TGM1;SOX2;CYLD;CDK7;PLK1;GMNN;RARA;TP53;THBS1;PML	12.0
GO_Biological_Process_2021	positive regulation of transcription by RNA polymerase II (GO:0045944)	16/908	1.0762634539378093e-07	1.6380729768933457e-05	0	0	6.097373478539398	97.82992079127284	CCNT1;TNKS;NFKB1;TNFRSF1A;SOX2;PER1;CDK7;MED21;MYB;REL;RARA;PPARG;CDK12;OTX1;TP53;TP63	12.0
GO_Biological_Process_2021	negative regulation of transcription by RNA polymerase II (GO:0000122)	14/684	1.2511951442867322e-07	1.708206791396181e-05	0	0	6.938033968090582	110.2730871963823	CAV1;PLK1;BMI1;NFKB1;DCAF1;SOX2;PER1;MYB;RARA;PPARG;TP53;E2F6;SNCA;TAF1	12.0
GO_Biological_Process_2021	positive regulation of mitochondrial outer membrane permeabilization involved in apoptotic signaling pathway (GO:1901030)	5/34	1.3468121876973834e-07	1.708206791396181e-05	0	0	51.206896551724135	810.1112917958753	MAPK8;CASP8;BAX;TP53;TP63	12.0
GO_Biological_Process_2021	protein phosphorylation (GO:0006468)	12/496	1.8867862155122272e-07	2.2089912461612383e-05	0	0	8.034710743801654	124.4031995808481	ALK;CDK7;MAPK8;CCNT1;TNKS;ERBB4;PLK1;RARA;ILK;CDK12;TAF1;FGFR1	12.0
GO_Biological_Process_2021	positive regulation of intracellular signal transduction (GO:1902533)	12/546	5.254282489009656e-07	5.71215567733764e-05	0	0	7.263670411985019	105.02578961180676	SOX2;CASP8;ERBB3;ERBB4;CAV1;REL;BAX;ILK;TP53;THBS1;TNFRSF1A;FGFR1	12.0
GO_Biological_Process_2021	positive regulation of binding (GO:0051099)	6/90	8.632778373323909e-07	8.75939245613266e-05	0	0	21.476190476190474	299.86193778977247	CAV1;GMNN;RARA;PPARG;NME1;TAF1	12.0
GO_Biological_Process_2021	positive regulation of transferase activity (GO:0051347)	7/148	1.0382612566558853e-06	9.392117009932603e-05	0	0	15.112820512820512	208.22388355212527	ALK;ERBB3;TNKS;ERBB4;PLK1;BMI1;FGFR1	12.0
GO_Biological_Process_2021	negative regulation of programmed cell death (GO:0043069)	10/381	1.049053805314417e-06	9.392117009932603e-05	0	0	8.502304147465438	117.056509102998	MAPK8;ANXA5;ALB;PLK1;FAS;TP53;THBS1;NFKB1;AQP1;SNCA	12.0
GO_Biological_Process_2021	phosphorylation (GO:0016310)	10/400	1.6261148769282208e-06	0.00013749704681581955	0	0	8.080231596360628	107.70396756776404	ALK;CDK7;MAPK8;CCNT1;PLK1;RARA;ILK;CDK12;TAF1;FGFR1	12.0
GO_Biological_Process_2021	positive regulation of nucleic acid-templated transcription (GO:1903508)	11/511	2.011964332064977e-06	0.00015752163601696494	0	0	7.006819672131147	91.9042427753504	SOX2;PHF5A;ERBB4;MYB;RARA;ILK;PPARG;TP53;PML;NFKB1;TP63	12.0
GO_Biological_Process_2021	regulation of protein insertion into mitochondrial membrane involved in apoptotic signaling pathway (GO:1900739)	4/26	2.1734259897215924e-06	0.00015752163601696494	0	0	53.224598930481285	694.0065011152475	MAPK8;CASP8;TP53;TP63	12.0
GO_Biological_Process_2021	positive regulation of protein insertion into mitochondrial membrane involved in apoptotic signaling pathway (GO:1900740)	4/26	2.1734259897215924e-06	0.00015752163601696494	0	0	53.224598930481285	694.0065011152475	MAPK8;CASP8;TP53;TP63	12.0
GO_Biological_Process_2021	positive regulation of extrinsic apoptotic signaling pathway (GO:2001238)	4/29	3.4248734222466708e-06	0.0002312113530493211	0	0	46.83058823529412	589.3370108530903	CYLD;CAV1;THBS1;PML	12.0
GO_Biological_Process_2021	positive regulation of phosphorylation (GO:0042327)	8/253	3.493995479720358e-06	0.0002312113530493211	0	0	10.04234693877551	126.1767130146516	ALK;ERBB3;ERBB4;FAS;CDK2AP1;ILK;THBS1;FGFR1	12.0
GO_Biological_Process_2021	positive regulation of protein-containing complex assembly (GO:0031334)	6/118	4.221022359231595e-06	0.000267683167947937	0	0	16.084415584415584	199.05161053006387	CDH5;RPA1;BAX;TP53;SNCA;EIF4G1	12.0
GO_Biological_Process_2021	regulation of protein phosphorylation (GO:0001932)	8/266	5.054677064693779e-06	0.0003077287396985573	0	0	9.530038759689925	116.22069620252245	CDH5;SOCS1;ERBB4;FAS;CDK2AP1;ILK;PML;SOD1	12.0
GO_Biological_Process_2021	extrinsic apoptotic signaling pathway (GO:0097191)	5/72	6.0909803918994985e-06	0.0003533995661994061	0	0	22.12185341946981	265.6547344585777	CASP8;ERBB3;BAX;FAS;TNFRSF1A	12.0
GO_Biological_Process_2021	regulation of programmed cell death (GO:0043067)	7/194	6.269243290002605e-06	0.0003533995661994061	0	0	11.368737145207731	136.19582137312162	ALK;ALB;FAS;BAX;TP53;TP63;NME1	12.0
GO_Biological_Process_2021	positive regulation of protein phosphorylation (GO:0001934)	9/371	7.172071000439493e-06	0.000389853287952461	0	0	7.72138910812944	91.46229473696218	ERBB4;CAV1;PLK1;FAS;CDK2AP1;ILK;TP53;SNCA;EIF4G1	12.0
GO_Biological_Process_2021	activation of cysteine-type endopeptidase activity involved in apoptotic process (GO:0006919)	5/81	1.0877557073001577e-05	0.0005708842022451173	0	0	19.493322859387277	222.7854613079512	CASP8;FAS;BAX;PPARG;SNCA	12.0
GO_Biological_Process_2021	positive regulation of intrinsic apoptotic signaling pathway (GO:2001244)	4/40	1.279033626525575e-05	0.000629277065390333	0	0	32.50326797385621	366.2084908476508	CAV1;BAX;TP53;SOD1	12.0
GO_Biological_Process_2021	cytokine-mediated signaling pathway (GO:0019221)	11/621	1.2817075576281422e-05	0.000629277065390333	0	0	5.710776672937382	64.3303701411592	SOX2;SOCS1;MSN;ILK;SAMHD1;TP53;CAMK2G;PML;NFKB1;TNFRSF1A;SOD1	12.0
GO_Biological_Process_2021	cellular protein modification process (GO:0006464)	14/1025	1.4562290179651304e-05	0.000692618926669665	0	0	4.51649101265391	50.30050020615704	CCNT1;TNKS;PLK1;UBE2E1;ILK;THBS1;TGM1;CDK7;MAPK8;ALB;RARA;CDK12;TAF1;FGFR1	12.0
GO_Biological_Process_2021	positive regulation of apoptotic process (GO:0043065)	8/310	1.5402649369389945e-05	0.0007084428972874771	0	0	8.123344370860927	90.01454361071937	MAPK8;CASP8;FAS;BAX;TP53;TP63;SNCA;SOD1	12.0
GO_Biological_Process_2021	positive regulation of T-helper cell differentiation (GO:0045624)	3/14	1.5825925432177543e-05	0.0007084428972874771	0	0	78.72332015810277	870.1966473439037	MYB;RARA;NFKBID	12.0
GO_Biological_Process_2021	response to cytokine (GO:0034097)	6/150	1.6730467341784477e-05	0.0007275363226913135	0	0	12.48989898989899	137.36739513411607	MAPK8;CASP8;REL;CXCR4;PML;SNCA	12.0
GO_Biological_Process_2021	regulation of signal transduction by p53 class mediator (GO:1901796)	6/156	2.0895720245325545e-05	0.0008834246170384856	0	0	11.986666666666666	129.16791476572052	USP7;RPA1;TP53;PML;TP63;TAF1	12.0
GO_Biological_Process_2021	regulation of fibroblast proliferation (GO:0048145)	4/46	2.2469190863917107e-05	0.0009001707005873212	0	0	27.8515406162465	298.1052184533424	FTH1;BMI1;TP53;AQP1	12.0
GO_Biological_Process_2021	regulation of kinase activity (GO:0043549)	5/94	2.2474695546858216e-05	0.0009001707005873212	0	0	16.635083011906758	178.04729840319186	ALK;ERBB3;ERBB4;SOD1;FGFR1	12.0
GO_Biological_Process_2021	regulation of DNA binding (GO:0051101)	4/47	2.449276157237315e-05	0.0009558457208500496	0	0	27.20246238030096	288.81215911748086	MAPK8;SUMO3;PPARG;NME1	12.0
GO_Biological_Process_2021	regulation of gene expression (GO:0010468)	14/1079	2.5797098295938525e-05	0.0009815795901604609	0	0	4.275246883600453	45.16904590156128	MSN;BMI1;PML;NFKB1;SOX2;CDH5;PER1;MAPK8;CASP8;MYB;REL;TP53;NFKBID;TAF1	12.0
GO_Biological_Process_2021	positive regulation of cellular protein metabolic process (GO:0032270)	5/102	3.335158464175789e-05	0.0012380758981647	0	0	15.256962609632252	157.27495378819094	CASP8;PLK1;MSN;THBS1;EIF4G1	12.0
GO_Biological_Process_2021	cellular response to DNA damage stimulus (GO:0006974)	8/350	3.666136931047881e-05	0.0012981009241048	0	0	7.158625730994152	73.11667817587741	RAD51;RPA1;BAX;SAMHD1;TP53;TANK;PML;TAF1	12.0
GO_Biological_Process_2021	regulation of intrinsic apoptotic signaling pathway (GO:2001242)	4/52	3.667433622635332e-05	0.0012981009241048	0	0	24.362745098039216	248.82727286533984	CYLD;CAV1;BAX;TP53	12.0
GO_Biological_Process_2021	positive regulation of cellular metabolic process (GO:0031325)	5/105	3.83430596257964e-05	0.0013263212897832	0	0	14.797014925373134	150.46991287616504	PPARG;TP53;THBS1;SNCA;EIF4G1	12.0
GO_Biological_Process_2021	positive regulation of establishment of protein localization to mitochondrion (GO:1903749)	4/56	4.921858115810934e-05	0.001664681789392	0	0	22.4841628959276	223.0257931230969	MAPK8;CASP8;TP53;TP63	12.0
GO_Biological_Process_2021	extrinsic apoptotic signaling pathway in absence of ligand (GO:0097192)	3/21	5.678871416682245e-05	0.0018789657165631	0	0	48.091787439613526	470.1536313027804	ERBB3;BAX;FAS	12.0
GO_Biological_Process_2021	negative regulation of cell population proliferation (GO:0008285)	8/379	6.419761103378521e-05	0.0020789098722004	0	0	6.589285714285714	63.60996325663469	SOX2;ERBB4;FTH1;INCA1;PPARG;TP53;PML;NME1	12.0
GO_Biological_Process_2021	regulation of protein binding (GO:0043393)	5/118	6.700643116152712e-05	0.0021246622547467	0	0	13.086118082155592	125.76704236698136	MAPK8;CAV1;PLK1;BAX;TAF1	12.0
GO_Biological_Process_2021	positive regulation of cysteine-type endopeptidase activity involved in apoptotic process (GO:0043280)	5/119	6.975091706189395e-05	0.0021665488932286	0	0	12.970672951034302	124.13686299562752	CASP8;FAS;BAX;PPARG;SNCA	12.0
GO_Biological_Process_2021	positive regulation of programmed cell death (GO:0043068)	7/286	7.56628306303041e-05	0.0023031765643864	0	0	7.584394816652881	71.97001773187455	MAPK8;CASP8;FAS;BAX;TP53;SNCA;SOD1	12.0
GO_Biological_Process_2021	negative regulation of intracellular signal transduction (GO:1902532)	6/198	7.922093534847752e-05	0.0023642012470663	0	0	9.344696969696969	88.24449616864777	CYLD;PER1;CASP8;CAV1;TANK;THBS1	12.0
GO_Biological_Process_2021	regulation of cell population proliferation (GO:0042127)	11/764	8.4794104649525e-05	0.0024818582168572	0	0	4.592014455837851	43.0514421271245	ALK;ERBB3;ERBB4;FTH1;INCA1;RARA;TP53;THBS1;PML;NME1;FGFR1	12.0
GO_Biological_Process_2021	regulation of phosphorylation (GO:0042325)	5/125	8.808669296254415e-05	0.0025295838997923	0	0	12.318407960199004	115.0193043027958	CDH5;SOCS1;ILK;THBS1;PML	12.0
GO_Biological_Process_2021	regulation of response to external stimulus (GO:0032101)	5/130	0.00010602409079749378	0.0029883086332182	0	0	11.82268656716418	108.19938570092816	CYLD;CASP8;CAV1;CXCR4;SAMHD1	12.0
GO_Biological_Process_2021	entrainment of circadian clock by photoperiod (GO:0043153)	3/27	0.00012297183225175418	0.0033380881067996	0	0	36.05797101449275	324.64993368744666	PER1;TP53;PML	12.0
GO_Biological_Process_2021	gland development (GO:0048732)	4/71	0.00012501381214689787	0.0033380881067996	0	0	17.437225636523266	156.70985214399465	SOX2;CAV1;MSN;SOD1	12.0
GO_Biological_Process_2021	myeloid leukocyte differentiation (GO:0002573)	4/71	0.00012501381214689787	0.0033380881067996	0	0	17.437225636523266	156.70985214399465	CASP8;RARA;PPARG;PML	12.0
GO_Biological_Process_2021	photoperiodism (GO:0009648)	3/28	0.0001373733037266288	0.0036048649702056	0	0	34.61391304347826	307.81489989162264	PER1;TP53;PML	12.0
GO_Biological_Process_2021	regulation of cytokine-mediated signaling pathway (GO:0001959)	4/74	0.00014684472483192742	0.0037880961219354	0	0	16.687394957983194	147.28519774576606	CYLD;CASP8;SOCS1;TNFRSF1A	12.0
GO_Biological_Process_2021	transcription by RNA polymerase II (GO:0006366)	7/320	0.0001519893163936085	0.0038554623258512	0	0	6.74883263701155	59.33371409812197	CDK7;CCNT1;RARA;PPARG;CDK12;NFKB1;TAF1	12.0
GO_Biological_Process_2021	extrinsic apoptotic signaling pathway via death domain receptors (GO:0008625)	3/30	0.0001693722427413636	0.0041578153782637	0	0	32.04669887278583	278.2746781911583	CASP8;BAX;TNFRSF1A	12.0
GO_Biological_Process_2021	positive regulation of phosphate metabolic process (GO:0045937)	3/30	0.0001693722427413636	0.0041578153782637	0	0	32.04669887278583	278.2746781911583	ILK;THBS1;SNCA	12.0
GO_Biological_Process_2021	apoptotic process (GO:0006915)	6/231	0.000184020557132494	0.0044457029834231	0	0	7.960808080808081	68.46663601023391	CASP8;ERBB3;FAS;BAX;CXCR4;TP63	12.0
GO_Biological_Process_2021	regulation of cyclin-dependent protein serine/threonine kinase activity (GO:0000079)	4/82	0.00021843269488767183	0.0051946025252974	0	0	14.969834087481146	126.18121989072954	CDK7;CCNT1;INCA1;PLK1	12.0
GO_Biological_Process_2021	protein localization to chromosome (GO:0034502)	3/34	0.00024707280872563494	0.005785304844314	0	0	27.90603085553997	231.78267828941372	TNKS;PLK1;RPA1	12.0
GO_Biological_Process_2021	negative regulation of nucleic acid-templated transcription (GO:1903507)	8/464	0.0002576992565930441	0.0059427010384032	0	0	5.337719298245614	44.10940344136253	PER1;MYB;GMNN;RARA;PPARG;TP53;PML;TP63	12.0
GO_Biological_Process_2021	death-inducing signaling complex assembly (GO:0071550)	2/7	0.0002652693418459585	0.0060259692282022	0	0	113.84571428571428	937.492687896776	CASP8;TNFRSF1A	12.0
GO_Biological_Process_2021	protein autophosphorylation (GO:0046777)	5/159	0.00027157254512314983	0.0060721830341699	0	0	9.582283388253538	78.68282394778045	ALK;ERBB4;CDK12;TAF1;FGFR1	12.0
GO_Biological_Process_2021	regulation of transcription, DNA-templated (GO:0006355)	19/2244	0.00027528293650310554	0.0060721830341699	0	0	2.8522959508161967	23.382298259778366	CCNT1;ZBTB47;GMNN;ILK;PML;NFKB1;SOX2;PER1;PHF5A;ERBB4;MED21;MYB;REL;RARA;PPARG;OTX1;TP53;E2F6;TP63	12.0
GO_Biological_Process_2021	negative regulation of binding (GO:0051100)	4/88	0.0002865275364143204	0.0062299272917513	0	0	13.896358543417367	113.36198937206454	MAPK8;CAV1;SUMO3;BAX	12.0
GO_Biological_Process_2021	positive regulation of cell population proliferation (GO:0008284)	8/474	0.0002974112496013057	0.0062597925635853	0	0	5.22049356223176	42.3924682444883	ERBB3;ERBB4;RARA;BMI1;THBS1;NME1;AQP1;FGFR1	12.0
GO_Biological_Process_2021	regulation of cysteine-type endopeptidase activity involved in apoptotic process (GO:0043281)	4/89	0.00029920027915116503	0.0062597925635853	0	0	13.732179930795848	111.42836483665572	SOX2;THBS1;AQP1;SNCA	12.0
GO_Biological_Process_2021	regulation of canonical Wnt signaling pathway (GO:0060828)	6/253	0.00030023972216933616	0.0062597925635853	0	0	7.2436510857563485	58.752742036881024	SOX2;CYLD;TNKS;CAV1;ILK;NFKB1	12.0
GO_Biological_Process_2021	negative regulation of endothelial cell proliferation (GO:0001937)	3/37	0.00031834185491771164	0.0065475176106048	0	0	25.43989769820972	204.85184393933812	CAV1;PPARG;THBS1	12.0
GO_Biological_Process_2021	cellular response to cytokine stimulus (GO:0071345)	8/482	0.00033267445158334	0.006713330933012	0	0	5.130274261603375	41.08501222904414	SOX2;MAPK8;SOCS1;CXCR4;TP53;TANK;NFKB1;TNFRSF1A	12.0
GO_Biological_Process_2021	negative regulation of G0 to G1 transition (GO:0070317)	3/38	0.0003447381669241899	0.006713330933012	0	0	24.711801242236024	197.02040459172807	RAD51;BMI1;E2F6	12.0
GO_Biological_Process_2021	negative regulation of ubiquitin-dependent protein catabolic process (GO:2000059)	3/38	0.0003447381669241899	0.006713330933012	0	0	24.711801242236024	197.02040459172807	USP7;PML;TAF1	12.0
GO_Biological_Process_2021	negative regulation of monooxygenase activity (GO:0032769)	2/8	0.0003528689058087801	0.006713330933012	0	0	94.86666666666666	754.1344025981498	NFKB1;SNCA	12.0
GO_Biological_Process_2021	positive regulation of CD4-positive, alpha-beta T cell differentiation (GO:0043372)	2/8	0.0003528689058087801	0.006713330933012	0	0	94.86666666666666	754.1344025981498	SOCS1;MYB	12.0
GO_Biological_Process_2021	positive regulation of cysteine-type endopeptidase activity involved in apoptotic signaling pathway (GO:2001269)	2/8	0.0003528689058087801	0.006713330933012	0	0	94.86666666666666	754.1344025981498	CASP8;FAS	12.0
GO_Biological_Process_2021	regulation of cell cycle phase transition (GO:1901987)	4/95	0.000383833667156092	0.0072122819927354	0	0	12.822882999353588	100.8558377816998	PLK1;UBE2E1;TP53;TAF1	12.0
GO_Biological_Process_2021	positive regulation of cellular process (GO:0048522)	9/625	0.0003947674929587514	0.0072778934154209	0	0	4.478664192949907	35.100247886059115	TGM1;MAPK8;ERBB3;ERBB4;CAV1;RARA;THBS1;FGFR1;EIF4G1	12.0
GO_Biological_Process_2021	negative regulation of I-kappaB kinase/NF-kappaB signaling (GO:0043124)	3/40	0.0004016708586697506	0.0072778934154209	0	0	23.373678025851937	182.77930038812644	PER1;CASP8;TANK	12.0
GO_Biological_Process_2021	positive regulation of catalytic activity (GO:0043085)	3/40	0.0004016708586697506	0.0072778934154209	0	0	23.373678025851937	182.77930038812644	MAPK8;CAV1;SOD1	12.0
GO_Biological_Process_2021	negative regulation of neuron death (GO:1901215)	4/98	0.0004320055618736736	0.0076501032588848	0	0	12.411764705882351	96.15483600383196	ERBB3;SNCA;SOD1;EIF4G1	12.0
GO_Biological_Process_2021	regulation of G0 to G1 transition (GO:0070316)	3/41	0.00043226601857036616	0.0076501032588848	0	0	22.757437070938217	176.28978933510678	RAD51;BMI1;E2F6	12.0
GO_Biological_Process_2021	response to UV (GO:0009411)	4/99	0.0004489793844028359	0.0076545155490607	0	0	12.280495356037152	94.66461090161532	MAPK8;TP53;AQP1;TAF1	12.0
GO_Biological_Process_2021	phosphorylation of RNA polymerase II C-terminal domain (GO:0070816)	2/9	0.00045263232550293614	0.0076545155490607	0	0	81.31020408163265	626.123567789527	CDK7;CDK12	12.0
GO_Biological_Process_2021	response to magnesium ion (GO:0032026)	2/9	0.00045263232550293614	0.0076545155490607	0	0	81.31020408163265	626.123567789527	THBS1;SNCA	12.0
GO_Biological_Process_2021	mitochondrial fragmentation involved in apoptotic process (GO:0043653)	2/9	0.00045263232550293614	0.0076545155490607	0	0	81.31020408163265	626.123567789527	ERBB4;BAX	12.0
GO_Biological_Process_2021	regulation of extrinsic apoptotic signaling pathway via death domain receptors (GO:1902041)	3/42	0.0004643189812675397	0.0077658625218592	0	0	22.17279821627648	170.17486894225314	CASP8;FAS;THBS1	12.0
GO_Biological_Process_2021	regulated exocytosis (GO:0045055)	5/180	0.00047993576219377047	0.0078422887934587	0	0	8.423454157782515	64.370843001089	ANXA5;ALB;THBS1;SNCA;SOD1	12.0
GO_Biological_Process_2021	cellular response to chemical stress (GO:0062197)	4/101	0.0004843463512385847	0.0078422887934587	0	0	12.02607640994542	91.79155734814957	CAV1;FAS;SNCA;SOD1	12.0
GO_Biological_Process_2021	positive regulation of protein localization to membrane (GO:1905477)	4/101	0.0004843463512385847	0.0078422887934587	0	0	12.02607640994542	91.79155734814957	MAPK8;CASP8;TP53;TP63	12.0
GO_Biological_Process_2021	cellular metal ion homeostasis (GO:0006875)	4/104	0.0005410570242729545	0.0086679113900405	0	0	11.663529411764706	87.73290353881855	CDH5;CAV1;ATP12A;KCNJ2	12.0
GO_Biological_Process_2021	nucleotide-excision repair (GO:0006289)	4/105	0.0005609665950704372	0.0086679113900405	0	0	11.547466511357015	86.44259294079684	USP7;CDK7;RPA1;TP53	12.0
GO_Biological_Process_2021	retinoic acid receptor signaling pathway (GO:0048384)	2/10	0.0005644733393963211	0.0086679113900405	0	0	71.14285714285714	532.1213524698264	RARA;PPARG	12.0
GO_Biological_Process_2021	myelin maintenance (GO:0043217)	2/10	0.0005644733393963211	0.0086679113900405	0	0	71.14285714285714	532.1213524698264	CXCR4;SOD1	12.0
GO_Biological_Process_2021	cellular response to radiation (GO:0071478)	3/45	0.0005695079756925465	0.0086679113900405	0	0	20.58592132505176	153.79201998251844	RAD51;TANK;TP53	12.0
GO_Biological_Process_2021	regulation of receptor signaling pathway via JAK-STAT (GO:0046425)	3/45	0.0005695079756925465	0.0086679113900405	0	0	20.58592132505176	153.79201998251844	SOCS1;ERBB4;CAV1	12.0
GO_Biological_Process_2021	negative regulation of receptor signaling pathway via STAT (GO:1904893)	2/11	0.0006883061323478026	0.0100236624655754	0	0	63.23492063492064	460.4309643116587	SOCS1;CAV1	12.0
GO_Biological_Process_2021	cellular response to increased oxygen levels (GO:0036295)	2/11	0.0006883061323478026	0.0100236624655754	0	0	63.23492063492064	460.4309643116587	CAV1;FAS	12.0
GO_Biological_Process_2021	regulation of phospholipase activity (GO:0010517)	2/11	0.0006883061323478026	0.0100236624655754	0	0	63.23492063492064	460.4309643116587	FGFR1;SNCA	12.0
GO_Biological_Process_2021	cellular response to ionizing radiation (GO:0071479)	3/48	0.0006888224644798164	0.0100236624655754	0	0	19.21062801932367	139.86349581730636	RAD51;TANK;TP53	12.0
GO_Biological_Process_2021	regulation of protein serine/threonine kinase activity (GO:0071900)	4/111	0.0006915141648393073	0.0100236624655754	0	0	10.896646509070916	79.29083135665829	CDK7;CCNT1;CDK12;SNCA	12.0
GO_Biological_Process_2021	positive regulation of reactive oxygen species metabolic process (GO:2000379)	3/49	0.0007318587259534681	0.0105083866122752	0	0	18.792060491493384	135.67723088670897	TP53;THBS1;SOD1	12.0
GO_Biological_Process_2021	positive regulation of kinase activity (GO:0033674)	4/114	0.0007642577319262898	0.010789143753175	0	0	10.597860962566845	76.0566670627012	ALK;ERBB3;ERBB4;FGFR1	12.0
GO_Biological_Process_2021	negative regulation of cellular macromolecule biosynthetic process (GO:2000113)	8/547	0.0007655897012765497	0.010789143753175	0	0	4.49652133580705	32.26192982079456	PER1;MYB;GMNN;RARA;PPARG;TP53;PML;TP63	12.0
GO_Biological_Process_2021	regulation of protein modification process (GO:0031399)	3/51	0.0008229855387419517	0.0112348729285957	0	0	18.007246376811594	127.8977626315855	CDH5;SOCS1;PML	12.0
GO_Biological_Process_2021	intrinsic apoptotic signaling pathway in response to DNA damage (GO:0008630)	3/51	0.0008229855387419517	0.0112348729285957	0	0	18.007246376811594	127.8977626315855	BAX;TP53;PML	12.0
GO_Biological_Process_2021	negative regulation of microtubule polymerization (GO:0031115)	2/12	0.0008240453340764276	0.0112348729285957	0	0	56.90857142857143	404.12398536765454	CDH5;SNCA	12.0
GO_Biological_Process_2021	regulation of angiogenesis (GO:0045765)	5/203	0.0008267449198441016	0.0112348729285957	0	0	7.436303331825719	52.78298776658527	CDH5;PPARG;THBS1;PML;AQP1	12.0
GO_Biological_Process_2021	regulation of inflammatory response (GO:0050727)	5/206	0.0008829417505550345	0.0118923658791571	0	0	7.3241998960421775	51.505614439603264	CYLD;CDH5;PPARG;TNFRSF1A;SNCA	12.0
GO_Biological_Process_2021	negative regulation of cysteine-type endopeptidase activity (GO:2000117)	3/53	0.0009210215770968808	0.0122964459679074	0	0	17.285217391304347	120.82413789232052	THBS1;AQP1;SNCA	12.0
GO_Biological_Process_2021	negative regulation of cellular process (GO:0048523)	8/566	0.0009546272775016092	0.0124406635307647	0	0	4.33915770609319	30.17532530136521	ERBB3;ERBB4;FTH1;INCA1;GMNN;TP53;PML;NME1	12.0
GO_Biological_Process_2021	cellular potassium ion homeostasis (GO:0030007)	2/13	0.0009716060173043886	0.0124406635307647	0	0	51.73246753246753	358.8453736607072	ATP12A;KCNJ2	12.0
GO_Biological_Process_2021	regulation of membrane repolarization (GO:0060306)	2/13	0.0009716060173043886	0.0124406635307647	0	0	51.73246753246753	358.8453736607072	CAV1;KCNJ2	12.0
GO_Biological_Process_2021	negative regulation of alcohol biosynthetic process (GO:1902931)	2/13	0.0009716060173043886	0.0124406635307647	0	0	51.73246753246753	358.8453736607072	NFKB1;SOD1	12.0
GO_Biological_Process_2021	regulation of proteolysis (GO:0030162)	3/54	0.0009726931407102556	0.0124406635307647	0	0	16.945439045183292	117.5241079664662	CASP8;CAV1;PLK1	12.0
GO_Biological_Process_2021	regulation of intracellular signal transduction (GO:1902531)	7/437	0.0009828183038668855	0.0124654121540449	0	0	4.883220035778176	33.81672013687433	CYLD;USP7;RPA1;TP53;PML;TP63;TAF1	12.0
GO_Biological_Process_2021	negative regulation of cysteine-type endopeptidase activity involved in apoptotic process (GO:0043154)	3/55	0.0010261664632754	0.0128018471893869	0	0	16.618729096989966	114.36885223449828	THBS1;AQP1;SNCA	12.0
GO_Biological_Process_2021	regulation of blood vessel endothelial cell migration (GO:0043535)	3/55	0.0010261664632754	0.0128018471893869	0	0	16.618729096989966	114.36885223449828	PPARG;THBS1;FGFR1	12.0
GO_Biological_Process_2021	positive regulation of protein modification process (GO:0031401)	5/214	0.0010467334375064	0.0129522625356493	0	0	7.040991216167964	48.31585187642972	CDH5;ERBB4;FAS;CDK2AP1;ILK	12.0
GO_Biological_Process_2021	cellular response to oxidative stress (GO:0034599)	4/125	0.0010774926259484	0.0130634188951321	0	0	9.629071463296064	65.79658712088741	MAPK8;TP53;SNCA;SOD1	12.0
GO_Biological_Process_2021	platelet degranulation (GO:0002576)	4/125	0.0010774926259484	0.0130634188951321	0	0	9.629071463296064	65.79658712088741	ANXA5;ALB;THBS1;SOD1	12.0
GO_Biological_Process_2021	DNA damage response, signal transduction by p53 class mediator resulting in cell cycle arrest (GO:0006977)	3/56	0.0010814656903985	0.0130634188951321	0	0	16.304347826086957	111.3495332146077	BAX;TP53;PML	12.0
GO_Biological_Process_2021	circulatory system development (GO:0072359)	4/126	0.001109821327669	0.0133003784308056	0	0	9.549662487945998	64.97166583533507	CDH5;CASP8;ERBB3;ERBB4	12.0
GO_Biological_Process_2021	regulation of reactive oxygen species metabolic process (GO:2000377)	3/57	0.0011386146492212	0.013330549970113	0	0	16.00161030595813	108.45800217052798	TP53;THBS1;SNCA	12.0
GO_Biological_Process_2021	positive regulation of proteolysis (GO:0045862)	3/57	0.0011386146492212	0.013330549970113	0	0	16.00161030595813	108.45800217052798	CASP8;PLK1;TANK	12.0
GO_Biological_Process_2021	protein K48-linked ubiquitination (GO:0070936)	3/57	0.0011386146492212	0.013330549970113	0	0	16.00161030595813	108.45800217052798	UBE2D4;UBE2E3;UBE2E1	12.0
GO_Biological_Process_2021	regulation of tumor necrosis factor-mediated signaling pathway (GO:0010803)	3/58	0.0011976368502108	0.0138569416819659	0	0	15.709881422924902	105.68673413149531	CYLD;CASP8;TNFRSF1A	12.0
GO_Biological_Process_2021	transcription, DNA-templated (GO:0006351)	5/221	0.0012076993831839	0.0138569416819659	0	0	6.810392482034273	45.75928632723333	CDK7;CCNT1;TP53;NFKB1;TAF1	12.0
GO_Biological_Process_2021	DNA-dependent DNA replication (GO:0006261)	4/129	0.0012108891220114	0.0138569416819659	0	0	9.319058823529412	62.5905302015613	RAD51;GMNN;RPA1;CDK2AP1	12.0
GO_Biological_Process_2021	positive regulation of canonical Wnt signaling pathway (GO:0090263)	4/130	0.0012459643603946	0.0141519235561246	0	0	9.244631185807656	61.82666472609073	TNKS;CAV1;ILK;NFKB1	12.0
GO_Biological_Process_2021	regulation of I-kappaB kinase/NF-kappaB signaling (GO:0043122)	5/224	0.0012820236478356	0.0144536295704134	0	0	6.716077148504055	44.72447648366841	PER1;CASP8;REL;TANK;TNFRSF1A	12.0
GO_Biological_Process_2021	placenta development (GO:0001890)	2/15	0.0013018543244986	0.0145692814844625	0	0	43.76923076923077	290.8012647685607	PPARG;SOD1	12.0
GO_Biological_Process_2021	peptidyl-threonine phosphorylation (GO:0018107)	3/60	0.0013213934561634	0.0146800061334359	0	0	15.157131960335622	100.47766527954433	MAPK8;TNKS;TAF1	12.0
GO_Biological_Process_2021	regulation of DNA-templated transcription, initiation (GO:2000142)	3/61	0.0013861733228463	0.0152572092917569	0	0	14.89505247376312	98.02744346786407	BAX;TP53;NFKB1	12.0
GO_Biological_Process_2021	positive regulation of peptidyl-tyrosine phosphorylation (GO:0050731)	4/134	0.0013933982204692	0.0152572092917569	0	0	8.958371040723982	58.91033533016342	ERBB3;ERBB4;TP53;TNFRSF1A	12.0
GO_Biological_Process_2021	inflammatory response (GO:0006954)	5/230	0.0014407635429992	0.0156631579460346	0	0	6.534991708126037	42.75571956232942	REL;CXCR4;THBS1;NFKB1;TNFRSF1A	12.0
GO_Biological_Process_2021	I-kappaB kinase/NF-kappaB signaling (GO:0007249)	3/62	0.0014529173598998	0.0156832639841668	0	0	14.641857037582904	95.67255535603778	REL;TANK;TNFRSF1A	12.0
GO_Biological_Process_2021	cellular calcium ion homeostasis (GO:0006874)	4/136	0.0014715012990371	0.015689011631897	0	0	8.82174688057041	57.53077622100505	CDH5;CAV1;BAX;PML	12.0
GO_Biological_Process_2021	negative regulation of receptor signaling pathway via JAK-STAT (GO:0046426)	2/16	0.001484374293688	0.015689011631897	0	0	40.64081632653061	264.6839620490753	SOCS1;CAV1	12.0
GO_Biological_Process_2021	DNA unwinding involved in DNA replication (GO:0006268)	2/16	0.001484374293688	0.015689011631897	0	0	40.64081632653061	264.6839620490753	RAD51;RPA1	12.0
GO_Biological_Process_2021	positive regulation of DNA metabolic process (GO:0051054)	3/63	0.0015216475319313	0.0159720520248246	0	0	14.397101449275365	93.4078417650356	USP7;RAD51;PML	12.0
GO_Biological_Process_2021	negative regulation of cell cycle process (GO:0010948)	3/64	0.0015923855011175	0.0164871478415026	0	0	14.160370634354951	91.22850035854256	RAD51;BMI1;E2F6	12.0
GO_Biological_Process_2021	regulation of transcription initiation from RNA polymerase II promoter (GO:0060260)	3/64	0.0015923855011175	0.0164871478415026	0	0	14.160370634354951	91.22850035854256	BAX;TP53;NFKB1	12.0
GO_Biological_Process_2021	enzyme linked receptor protein signaling pathway (GO:0007167)	4/140	0.0016367829887016	0.0167193537503617	0	0	8.560553633217992	54.91614464759622	ALK;ERBB3;ERBB4;FGFR1	12.0
GO_Biological_Process_2021	transcription initiation from RNA polymerase II promoter (GO:0006367)	4/140	0.0016367829887016	0.0167193537503617	0	0	8.560553633217992	54.91614464759622	CDK7;RARA;PPARG;TAF1	12.0
GO_Biological_Process_2021	mitotic G1 DNA damage checkpoint signaling (GO:0031571)	3/65	0.00166515262954	0.0168957486810664	0	0	13.931276297335204	89.13005571489883	BAX;TP53;PML	12.0
GO_Biological_Process_2021	regulation of establishment of endothelial barrier (GO:1903140)	2/17	0.0016783804310391	0.0169171855366991	0	0	37.92952380952381	242.3668495875679	CDH5;TNFRSF1A	12.0
GO_Biological_Process_2021	protein-DNA complex assembly (GO:0065004)	4/143	0.0017689232588371	0.0177125078944085	0	0	8.374523910283537	53.072575895472816	CDK7;RAD51;GMNN;RPA1	12.0
GO_Biological_Process_2021	peptidyl-threonine modification (GO:0018210)	3/67	0.0018168583238328	0.0179562231745043	0	0	13.494565217391305	85.15943028830117	MAPK8;TNKS;TAF1	12.0
GO_Biological_Process_2021	transcription elongation from RNA polymerase II promoter (GO:0006368)	3/67	0.0018168583238328	0.0179562231745043	0	0	13.494565217391305	85.15943028830117	CDK7;CCNT1;CDK12	12.0
GO_Biological_Process_2021	negative regulation of fibroblast proliferation (GO:0048147)	2/18	0.0018837899979258	0.0180322539424098	0	0	35.55714285714286	223.10221103497707	FTH1;TP53	12.0
GO_Biological_Process_2021	regulation of fatty acid metabolic process (GO:0019217)	2/18	0.0018837899979258	0.0180322539424098	0	0	35.55714285714286	223.10221103497707	CAV1;PPARG	12.0
GO_Biological_Process_2021	regulation of presynapse assembly (GO:1905606)	2/18	0.0018837899979258	0.0180322539424098	0	0	35.55714285714286	223.10221103497707	EIF4G1;SNCA	12.0
GO_Biological_Process_2021	regulation of presynapse organization (GO:0099174)	2/18	0.0018837899979258	0.0180322539424098	0	0	35.55714285714286	223.10221103497707	EIF4G1;SNCA	12.0
GO_Biological_Process_2021	regulation of vascular endothelial cell proliferation (GO:1905562)	2/18	0.0018837899979258	0.0180322539424098	0	0	35.55714285714286	223.10221103497707	PPARG;FGFR1	12.0
GO_Biological_Process_2021	regulation of tyrosine phosphorylation of STAT protein (GO:0042509)	3/68	0.001895838132275	0.0180341602332667	0	0	13.28628762541806	83.2797030961845	SOCS1;ERBB4;TNFRSF1A	12.0
GO_Biological_Process_2021	positive regulation of DNA-binding transcription factor activity (GO:0051091)	5/246	0.0019348351274662	0.0182908016397744	0	0	6.096178856753577	38.08729880222781	ALK;CAV1;PPARG;NFKB1;TAF1	12.0
GO_Biological_Process_2021	DNA-templated transcription, elongation (GO:0006354)	3/69	0.0019769295896178	0.0185733755271502	0	0	13.084321475625824	81.46573779673794	CDK7;CCNT1;CDK12	12.0
GO_Biological_Process_2021	positive regulation of intracellular protein transport (GO:0090316)	4/148	0.0020053373417631	0.0187246836451752	0	0	8.081699346405228	50.20305553850687	MAPK8;CASP8;TP53;TP63	12.0
GO_Biological_Process_2021	cellular response to light stimulus (GO:0071482)	3/70	0.0020601525899176	0.0191192209869182	0	0	12.888384166125892	79.71433677257149	TP53;AQP1;TAF1	12.0
GO_Biological_Process_2021	cellular response to copper ion (GO:0071280)	2/19	0.002100520687631	0.0193068491041373	0	0	33.463865546218486	206.3238061147269	AQP1;SNCA	12.0
GO_Biological_Process_2021	cellular response to organic cyclic compound (GO:0071407)	4/150	0.0021057404410557	0.0193068491041373	0	0	7.970185334407736	49.12095455050287	RAD51;MSN;AQP1;TAF1	12.0
GO_Biological_Process_2021	protein tetramerization (GO:0051262)	3/71	0.0021455267399678	0.019437450584709	0	0	12.698209718670077	78.02250126595587	SAMHD1;KCNJ2;SNCA	12.0
GO_Biological_Process_2021	response to metal ion (GO:0010038)	3/71	0.0021455267399678	0.019437450584709	0	0	12.698209718670077	78.02250126595587	CAV1;THBS1;SNCA	12.0
GO_Biological_Process_2021	negative regulation of epithelial cell proliferation (GO:0050680)	3/72	0.0022330713617068	0.0199099029691931	0	0	12.513547574039068	76.38741636486932	SOX2;CAV1;THBS1	12.0
GO_Biological_Process_2021	response to ionizing radiation (GO:0010212)	3/72	0.0022330713617068	0.0199099029691931	0	0	12.513547574039068	76.38741636486932	RAD51;TP53;TANK	12.0
GO_Biological_Process_2021	positive regulation of Wnt signaling pathway (GO:0030177)	4/153	0.0022627851963135	0.0199099029691931	0	0	7.808527437820766	47.56298090461394	TNKS;CAV1;ILK;NFKB1	12.0
GO_Biological_Process_2021	transcription-coupled nucleotide-excision repair (GO:0006283)	3/73	0.0023228054940714	0.0199099029691931	0	0	12.334161490683227	74.80643732073679	USP7;CDK7;RPA1	12.0
GO_Biological_Process_2021	negative regulation of cyclin-dependent protein serine/threonine kinase activity (GO:0045736)	2/20	0.0023284906232039	0.0199099029691931	0	0	31.603174603174605	191.59535285451057	INCA1;PLK1	12.0
GO_Biological_Process_2021	cellular monovalent inorganic cation homeostasis (GO:0030004)	2/20	0.0023284906232039	0.0199099029691931	0	0	31.603174603174605	191.59535285451057	ATP12A;KCNJ2	12.0
GO_Biological_Process_2021	regulation of programmed necrotic cell death (GO:0062098)	2/20	0.0023284906232039	0.0199099029691931	0	0	31.603174603174605	191.59535285451057	CYLD;CASP8	12.0
GO_Biological_Process_2021	endoplasmic reticulum calcium ion homeostasis (GO:0032469)	2/20	0.0023284906232039	0.0199099029691931	0	0	31.603174603174605	191.59535285451057	BAX;PML	12.0
GO_Biological_Process_2021	granulocyte differentiation (GO:0030851)	2/20	0.0023284906232039	0.0199099029691931	0	0	31.603174603174605	191.59535285451057	RARA;PML	12.0
GO_Biological_Process_2021	positive regulation of nitrogen compound metabolic process (GO:0051173)	2/20	0.0023284906232039	0.0199099029691931	0	0	31.603174603174605	191.59535285451057	MAPK8;NFKB1	12.0
GO_Biological_Process_2021	negative regulation of protein binding (GO:0032091)	3/74	0.0024147478955665	0.0204144356471151	0	0	12.159828536436008	73.27707705596389	MAPK8;CAV1;BAX	12.0
GO_Biological_Process_2021	DNA damage response, signal transduction by p53 class mediator (GO:0030330)	3/74	0.0024147478955665	0.0204144356471151	0	0	12.159828536436008	73.27707705596389	BAX;TP53;PML	12.0
GO_Biological_Process_2021	peptidyl-serine phosphorylation (GO:0018105)	4/156	0.0024277351196634	0.0204144356471151	0	0	7.653250773993808	46.078665517913215	MAPK8;TNKS;PLK1;TAF1	12.0
GO_Biological_Process_2021	cellular response to starvation (GO:0009267)	4/158	0.0025421912877007	0.0211238656164229	0	0	7.553093964858671	45.127688480388656	MAPK8;ALB;FAS;TP53	12.0
GO_Biological_Process_2021	neuron apoptotic process (GO:0051402)	2/21	0.0025676183567925	0.0211238656164229	0	0	29.93834586466165	178.57554243587194	ERBB3;FAS	12.0
GO_Biological_Process_2021	response to progesterone (GO:0032570)	2/21	0.0025676183567925	0.0211238656164229	0	0	29.93834586466165	178.57554243587194	CAV1;THBS1	12.0
GO_Biological_Process_2021	intrinsic apoptotic signaling pathway in response to DNA damage by p53 class mediator (GO:0042771)	2/21	0.0025676183567925	0.0211238656164229	0	0	29.93834586466165	178.57554243587194	TP53;PML	12.0
GO_Biological_Process_2021	cellular response to UV (GO:0034644)	3/77	0.0027040081348593	0.0221263461357843	0	0	11.665099882491187	68.97597021776596	TP53;AQP1;TAF1	12.0
GO_Biological_Process_2021	positive regulation of protein kinase B signaling (GO:0051897)	4/161	0.002720755562754	0.0221443313717201	0	0	7.407643312101911	43.75580572538892	ERBB3;ERBB4;THBS1;FGFR1	12.0
GO_Biological_Process_2021	protein-containing complex assembly (GO:0065003)	5/267	0.0027587765594044	0.0223343506564555	0	0	5.601572291215677	33.00988611117659	CASP8;FAS;TP53;PML;TNFRSF1A	12.0
GO_Biological_Process_2021	protein ubiquitination (GO:0016567)	7/525	0.0027881924834027	0.0224530632790418	0	0	4.035343035343035	23.7373475132144	USP7;UBE2D4;TNKS;UBE2E3;PLK1;UBE2E1;TAF1	12.0
GO_Biological_Process_2021	negative regulation of blood vessel morphogenesis (GO:2000181)	3/78	0.0028049656577441	0.0224540649291689	0	0	11.508985507246376	67.63098791922951	PPARG;THBS1;PML	12.0
GO_Biological_Process_2021	negative regulation of cyclin-dependent protein kinase activity (GO:1904030)	2/22	0.0028178228656184	0.0224540649291689	0	0	28.44	166.99372823811356	INCA1;PLK1	12.0
GO_Biological_Process_2021	double-strand break repair (GO:0006302)	4/164	0.0029077494279657	0.0225832271586566	0	0	7.267647058823529	42.445790655549466	MAPK8;RAD51;RPA1;SAMHD1	12.0
GO_Biological_Process_2021	recombinational repair (GO:0000725)	3/79	0.0029082211058453	0.0225832271586566	0	0	11.356979405034323	66.32718658191075	RAD51;RPA1;SAMHD1	12.0
GO_Biological_Process_2021	regulation of ion transport (GO:0043269)	3/79	0.0029082211058453	0.0225832271586566	0	0	11.356979405034323	66.32718658191075	PER1;KCNJ2;SNCA	12.0
GO_Biological_Process_2021	regulation of neuron differentiation (GO:0045664)	3/79	0.0029082211058453	0.0225832271586566	0	0	11.356979405034323	66.32718658191075	ALK;SOX2;FGFR1	12.0
GO_Biological_Process_2021	positive regulation of proteasomal ubiquitin-dependent protein catabolic process (GO:0032436)	3/79	0.0029082211058453	0.0225832271586566	0	0	11.356979405034323	66.32718658191075	CAV1;PLK1;TAF1	12.0
GO_Biological_Process_2021	negative regulation of cell cycle (GO:0045786)	3/80	0.0030137915966939	0.0228598724273922	0	0	11.20892151326934	65.06281628040004	INCA1;PLK1;GMNN	12.0
GO_Biological_Process_2021	negative regulation of extrinsic apoptotic signaling pathway (GO:2001237)	3/80	0.0030137915966939	0.0228598724273922	0	0	11.20892151326934	65.06281628040004	CASP8;FAS;THBS1	12.0
GO_Biological_Process_2021	regulation of MAPK cascade (GO:0043408)	4/166	0.0030371908559297	0.0228598724273922	0	0	7.177196804647785	41.60493413928933	SOX2;CAV1;FAS;FGFR1	12.0
GO_Biological_Process_2021	regulation of interferon-gamma-mediated signaling pathway (GO:0060334)	2/23	0.0030790235529667	0.0228598724273922	0	0	27.0843537414966	156.63268426345226	SOCS1;PPARG	12.0
GO_Biological_Process_2021	regulation of mononuclear cell migration (GO:0071675)	2/23	0.0030790235529667	0.0228598724273922	0	0	27.0843537414966	156.63268426345226	MSN;THBS1	12.0
GO_Biological_Process_2021	regulation of necroptotic process (GO:0060544)	2/23	0.0030790235529667	0.0228598724273922	0	0	27.0843537414966	156.63268426345226	CYLD;CASP8	12.0
GO_Biological_Process_2021	positive regulation of cholesterol efflux (GO:0010875)	2/23	0.0030790235529667	0.0228598724273922	0	0	27.0843537414966	156.63268426345226	CAV1;PPARG	12.0
GO_Biological_Process_2021	regulation of telomere capping (GO:1904353)	2/23	0.0030790235529667	0.0228598724273922	0	0	27.0843537414966	156.63268426345226	USP7;TNKS	12.0
GO_Biological_Process_2021	response to copper ion (GO:0046688)	2/23	0.0030790235529667	0.0228598724273922	0	0	27.0843537414966	156.63268426345226	AQP1;SNCA	12.0
GO_Biological_Process_2021	DNA-templated transcription, initiation (GO:0006352)	4/168	0.0031705218897466	0.023424923865021	0	0	7.088952654232425	40.78883453099319	CDK7;RARA;PPARG;TAF1	12.0
GO_Biological_Process_2021	DNA metabolic process (GO:0006259)	5/277	0.0032296586962519	0.0235849099408112	0	0	5.392888498683055	30.930258442289368	USP7;RAD51;GMNN;RPA1;SAMHD1	12.0
GO_Biological_Process_2021	positive regulation of protein ubiquitination (GO:0031398)	3/82	0.0032319448516046	0.0235849099408112	0	0	10.924050632911392	62.645838570578775	CAV1;PLK1;BMI1	12.0
GO_Biological_Process_2021	peptidyl-serine modification (GO:0018209)	4/169	0.0032386637172336	0.0235849099408112	0	0	7.045632798573975	40.389755599058695	MAPK8;TNKS;PLK1;TAF1	12.0
GO_Biological_Process_2021	regulation of defense response (GO:0031347)	3/83	0.0033445605297436	0.0238338105085237	0	0	10.78695652173913	61.49018242895305	CYLD;CASP8;SAMHD1	12.0
GO_Biological_Process_2021	nucleotide-binding domain, leucine rich repeat containing receptor signaling pathway (GO:0035872)	2/24	0.0033511402423285	0.0238338105085237	0	0	25.851948051948053	147.3161528181512	CYLD;CASP8	12.0
GO_Biological_Process_2021	regulation of monooxygenase activity (GO:0032768)	2/24	0.0033511402423285	0.0238338105085237	0	0	25.851948051948053	147.3161528181512	CAV1;SNCA	12.0
GO_Biological_Process_2021	mammary gland development (GO:0030879)	2/24	0.0033511402423285	0.0238338105085237	0	0	25.851948051948053	147.3161528181512	ERBB4;CAV1	12.0
GO_Biological_Process_2021	potassium ion homeostasis (GO:0055075)	2/24	0.0033511402423285	0.0238338105085237	0	0	25.851948051948053	147.3161528181512	ATP12A;KCNJ2	12.0
GO_Biological_Process_2021	protein modification by small protein conjugation (GO:0032446)	6/409	0.0035357592747296	0.0250298865866911	0	0	4.404466501240695	24.862452373485034	USP7;UBE2D4;UBE2E3;SUMO3;PLK1;UBE2E1	12.0
GO_Biological_Process_2021	negative regulation of defense response (GO:0031348)	3/85	0.0035769503158224	0.0252042517624153	0	0	10.522799575821844	59.27750503124268	CDH5;PPARG;TNFRSF1A	12.0
GO_Biological_Process_2021	divalent inorganic cation homeostasis (GO:0072507)	2/25	0.0036340931800572	0.0252561178997584	0	0	24.72670807453416	138.89970282560614	CAV1;SNCA	12.0
GO_Biological_Process_2021	positive regulation of DNA-templated transcription, elongation (GO:0032786)	2/25	0.0036340931800572	0.0252561178997584	0	0	24.72670807453416	138.89970282560614	CCNT1;CDK12	12.0
GO_Biological_Process_2021	positive regulation of release of cytochrome c from mitochondria (GO:0090200)	2/25	0.0036340931800572	0.0252561178997584	0	0	24.72670807453416	138.89970282560614	BAX;TP53	12.0
GO_Biological_Process_2021	response to interleukin-1 (GO:0070555)	3/86	0.0036967557838846	0.0255748286503294	0	0	10.39549502357255	58.21788723695446	TANK;NFKB1;SNCA	12.0
GO_Biological_Process_2021	negative regulation of angiogenesis (GO:0016525)	3/87	0.0038189887818385	0.0263009091672322	0	0	10.271221532091095	57.1877950855023	PPARG;THBS1;PML	12.0
GO_Biological_Process_2021	negative regulation of proteolysis involved in cellular protein catabolic process (GO:1903051)	2/26	0.00392780303035	0.0268076960188013	0	0	23.695238095238096	131.26391891912468	PML;TAF1	12.0
GO_Biological_Process_2021	regulation of telomere maintenance (GO:0032204)	2/26	0.00392780303035	0.0268076960188013	0	0	23.695238095238096	131.26391891912468	USP7;PML	12.0
GO_Biological_Process_2021	regulation of blood coagulation (GO:0030193)	2/27	0.0042321908736682	0.028251730305803	0	0	22.746285714285715	124.3092585343366	CAV1;THBS1	12.0
GO_Biological_Process_2021	negative regulation of protein polymerization (GO:0032272)	2/27	0.0042321908736682	0.028251730305803	0	0	22.746285714285715	124.3092585343366	CDH5;SNCA	12.0
GO_Biological_Process_2021	cytoplasmic pattern recognition receptor signaling pathway (GO:0002753)	2/27	0.0042321908736682	0.028251730305803	0	0	22.746285714285715	124.3092585343366	CYLD;CASP8	12.0
GO_Biological_Process_2021	positive regulation of gene silencing by miRNA (GO:2000637)	2/27	0.0042321908736682	0.028251730305803	0	0	22.746285714285715	124.3092585343366	TP53;EIF4G1	12.0
GO_Biological_Process_2021	stress-activated protein kinase signaling cascade (GO:0031098)	2/27	0.0042321908736682	0.028251730305803	0	0	22.746285714285715	124.3092585343366	MAPK8;NFKB1	12.0
GO_Biological_Process_2021	nucleotide-binding oligomerization domain containing signaling pathway (GO:0070423)	2/28	0.0045471782054532	0.0299601957952374	0	0	21.87032967032967	117.95212078700894	CYLD;CASP8	12.0
GO_Biological_Process_2021	positive regulation of fibroblast proliferation (GO:0048146)	2/28	0.0045471782054532	0.0299601957952374	0	0	21.87032967032967	117.95212078700894	BMI1;AQP1	12.0
GO_Biological_Process_2021	response to ketone (GO:1901654)	2/28	0.0045471782054532	0.0299601957952374	0	0	21.87032967032967	117.95212078700894	CAV1;THBS1	12.0
GO_Biological_Process_2021	positive regulation of peptidyl-serine phosphorylation (GO:0033138)	3/93	0.0046041900062975	0.0302050740930385	0	0	9.583574879227053	51.56718968250194	CAV1;SNCA;EIF4G1	12.0
GO_Biological_Process_2021	innate immune response (GO:0045087)	5/302	0.0046573911703404	0.030422958632009	0	0	4.9326599326599325	26.48493009990438	CYLD;REL;PPARG;PML;SNCA	12.0
GO_Biological_Process_2021	MAPK cascade (GO:0000165)	5/303	0.0047224950291298	0.0307163992920324	0	0	4.915856956826605	26.326468886984056	MAPK8;ERBB3;ERBB4;NFKB1;FGFR1	12.0
GO_Biological_Process_2021	negative regulation of cell death (GO:0060548)	3/94	0.0047438230901011	0.0307238244388681	0	0	9.47778308647874	50.71478239097437	ALB;SNCA;EIF4G1	12.0
GO_Biological_Process_2021	nucleotide-excision repair, preincision complex assembly (GO:0006294)	2/29	0.0048726869346467	0.0309009563105517	0	0	21.05925925925926	112.12180780429958	CDK7;RPA1	12.0
GO_Biological_Process_2021	regulation of response to biotic stimulus (GO:0002831)	2/29	0.0048726869346467	0.0309009563105517	0	0	21.05925925925926	112.12180780429958	CASP8;SAMHD1	12.0
GO_Biological_Process_2021	glial cell differentiation (GO:0010001)	2/29	0.0048726869346467	0.0309009563105517	0	0	21.05925925925926	112.12180780429958	SOX2;ERBB3	12.0
GO_Biological_Process_2021	regulation of ubiquitin-protein transferase activity (GO:0051438)	2/29	0.0048726869346467	0.0309009563105517	0	0	21.05925925925926	112.12180780429958	PLK1;BMI1	12.0
GO_Biological_Process_2021	protein K11-linked ubiquitination (GO:0070979)	2/29	0.0048726869346467	0.0309009563105517	0	0	21.05925925925926	112.12180780429958	UBE2D4;UBE2E3	12.0
GO_Biological_Process_2021	negative regulation of cell differentiation (GO:0045596)	4/191	0.0050013766835014	0.0315854577273408	0	0	6.209814407046241	32.89985796142585	SOX2;CAV1;MYB;PPARG	12.0
GO_Biological_Process_2021	calcium ion homeostasis (GO:0055074)	3/97	0.0051780204152953	0.03243188095506	0	0	9.173913043478262	48.2853542607344	CDH5;CAV1;SNCA	12.0
GO_Biological_Process_2021	double-strand break repair via homologous recombination (GO:0000724)	3/97	0.0051780204152953	0.03243188095506	0	0	9.173913043478262	48.2853542607344	RAD51;RPA1;SAMHD1	12.0
GO_Biological_Process_2021	TRIF-dependent toll-like receptor signaling pathway (GO:0035666)	2/30	0.0052086393816279	0.0324899554870397	0	0	20.306122448979597	106.75815162079977	CASP8;TANK	12.0
GO_Biological_Process_2021	cellular response to tumor necrosis factor (GO:0071356)	4/194	0.0052830057278789	0.0328193253789048	0	0	6.110835913312694	32.0407019788711	ILK;TP53;TANK;TNFRSF1A	12.0
GO_Biological_Process_2021	regulation of neuron apoptotic process (GO:0043523)	3/98	0.0053278950854847	0.0328301875308006	0	0	9.076887871853549	47.51568389144995	ERBB3;BAX;SOD1	12.0
GO_Biological_Process_2021	regulation of peptidyl-serine phosphorylation (GO:0033135)	3/98	0.0053278950854847	0.0328301875308006	0	0	9.076887871853549	47.51568389144995	CAV1;SNCA;EIF4G1	12.0
GO_Biological_Process_2021	protein polyubiquitination (GO:0000209)	5/314	0.0054820745358266	0.0332860098269072	0	0	4.738202192918901	24.668367913509663	UBE2D4;TNKS;UBE2E3;UBE2E1;TAF1	12.0
GO_Biological_Process_2021	negative regulation of DNA binding (GO:0043392)	2/31	0.0055549582759753	0.0332860098269072	0	0	19.604926108374386	101.8096431909553	TNKS;SUMO3	12.0
GO_Biological_Process_2021	negative regulation of peptidyl-tyrosine phosphorylation (GO:0050732)	2/31	0.0055549582759753	0.0332860098269072	0	0	19.604926108374386	101.8096431909553	SOCS1;CAV1	12.0
GO_Biological_Process_2021	regulation of macrophage derived foam cell differentiation (GO:0010743)	2/31	0.0055549582759753	0.0332860098269072	0	0	19.604926108374386	101.8096431909553	PPARG;NFKB1	12.0
GO_Biological_Process_2021	peptide cross-linking (GO:0018149)	2/31	0.0055549582759753	0.0332860098269072	0	0	19.604926108374386	101.8096431909553	TGM1;THBS1	12.0
GO_Biological_Process_2021	positive regulation of ubiquitin-protein transferase activity (GO:0051443)	2/31	0.0055549582759753	0.0332860098269072	0	0	19.604926108374386	101.8096431909553	PLK1;BMI1	12.0
GO_Biological_Process_2021	MyD88-independent toll-like receptor signaling pathway (GO:0002756)	2/31	0.0055549582759753	0.0332860098269072	0	0	19.604926108374386	101.8096431909553	CASP8;TANK	12.0
GO_Biological_Process_2021	epithelial cell differentiation (GO:0030855)	3/101	0.0057931193307258	0.0341929300987231	0	0	8.797692990239574	45.31765901205048	TAGLN;ERBB4;PPARG	12.0
GO_Biological_Process_2021	negative regulation of microtubule polymerization or depolymerization (GO:0031111)	2/32	0.0059115667529958	0.0341929300987231	0	0	18.95047619047619	97.23194427288207	CDH5;SNCA	12.0
GO_Biological_Process_2021	regulation of chemotaxis (GO:0050920)	2/32	0.0059115667529958	0.0341929300987231	0	0	18.95047619047619	97.23194427288207	CXCR4;THBS1	12.0
GO_Biological_Process_2021	ERBB2 signaling pathway (GO:0038128)	2/32	0.0059115667529958	0.0341929300987231	0	0	18.95047619047619	97.23194427288207	ERBB3;ERBB4	12.0
GO_Biological_Process_2021	transcription initiation from RNA polymerase I promoter (GO:0006361)	2/32	0.0059115667529958	0.0341929300987231	0	0	18.95047619047619	97.23194427288207	CDK7;TAF1	12.0
GO_Biological_Process_2021	positive regulation of telomere maintenance (GO:0032206)	2/32	0.0059115667529958	0.0341929300987231	0	0	18.95047619047619	97.23194427288207	TNKS;PML	12.0
GO_Biological_Process_2021	modulation by host of symbiont process (GO:0051851)	2/32	0.0059115667529958	0.0341929300987231	0	0	18.95047619047619	97.23194427288207	CCNT1;AQP1	12.0
GO_Biological_Process_2021	protein K63-linked deubiquitination (GO:0070536)	2/32	0.0059115667529958	0.0341929300987231	0	0	18.95047619047619	97.23194427288207	CYLD;USP7	12.0
GO_Biological_Process_2021	regulation of proteasomal ubiquitin-dependent protein catabolic process (GO:0032434)	3/102	0.0059534339528	0.0341929300987231	0	0	8.70838823012736	44.61992719675599	USP7;PLK1;TAF1	12.0
GO_Biological_Process_2021	intrinsic apoptotic signaling pathway (GO:0097193)	3/102	0.0059534339528	0.0341929300987231	0	0	8.70838823012736	44.61992719675599	BAX;TP53;PML	12.0
GO_Biological_Process_2021	positive regulation of vasculature development (GO:1904018)	3/102	0.0059534339528	0.0341929300987231	0	0	8.70838823012736	44.61992719675599	CDH5;THBS1;AQP1	12.0
GO_Biological_Process_2021	modification-dependent protein catabolic process (GO:0019941)	4/201	0.0059810758167973	0.0342225465908479	0	0	5.891609435652434	30.160060867919235	UBE2D4;PLK1;UBE2E1;TAF1	12.0
GO_Biological_Process_2021	apoptotic cell clearance (GO:0043277)	2/33	0.0062783883557449	0.0352609117248848	0	0	18.338248847926263	92.98669413051476	RARA;THBS1	12.0
GO_Biological_Process_2021	apoptotic mitochondrial changes (GO:0008637)	2/33	0.0062783883557449	0.0352609117248848	0	0	18.338248847926263	92.98669413051476	ERBB4;BAX	12.0
GO_Biological_Process_2021	negative regulation of JNK cascade (GO:0046329)	2/33	0.0062783883557449	0.0352609117248848	0	0	18.338248847926263	92.98669413051476	CYLD;PER1	12.0
GO_Biological_Process_2021	regulation of cholesterol efflux (GO:0010874)	2/33	0.0062783883557449	0.0352609117248848	0	0	18.338248847926263	92.98669413051476	CAV1;PPARG	12.0
GO_Biological_Process_2021	positive regulation of cholesterol transport (GO:0032376)	2/33	0.0062783883557449	0.0352609117248848	0	0	18.338248847926263	92.98669413051476	CAV1;PPARG	12.0
GO_Biological_Process_2021	cellular response to peptide hormone stimulus (GO:0071375)	3/106	0.006621196690417	0.035919993542786	0	0	8.368509919797383	41.98882409291737	CAV1;PPARG;NFKB1	12.0
GO_Biological_Process_2021	regulation of protein kinase B signaling (GO:0051896)	4/207	0.0066263276780855	0.035919993542786	0	0	5.715734569689945	28.674151467738167	ERBB3;ERBB4;THBS1;FGFR1	12.0
GO_Biological_Process_2021	negative regulation of blood vessel endothelial cell migration (GO:0043537)	2/34	0.0066553470296094	0.035919993542786	0	0	17.764285714285716	89.04054540085103	PPARG;THBS1	12.0
GO_Biological_Process_2021	negative regulation of extrinsic apoptotic signaling pathway via death domain receptors (GO:1902042)	2/34	0.0066553470296094	0.035919993542786	0	0	17.764285714285716	89.04054540085103	CASP8;FAS	12.0
GO_Biological_Process_2021	positive regulation of calcium ion transport into cytosol (GO:0010524)	2/34	0.0066553470296094	0.035919993542786	0	0	17.764285714285716	89.04054540085103	CAV1;SNCA	12.0
GO_Biological_Process_2021	regulation of transmembrane transport (GO:0034762)	2/34	0.0066553470296094	0.035919993542786	0	0	17.764285714285716	89.04054540085103	KCNJ2;SNCA	12.0
GO_Biological_Process_2021	positive regulation of DNA binding (GO:0043388)	2/34	0.0066553470296094	0.035919993542786	0	0	17.764285714285716	89.04054540085103	PPARG;NME1	12.0
GO_Biological_Process_2021	response to steroid hormone (GO:0048545)	2/34	0.0066553470296094	0.035919993542786	0	0	17.764285714285716	89.04054540085103	CAV1;THBS1	12.0
GO_Biological_Process_2021	positive regulation of pri-miRNA transcription by RNA polymerase II (GO:1902895)	2/34	0.0066553470296094	0.035919993542786	0	0	17.764285714285716	89.04054540085103	PPARG;TP53	12.0
GO_Biological_Process_2021	transcription by RNA polymerase I (GO:0006360)	2/34	0.0066553470296094	0.035919993542786	0	0	17.764285714285716	89.04054540085103	CDK7;TAF1	12.0
GO_Biological_Process_2021	protein destabilization (GO:0031648)	2/34	0.0066553470296094	0.035919993542786	0	0	17.764285714285716	89.04054540085103	PLK1;SNCA	12.0
GO_Biological_Process_2021	response to estrogen (GO:0043627)	2/35	0.0070423671222071	0.0378744973851562	0	0	17.225108225108226	85.36437955003423	CAV1;RARA	12.0
GO_Biological_Process_2021	response to endoplasmic reticulum stress (GO:0034976)	3/110	0.0073318833153032	0.039292698612294	0	0	8.054043071921983	39.58983286424559	BAX;TP53;THBS1	12.0
GO_Biological_Process_2021	retina homeostasis (GO:0001895)	2/36	0.0074393733819704	0.0394520079698918	0	0	16.71764705882353	81.93266424635078	ALB;SOD1	12.0
GO_Biological_Process_2021	intrinsic apoptotic signaling pathway by p53 class mediator (GO:0072332)	2/36	0.0074393733819704	0.0394520079698918	0	0	16.71764705882353	81.93266424635078	TP53;PML	12.0
GO_Biological_Process_2021	telomere maintenance via telomere lengthening (GO:0010833)	2/36	0.0074393733819704	0.0394520079698918	0	0	16.71764705882353	81.93266424635078	RAD51;RPA1	12.0
GO_Biological_Process_2021	protein-containing complex subunit organization (GO:0043933)	3/112	0.0077035267021816	0.0407109987525013	0	0	7.905464698843239	38.4686002750759	FAS;TP53;PML	12.0
GO_Biological_Process_2021	positive regulation of gene expression (GO:0010628)	6/482	0.0077630755113509	0.0408837402362496	0	0	3.715049656226127	18.04911066880164	CDH5;MAPK8;MSN;TP53;THBS1;SOD1	12.0
GO_Biological_Process_2021	negative regulation of stress-activated MAPK cascade (GO:0032873)	2/37	0.0078462909535423	0.0410379891109673	0	0	16.239183673469388	78.72292370734189	CYLD;PER1	12.0
GO_Biological_Process_2021	regulation of p38MAPK cascade (GO:1900744)	2/37	0.0078462909535423	0.0410379891109673	0	0	16.239183673469388	78.72292370734189	CYLD;PER1	12.0
GO_Biological_Process_2021	cellular response to lipid (GO:0071396)	4/219	0.0080521091608756	0.041860894673585	0	0	5.39343365253078	26.0061728037327	MAPK8;MSN;NFKB1;AQP1	12.0
GO_Biological_Process_2021	positive regulation of cellular component organization (GO:0051130)	3/114	0.0080861386557385	0.041860894673585	0	0	7.762240501370936	37.39540058005268	CDH5;BAX;SNCA	12.0
GO_Biological_Process_2021	response to lipid (GO:0033993)	3/114	0.0080861386557385	0.041860894673585	0	0	7.762240501370936	37.39540058005268	RARA;PPARG;SNCA	12.0
GO_Biological_Process_2021	negative regulation of endothelial cell migration (GO:0010596)	2/38	0.008263045380087	0.0422025337868874	0	0	15.787301587301588	75.7152995895438	PPARG;THBS1	12.0
GO_Biological_Process_2021	regulation of apoptotic signaling pathway (GO:2001233)	2/38	0.008263045380087	0.0422025337868874	0	0	15.787301587301588	75.7152995895438	CYLD;FAS	12.0
GO_Biological_Process_2021	DNA replication initiation (GO:0006270)	2/38	0.008263045380087	0.0422025337868874	0	0	15.787301587301588	75.7152995895438	GMNN;RPA1	12.0
GO_Biological_Process_2021	positive regulation of signaling (GO:0023056)	2/38	0.008263045380087	0.0422025337868874	0	0	15.787301587301588	75.7152995895438	ILK;SNCA	12.0
GO_Biological_Process_2021	positive regulation of angiogenesis (GO:0045766)	3/116	0.0084797914429813	0.0430208085873922	0	0	7.624086186994998	36.36742040247572	CDH5;THBS1;AQP1	12.0
GO_Biological_Process_2021	tumor necrosis factor-mediated signaling pathway (GO:0033209)	3/116	0.0084797914429813	0.0430208085873922	0	0	7.624086186994998	36.36742040247572	ILK;TP53;TNFRSF1A	12.0
GO_Biological_Process_2021	negative regulation of secretion by cell (GO:1903531)	2/39	0.0086895625987281	0.0430798510594928	0	0	15.35984555984556	72.89218496922079	SNCA;TNFRSF1A	12.0
GO_Biological_Process_2021	cellular response to ketone (GO:1901655)	2/39	0.0086895625987281	0.0430798510594928	0	0	15.35984555984556	72.89218496922079	MSN;AQP1	12.0
GO_Biological_Process_2021	regulation of heart rate by cardiac conduction (GO:0086091)	2/39	0.0086895625987281	0.0430798510594928	0	0	15.35984555984556	72.89218496922079	CAV1;KCNJ2	12.0
GO_Biological_Process_2021	DNA recombination (GO:0006310)	2/39	0.0086895625987281	0.0430798510594928	0	0	15.35984555984556	72.89218496922079	RAD51;RPA1	12.0
GO_Biological_Process_2021	regulation of peptidyl-threonine phosphorylation (GO:0010799)	2/39	0.0086895625987281	0.0430798510594928	0	0	15.35984555984556	72.89218496922079	PLK1;EIF4G1	12.0
GO_Biological_Process_2021	regulation of protein tyrosine kinase activity (GO:0061097)	2/39	0.0086895625987281	0.0430798510594928	0	0	15.35984555984556	72.89218496922079	ERBB3;CAV1	12.0
GO_Biological_Process_2021	replication fork processing (GO:0031297)	2/39	0.0086895625987281	0.0430798510594928	0	0	15.35984555984556	72.89218496922079	RAD51;SAMHD1	12.0
GO_Biological_Process_2021	regulation of cellular response to stress (GO:0080135)	3/118	0.0088845540965323	0.0437614606308165	0	0	7.490737240075615	35.38205543544175	RPA1;CAMK2G;EIF4G1	12.0
GO_Biological_Process_2021	negative regulation of response to external stimulus (GO:0032102)	3/118	0.0088845540965323	0.0437614606308165	0	0	7.490737240075615	35.38205543544175	CDH5;PPARG;TNFRSF1A	12.0
GO_Biological_Process_2021	ubiquitin-dependent protein catabolic process (GO:0006511)	5/354	0.0089758518841938	0.0440685373153001	0	0	4.1865885472351705	19.732302119988645	UBE2D4;PLK1;UBE2E1;PML;TAF1	12.0
GO_Biological_Process_2021	regulation of microtubule polymerization (GO:0031113)	2/40	0.0091257689380004	0.0446605155100858	0	0	14.954887218045112	70.23791765035122	CDH5;SNCA	12.0
GO_Biological_Process_2021	regulation of mitochondrial membrane potential (GO:0051881)	2/41	0.0095715911190633	0.04654300857257	0	0	14.57069597069597	67.73852192478473	BAX;SOD1	12.0
GO_Biological_Process_2021	regulation of release of cytochrome c from mitochondria (GO:0090199)	2/41	0.0095715911190633	0.04654300857257	0	0	14.57069597069597	67.73852192478473	BAX;TP53	12.0
GO_Biological_Process_2021	regulation of double-strand break repair (GO:2000779)	2/42	0.01002695625131	0.0482943905521958	0	0	14.205714285714286	65.3814901384044	RAD51;PML	12.0
GO_Biological_Process_2021	regulation of ubiquitin-dependent protein catabolic process (GO:2000058)	2/42	0.01002695625131	0.0482943905521958	0	0	14.205714285714286	65.3814901384044	PML;TAF1	12.0
GO_Biological_Process_2021	potassium ion import across plasma membrane (GO:1990573)	2/42	0.01002695625131	0.0482943905521958	0	0	14.205714285714286	65.3814901384044	ATP12A;KCNJ2	12.0
GO_Biological_Process_2021	negative regulation of type I interferon production (GO:0032480)	2/43	0.0104917918327347	0.0503738396511743	0	0	13.858536585365854	63.1555971026974	CYLD;REL	12.0
GO_Biological_Process_2021	regulation of endothelial cell apoptotic process (GO:2000351)	2/44	0.0109660257445891	0.0521571599477023	0	0	13.527891156462584	61.05074177156073	CDH5;THBS1	12.0
GO_Biological_Process_2021	metal ion homeostasis (GO:0055065)	2/44	0.0109660257445891	0.0521571599477023	0	0	13.527891156462584	61.05074177156073	CAV1;SNCA	12.0
GO_Biological_Process_2021	protein K63-linked ubiquitination (GO:0070534)	2/44	0.0109660257445891	0.0521571599477023	0	0	13.527891156462584	61.05074177156073	UBE2D4;UBE2E3	12.0
GO_Biological_Process_2021	regulation of pri-miRNA transcription by RNA polymerase II (GO:1902893)	2/45	0.011449586253038	0.0541188517923101	0	0	13.212624584717608	59.05781162861619	PPARG;TP53	12.0
GO_Biological_Process_2021	positive regulation of RNA metabolic process (GO:0051254)	2/45	0.011449586253038	0.0541188517923101	0	0	13.212624584717608	59.05781162861619	TP53;NFKB1	12.0
GO_Biological_Process_2021	cellular response to metal ion (GO:0071248)	3/131	0.011790569487148	0.0555580395029083	0	0	6.725543478260869	29.86447493486328	MAPK8;AQP1;SNCA	12.0
GO_Biological_Process_2021	regulation of telomerase activity (GO:0051972)	2/46	0.0119424020077895	0.0559271872487868	0	0	12.911688311688312	57.16856610342583	TNKS;TP53	12.0
GO_Biological_Process_2021	interleukin-12-mediated signaling pathway (GO:0035722)	2/46	0.0119424020077895	0.0559271872487868	0	0	12.911688311688312	57.16856610342583	MSN;SOD1	12.0
GO_Biological_Process_2021	regulation of cell motility (GO:2000145)	3/133	0.012280543881752	0.0573343183681796	0	0	6.621404682274248	29.132452860336144	ERBB3;ERBB4;AMOTL2	12.0
GO_Biological_Process_2021	positive regulation of macromolecule metabolic process (GO:0010604)	5/384	0.0124422119247145	0.057395090612854	0	0	3.849289174181861	16.8855243886248	CDH5;MAPK8;MSN;TP53;SNCA	12.0
GO_Biological_Process_2021	regulation of protein localization to nucleus (GO:1900180)	2/47	0.0124444020382666	0.057395090612854	0	0	12.624126984126985	55.37553598693646	SUMO3;PLK1	12.0
GO_Biological_Process_2021	regulation of synapse assembly (GO:0051963)	2/47	0.0124444020382666	0.057395090612854	0	0	12.624126984126985	55.37553598693646	SNCA;EIF4G1	12.0
GO_Biological_Process_2021	positive regulation of neuron death (GO:1901216)	2/47	0.0124444020382666	0.057395090612854	0	0	12.624126984126985	55.37553598693646	BAX;SNCA	12.0
GO_Biological_Process_2021	cellular response to interleukin-12 (GO:0071349)	2/48	0.0129555157484442	0.0592901413491983	0	0	12.349068322981369	53.6719363531959	MSN;SOD1	12.0
GO_Biological_Process_2021	positive regulation of blood vessel endothelial cell migration (GO:0043536)	2/48	0.0129555157484442	0.0592901413491983	0	0	12.349068322981369	53.6719363531959	THBS1;FGFR1	12.0
GO_Biological_Process_2021	positive regulation of signal transduction (GO:0009967)	4/252	0.0129721531335631	0.0592901413491983	0	0	4.667931688804554	20.28193112478686	FAS;BAX;ILK;TP63	12.0
GO_Biological_Process_2021	receptor internalization (GO:0031623)	2/49	0.0134756729272992	0.0605013988063406	0	0	12.085714285714284	52.05159091309592	CAV1;SNCA	12.0
GO_Biological_Process_2021	regulation of cellular protein metabolic process (GO:0032268)	2/49	0.0134756729272992	0.0605013988063406	0	0	12.085714285714284	52.05159091309592	NFKB1;EIF4G1	12.0
GO_Biological_Process_2021	regulation of smooth muscle cell proliferation (GO:0048660)	2/49	0.0134756729272992	0.0605013988063406	0	0	12.085714285714284	52.05159091309592	PPARG;THBS1	12.0
GO_Biological_Process_2021	regulation of stress-activated MAPK cascade (GO:0032872)	2/49	0.0134756729272992	0.0605013988063406	0	0	12.085714285714284	52.05159091309592	PER1;FAS	12.0
GO_Biological_Process_2021	response to hydrogen peroxide (GO:0042542)	2/49	0.0134756729272992	0.0605013988063406	0	0	12.085714285714284	52.05159091309592	AQP1;SOD1	12.0
GO_Biological_Process_2021	response to unfolded protein (GO:0006986)	2/49	0.0134756729272992	0.0605013988063406	0	0	12.085714285714284	52.05159091309592	HSPB2;BAX	12.0
GO_Biological_Process_2021	positive regulation of response to external stimulus (GO:0032103)	3/139	0.0138200677558118	0.0618651268363105	0	0	6.327365728900256	27.091461438083485	THBS1;TNFRSF1A;SNCA	12.0
GO_Biological_Process_2021	regulation of cellular component movement (GO:0051270)	2/50	0.0140048037295852	0.0624553854209438	0	0	11.833333333333334	50.50886613536219	ERBB3;ERBB4	12.0
GO_Biological_Process_2021	positive regulation of cell differentiation (GO:0045597)	4/258	0.0140339959355865	0.0624553854209438	0	0	4.5562760537285785	19.438315739658314	PPARG;NFKB1;TP63;FGFR1	12.0
GO_Biological_Process_2021	negative regulation of protein ubiquitination (GO:0031397)	2/51	0.0145428386908297	0.0641571028621534	0	0	11.591253644314868	49.038613648271685	CAV1;TAF1	12.0
GO_Biological_Process_2021	negative regulation of transport (GO:0051051)	2/51	0.0145428386908297	0.0641571028621534	0	0	11.591253644314868	49.038613648271685	ERBB3;SNCA	12.0
GO_Biological_Process_2021	DNA duplex unwinding (GO:0032508)	2/51	0.0145428386908297	0.0641571028621534	0	0	11.591253644314868	49.038613648271685	RAD51;RPA1	12.0
GO_Biological_Process_2021	cellular component assembly (GO:0022607)	4/261	0.0145850588052648	0.0641573974035061	0	0	4.50240329594873	19.03506994978406	FAS;ILK;TP53;PML	12.0
GO_Biological_Process_2021	receptor-mediated endocytosis (GO:0006898)	3/143	0.0149047923193716	0.0651870514657575	0	0	6.145341614906832	25.84775228089206	CAV1;ALB;SNCA	12.0
GO_Biological_Process_2021	negative regulation of DNA-binding transcription factor activity (GO:0043433)	3/143	0.0149047923193716	0.0651870514657575	0	0	6.145341614906832	25.84775228089206	CYLD;USP7;TAF1	12.0
GO_Biological_Process_2021	negative regulation of cellular biosynthetic process (GO:0031327)	2/52	0.015089708714097	0.0654317283842043	0	0	11.358857142857143	47.63611978903658	CAV1;NFKB1	12.0
GO_Biological_Process_2021	ameboidal-type cell migration (GO:0001667)	2/52	0.015089708714097	0.0654317283842043	0	0	11.358857142857143	47.63611978903658	ERBB4;AMOTL2	12.0
GO_Biological_Process_2021	protein homotetramerization (GO:0051289)	2/52	0.015089708714097	0.0654317283842043	0	0	11.358857142857143	47.63611978903658	SAMHD1;KCNJ2	12.0
GO_Biological_Process_2021	negative regulation of signal transduction (GO:0009968)	4/267	0.0157280036972741	0.0673315386092389	0	0	4.398344889286513	18.263302377334067	SOCS1;ERBB3;THBS1;SNCA	12.0
GO_Biological_Process_2021	regulation of cell migration (GO:0030334)	5/408	0.0157991741137773	0.0673315386092389	0	0	3.6156068293766896	14.996805371356356	CDH5;ERBB4;CAV1;AMOTL2;THBS1	12.0
GO_Biological_Process_2021	regulation of cyclin-dependent protein kinase activity (GO:1904029)	2/54	0.0162096794094039	0.0673315386092389	0	0	10.92087912087912	45.0174660560013	CDK7;CCNT1	12.0
GO_Biological_Process_2021	regulation of potassium ion transmembrane transport (GO:1901379)	2/54	0.0162096794094039	0.0673315386092389	0	0	10.92087912087912	45.0174660560013	CAV1;KCNJ2	12.0
GO_Biological_Process_2021	negative regulation of cytokine-mediated signaling pathway (GO:0001960)	2/55	0.0167826437326019	0.0673315386092389	0	0	10.714285714285714	43.79367897594362	PPARG;SAMHD1	12.0
GO_Biological_Process_2021	interstrand cross-link repair (GO:0036297)	2/55	0.0167826437326019	0.0673315386092389	0	0	10.714285714285714	43.79367897594362	RAD51;RPA1	12.0
GO_Biological_Process_2021	regulation of cytokine production (GO:0001817)	3/150	0.0169162851222554	0.0673315386092389	0	0	5.850635906536528	23.867543417389527	PER1;CASP8;SOD1	12.0
GO_Biological_Process_2021	peptidyl-tyrosine modification (GO:0018212)	2/56	0.0173641704168165	0.0673315386092389	0	0	10.515343915343916	42.62233105930114	ERBB4;FGFR1	12.0
GO_Biological_Process_2021	telomere maintenance (GO:0000723)	2/56	0.0173641704168165	0.0673315386092389	0	0	10.515343915343916	42.62233105930114	RAD51;RPA1	12.0
GO_Biological_Process_2021	negative regulation of protein phosphorylation (GO:0001933)	3/152	0.0175175886165783	0.0673315386092389	0	0	5.771520280128392	23.34320141970146	CAV1;SNCA;EIF4G1	12.0
GO_Biological_Process_2021	negative regulation of cGMP-mediated signaling (GO:0010754)	1/5	0.0178724977648702	0.0673315386092389	0	0	70.15492957746478	282.3379658506009	THBS1	12.0
GO_Biological_Process_2021	negative regulation of cholesterol biosynthetic process (GO:0045541)	1/5	0.0178724977648702	0.0673315386092389	0	0	70.15492957746478	282.3379658506009	SOD1	12.0
GO_Biological_Process_2021	negative regulation of cholesterol metabolic process (GO:0090206)	1/5	0.0178724977648702	0.0673315386092389	0	0	70.15492957746478	282.3379658506009	SOD1	12.0
GO_Biological_Process_2021	auditory receptor cell morphogenesis (GO:0002093)	1/5	0.0178724977648702	0.0673315386092389	0	0	70.15492957746478	282.3379658506009	SOD1	12.0
GO_Biological_Process_2021	auditory receptor cell stereocilium organization (GO:0060088)	1/5	0.0178724977648702	0.0673315386092389	0	0	70.15492957746478	282.3379658506009	SOD1	12.0
GO_Biological_Process_2021	negative regulation of gene silencing by RNA (GO:0060967)	1/5	0.0178724977648702	0.0673315386092389	0	0	70.15492957746478	282.3379658506009	PPARG	12.0
GO_Biological_Process_2021	bone marrow development (GO:0048539)	1/5	0.0178724977648702	0.0673315386092389	0	0	70.15492957746478	282.3379658506009	TP53	12.0
GO_Biological_Process_2021	carbon dioxide transport (GO:0015670)	1/5	0.0178724977648702	0.0673315386092389	0	0	70.15492957746478	282.3379658506009	AQP1	12.0
GO_Biological_Process_2021	caveola assembly (GO:0070836)	1/5	0.0178724977648702	0.0673315386092389	0	0	70.15492957746478	282.3379658506009	CAV1	12.0
GO_Biological_Process_2021	caveolin-mediated endocytosis (GO:0072584)	1/5	0.0178724977648702	0.0673315386092389	0	0	70.15492957746478	282.3379658506009	CAV1	12.0
GO_Biological_Process_2021	regulation of cyclase activity (GO:0031279)	1/5	0.0178724977648702	0.0673315386092389	0	0	70.15492957746478	282.3379658506009	MAPK8	12.0
GO_Biological_Process_2021	negative regulation of pinocytosis (GO:0048550)	1/5	0.0178724977648702	0.0673315386092389	0	0	70.15492957746478	282.3379658506009	CAV1	12.0
GO_Biological_Process_2021	negative regulation of plasminogen activation (GO:0010757)	1/5	0.0178724977648702	0.0673315386092389	0	0	70.15492957746478	282.3379658506009	THBS1	12.0
GO_Biological_Process_2021	negative regulation of posttranscriptional gene silencing (GO:0060149)	1/5	0.0178724977648702	0.0673315386092389	0	0	70.15492957746478	282.3379658506009	PPARG	12.0
GO_Biological_Process_2021	cellular response to antibiotic (GO:0071236)	1/5	0.0178724977648702	0.0673315386092389	0	0	70.15492957746478	282.3379658506009	TP53	12.0
GO_Biological_Process_2021	negative regulation of RNA polymerase II regulatory region sequence-specific DNA binding (GO:1903026)	1/5	0.0178724977648702	0.0673315386092389	0	0	70.15492957746478	282.3379658506009	TAF1	12.0
GO_Biological_Process_2021	negative regulation of smooth muscle contraction (GO:0045986)	1/5	0.0178724977648702	0.0673315386092389	0	0	70.15492957746478	282.3379658506009	SOD1	12.0
GO_Biological_Process_2021	negative regulation of sterol biosynthetic process (GO:0106119)	1/5	0.0178724977648702	0.0673315386092389	0	0	70.15492957746478	282.3379658506009	SOD1	12.0
GO_Biological_Process_2021	cellular response to nicotine (GO:0071316)	1/5	0.0178724977648702	0.0673315386092389	0	0	70.15492957746478	282.3379658506009	NFKB1	12.0
GO_Biological_Process_2021	cellular response to salt stress (GO:0071472)	1/5	0.0178724977648702	0.0673315386092389	0	0	70.15492957746478	282.3379658506009	AQP1	12.0
GO_Biological_Process_2021	cellular response to testosterone stimulus (GO:0071394)	1/5	0.0178724977648702	0.0673315386092389	0	0	70.15492957746478	282.3379658506009	MSN	12.0
GO_Biological_Process_2021	negative regulation of vascular endothelial cell proliferation (GO:1905563)	1/5	0.0178724977648702	0.0673315386092389	0	0	70.15492957746478	282.3379658506009	PPARG	12.0
GO_Biological_Process_2021	negative regulation of vitamin D biosynthetic process (GO:0010957)	1/5	0.0178724977648702	0.0673315386092389	0	0	70.15492957746478	282.3379658506009	NFKB1	12.0
GO_Biological_Process_2021	chemokine (C-X-C motif) ligand 12 signaling pathway (GO:0038146)	1/5	0.0178724977648702	0.0673315386092389	0	0	70.15492957746478	282.3379658506009	CXCR4	12.0
GO_Biological_Process_2021	regulation of inward rectifier potassium channel activity (GO:1901979)	1/5	0.0178724977648702	0.0673315386092389	0	0	70.15492957746478	282.3379658506009	CAV1	12.0
GO_Biological_Process_2021	chronic inflammatory response (GO:0002544)	1/5	0.0178724977648702	0.0673315386092389	0	0	70.15492957746478	282.3379658506009	THBS1	12.0
GO_Biological_Process_2021	regulation of miRNA metabolic process (GO:2000628)	1/5	0.0178724977648702	0.0673315386092389	0	0	70.15492957746478	282.3379658506009	NFKB1	12.0
GO_Biological_Process_2021	deoxyribonucleotide metabolic process (GO:0009262)	1/5	0.0178724977648702	0.0673315386092389	0	0	70.15492957746478	282.3379658506009	SAMHD1	12.0
GO_Biological_Process_2021	dopamine biosynthetic process (GO:0042416)	1/5	0.0178724977648702	0.0673315386092389	0	0	70.15492957746478	282.3379658506009	SNCA	12.0
GO_Biological_Process_2021	double-strand break repair via synthesis-dependent strand annealing (GO:0045003)	1/5	0.0178724977648702	0.0673315386092389	0	0	70.15492957746478	282.3379658506009	RAD51	12.0
GO_Biological_Process_2021	endodermal cell fate specification (GO:0001714)	1/5	0.0178724977648702	0.0673315386092389	0	0	70.15492957746478	282.3379658506009	SOX2	12.0
GO_Biological_Process_2021	PML body organization (GO:0030578)	1/5	0.0178724977648702	0.0673315386092389	0	0	70.15492957746478	282.3379658506009	PML	12.0
GO_Biological_Process_2021	regulation of synaptic vesicle recycling (GO:1903421)	1/5	0.0178724977648702	0.0673315386092389	0	0	70.15492957746478	282.3379658506009	SNCA	12.0
GO_Biological_Process_2021	positive regulation of DNA demethylation (GO:1901537)	1/5	0.0178724977648702	0.0673315386092389	0	0	70.15492957746478	282.3379658506009	USP7	12.0
GO_Biological_Process_2021	positive regulation of DNA ligation (GO:0051106)	1/5	0.0178724977648702	0.0673315386092389	0	0	70.15492957746478	282.3379658506009	RAD51	12.0
GO_Biological_Process_2021	response to salt stress (GO:0009651)	1/5	0.0178724977648702	0.0673315386092389	0	0	70.15492957746478	282.3379658506009	AQP1	12.0
GO_Biological_Process_2021	histone-threonine phosphorylation (GO:0035405)	1/5	0.0178724977648702	0.0673315386092389	0	0	70.15492957746478	282.3379658506009	DCAF1	12.0
GO_Biological_Process_2021	positive regulation of low-density lipoprotein receptor activity (GO:1905599)	1/5	0.0178724977648702	0.0673315386092389	0	0	70.15492957746478	282.3379658506009	PPARG	12.0
GO_Biological_Process_2021	Schwann cell differentiation (GO:0014037)	1/5	0.0178724977648702	0.0673315386092389	0	0	70.15492957746478	282.3379658506009	ERBB3	12.0
GO_Biological_Process_2021	intracellular sequestering of iron ion (GO:0006880)	1/5	0.0178724977648702	0.0673315386092389	0	0	70.15492957746478	282.3379658506009	FTH1	12.0
GO_Biological_Process_2021	positive regulation of translation in response to stress (GO:0032056)	1/5	0.0178724977648702	0.0673315386092389	0	0	70.15492957746478	282.3379658506009	EIF4G1	12.0
GO_Biological_Process_2021	positive regulation of vascular associated smooth muscle cell apoptotic process (GO:1905461)	1/5	0.0178724977648702	0.0673315386092389	0	0	70.15492957746478	282.3379658506009	PPARG	12.0
GO_Biological_Process_2021	protein localization to membrane raft (GO:1903044)	1/5	0.0178724977648702	0.0673315386092389	0	0	70.15492957746478	282.3379658506009	CAV1	12.0
GO_Biological_Process_2021	cellular response to peptide (GO:1901653)	2/57	0.0179541921988615	0.0674722975967093	0	0	10.323636363636364	41.50031248521854	CAV1;TP53	12.0
GO_Biological_Process_2021	positive regulation of NF-kappaB transcription factor activity (GO:0051092)	3/155	0.0184417797293896	0.068871027791637	0	0	5.65675057208238	22.588177468717607	ALK;CAV1;NFKB1	12.0
GO_Biological_Process_2021	receptor metabolic process (GO:0043112)	2/58	0.0185526421777734	0.068871027791637	0	0	10.138775510204082	40.42474845916997	CAV1;SNCA	12.0
GO_Biological_Process_2021	cellular iron ion homeostasis (GO:0006879)	2/58	0.0185526421777734	0.068871027791637	0	0	10.138775510204082	40.42474845916997	FTH1;SOD1	12.0
GO_Biological_Process_2021	positive regulation of mitochondrion organization (GO:0010822)	2/58	0.0185526421777734	0.068871027791637	0	0	10.138775510204082	40.42474845916997	BAX;TP53	12.0
GO_Biological_Process_2021	positive regulation of protein binding (GO:0032092)	2/58	0.0185526421777734	0.068871027791637	0	0	10.138775510204082	40.42474845916997	CAV1;TAF1	12.0
GO_Biological_Process_2021	negative regulation of autophagy (GO:0010507)	2/59	0.0191594538086279	0.0699239001499246	0	0	9.960401002506266	39.39297772495188	SNCA;EIF4G1	12.0
GO_Biological_Process_2021	response to reactive oxygen species (GO:0000302)	2/59	0.0191594538086279	0.0699239001499246	0	0	9.960401002506266	39.39297772495188	MAPK8;SOD1	12.0
GO_Biological_Process_2021	positive regulation of tyrosine phosphorylation of STAT protein (GO:0042531)	2/59	0.0191594538086279	0.0699239001499246	0	0	9.960401002506266	39.39297772495188	ERBB4;TNFRSF1A	12.0
GO_Biological_Process_2021	mitotic DNA damage checkpoint signaling (GO:0044773)	2/59	0.0191594538086279	0.0699239001499246	0	0	9.960401002506266	39.39297772495188	PLK1;TP53	12.0
GO_Biological_Process_2021	response to lipopolysaccharide (GO:0032496)	3/159	0.0197156239621608	0.0699239001499246	0	0	5.510590858416945	21.63647459870023	MAPK8;NFKB1;SNCA	12.0
GO_Biological_Process_2021	iron ion homeostasis (GO:0055072)	2/61	0.0203978976556264	0.0699239001499246	0	0	9.62179176755448	37.45112562721908	FTH1;SOD1	12.0
GO_Biological_Process_2021	response to retinoic acid (GO:0032526)	2/62	0.0210293985683685	0.0699239001499246	0	0	9.46095238095238	36.536626521514656	RARA;AQP1	12.0
GO_Biological_Process_2021	stress-activated MAPK cascade (GO:0051403)	2/62	0.0210293985683685	0.0699239001499246	0	0	9.46095238095238	36.536626521514656	MAPK8;NFKB1	12.0
GO_Biological_Process_2021	heart development (GO:0007507)	3/164	0.0213749015882554	0.0699239001499246	0	0	5.338104239805563	20.52788199872145	CASP8;ERBB3;ERBB4	12.0
GO_Biological_Process_2021	negative regulation of blood vessel endothelial cell proliferation involved in sprouting angiogenesis (GO:1903588)	1/6	0.0214090259328941	0.0699239001499246	0	0	56.12112676056338	215.7263940291824	THBS1	12.0
GO_Biological_Process_2021	activation of cysteine-type endopeptidase activity involved in apoptotic process by cytochrome c (GO:0008635)	1/6	0.0214090259328941	0.0699239001499246	0	0	56.12112676056338	215.7263940291824	BAX	12.0
GO_Biological_Process_2021	negative regulation of CD8-positive, alpha-beta T cell activation (GO:2001186)	1/6	0.0214090259328941	0.0699239001499246	0	0	56.12112676056338	215.7263940291824	SOCS1	12.0
GO_Biological_Process_2021	adherens junction maintenance (GO:0034334)	1/6	0.0214090259328941	0.0699239001499246	0	0	56.12112676056338	215.7263940291824	KIFC3	12.0
GO_Biological_Process_2021	purine deoxyribonucleotide catabolic process (GO:0009155)	1/6	0.0214090259328941	0.0699239001499246	0	0	56.12112676056338	215.7263940291824	SAMHD1	12.0
GO_Biological_Process_2021	negative regulation of glucocorticoid receptor signaling pathway (GO:2000323)	1/6	0.0214090259328941	0.0699239001499246	0	0	56.12112676056338	215.7263940291824	PER1	12.0
GO_Biological_Process_2021	negative regulation of hematopoietic progenitor cell differentiation (GO:1901533)	1/6	0.0214090259328941	0.0699239001499246	0	0	56.12112676056338	215.7263940291824	MYB	12.0
GO_Biological_Process_2021	regulation of DNA demethylation (GO:1901535)	1/6	0.0214090259328941	0.0699239001499246	0	0	56.12112676056338	215.7263940291824	USP7	12.0
GO_Biological_Process_2021	cellular hyperosmotic response (GO:0071474)	1/6	0.0214090259328941	0.0699239001499246	0	0	56.12112676056338	215.7263940291824	AQP1	12.0
GO_Biological_Process_2021	negative regulation of sequestering of triglyceride (GO:0010891)	1/6	0.0214090259328941	0.0699239001499246	0	0	56.12112676056338	215.7263940291824	PPARG	12.0
GO_Biological_Process_2021	negative regulation of transporter activity (GO:0032410)	1/6	0.0214090259328941	0.0699239001499246	0	0	56.12112676056338	215.7263940291824	SNCA	12.0
GO_Biological_Process_2021	regulation of hyaluronan biosynthetic process (GO:1900125)	1/6	0.0214090259328941	0.0699239001499246	0	0	56.12112676056338	215.7263940291824	NFKB1	12.0
GO_Biological_Process_2021	cellular water homeostasis (GO:0009992)	1/6	0.0214090259328941	0.0699239001499246	0	0	56.12112676056338	215.7263940291824	AQP1	12.0
GO_Biological_Process_2021	negative regulation of vitamin metabolic process (GO:0046137)	1/6	0.0214090259328941	0.0699239001499246	0	0	56.12112676056338	215.7263940291824	NFKB1	12.0
GO_Biological_Process_2021	regulation of long-chain fatty acid import across plasma membrane (GO:0010746)	1/6	0.0214090259328941	0.0699239001499246	0	0	56.12112676056338	215.7263940291824	THBS1	12.0
GO_Biological_Process_2021	regulation of nitric oxide mediated signal transduction (GO:0010749)	1/6	0.0214090259328941	0.0699239001499246	0	0	56.12112676056338	215.7263940291824	THBS1	12.0
GO_Biological_Process_2021	peroxisome proliferator activated receptor signaling pathway (GO:0035357)	1/6	0.0214090259328941	0.0699239001499246	0	0	56.12112676056338	215.7263940291824	PPARG	12.0
GO_Biological_Process_2021	regulation of protein autoubiquitination (GO:1902498)	1/6	0.0214090259328941	0.0699239001499246	0	0	56.12112676056338	215.7263940291824	TAF1	12.0
GO_Biological_Process_2021	plasma membrane raft assembly (GO:0044854)	1/6	0.0214090259328941	0.0699239001499246	0	0	56.12112676056338	215.7263940291824	CAV1	12.0
GO_Biological_Process_2021	regulation of resting membrane potential (GO:0060075)	1/6	0.0214090259328941	0.0699239001499246	0	0	56.12112676056338	215.7263940291824	KCNJ2	12.0
GO_Biological_Process_2021	regulation of retrograde transport, endosome to Golgi (GO:1905279)	1/6	0.0214090259328941	0.0699239001499246	0	0	56.12112676056338	215.7263940291824	USP7	12.0
GO_Biological_Process_2021	regulation of saliva secretion (GO:0046877)	1/6	0.0214090259328941	0.0699239001499246	0	0	56.12112676056338	215.7263940291824	AQP1	12.0
GO_Biological_Process_2021	regulation of SNARE complex assembly (GO:0035542)	1/6	0.0214090259328941	0.0699239001499246	0	0	56.12112676056338	215.7263940291824	SNCA	12.0
GO_Biological_Process_2021	foam cell differentiation (GO:0090077)	1/6	0.0214090259328941	0.0699239001499246	0	0	56.12112676056338	215.7263940291824	PPARG	12.0
GO_Biological_Process_2021	regulation of T-helper cell differentiation (GO:0045622)	1/6	0.0214090259328941	0.0699239001499246	0	0	56.12112676056338	215.7263940291824	MYB	12.0
GO_Biological_Process_2021	regulation of thymocyte apoptotic process (GO:0070243)	1/6	0.0214090259328941	0.0699239001499246	0	0	56.12112676056338	215.7263940291824	TP53	12.0
GO_Biological_Process_2021	positive regulation of deacetylase activity (GO:0090045)	1/6	0.0214090259328941	0.0699239001499246	0	0	56.12112676056338	215.7263940291824	MAPK8	12.0
GO_Biological_Process_2021	positive regulation of endothelial cell development (GO:1901552)	1/6	0.0214090259328941	0.0699239001499246	0	0	56.12112676056338	215.7263940291824	CDH5	12.0
GO_Biological_Process_2021	regulation of vitamin D biosynthetic process (GO:0060556)	1/6	0.0214090259328941	0.0699239001499246	0	0	56.12112676056338	215.7263940291824	NFKB1	12.0
GO_Biological_Process_2021	positive regulation of establishment of endothelial barrier (GO:1903142)	1/6	0.0214090259328941	0.0699239001499246	0	0	56.12112676056338	215.7263940291824	CDH5	12.0
GO_Biological_Process_2021	positive regulation of extrinsic apoptotic signaling pathway via death domain receptors (GO:1902043)	1/6	0.0214090259328941	0.0699239001499246	0	0	56.12112676056338	215.7263940291824	THBS1	12.0
GO_Biological_Process_2021	positive regulation of gap junction assembly (GO:1903598)	1/6	0.0214090259328941	0.0699239001499246	0	0	56.12112676056338	215.7263940291824	CAV1	12.0
GO_Biological_Process_2021	response to angiotensin (GO:1990776)	1/6	0.0214090259328941	0.0699239001499246	0	0	56.12112676056338	215.7263940291824	NFKB1	12.0
GO_Biological_Process_2021	response to testosterone (GO:0033574)	1/6	0.0214090259328941	0.0699239001499246	0	0	56.12112676056338	215.7263940291824	MSN	12.0
GO_Biological_Process_2021	hydrogen peroxide biosynthetic process (GO:0050665)	1/6	0.0214090259328941	0.0699239001499246	0	0	56.12112676056338	215.7263940291824	SOD1	12.0
GO_Biological_Process_2021	ISG15-protein conjugation (GO:0032020)	1/6	0.0214090259328941	0.0699239001499246	0	0	56.12112676056338	215.7263940291824	UBE2E1	12.0
GO_Biological_Process_2021	lymphocyte apoptotic process (GO:0070227)	1/6	0.0214090259328941	0.0699239001499246	0	0	56.12112676056338	215.7263940291824	BAX	12.0
GO_Biological_Process_2021	macromolecule biosynthetic process (GO:0009059)	1/6	0.0214090259328941	0.0699239001499246	0	0	56.12112676056338	215.7263940291824	EIF4G1	12.0
GO_Biological_Process_2021	macrophage derived foam cell differentiation (GO:0010742)	1/6	0.0214090259328941	0.0699239001499246	0	0	56.12112676056338	215.7263940291824	PPARG	12.0
GO_Biological_Process_2021	maintenance of DNA methylation (GO:0010216)	1/6	0.0214090259328941	0.0699239001499246	0	0	56.12112676056338	215.7263940291824	USP7	12.0
GO_Biological_Process_2021	positive regulation of T-helper 2 cell differentiation (GO:0045630)	1/6	0.0214090259328941	0.0699239001499246	0	0	56.12112676056338	215.7263940291824	RARA	12.0
GO_Biological_Process_2021	positive regulation of toll-like receptor 3 signaling pathway (GO:0034141)	1/6	0.0214090259328941	0.0699239001499246	0	0	56.12112676056338	215.7263940291824	CAV1	12.0
GO_Biological_Process_2021	monoubiquitinated protein deubiquitination (GO:0035520)	1/6	0.0214090259328941	0.0699239001499246	0	0	56.12112676056338	215.7263940291824	USP7	12.0
GO_Biological_Process_2021	protein insertion into mitochondrial membrane involved in apoptotic signaling pathway (GO:0001844)	1/6	0.0214090259328941	0.0699239001499246	0	0	56.12112676056338	215.7263940291824	BAX	12.0
GO_Biological_Process_2021	protein K27-linked ubiquitination (GO:0044314)	1/6	0.0214090259328941	0.0699239001499246	0	0	56.12112676056338	215.7263940291824	UBE2D4	12.0
GO_Biological_Process_2021	protein K29-linked ubiquitination (GO:0035519)	1/6	0.0214090259328941	0.0699239001499246	0	0	56.12112676056338	215.7263940291824	UBE2D4	12.0
GO_Biological_Process_2021	protein localization to nuclear envelope (GO:0090435)	1/6	0.0214090259328941	0.0699239001499246	0	0	56.12112676056338	215.7263940291824	PLK1	12.0
GO_Biological_Process_2021	cellular response to reactive oxygen species (GO:0034614)	2/63	0.0216689985294522	0.0706214470274653	0	0	9.305386416861827	35.65705597932898	MAPK8;AQP1	12.0
GO_Biological_Process_2021	negative regulation of canonical Wnt signaling pathway (GO:0090090)	3/165	0.0217156969824104	0.0706224162547621	0	0	5.304884594739667	20.31622218822758	SOX2;CYLD;CAV1	12.0
GO_Biological_Process_2021	regulation of innate immune response (GO:0045088)	2/64	0.0223166327749906	0.0724219937815261	0	0	9.15483870967742	34.81056940083176	CASP8;SAMHD1	12.0
GO_Biological_Process_2021	DNA repair (GO:0006281)	4/298	0.022527155097037	0.0729496384206178	0	0	3.928371348539416	14.900445320776049	MAPK8;RAD51;RPA1;TP53	12.0
GO_Biological_Process_2021	cellular response to nutrient levels (GO:0031669)	2/66	0.0236357467854419	0.0734004285273533	0	0	8.867857142857142	33.21008082605125	ALB;EIF4G1	12.0
GO_Biological_Process_2021	ERBB signaling pathway (GO:0038127)	2/66	0.0236357467854419	0.0734004285273533	0	0	8.867857142857142	33.21008082605125	ERBB3;ERBB4	12.0
GO_Biological_Process_2021	positive regulation of cell cycle (GO:0045787)	2/66	0.0236357467854419	0.0734004285273533	0	0	8.867857142857142	33.21008082605125	TGM1;RARA	12.0
GO_Biological_Process_2021	positive regulation of cell death (GO:0010942)	2/66	0.0236357467854419	0.0734004285273533	0	0	8.867857142857142	33.21008082605125	SNCA;EIF4G1	12.0
GO_Biological_Process_2021	positive regulation of I-kappaB kinase/NF-kappaB signaling (GO:0043123)	3/171	0.0238230896856436	0.0734004285273533	0	0	5.113871635610766	19.111049759714845	CASP8;REL;TNFRSF1A	12.0
GO_Biological_Process_2021	regulation of gene silencing by miRNA (GO:0060964)	2/67	0.0243070987594966	0.0734004285273533	0	0	8.730989010989012	32.45297126517904	PPARG;EIF4G1	12.0
GO_Biological_Process_2021	ammonium transport (GO:0015696)	1/7	0.024932997075323	0.0734004285273533	0	0	46.76525821596244	172.63690482090692	AQP1	12.0
GO_Biological_Process_2021	angiotensin-activated signaling pathway (GO:0038166)	1/7	0.024932997075323	0.0734004285273533	0	0	46.76525821596244	172.63690482090692	CAV1	12.0
GO_Biological_Process_2021	receptor-mediated endocytosis of virus by host cell (GO:0019065)	1/7	0.024932997075323	0.0734004285273533	0	0	46.76525821596244	172.63690482090692	CAV1	12.0
GO_Biological_Process_2021	regulation of calcidiol 1-monooxygenase activity (GO:0060558)	1/7	0.024932997075323	0.0734004285273533	0	0	46.76525821596244	172.63690482090692	NFKB1	12.0
GO_Biological_Process_2021	negative regulation of interferon-gamma-mediated signaling pathway (GO:0060336)	1/7	0.024932997075323	0.0734004285273533	0	0	46.76525821596244	172.63690482090692	PPARG	12.0
GO_Biological_Process_2021	regulation of CD8-positive, alpha-beta T cell differentiation (GO:0043376)	1/7	0.024932997075323	0.0734004285273533	0	0	46.76525821596244	172.63690482090692	SOCS1	12.0
GO_Biological_Process_2021	regulation of cGMP-mediated signaling (GO:0010752)	1/7	0.024932997075323	0.0734004285273533	0	0	46.76525821596244	172.63690482090692	THBS1	12.0
GO_Biological_Process_2021	negative regulation of p38MAPK cascade (GO:1903753)	1/7	0.024932997075323	0.0734004285273533	0	0	46.76525821596244	172.63690482090692	CYLD	12.0
GO_Biological_Process_2021	regulation of endothelial cell chemotaxis to fibroblast growth factor (GO:2000544)	1/7	0.024932997075323	0.0734004285273533	0	0	46.76525821596244	172.63690482090692	FGFR1	12.0
GO_Biological_Process_2021	regulation of entry of bacterium into host cell (GO:2000535)	1/7	0.024932997075323	0.0734004285273533	0	0	46.76525821596244	172.63690482090692	CAV1	12.0
GO_Biological_Process_2021	negative regulation of response to interferon-gamma (GO:0060331)	1/7	0.024932997075323	0.0734004285273533	0	0	46.76525821596244	172.63690482090692	PPARG	12.0
GO_Biological_Process_2021	regulation of glucocorticoid receptor signaling pathway (GO:2000322)	1/7	0.024932997075323	0.0734004285273533	0	0	46.76525821596244	172.63690482090692	PER1	12.0
GO_Biological_Process_2021	regulation of inositol phosphate biosynthetic process (GO:0010919)	1/7	0.024932997075323	0.0734004285273533	0	0	46.76525821596244	172.63690482090692	SNCA	12.0
GO_Biological_Process_2021	regulation of miRNA mediated inhibition of translation (GO:1905616)	1/7	0.024932997075323	0.0734004285273533	0	0	46.76525821596244	172.63690482090692	EIF4G1	12.0
GO_Biological_Process_2021	pituitary gland development (GO:0021983)	1/7	0.024932997075323	0.0734004285273533	0	0	46.76525821596244	172.63690482090692	SOX2	12.0
GO_Biological_Process_2021	regulation of protein deubiquitination (GO:0090085)	1/7	0.024932997075323	0.0734004285273533	0	0	46.76525821596244	172.63690482090692	TANK	12.0
GO_Biological_Process_2021	regulation of skeletal muscle contraction (GO:0014819)	1/7	0.024932997075323	0.0734004285273533	0	0	46.76525821596244	172.63690482090692	KCNJ2	12.0
GO_Biological_Process_2021	gas homeostasis (GO:0033483)	1/7	0.024932997075323	0.0734004285273533	0	0	46.76525821596244	172.63690482090692	CAV1	12.0
GO_Biological_Process_2021	gland morphogenesis (GO:0022612)	1/7	0.024932997075323	0.0734004285273533	0	0	46.76525821596244	172.63690482090692	MSN	12.0
GO_Biological_Process_2021	regulation of transforming growth factor beta1 production (GO:0032908)	1/7	0.024932997075323	0.0734004285273533	0	0	46.76525821596244	172.63690482090692	THBS1	12.0
GO_Biological_Process_2021	regulation of vascular associated smooth muscle cell apoptotic process (GO:1905459)	1/7	0.024932997075323	0.0734004285273533	0	0	46.76525821596244	172.63690482090692	PPARG	12.0
GO_Biological_Process_2021	glycerol transport (GO:0015793)	1/7	0.024932997075323	0.0734004285273533	0	0	46.76525821596244	172.63690482090692	AQP1	12.0
GO_Biological_Process_2021	positive regulation of ER-associated ubiquitin-dependent protein catabolic process (GO:1903071)	1/7	0.024932997075323	0.0734004285273533	0	0	46.76525821596244	172.63690482090692	CAV1	12.0
GO_Biological_Process_2021	positive regulation of fibroblast apoptotic process (GO:2000271)	1/7	0.024932997075323	0.0734004285273533	0	0	46.76525821596244	172.63690482090692	TP63	12.0
GO_Biological_Process_2021	positive regulation of histone H3-K9 methylation (GO:0051574)	1/7	0.024932997075323	0.0734004285273533	0	0	46.76525821596244	172.63690482090692	MYB	12.0
GO_Biological_Process_2021	positive regulation of interleukin-5 production (GO:0032754)	1/7	0.024932997075323	0.0734004285273533	0	0	46.76525821596244	172.63690482090692	RARA	12.0
GO_Biological_Process_2021	positive regulation of IRE1-mediated unfolded protein response (GO:1903896)	1/7	0.024932997075323	0.0734004285273533	0	0	46.76525821596244	172.63690482090692	BAX	12.0
GO_Biological_Process_2021	hyperosmotic response (GO:0006972)	1/7	0.024932997075323	0.0734004285273533	0	0	46.76525821596244	172.63690482090692	AQP1	12.0
GO_Biological_Process_2021	positive regulation of miRNA mediated inhibition of translation (GO:1905618)	1/7	0.024932997075323	0.0734004285273533	0	0	46.76525821596244	172.63690482090692	EIF4G1	12.0
GO_Biological_Process_2021	positive regulation of miRNA metabolic process (GO:2000630)	1/7	0.024932997075323	0.0734004285273533	0	0	46.76525821596244	172.63690482090692	NFKB1	12.0
GO_Biological_Process_2021	positive regulation of mRNA binding (GO:1902416)	1/7	0.024932997075323	0.0734004285273533	0	0	46.76525821596244	172.63690482090692	EIF4G1	12.0
GO_Biological_Process_2021	positive regulation of oxidative stress-induced cell death (GO:1903209)	1/7	0.024932997075323	0.0734004285273533	0	0	46.76525821596244	172.63690482090692	SOD1	12.0
GO_Biological_Process_2021	positive regulation of protein deubiquitination (GO:1903003)	1/7	0.024932997075323	0.0734004285273533	0	0	46.76525821596244	172.63690482090692	TANK	12.0
GO_Biological_Process_2021	synaptic transmission, dopaminergic (GO:0001963)	1/7	0.024932997075323	0.0734004285273533	0	0	46.76525821596244	172.63690482090692	SNCA	12.0
GO_Biological_Process_2021	T cell apoptotic process (GO:0070231)	1/7	0.024932997075323	0.0734004285273533	0	0	46.76525821596244	172.63690482090692	FAS	12.0
GO_Biological_Process_2021	positive regulation of RNA polymerase II transcription preinitiation complex assembly (GO:0045899)	1/7	0.024932997075323	0.0734004285273533	0	0	46.76525821596244	172.63690482090692	TP53	12.0
GO_Biological_Process_2021	TRAIL-activated apoptotic signaling pathway (GO:0036462)	1/7	0.024932997075323	0.0734004285273533	0	0	46.76525821596244	172.63690482090692	CASP8	12.0
GO_Biological_Process_2021	positive regulation of T-helper 17 cell differentiation (GO:2000321)	1/7	0.024932997075323	0.0734004285273533	0	0	46.76525821596244	172.63690482090692	NFKBID	12.0
GO_Biological_Process_2021	positive regulation of vesicle fusion (GO:0031340)	1/7	0.024932997075323	0.0734004285273533	0	0	46.76525821596244	172.63690482090692	SNCA	12.0
GO_Biological_Process_2021	white fat cell differentiation (GO:0050872)	1/7	0.024932997075323	0.0734004285273533	0	0	46.76525821596244	172.63690482090692	PPARG	12.0
GO_Biological_Process_2021	protein localization to basolateral plasma membrane (GO:1903361)	1/7	0.024932997075323	0.0734004285273533	0	0	46.76525821596244	172.63690482090692	CAV1	12.0
GO_Biological_Process_2021	interferon-gamma-mediated signaling pathway (GO:0060333)	2/68	0.0249862294254293	0.0734151374237517	0	0	8.598268398268399	31.722713064037848	CAMK2G;PML	12.0
GO_Biological_Process_2021	cellular response to decreased oxygen levels (GO:0036294)	2/69	0.0256730757510352	0.0751431178712992	0	0	8.469509594882728	31.017990624296136	TP53;AQP1	12.0
GO_Biological_Process_2021	peptidyl-tyrosine phosphorylation (GO:0018108)	2/69	0.0256730757510352	0.0751431178712992	0	0	8.469509594882728	31.017990624296136	ERBB4;FGFR1	12.0
GO_Biological_Process_2021	regulation of plasma membrane bounded cell projection assembly (GO:0120032)	2/70	0.0263675750399686	0.0764884457988819	0	0	8.344537815126051	30.33757058989709	CYLD;CAV1	12.0
GO_Biological_Process_2021	snRNA transcription by RNA polymerase II (GO:0042795)	2/70	0.0263675750399686	0.0764884457988819	0	0	8.344537815126051	30.33757058989709	CDK7;CCNT1	12.0
GO_Biological_Process_2021	wound healing (GO:0042060)	2/70	0.0263675750399686	0.0764884457988819	0	0	8.344537815126051	30.33757058989709	ERBB3;PPL	12.0
GO_Biological_Process_2021	regulation of mitotic cell cycle (GO:0007346)	3/178	0.0264173678865669	0.0764884457988819	0	0	4.907577639751553	17.832829816406512	CYLD;PLK1;UBE2E1	12.0
GO_Biological_Process_2021	regulation of cellular macromolecule biosynthetic process (GO:2000112)	5/468	0.0267110653363106	0.0764884457988819	0	0	3.137390799780793	11.36575464292192	SOX2;MYB;GMNN;TP53;PML	12.0
GO_Biological_Process_2021	protein stabilization (GO:0050821)	3/179	0.026799893936774	0.0764884457988819	0	0	4.879446640316205	17.66046105695612	USP7;CDK7;TAF1	12.0
GO_Biological_Process_2021	negative regulation of neuron apoptotic process (GO:0043524)	2/71	0.0270696649446019	0.0764884457988819	0	0	8.223188405797101	29.680295609565068	ERBB3;SOD1	12.0
GO_Biological_Process_2021	phosphatidylinositol-mediated signaling (GO:0048015)	2/71	0.0270696649446019	0.0764884457988819	0	0	8.223188405797101	29.680295609565068	ERBB3;FGFR1	12.0
GO_Biological_Process_2021	snRNA transcription (GO:0009301)	2/71	0.0270696649446019	0.0764884457988819	0	0	8.223188405797101	29.680295609565068	CDK7;CCNT1	12.0
GO_Biological_Process_2021	cell junction organization (GO:0034330)	2/72	0.0277792834485965	0.0764884457988819	0	0	8.10530612244898	29.045078662462203	ILK;SNCA	12.0
GO_Biological_Process_2021	negative regulation of supramolecular fiber organization (GO:1902904)	2/72	0.0277792834485965	0.0764884457988819	0	0	8.10530612244898	29.045078662462203	CDH5;SNCA	12.0
GO_Biological_Process_2021	negative regulation of cytokine production (GO:0001818)	3/182	0.0279653207119718	0.0764884457988819	0	0	4.796939519067282	17.15764569786404	CYLD;RARA;THBS1	12.0
GO_Biological_Process_2021	regulation of cardiac muscle cell action potential involved in regulation of contraction (GO:0098909)	1/8	0.0284444548765881	0.0764884457988819	0	0	40.08249496981891	142.68574756562285	CAV1	12.0
GO_Biological_Process_2021	negative regulation of mitochondrial membrane potential (GO:0010917)	1/8	0.0284444548765881	0.0764884457988819	0	0	40.08249496981891	142.68574756562285	BAX	12.0
GO_Biological_Process_2021	regulation of chaperone-mediated autophagy (GO:1904714)	1/8	0.0284444548765881	0.0764884457988819	0	0	40.08249496981891	142.68574756562285	SNCA	12.0
GO_Biological_Process_2021	negative regulation of mRNA polyadenylation (GO:1900364)	1/8	0.0284444548765881	0.0764884457988819	0	0	40.08249496981891	142.68574756562285	CCNT1	12.0
GO_Biological_Process_2021	cell-cell adhesion mediated by cadherin (GO:0044331)	1/8	0.0284444548765881	0.0764884457988819	0	0	40.08249496981891	142.68574756562285	CDH5	12.0
GO_Biological_Process_2021	regulation of dopamine uptake involved in synaptic transmission (GO:0051584)	1/8	0.0284444548765881	0.0764884457988819	0	0	40.08249496981891	142.68574756562285	SNCA	12.0
GO_Biological_Process_2021	cellular response to angiotensin (GO:1904385)	1/8	0.0284444548765881	0.0764884457988819	0	0	40.08249496981891	142.68574756562285	NFKB1	12.0
GO_Biological_Process_2021	cellular response to epinephrine stimulus (GO:0071872)	1/8	0.0284444548765881	0.0764884457988819	0	0	40.08249496981891	142.68574756562285	SNCA	12.0
GO_Biological_Process_2021	regulation of extracellular matrix constituent secretion (GO:0003330)	1/8	0.0284444548765881	0.0764884457988819	0	0	40.08249496981891	142.68574756562285	TNFRSF1A	12.0
GO_Biological_Process_2021	regulation of metaphase/anaphase transition of cell cycle (GO:1902099)	1/8	0.0284444548765881	0.0764884457988819	0	0	40.08249496981891	142.68574756562285	PLK1	12.0
GO_Biological_Process_2021	dopamine uptake (GO:0090494)	1/8	0.0284444548765881	0.0764884457988819	0	0	40.08249496981891	142.68574756562285	SNCA	12.0
GO_Biological_Process_2021	regulation of protein localization to cell cortex (GO:1904776)	1/8	0.0284444548765881	0.0764884457988819	0	0	40.08249496981891	142.68574756562285	PLK1	12.0
GO_Biological_Process_2021	regulation of protein localization to early endosome (GO:1902965)	1/8	0.0284444548765881	0.0764884457988819	0	0	40.08249496981891	142.68574756562285	MSN	12.0
GO_Biological_Process_2021	ER overload response (GO:0006983)	1/8	0.0284444548765881	0.0764884457988819	0	0	40.08249496981891	142.68574756562285	TP53	12.0
GO_Biological_Process_2021	forebrain neuron differentiation (GO:0021879)	1/8	0.0284444548765881	0.0764884457988819	0	0	40.08249496981891	142.68574756562285	ERBB4	12.0
GO_Biological_Process_2021	regulation of T-helper 2 cell differentiation (GO:0045628)	1/8	0.0284444548765881	0.0764884457988819	0	0	40.08249496981891	142.68574756562285	RARA	12.0
GO_Biological_Process_2021	fusion of virus membrane with host plasma membrane (GO:0019064)	1/8	0.0284444548765881	0.0764884457988819	0	0	40.08249496981891	142.68574756562285	CXCR4	12.0
GO_Biological_Process_2021	regulation of toll-like receptor 3 signaling pathway (GO:0034139)	1/8	0.0284444548765881	0.0764884457988819	0	0	40.08249496981891	142.68574756562285	CAV1	12.0
GO_Biological_Process_2021	positive regulation of early endosome to late endosome transport (GO:2000643)	1/8	0.0284444548765881	0.0764884457988819	0	0	40.08249496981891	142.68574756562285	MSN	12.0
GO_Biological_Process_2021	positive regulation of execution phase of apoptosis (GO:1900119)	1/8	0.0284444548765881	0.0764884457988819	0	0	40.08249496981891	142.68574756562285	TP53	12.0
GO_Biological_Process_2021	positive regulation of fibroblast migration (GO:0010763)	1/8	0.0284444548765881	0.0764884457988819	0	0	40.08249496981891	142.68574756562285	THBS1	12.0
GO_Biological_Process_2021	response to epinephrine (GO:0071871)	1/8	0.0284444548765881	0.0764884457988819	0	0	40.08249496981891	142.68574756562285	SNCA	12.0
GO_Biological_Process_2021	histone H2A-K119 monoubiquitination (GO:0036353)	1/8	0.0284444548765881	0.0764884457988819	0	0	40.08249496981891	142.68574756562285	BMI1	12.0
GO_Biological_Process_2021	immunological synapse formation (GO:0001771)	1/8	0.0284444548765881	0.0764884457988819	0	0	40.08249496981891	142.68574756562285	MSN	12.0
GO_Biological_Process_2021	self proteolysis (GO:0097264)	1/8	0.0284444548765881	0.0764884457988819	0	0	40.08249496981891	142.68574756562285	CASP8	12.0
GO_Biological_Process_2021	positive regulation of oligodendrocyte differentiation (GO:0048714)	1/8	0.0284444548765881	0.0764884457988819	0	0	40.08249496981891	142.68574756562285	CXCR4	12.0
GO_Biological_Process_2021	somatic hypermutation of immunoglobulin genes (GO:0016446)	1/8	0.0284444548765881	0.0764884457988819	0	0	40.08249496981891	142.68574756562285	SAMHD1	12.0
GO_Biological_Process_2021	stress-induced premature senescence (GO:0090400)	1/8	0.0284444548765881	0.0764884457988819	0	0	40.08249496981891	142.68574756562285	TP53	12.0
GO_Biological_Process_2021	positive regulation of protein localization to early endosome (GO:1902966)	1/8	0.0284444548765881	0.0764884457988819	0	0	40.08249496981891	142.68574756562285	MSN	12.0
GO_Biological_Process_2021	positive regulation of protein localization to endosome (GO:1905668)	1/8	0.0284444548765881	0.0764884457988819	0	0	40.08249496981891	142.68574756562285	MSN	12.0
GO_Biological_Process_2021	mammary gland epithelial cell differentiation (GO:0060644)	1/8	0.0284444548765881	0.0764884457988819	0	0	40.08249496981891	142.68574756562285	ERBB4	12.0
GO_Biological_Process_2021	membrane fusion involved in viral entry into host cell (GO:0039663)	1/8	0.0284444548765881	0.0764884457988819	0	0	40.08249496981891	142.68574756562285	CXCR4	12.0
GO_Biological_Process_2021	water homeostasis (GO:0030104)	1/8	0.0284444548765881	0.0764884457988819	0	0	40.08249496981891	142.68574756562285	AQP1	12.0
GO_Biological_Process_2021	negative regulation of alpha-beta T cell differentiation (GO:0046639)	1/8	0.0284444548765881	0.0764884457988819	0	0	40.08249496981891	142.68574756562285	SOCS1	12.0
GO_Biological_Process_2021	regulation of hydrolase activity (GO:0051336)	2/73	0.0284963688714758	0.0764928984521804	0	0	7.990744466800804	28.430897873617184	CAV1;SOD1	12.0
GO_Biological_Process_2021	proteasome-mediated ubiquitin-dependent protein catabolic process (GO:0043161)	4/321	0.0285756655673413	0.0765707094955872	0	0	3.6390796066060496	12.937655008173005	PLK1;UBE2E1;PML;TAF1	12.0
GO_Biological_Process_2021	negative regulation of gene expression (GO:0010629)	4/322	0.0288585515211763	0.0771928214678917	0	0	3.627450980392157	12.860579403851332	REL;BMI1;NFKB1;TAF1	12.0
GO_Biological_Process_2021	cellular response to oxygen-containing compound (GO:1901701)	4/323	0.0291431111070936	0.0778172194824501	0	0	3.615895260925687	12.784130469852713	MAPK8;NFKB1;AQP1;TAF1	12.0
GO_Biological_Process_2021	cellular response to amino acid starvation (GO:0034198)	2/74	0.029220859882625	0.0778881764296942	0	0	7.87936507936508	27.83679177466677	MAPK8;FAS	12.0
GO_Biological_Process_2021	response to amino acid starvation (GO:1990928)	2/75	0.0299526954634574	0.079699305061857	0	0	7.771037181996086	27.261854982251965	MAPK8;FAS	12.0
GO_Biological_Process_2021	regulation of BMP signaling pathway (GO:0030510)	2/76	0.0306918149431216	0.080493245268682	0	0	7.665637065637066	26.705234219814837	CDH5;PPARG	12.0
GO_Biological_Process_2021	regulation of cell division (GO:0051302)	2/76	0.0306918149431216	0.080493245268682	0	0	7.665637065637066	26.705234219814837	PLK1;TP63	12.0
GO_Biological_Process_2021	cellular response to hormone stimulus (GO:0032870)	2/76	0.0306918149431216	0.080493245268682	0	0	7.665637065637066	26.705234219814837	CAV1;RARA	12.0
GO_Biological_Process_2021	regulation of organelle assembly (GO:1902115)	2/77	0.0314381579844935	0.080493245268682	0	0	7.5630476190476195	26.16612468260224	CYLD;MSN	12.0
GO_Biological_Process_2021	inorganic cation import across plasma membrane (GO:0098659)	2/77	0.0314381579844935	0.080493245268682	0	0	7.5630476190476195	26.16612468260224	ATP12A;KCNJ2	12.0
GO_Biological_Process_2021	positive regulation of phosphatidylinositol 3-kinase signaling (GO:0014068)	2/77	0.0314381579844935	0.080493245268682	0	0	7.5630476190476195	26.16612468260224	ERBB3;FGFR1	12.0
GO_Biological_Process_2021	positive regulation of protein modification by small protein conjugation or removal (GO:1903322)	2/77	0.0314381579844935	0.080493245268682	0	0	7.5630476190476195	26.16612468260224	CAV1;TANK	12.0
GO_Biological_Process_2021	negative regulation of Wnt signaling pathway (GO:0030178)	3/191	0.0316218548393332	0.080493245268682	0	0	4.565217391304348	15.767835339264472	SOX2;CYLD;CAV1	12.0
GO_Biological_Process_2021	negative regulation of exocytosis (GO:0045920)	1/9	0.0319434429318554	0.080493245268682	0	0	35.070422535211264	120.77511249569656	SNCA	12.0
GO_Biological_Process_2021	negative regulation of fibrinolysis (GO:0051918)	1/9	0.0319434429318554	0.080493245268682	0	0	35.070422535211264	120.77511249569656	THBS1	12.0
GO_Biological_Process_2021	regulation of cell adhesion molecule production (GO:0060353)	1/9	0.0319434429318554	0.080493245268682	0	0	35.070422535211264	120.77511249569656	CAV1	12.0
GO_Biological_Process_2021	negative regulation of membrane potential (GO:0045837)	1/9	0.0319434429318554	0.080493245268682	0	0	35.070422535211264	120.77511249569656	BAX	12.0
GO_Biological_Process_2021	negative regulation of mRNA 3'-end processing (GO:0031441)	1/9	0.0319434429318554	0.080493245268682	0	0	35.070422535211264	120.77511249569656	CCNT1	12.0
GO_Biological_Process_2021	negative regulation of necroptotic process (GO:0060546)	1/9	0.0319434429318554	0.080493245268682	0	0	35.070422535211264	120.77511249569656	CASP8	12.0
GO_Biological_Process_2021	negative regulation of nitric oxide biosynthetic process (GO:0045019)	1/9	0.0319434429318554	0.080493245268682	0	0	35.070422535211264	120.77511249569656	CAV1	12.0
GO_Biological_Process_2021	negative regulation of nitric oxide metabolic process (GO:1904406)	1/9	0.0319434429318554	0.080493245268682	0	0	35.070422535211264	120.77511249569656	CAV1	12.0
GO_Biological_Process_2021	regulation of dendritic cell antigen processing and presentation (GO:0002604)	1/9	0.0319434429318554	0.080493245268682	0	0	35.070422535211264	120.77511249569656	THBS1	12.0
GO_Biological_Process_2021	regulation of endothelial cell development (GO:1901550)	1/9	0.0319434429318554	0.080493245268682	0	0	35.070422535211264	120.77511249569656	TNFRSF1A	12.0
GO_Biological_Process_2021	regulation of ER-associated ubiquitin-dependent protein catabolic process (GO:1903069)	1/9	0.0319434429318554	0.080493245268682	0	0	35.070422535211264	120.77511249569656	CAV1	12.0
GO_Biological_Process_2021	regulation of fibroblast apoptotic process (GO:2000269)	1/9	0.0319434429318554	0.080493245268682	0	0	35.070422535211264	120.77511249569656	TP63	12.0
GO_Biological_Process_2021	regulation of gap junction assembly (GO:1903596)	1/9	0.0319434429318554	0.080493245268682	0	0	35.070422535211264	120.77511249569656	CAV1	12.0
GO_Biological_Process_2021	cellular response to nitric oxide (GO:0071732)	1/9	0.0319434429318554	0.080493245268682	0	0	35.070422535211264	120.77511249569656	AQP1	12.0
GO_Biological_Process_2021	regulation of helicase activity (GO:0051095)	1/9	0.0319434429318554	0.080493245268682	0	0	35.070422535211264	120.77511249569656	TP53	12.0
GO_Biological_Process_2021	cellular response to reactive nitrogen species (GO:1902170)	1/9	0.0319434429318554	0.080493245268682	0	0	35.070422535211264	120.77511249569656	AQP1	12.0
GO_Biological_Process_2021	one-carbon compound transport (GO:0019755)	1/9	0.0319434429318554	0.080493245268682	0	0	35.070422535211264	120.77511249569656	AQP1	12.0
GO_Biological_Process_2021	regulation of pinocytosis (GO:0048548)	1/9	0.0319434429318554	0.080493245268682	0	0	35.070422535211264	120.77511249569656	CAV1	12.0
GO_Biological_Process_2021	regulation of RNA polymerase II regulatory region sequence-specific DNA binding (GO:1903025)	1/9	0.0319434429318554	0.080493245268682	0	0	35.070422535211264	120.77511249569656	TAF1	12.0
GO_Biological_Process_2021	positive regulation of chromatin binding (GO:0035563)	1/9	0.0319434429318554	0.080493245268682	0	0	35.070422535211264	120.77511249569656	GMNN	12.0
GO_Biological_Process_2021	regulation of transmembrane transporter activity (GO:0022898)	1/9	0.0319434429318554	0.080493245268682	0	0	35.070422535211264	120.77511249569656	SNCA	12.0
GO_Biological_Process_2021	positive regulation of inositol phosphate biosynthetic process (GO:0060732)	1/9	0.0319434429318554	0.080493245268682	0	0	35.070422535211264	120.77511249569656	SNCA	12.0
GO_Biological_Process_2021	positive regulation of smooth muscle cell apoptotic process (GO:0034393)	1/9	0.0319434429318554	0.080493245268682	0	0	35.070422535211264	120.77511249569656	PPARG	12.0
GO_Biological_Process_2021	protein K6-linked ubiquitination (GO:0085020)	1/9	0.0319434429318554	0.080493245268682	0	0	35.070422535211264	120.77511249569656	UBE2D4	12.0
GO_Biological_Process_2021	negative regulation of protein serine/threonine kinase activity (GO:0071901)	2/78	0.0321916645602683	0.0809846503483114	0	0	7.463157894736842	25.6437667020256	INCA1;PLK1	12.0
GO_Biological_Process_2021	negative regulation of macromolecule metabolic process (GO:0010605)	3/194	0.0328939310241222	0.082353633081576	0	0	4.492829501479627	15.340618543776689	REL;NFKB1;TAF1	12.0
GO_Biological_Process_2021	regulation of cellular response to heat (GO:1900034)	2/79	0.0329522749978185	0.082353633081576	0	0	7.365862708719852	25.13744266346882	RPA1;CAMK2G	12.0
GO_Biological_Process_2021	negative regulation of NF-kappaB transcription factor activity (GO:0032088)	2/79	0.0329522749978185	0.082353633081576	0	0	7.365862708719852	25.13744266346882	CYLD;USP7	12.0
GO_Biological_Process_2021	positive regulation of ubiquitin-dependent protein catabolic process (GO:2000060)	2/79	0.0329522749978185	0.082353633081576	0	0	7.365862708719852	25.13744266346882	PLK1;TAF1	12.0
GO_Biological_Process_2021	negative regulation of cellular response to growth factor stimulus (GO:0090288)	2/80	0.0337199299235671	0.0837336447903779	0	0	7.271062271062271	24.64647419308714	PPARG;THBS1	12.0
GO_Biological_Process_2021	regulation of NIK/NF-kappaB signaling (GO:1901222)	2/80	0.0337199299235671	0.0837336447903779	0	0	7.271062271062271	24.64647419308714	CYLD;ILK	12.0
GO_Biological_Process_2021	skin development (GO:0043588)	2/80	0.0337199299235671	0.0837336447903779	0	0	7.271062271062271	24.64647419308714	TGM1;TP63	12.0
GO_Biological_Process_2021	positive regulation of cellular amide metabolic process (GO:0034250)	2/81	0.0344945703154634	0.0837336447903779	0	0	7.178661844484629	24.17021954215202	THBS1;TNFRSF1A	12.0
GO_Biological_Process_2021	protein poly-ADP-ribosylation (GO:0070212)	1/10	0.0354300047601861	0.0837336447903779	0	0	31.172143974960875	104.12107765370268	TNKS	12.0
GO_Biological_Process_2021	negative regulation of cholesterol storage (GO:0010887)	1/10	0.0354300047601861	0.0837336447903779	0	0	31.172143974960875	104.12107765370268	PPARG	12.0
GO_Biological_Process_2021	negative regulation of extracellular matrix organization (GO:1903054)	1/10	0.0354300047601861	0.0837336447903779	0	0	31.172143974960875	104.12107765370268	TNFRSF1A	12.0
GO_Biological_Process_2021	regulation of carbohydrate biosynthetic process (GO:0043255)	1/10	0.0354300047601861	0.0837336447903779	0	0	31.172143974960875	104.12107765370268	USP7	12.0
GO_Biological_Process_2021	negative regulation of interferon-beta production (GO:0032688)	1/10	0.0354300047601861	0.0837336447903779	0	0	31.172143974960875	104.12107765370268	REL	12.0
GO_Biological_Process_2021	negative regulation of peptidyl-lysine acetylation (GO:2000757)	1/10	0.0354300047601861	0.0837336447903779	0	0	31.172143974960875	104.12107765370268	SNCA	12.0
GO_Biological_Process_2021	negative regulation of protein autophosphorylation (GO:0031953)	1/10	0.0354300047601861	0.0837336447903779	0	0	31.172143974960875	104.12107765370268	CAV1	12.0
GO_Biological_Process_2021	regulation of endoplasmic reticulum unfolded protein response (GO:1900101)	1/10	0.0354300047601861	0.0837336447903779	0	0	31.172143974960875	104.12107765370268	BAX	12.0
GO_Biological_Process_2021	regulation of granulocyte differentiation (GO:0030852)	1/10	0.0354300047601861	0.0837336447903779	0	0	31.172143974960875	104.12107765370268	RARA	12.0
GO_Biological_Process_2021	negative regulation of telomerase activity (GO:0051974)	1/10	0.0354300047601861	0.0837336447903779	0	0	31.172143974960875	104.12107765370268	TP53	12.0
GO_Biological_Process_2021	regulation of hair cycle (GO:0042634)	1/10	0.0354300047601861	0.0837336447903779	0	0	31.172143974960875	104.12107765370268	PER1	12.0
GO_Biological_Process_2021	negative regulation of transmembrane transport (GO:0034763)	1/10	0.0354300047601861	0.0837336447903779	0	0	31.172143974960875	104.12107765370268	THBS1	12.0
GO_Biological_Process_2021	negative regulation of tyrosine phosphorylation of STAT protein (GO:0042532)	1/10	0.0354300047601861	0.0837336447903779	0	0	31.172143974960875	104.12107765370268	SOCS1	12.0
GO_Biological_Process_2021	DNA damage response, signal transduction by p53 class mediator resulting in transcription of p21 class mediator (GO:0006978)	1/10	0.0354300047601861	0.0837336447903779	0	0	31.172143974960875	104.12107765370268	TP53	12.0
GO_Biological_Process_2021	regulation of organ growth (GO:0046620)	1/10	0.0354300047601861	0.0837336447903779	0	0	31.172143974960875	104.12107765370268	SOD1	12.0
GO_Biological_Process_2021	endodermal cell fate commitment (GO:0001711)	1/10	0.0354300047601861	0.0837336447903779	0	0	31.172143974960875	104.12107765370268	SOX2	12.0
GO_Biological_Process_2021	regulation of RNA polymerase II transcription preinitiation complex assembly (GO:0045898)	1/10	0.0354300047601861	0.0837336447903779	0	0	31.172143974960875	104.12107765370268	TP53	12.0
GO_Biological_Process_2021	regulation of T-helper 17 cell differentiation (GO:2000319)	1/10	0.0354300047601861	0.0837336447903779	0	0	31.172143974960875	104.12107765370268	NFKBID	12.0
GO_Biological_Process_2021	positive regulation of coagulation (GO:0050820)	1/10	0.0354300047601861	0.0837336447903779	0	0	31.172143974960875	104.12107765370268	THBS1	12.0
GO_Biological_Process_2021	removal of superoxide radicals (GO:0019430)	1/10	0.0354300047601861	0.0837336447903779	0	0	31.172143974960875	104.12107765370268	SOD1	12.0
GO_Biological_Process_2021	hematopoietic stem cell differentiation (GO:0060218)	1/10	0.0354300047601861	0.0837336447903779	0	0	31.172143974960875	104.12107765370268	TP53	12.0
GO_Biological_Process_2021	positive regulation of hemostasis (GO:1900048)	1/10	0.0354300047601861	0.0837336447903779	0	0	31.172143974960875	104.12107765370268	THBS1	12.0
GO_Biological_Process_2021	histone H2B ubiquitination (GO:0033523)	1/10	0.0354300047601861	0.0837336447903779	0	0	31.172143974960875	104.12107765370268	UBE2E1	12.0
GO_Biological_Process_2021	positive regulation of lipase activity (GO:0060193)	1/10	0.0354300047601861	0.0837336447903779	0	0	31.172143974960875	104.12107765370268	FGFR1	12.0
GO_Biological_Process_2021	inner ear receptor cell stereocilium organization (GO:0060122)	1/10	0.0354300047601861	0.0837336447903779	0	0	31.172143974960875	104.12107765370268	SOD1	12.0
GO_Biological_Process_2021	RNA polymerase II preinitiation complex assembly (GO:0051123)	1/10	0.0354300047601861	0.0837336447903779	0	0	31.172143974960875	104.12107765370268	TAF1	12.0
GO_Biological_Process_2021	SNARE complex assembly (GO:0035493)	1/10	0.0354300047601861	0.0837336447903779	0	0	31.172143974960875	104.12107765370268	SNCA	12.0
GO_Biological_Process_2021	lactation (GO:0007595)	1/10	0.0354300047601861	0.0837336447903779	0	0	31.172143974960875	104.12107765370268	ERBB4	12.0
GO_Biological_Process_2021	lipoprotein transport (GO:0042953)	1/10	0.0354300047601861	0.0837336447903779	0	0	31.172143974960875	104.12107765370268	PPARG	12.0
GO_Biological_Process_2021	positive regulation of receptor recycling (GO:0001921)	1/10	0.0354300047601861	0.0837336447903779	0	0	31.172143974960875	104.12107765370268	SNCA	12.0
GO_Biological_Process_2021	positive regulation of T cell apoptotic process (GO:0070234)	1/10	0.0354300047601861	0.0837336447903779	0	0	31.172143974960875	104.12107765370268	TP53	12.0
GO_Biological_Process_2021	regulation of macromolecule metabolic process (GO:0060255)	3/200	0.0355175071354049	0.0838103036590484	0	0	4.354667843743103	14.534703522115317	SOX2;BMI1;NFKBID	12.0
GO_Biological_Process_2021	regulation of osteoblast differentiation (GO:0045667)	2/83	0.0360645729424755	0.0849694737127675	0	0	7.000705467372134	23.259453656995348	PPARG;TP63	12.0
GO_Biological_Process_2021	anaphase-promoting complex-dependent catabolic process (GO:0031145)	2/84	0.0368598187155497	0.0861894726054681	0	0	6.914982578397213	22.8238213864502	PLK1;UBE2E1	12.0
GO_Biological_Process_2021	B cell activation (GO:0042113)	2/85	0.0376618170243839	0.0861894726054681	0	0	6.831325301204819	22.400656921507675	DCAF1;CASP8	12.0
GO_Biological_Process_2021	regulation of cell cycle G2/M phase transition (GO:1902749)	2/85	0.0376618170243839	0.0861894726054681	0	0	6.831325301204819	22.400656921507675	PLK1;TP53	12.0
GO_Biological_Process_2021	regulation of neuron death (GO:1901214)	2/86	0.0384705104335523	0.0861894726054681	0	0	6.7496598639455785	21.98946911741363	SNCA;EIF4G1	12.0
GO_Biological_Process_2021	positive regulation of endothelial cell migration (GO:0010595)	2/86	0.0384705104335523	0.0861894726054681	0	0	6.7496598639455785	21.98946911741363	THBS1;FGFR1	12.0
GO_Biological_Process_2021	positive regulation of proteasomal protein catabolic process (GO:1901800)	2/86	0.0384705104335523	0.0861894726054681	0	0	6.7496598639455785	21.98946911741363	PLK1;TAF1	12.0
GO_Biological_Process_2021	negative regulation of cholesterol transport (GO:0032375)	1/11	0.0389041837581843	0.0861894726054681	0	0	28.053521126760565	91.0800620630536	NFKB1	12.0
GO_Biological_Process_2021	regulation of biosynthetic process (GO:0009889)	1/11	0.0389041837581843	0.0861894726054681	0	0	28.053521126760565	91.0800620630536	SNCA	12.0
GO_Biological_Process_2021	cardiac muscle cell membrane repolarization (GO:0099622)	1/11	0.0389041837581843	0.0861894726054681	0	0	28.053521126760565	91.0800620630536	KCNJ2	12.0
GO_Biological_Process_2021	regulation of coagulation (GO:0050818)	1/11	0.0389041837581843	0.0861894726054681	0	0	28.053521126760565	91.0800620630536	CAV1	12.0
GO_Biological_Process_2021	regulation of cysteine-type endopeptidase activity involved in apoptotic signaling pathway (GO:2001267)	1/11	0.0389041837581843	0.0861894726054681	0	0	28.053521126760565	91.0800620630536	FAS	12.0
GO_Biological_Process_2021	regulation of cytoplasmic transport (GO:1903649)	1/11	0.0389041837581843	0.0861894726054681	0	0	28.053521126760565	91.0800620630536	USP7	12.0
GO_Biological_Process_2021	negative regulation of platelet-derived growth factor receptor signaling pathway (GO:0010642)	1/11	0.0389041837581843	0.0861894726054681	0	0	28.053521126760565	91.0800620630536	SNCA	12.0
GO_Biological_Process_2021	negative regulation of potassium ion transmembrane transport (GO:1901380)	1/11	0.0389041837581843	0.0861894726054681	0	0	28.053521126760565	91.0800620630536	CAV1	12.0
GO_Biological_Process_2021	negative regulation of programmed necrotic cell death (GO:0062099)	1/11	0.0389041837581843	0.0861894726054681	0	0	28.053521126760565	91.0800620630536	CASP8	12.0
GO_Biological_Process_2021	negative regulation of sprouting angiogenesis (GO:1903671)	1/11	0.0389041837581843	0.0861894726054681	0	0	28.053521126760565	91.0800620630536	THBS1	12.0
GO_Biological_Process_2021	negative regulation of steroid biosynthetic process (GO:0010894)	1/11	0.0389041837581843	0.0861894726054681	0	0	28.053521126760565	91.0800620630536	NFKB1	12.0
GO_Biological_Process_2021	cellular response to superoxide (GO:0071451)	1/11	0.0389041837581843	0.0861894726054681	0	0	28.053521126760565	91.0800620630536	SOD1	12.0
GO_Biological_Process_2021	negative regulation of voltage-gated potassium channel activity (GO:1903817)	1/11	0.0389041837581843	0.0861894726054681	0	0	28.053521126760565	91.0800620630536	CAV1	12.0
GO_Biological_Process_2021	regulation of lymphocyte migration (GO:2000401)	1/11	0.0389041837581843	0.0861894726054681	0	0	28.053521126760565	91.0800620630536	MSN	12.0
GO_Biological_Process_2021	DNA damage response, signal transduction resulting in transcription (GO:0042772)	1/11	0.0389041837581843	0.0861894726054681	0	0	28.053521126760565	91.0800620630536	TP53	12.0
GO_Biological_Process_2021	positive regulation of alcohol biosynthetic process (GO:1902932)	1/11	0.0389041837581843	0.0861894726054681	0	0	28.053521126760565	91.0800620630536	SNCA	12.0
GO_Biological_Process_2021	establishment of epithelial cell apical/basal polarity (GO:0045198)	1/11	0.0389041837581843	0.0861894726054681	0	0	28.053521126760565	91.0800620630536	MSN	12.0
GO_Biological_Process_2021	regulation of stress-activated protein kinase signaling cascade (GO:0070302)	1/11	0.0389041837581843	0.0861894726054681	0	0	28.053521126760565	91.0800620630536	FAS	12.0
GO_Biological_Process_2021	positive regulation of ceramide biosynthetic process (GO:2000304)	1/11	0.0389041837581843	0.0861894726054681	0	0	28.053521126760565	91.0800620630536	TNFRSF1A	12.0
GO_Biological_Process_2021	positive regulation of cytoplasmic transport (GO:1903651)	1/11	0.0389041837581843	0.0861894726054681	0	0	28.053521126760565	91.0800620630536	MSN	12.0
GO_Biological_Process_2021	positive regulation of dendrite development (GO:1900006)	1/11	0.0389041837581843	0.0861894726054681	0	0	28.053521126760565	91.0800620630536	ALK	12.0
GO_Biological_Process_2021	positive regulation of interleukin-13 production (GO:0032736)	1/11	0.0389041837581843	0.0861894726054681	0	0	28.053521126760565	91.0800620630536	RARA	12.0
GO_Biological_Process_2021	positive regulation of keratinocyte proliferation (GO:0010838)	1/11	0.0389041837581843	0.0861894726054681	0	0	28.053521126760565	91.0800620630536	TGM1	12.0
GO_Biological_Process_2021	positive regulation of lipid localization (GO:1905954)	1/11	0.0389041837581843	0.0861894726054681	0	0	28.053521126760565	91.0800620630536	NFKB1	12.0
GO_Biological_Process_2021	positive regulation of macrophage differentiation (GO:0045651)	1/11	0.0389041837581843	0.0861894726054681	0	0	28.053521126760565	91.0800620630536	CASP8	12.0
GO_Biological_Process_2021	positive regulation of production of miRNAs involved in gene silencing by miRNA (GO:1903800)	1/11	0.0389041837581843	0.0861894726054681	0	0	28.053521126760565	91.0800620630536	TP53	12.0
GO_Biological_Process_2021	lipoprotein localization (GO:0044872)	1/11	0.0389041837581843	0.0861894726054681	0	0	28.053521126760565	91.0800620630536	PPARG	12.0
GO_Biological_Process_2021	T cell homeostasis (GO:0043029)	1/11	0.0389041837581843	0.0861894726054681	0	0	28.053521126760565	91.0800620630536	FAS	12.0
GO_Biological_Process_2021	telomere maintenance via recombination (GO:0000722)	1/11	0.0389041837581843	0.0861894726054681	0	0	28.053521126760565	91.0800620630536	RAD51	12.0
GO_Biological_Process_2021	positive regulation of sphingolipid biosynthetic process (GO:0090154)	1/11	0.0389041837581843	0.0861894726054681	0	0	28.053521126760565	91.0800620630536	TNFRSF1A	12.0
GO_Biological_Process_2021	positive regulation of transcription elongation from RNA polymerase II promoter (GO:0032968)	1/11	0.0389041837581843	0.0861894726054681	0	0	28.053521126760565	91.0800620630536	CDK12	12.0
GO_Biological_Process_2021	positive regulation of transcription from RNA polymerase II promoter in response to endoplasmic reticulum stress (GO:1990440)	1/11	0.0389041837581843	0.0861894726054681	0	0	28.053521126760565	91.0800620630536	TP53	12.0
GO_Biological_Process_2021	positive regulation of transforming growth factor beta production (GO:0071636)	1/11	0.0389041837581843	0.0861894726054681	0	0	28.053521126760565	91.0800620630536	THBS1	12.0
GO_Biological_Process_2021	V(D)J recombination (GO:0033151)	1/11	0.0389041837581843	0.0861894726054681	0	0	28.053521126760565	91.0800620630536	DCAF1	12.0
GO_Biological_Process_2021	monocyte differentiation (GO:0030224)	1/11	0.0389041837581843	0.0861894726054681	0	0	28.053521126760565	91.0800620630536	PPARG	12.0
GO_Biological_Process_2021	regulation of type I interferon production (GO:0032479)	2/89	0.0409361916480045	0.0900573844962827	0	0	6.515927750410509	20.823215678623036	CYLD;NFKB1	12.0
GO_Biological_Process_2021	positive regulation of inflammatory response (GO:0050729)	2/89	0.0409361916480045	0.0900573844962827	0	0	6.515927750410509	20.823215678623036	TNFRSF1A;SNCA	12.0
GO_Biological_Process_2021	negative regulation of inflammatory response (GO:0050728)	3/212	0.0410798299617472	0.0900573844962827	0	0	4.102142708550031	13.095015971553428	CDH5;PPARG;TNFRSF1A	12.0
GO_Biological_Process_2021	negative regulation of protein kinase activity (GO:0006469)	2/90	0.0417710974047371	0.0900573844962827	0	0	6.441558441558442	20.45549495606713	CAV1;SNCA	12.0
GO_Biological_Process_2021	negative regulation of gene silencing by miRNA (GO:0060965)	1/12	0.0423660231927322	0.0900573844962827	0	0	25.50192061459667	80.62199058091778	PPARG	12.0
GO_Biological_Process_2021	negative regulation of histone acetylation (GO:0035067)	1/12	0.0423660231927322	0.0900573844962827	0	0	25.50192061459667	80.62199058091778	SNCA	12.0
GO_Biological_Process_2021	regulation of CD4-positive, alpha-beta T cell differentiation (GO:0043370)	1/12	0.0423660231927322	0.0900573844962827	0	0	25.50192061459667	80.62199058091778	SOCS1	12.0
GO_Biological_Process_2021	regulation of cell communication by electrical coupling involved in cardiac conduction (GO:1901844)	1/12	0.0423660231927322	0.0900573844962827	0	0	25.50192061459667	80.62199058091778	CAV1	12.0
GO_Biological_Process_2021	regulation of chromatin binding (GO:0035561)	1/12	0.0423660231927322	0.0900573844962827	0	0	25.50192061459667	80.62199058091778	GMNN	12.0
GO_Biological_Process_2021	catecholamine biosynthetic process (GO:0042423)	1/12	0.0423660231927322	0.0900573844962827	0	0	25.50192061459667	80.62199058091778	SNCA	12.0
GO_Biological_Process_2021	negative regulation of oxidoreductase activity (GO:0051354)	1/12	0.0423660231927322	0.0900573844962827	0	0	25.50192061459667	80.62199058091778	SNCA	12.0
GO_Biological_Process_2021	regulation of DNA-dependent DNA replication (GO:0090329)	1/12	0.0423660231927322	0.0900573844962827	0	0	25.50192061459667	80.62199058091778	GMNN	12.0
GO_Biological_Process_2021	regulation of histone H3-K9 methylation (GO:0051570)	1/12	0.0423660231927322	0.0900573844962827	0	0	25.50192061459667	80.62199058091778	MYB	12.0
GO_Biological_Process_2021	chromatin assembly or disassembly (GO:0006333)	1/12	0.0423660231927322	0.0900573844962827	0	0	25.50192061459667	80.62199058091778	TP53	12.0
GO_Biological_Process_2021	nuclear body organization (GO:0030575)	1/12	0.0423660231927322	0.0900573844962827	0	0	25.50192061459667	80.62199058091778	PML	12.0
GO_Biological_Process_2021	regulation of plasminogen activation (GO:0010755)	1/12	0.0423660231927322	0.0900573844962827	0	0	25.50192061459667	80.62199058091778	THBS1	12.0
GO_Biological_Process_2021	polyol transport (GO:0015791)	1/12	0.0423660231927322	0.0900573844962827	0	0	25.50192061459667	80.62199058091778	AQP1	12.0
GO_Biological_Process_2021	epithelial cell-cell adhesion (GO:0090136)	1/12	0.0423660231927322	0.0900573844962827	0	0	25.50192061459667	80.62199058091778	KIFC3	12.0
GO_Biological_Process_2021	gas transport (GO:0015669)	1/12	0.0423660231927322	0.0900573844962827	0	0	25.50192061459667	80.62199058091778	AQP1	12.0
GO_Biological_Process_2021	positive regulation of endoplasmic reticulum unfolded protein response (GO:1900103)	1/12	0.0423660231927322	0.0900573844962827	0	0	25.50192061459667	80.62199058091778	BAX	12.0
GO_Biological_Process_2021	regulation of ventricular cardiac muscle cell action potential (GO:0098911)	1/12	0.0423660231927322	0.0900573844962827	0	0	25.50192061459667	80.62199058091778	CAV1	12.0
GO_Biological_Process_2021	replicative senescence (GO:0090399)	1/12	0.0423660231927322	0.0900573844962827	0	0	25.50192061459667	80.62199058091778	TP53	12.0
GO_Biological_Process_2021	toll-like receptor 3 signaling pathway (GO:0034138)	1/12	0.0423660231927322	0.0900573844962827	0	0	25.50192061459667	80.62199058091778	CASP8	12.0
GO_Biological_Process_2021	positive regulation of T-helper 17 type immune response (GO:2000318)	1/12	0.0423660231927322	0.0900573844962827	0	0	25.50192061459667	80.62199058091778	NFKBID	12.0
GO_Biological_Process_2021	positive regulation of ubiquitin protein ligase activity (GO:1904668)	1/12	0.0423660231927322	0.0900573844962827	0	0	25.50192061459667	80.62199058091778	PLK1	12.0
GO_Biological_Process_2021	mitotic G1/S transition checkpoint signaling (GO:0044819)	1/12	0.0423660231927322	0.0900573844962827	0	0	25.50192061459667	80.62199058091778	TP53	12.0
GO_Biological_Process_2021	mitotic nuclear membrane disassembly (GO:0007077)	1/12	0.0423660231927322	0.0900573844962827	0	0	25.50192061459667	80.62199058091778	PLK1	12.0
GO_Biological_Process_2021	protein auto-ADP-ribosylation (GO:0070213)	1/12	0.0423660231927322	0.0900573844962827	0	0	25.50192061459667	80.62199058091778	TNKS	12.0
GO_Biological_Process_2021	mRNA transcription (GO:0009299)	1/12	0.0423660231927322	0.0900573844962827	0	0	25.50192061459667	80.62199058091778	TP53	12.0
GO_Biological_Process_2021	positive regulation of transport (GO:0051050)	2/91	0.0426124157987979	0.0904548073162767	0	0	6.368860353130016	20.097636982815235	BAX;SNCA	12.0
GO_Biological_Process_2021	regulation of endothelial cell proliferation (GO:0001936)	2/92	0.0434600912597315	0.0916151614453159	0	0	6.297777777777778	19.74927819330452	CAV1;THBS1	12.0
GO_Biological_Process_2021	regulation of lipid metabolic process (GO:0019216)	2/92	0.0434600912597315	0.0916151614453159	0	0	6.297777777777778	19.74927819330452	CAV1;PPARG	12.0
GO_Biological_Process_2021	positive regulation of cellular component biogenesis (GO:0044089)	2/92	0.0434600912597315	0.0916151614453159	0	0	6.297777777777778	19.74927819330452	CDH5;BAX	12.0
GO_Biological_Process_2021	T cell activation (GO:0042110)	2/92	0.0434600912597315	0.0916151614453159	0	0	6.297777777777778	19.74927819330452	CASP8;MSN	12.0
GO_Biological_Process_2021	positive regulation of transmembrane receptor protein serine/threonine kinase signaling pathway (GO:0090100)	2/92	0.0434600912597315	0.0916151614453159	0	0	6.297777777777778	19.74927819330452	CDH5;THBS1	12.0
GO_Biological_Process_2021	regulation of cell growth (GO:0001558)	3/217	0.0435202113830245	0.0916151614453159	0	0	4.005282405526209	12.554677134837698	TP53;PML;EIF4G1	12.0
GO_Biological_Process_2021	regulation of epithelial cell proliferation (GO:0050678)	2/93	0.0443140685423609	0.0929750556865162	0	0	6.228257456828885	19.41007212208172	SOX2;NME1	12.0
GO_Biological_Process_2021	hemopoiesis (GO:0030097)	2/94	0.0451742926988683	0.0929750556865162	0	0	6.160248447204969	19.07968843059069	BMI1;TP53	12.0
GO_Biological_Process_2021	positive regulation of cell motility (GO:2000147)	3/221	0.045523937200402	0.0929750556865162	0	0	3.930993218986837	12.14487037319734	CDH5;CAV1;THBS1	12.0
GO_Biological_Process_2021	negative regulation of DNA-dependent DNA replication (GO:2000104)	1/13	0.0458155662055763	0.0929750556865162	0	0	23.37558685446009	72.0700051727417	GMNN	12.0
GO_Biological_Process_2021	regulation of cell communication by electrical coupling (GO:0010649)	1/13	0.0458155662055763	0.0929750556865162	0	0	23.37558685446009	72.0700051727417	CAV1	12.0
GO_Biological_Process_2021	negative regulation of macrophage derived foam cell differentiation (GO:0010745)	1/13	0.0458155662055763	0.0929750556865162	0	0	23.37558685446009	72.0700051727417	PPARG	12.0
GO_Biological_Process_2021	negative regulation of potassium ion transport (GO:0043267)	1/13	0.0458155662055763	0.0929750556865162	0	0	23.37558685446009	72.0700051727417	CAV1	12.0
GO_Biological_Process_2021	regulation of fibrinolysis (GO:0051917)	1/13	0.0458155662055763	0.0929750556865162	0	0	23.37558685446009	72.0700051727417	THBS1	12.0
GO_Biological_Process_2021	negative regulation of viral release from host cell (GO:1902187)	1/13	0.0458155662055763	0.0929750556865162	0	0	23.37558685446009	72.0700051727417	PML	12.0
GO_Biological_Process_2021	regulation of interleukin-5 production (GO:0032674)	1/13	0.0458155662055763	0.0929750556865162	0	0	23.37558685446009	72.0700051727417	RARA	12.0
GO_Biological_Process_2021	cranial nerve development (GO:0021545)	1/13	0.0458155662055763	0.0929750556865162	0	0	23.37558685446009	72.0700051727417	ERBB3	12.0
GO_Biological_Process_2021	regulation of platelet-derived growth factor receptor signaling pathway (GO:0010640)	1/13	0.0458155662055763	0.0929750556865162	0	0	23.37558685446009	72.0700051727417	SNCA	12.0
GO_Biological_Process_2021	entry into host (GO:0044409)	1/13	0.0458155662055763	0.0929750556865162	0	0	23.37558685446009	72.0700051727417	CXCR4	12.0
GO_Biological_Process_2021	regulation of response to stress (GO:0080134)	1/13	0.0458155662055763	0.0929750556865162	0	0	23.37558685446009	72.0700051727417	EIF4G1	12.0
GO_Biological_Process_2021	positive regulation of CD4-positive, alpha-beta T cell activation (GO:2000516)	1/13	0.0458155662055763	0.0929750556865162	0	0	23.37558685446009	72.0700051727417	SOCS1	12.0
GO_Biological_Process_2021	positive regulation of cellular carbohydrate metabolic process (GO:0010676)	1/13	0.0458155662055763	0.0929750556865162	0	0	23.37558685446009	72.0700051727417	SNCA	12.0
GO_Biological_Process_2021	regulation of T cell differentiation in thymus (GO:0033081)	1/13	0.0458155662055763	0.0929750556865162	0	0	23.37558685446009	72.0700051727417	SOD1	12.0
GO_Biological_Process_2021	positive regulation of ERAD pathway (GO:1904294)	1/13	0.0458155662055763	0.0929750556865162	0	0	23.37558685446009	72.0700051727417	CAV1	12.0
GO_Biological_Process_2021	relaxation of cardiac muscle (GO:0055119)	1/13	0.0458155662055763	0.0929750556865162	0	0	23.37558685446009	72.0700051727417	KCNJ2	12.0
GO_Biological_Process_2021	response to interleukin-6 (GO:0070741)	1/13	0.0458155662055763	0.0929750556865162	0	0	23.37558685446009	72.0700051727417	NFKB1	12.0
GO_Biological_Process_2021	response to iron ion (GO:0010039)	1/13	0.0458155662055763	0.0929750556865162	0	0	23.37558685446009	72.0700051727417	SNCA	12.0
GO_Biological_Process_2021	response to nitric oxide (GO:0071731)	1/13	0.0458155662055763	0.0929750556865162	0	0	23.37558685446009	72.0700051727417	AQP1	12.0
GO_Biological_Process_2021	sodium ion export across plasma membrane (GO:0036376)	1/13	0.0458155662055763	0.0929750556865162	0	0	23.37558685446009	72.0700051727417	ATP12A	12.0
GO_Biological_Process_2021	transcription preinitiation complex assembly (GO:0070897)	1/13	0.0458155662055763	0.0929750556865162	0	0	23.37558685446009	72.0700051727417	TAF1	12.0
GO_Biological_Process_2021	mitochondrial outer membrane permeabilization (GO:0097345)	1/13	0.0458155662055763	0.0929750556865162	0	0	23.37558685446009	72.0700051727417	BAX	12.0
GO_Biological_Process_2021	positive regulation of vascular endothelial cell proliferation (GO:1905564)	1/13	0.0458155662055763	0.0929750556865162	0	0	23.37558685446009	72.0700051727417	FGFR1	12.0
GO_Biological_Process_2021	myelination in peripheral nervous system (GO:0022011)	1/13	0.0458155662055763	0.0929750556865162	0	0	23.37558685446009	72.0700051727417	SOD1	12.0
GO_Biological_Process_2021	cellular transition metal ion homeostasis (GO:0046916)	2/96	0.0469132633268802	0.0950758812030782	0	0	6.0285714285714285	18.444142055706436	FTH1;SOD1	12.0
GO_Biological_Process_2021	regulation of MAP kinase activity (GO:0043405)	2/97	0.0477919014258775	0.0959831581667943	0	0	5.964812030075188	18.138391415080964	CDK12;FGFR1	12.0
GO_Biological_Process_2021	positive regulation of cold-induced thermogenesis (GO:0120162)	2/97	0.0477919014258775	0.0959831581667943	0	0	5.964812030075188	18.138391415080964	CAV1;CXCR4	12.0
GO_Biological_Process_2021	positive regulation of defense response (GO:0031349)	2/98	0.048676569626179	0.0959831581667943	0	0	5.902380952380953	17.840285704351114	TNFRSF1A;SNCA	12.0
GO_Biological_Process_2021	activation of cysteine-type endopeptidase activity (GO:0097202)	1/14	0.0492528558004378	0.0959831581667943	0	0	21.57638136511376	64.9619085278147	CASP8	12.0
GO_Biological_Process_2021	negative regulation of cell migration involved in sprouting angiogenesis (GO:0090051)	1/14	0.0492528558004378	0.0959831581667943	0	0	21.57638136511376	64.9619085278147	THBS1	12.0
GO_Biological_Process_2021	negative regulation of fibroblast growth factor receptor signaling pathway (GO:0040037)	1/14	0.0492528558004378	0.0959831581667943	0	0	21.57638136511376	64.9619085278147	THBS1	12.0
GO_Biological_Process_2021	negative regulation of interleukin-12 production (GO:0032695)	1/14	0.0492528558004378	0.0959831581667943	0	0	21.57638136511376	64.9619085278147	THBS1	12.0
GO_Biological_Process_2021	carbohydrate transport (GO:0008643)	1/14	0.0492528558004378	0.0959831581667943	0	0	21.57638136511376	64.9619085278147	AQP1	12.0
GO_Biological_Process_2021	negative regulation of pri-miRNA transcription by RNA polymerase II (GO:1902894)	1/14	0.0492528558004378	0.0959831581667943	0	0	21.57638136511376	64.9619085278147	PPARG	12.0
GO_Biological_Process_2021	negative regulation of secretion (GO:0051048)	1/14	0.0492528558004378	0.0959831581667943	0	0	21.57638136511376	64.9619085278147	ERBB3	12.0
GO_Biological_Process_2021	cellular response to low-density lipoprotein particle stimulus (GO:0071404)	1/14	0.0492528558004378	0.0959831581667943	0	0	21.57638136511376	64.9619085278147	PPARG	12.0
GO_Biological_Process_2021	cGMP-mediated signaling (GO:0019934)	1/14	0.0492528558004378	0.0959831581667943	0	0	21.57638136511376	64.9619085278147	AQP1	12.0
GO_Biological_Process_2021	regulation of IRE1-mediated unfolded protein response (GO:1903894)	1/14	0.0492528558004378	0.0959831581667943	0	0	21.57638136511376	64.9619085278147	BAX	12.0
GO_Biological_Process_2021	regulation of lipase activity (GO:0060191)	1/14	0.0492528558004378	0.0959831581667943	0	0	21.57638136511376	64.9619085278147	SNCA	12.0
GO_Biological_Process_2021	nuclear membrane disassembly (GO:0051081)	1/14	0.0492528558004378	0.0959831581667943	0	0	21.57638136511376	64.9619085278147	PLK1	12.0
GO_Biological_Process_2021	ovarian follicle development (GO:0001541)	1/14	0.0492528558004378	0.0959831581667943	0	0	21.57638136511376	64.9619085278147	SOD1	12.0
GO_Biological_Process_2021	polarized epithelial cell differentiation (GO:0030859)	1/14	0.0492528558004378	0.0959831581667943	0	0	21.57638136511376	64.9619085278147	MSN	12.0
GO_Biological_Process_2021	positive regulation of alpha-beta T cell differentiation (GO:0046638)	1/14	0.0492528558004378	0.0959831581667943	0	0	21.57638136511376	64.9619085278147	SOCS1	12.0
GO_Biological_Process_2021	regulation of response to interferon-gamma (GO:0060330)	1/14	0.0492528558004378	0.0959831581667943	0	0	21.57638136511376	64.9619085278147	SOCS1	12.0
GO_Biological_Process_2021	positive regulation of cardiac muscle cell proliferation (GO:0060045)	1/14	0.0492528558004378	0.0959831581667943	0	0	21.57638136511376	64.9619085278147	ERBB4	12.0
GO_Biological_Process_2021	positive regulation of cyclase activity (GO:0031281)	1/14	0.0492528558004378	0.0959831581667943	0	0	21.57638136511376	64.9619085278147	MAPK8	12.0
GO_Biological_Process_2021	relaxation of muscle (GO:0090075)	1/14	0.0492528558004378	0.0959831581667943	0	0	21.57638136511376	64.9619085278147	KCNJ2	12.0
GO_Biological_Process_2021	heart process (GO:0003015)	1/14	0.0492528558004378	0.0959831581667943	0	0	21.57638136511376	64.9619085278147	SOD1	12.0
GO_Biological_Process_2021	positive regulation of macrophage chemotaxis (GO:0010759)	1/14	0.0492528558004378	0.0959831581667943	0	0	21.57638136511376	64.9619085278147	THBS1	12.0
GO_Biological_Process_2021	positive regulation of regulatory T cell differentiation (GO:0045591)	1/14	0.0492528558004378	0.0959831581667943	0	0	21.57638136511376	64.9619085278147	SOCS1	12.0
GO_Biological_Process_2021	thymus development (GO:0048538)	1/14	0.0492528558004378	0.0959831581667943	0	0	21.57638136511376	64.9619085278147	SOD1	12.0
GO_Biological_Process_2021	membrane repolarization during action potential (GO:0086011)	1/14	0.0492528558004378	0.0959831581667943	0	0	21.57638136511376	64.9619085278147	KCNJ2	12.0
GO_Biological_Process_2021	positive regulation of superoxide anion generation (GO:0032930)	1/14	0.0492528558004378	0.0959831581667943	0	0	21.57638136511376	64.9619085278147	SOD1	12.0
GO_Biological_Process_2021	positive regulation of type 2 immune response (GO:0002830)	1/14	0.0492528558004378	0.0959831581667943	0	0	21.57638136511376	64.9619085278147	RARA	12.0
GO_Biological_Process_2021	vasodilation (GO:0042311)	1/14	0.0492528558004378	0.0959831581667943	0	0	21.57638136511376	64.9619085278147	SOD1	12.0
GO_Biological_Process_2021	regulation of transforming growth factor beta receptor signaling pathway (GO:0017015)	2/100	0.0504637828415356	0.0982172346353162	0	0	5.78134110787172	17.265971584773993	CAV1;THBS1	12.0
GO_Biological_Process_2021	regulation of cell death (GO:0010941)	2/102	0.0522744789860183	0.0986172408900001	0	0	5.6651428571428575	16.719235864590853	SNCA;EIF4G1	12.0
GO_Biological_Process_2021	cell junction assembly (GO:0034329)	2/102	0.0522744789860183	0.0986172408900001	0	0	5.6651428571428575	16.719235864590853	CDH5;ILK	12.0
GO_Biological_Process_2021	regulation of endothelial cell chemotaxis (GO:2001026)	1/15	0.0526779348512287	0.0986172408900001	0	0	20.03420523138833	58.9718571959067	THBS1	12.0
GO_Biological_Process_2021	negative regulation of protein processing (GO:0010955)	1/15	0.0526779348512287	0.0986172408900001	0	0	20.03420523138833	58.9718571959067	THBS1	12.0
GO_Biological_Process_2021	cellular response to ATP (GO:0071318)	1/15	0.0526779348512287	0.0986172408900001	0	0	20.03420523138833	58.9718571959067	TAF1	12.0
GO_Biological_Process_2021	cellular response to estrogen stimulus (GO:0071391)	1/15	0.0526779348512287	0.0986172408900001	0	0	20.03420523138833	58.9718571959067	RARA	12.0
GO_Biological_Process_2021	cellular response to exogenous dsRNA (GO:0071360)	1/15	0.0526779348512287	0.0986172408900001	0	0	20.03420523138833	58.9718571959067	CAV1	12.0
GO_Biological_Process_2021	cellular sodium ion homeostasis (GO:0006883)	1/15	0.0526779348512287	0.0986172408900001	0	0	20.03420523138833	58.9718571959067	ATP12A	12.0
GO_Biological_Process_2021	regulation of macrophage differentiation (GO:0045649)	1/15	0.0526779348512287	0.0986172408900001	0	0	20.03420523138833	58.9718571959067	CASP8	12.0
GO_Biological_Process_2021	regulation of phospholipase C activity (GO:1900274)	1/15	0.0526779348512287	0.0986172408900001	0	0	20.03420523138833	58.9718571959067	FGFR1	12.0
GO_Biological_Process_2021	engulfment of apoptotic cell (GO:0043652)	1/15	0.0526779348512287	0.0986172408900001	0	0	20.03420523138833	58.9718571959067	THBS1	12.0
GO_Biological_Process_2021	establishment of apical/basal cell polarity (GO:0035089)	1/15	0.0526779348512287	0.0986172408900001	0	0	20.03420523138833	58.9718571959067	MSN	12.0
GO_Biological_Process_2021	regulation of secretion (GO:0051046)	1/15	0.0526779348512287	0.0986172408900001	0	0	20.03420523138833	58.9718571959067	ERBB3	12.0
GO_Biological_Process_2021	regulation of sequestering of triglyceride (GO:0010889)	1/15	0.0526779348512287	0.0986172408900001	0	0	20.03420523138833	58.9718571959067	PPARG	12.0
GO_Biological_Process_2021	fatty acid beta-oxidation using acyl-CoA oxidase (GO:0033540)	1/15	0.0526779348512287	0.0986172408900001	0	0	20.03420523138833	58.9718571959067	ECI2	12.0
GO_Biological_Process_2021	positive regulation of cell killing (GO:0031343)	1/15	0.0526779348512287	0.0986172408900001	0	0	20.03420523138833	58.9718571959067	MAPK8	12.0
GO_Biological_Process_2021	regulation of superoxide anion generation (GO:0032928)	1/15	0.0526779348512287	0.0986172408900001	0	0	20.03420523138833	58.9718571959067	SOD1	12.0
GO_Biological_Process_2021	positive regulation of chromosome organization (GO:2001252)	1/15	0.0526779348512287	0.0986172408900001	0	0	20.03420523138833	58.9718571959067	PML	12.0
GO_Biological_Process_2021	positive regulation of endothelial cell chemotaxis (GO:2001028)	1/15	0.0526779348512287	0.0986172408900001	0	0	20.03420523138833	58.9718571959067	FGFR1	12.0
GO_Biological_Process_2021	response to ethanol (GO:0045471)	1/15	0.0526779348512287	0.0986172408900001	0	0	20.03420523138833	58.9718571959067	SOD1	12.0
GO_Biological_Process_2021	positive regulation of histone H3-K4 methylation (GO:0051571)	1/15	0.0526779348512287	0.0986172408900001	0	0	20.03420523138833	58.9718571959067	MYB	12.0
GO_Biological_Process_2021	histone H3 deacetylation (GO:0070932)	1/15	0.0526779348512287	0.0986172408900001	0	0	20.03420523138833	58.9718571959067	PER1	12.0
GO_Biological_Process_2021	positive regulation of protein export from nucleus (GO:0046827)	1/15	0.0526779348512287	0.0986172408900001	0	0	20.03420523138833	58.9718571959067	TP53	12.0
GO_Biological_Process_2021	macrophage differentiation (GO:0030225)	1/15	0.0526779348512287	0.0986172408900001	0	0	20.03420523138833	58.9718571959067	CASP8	12.0
GO_Biological_Process_2021	mammary gland epithelium development (GO:0061180)	1/15	0.0526779348512287	0.0986172408900001	0	0	20.03420523138833	58.9718571959067	ERBB4	12.0
GO_Biological_Process_2021	T cell proliferation (GO:0042098)	1/15	0.0526779348512287	0.0986172408900001	0	0	20.03420523138833	58.9718571959067	MSN	12.0
GO_Biological_Process_2021	positive regulation of secretion (GO:0051047)	1/15	0.0526779348512287	0.0986172408900001	0	0	20.03420523138833	58.9718571959067	AQP1	12.0
GO_Biological_Process_2021	membrane repolarization during cardiac muscle cell action potential (GO:0086013)	1/15	0.0526779348512287	0.0986172408900001	0	0	20.03420523138833	58.9718571959067	KCNJ2	12.0
GO_Biological_Process_2021	mitotic recombination (GO:0006312)	1/15	0.0526779348512287	0.0986172408900001	0	0	20.03420523138833	58.9718571959067	RAD51	12.0
GO_Biological_Process_2021	protein localization to cell-cell junction (GO:0150105)	1/15	0.0526779348512287	0.0986172408900001	0	0	20.03420523138833	58.9718571959067	CDH5	12.0
GO_Biological_Process_2021	protein localization to chromosome, telomeric region (GO:0070198)	1/15	0.0526779348512287	0.0986172408900001	0	0	20.03420523138833	58.9718571959067	TNKS	12.0
GO_Biological_Process_2021	cellular response to organonitrogen compound (GO:0071417)	2/103	0.0531885019550388	0.0994507370707237	0	0	5.608769448373409	16.45564179297648	AQP1;TAF1	12.0
GO_Biological_Process_2021	regulation of JNK cascade (GO:0046328)	2/105	0.0550336378205672	0.1010299026300496	0	0	5.499306518723994	15.946947797372998	CYLD;PER1	12.0
GO_Biological_Process_2021	regulation of phosphatidylinositol 3-kinase signaling (GO:0014066)	2/106	0.0559646476436865	0.1010299026300496	0	0	5.446153846153846	15.701452587756265	ERBB3;FGFR1	12.0
GO_Biological_Process_2021	positive regulation of protein serine/threonine kinase activity (GO:0071902)	2/106	0.0559646476436865	0.1010299026300496	0	0	5.446153846153846	15.701452587756265	SNCA;FGFR1	12.0
GO_Biological_Process_2021	protein localization to nucleus (GO:0034504)	2/106	0.0559646476436865	0.1010299026300496	0	0	5.446153846153846	15.701452587756265	PLK1;PML	12.0
GO_Biological_Process_2021	negative regulation of anoikis (GO:2000811)	1/16	0.0560908460725308	0.1010299026300496	0	0	18.697652582159623	53.86387318021709	CAV1	12.0
GO_Biological_Process_2021	negative regulation of cell-substrate junction organization (GO:0150118)	1/16	0.0560908460725308	0.1010299026300496	0	0	18.697652582159623	53.86387318021709	THBS1	12.0
GO_Biological_Process_2021	negative regulation of DNA replication (GO:0008156)	1/16	0.0560908460725308	0.1010299026300496	0	0	18.697652582159623	53.86387318021709	GMNN	12.0
GO_Biological_Process_2021	negative regulation of epithelial cell differentiation (GO:0030857)	1/16	0.0560908460725308	0.1010299026300496	0	0	18.697652582159623	53.86387318021709	CAV1	12.0
GO_Biological_Process_2021	negative regulation of focal adhesion assembly (GO:0051895)	1/16	0.0560908460725308	0.1010299026300496	0	0	18.697652582159623	53.86387318021709	THBS1	12.0
GO_Biological_Process_2021	regulation of blood vessel endothelial cell proliferation involved in sprouting angiogenesis (GO:1903587)	1/16	0.0560908460725308	0.1010299026300496	0	0	18.697652582159623	53.86387318021709	THBS1	12.0
GO_Biological_Process_2021	negative regulation of histone modification (GO:0031057)	1/16	0.0560908460725308	0.1010299026300496	0	0	18.697652582159623	53.86387318021709	SNCA	12.0
GO_Biological_Process_2021	body fluid secretion (GO:0007589)	1/16	0.0560908460725308	0.1010299026300496	0	0	18.697652582159623	53.86387318021709	ERBB4	12.0
GO_Biological_Process_2021	regulation of ceramide biosynthetic process (GO:2000303)	1/16	0.0560908460725308	0.1010299026300496	0	0	18.697652582159623	53.86387318021709	TNFRSF1A	12.0
GO_Biological_Process_2021	regulation of cholesterol storage (GO:0010885)	1/16	0.0560908460725308	0.1010299026300496	0	0	18.697652582159623	53.86387318021709	PPARG	12.0
GO_Biological_Process_2021	regulation of establishment of cell polarity (GO:2000114)	1/16	0.0560908460725308	0.1010299026300496	0	0	18.697652582159623	53.86387318021709	CDH5	12.0
GO_Biological_Process_2021	negative regulation of telomere maintenance (GO:0032205)	1/16	0.0560908460725308	0.1010299026300496	0	0	18.697652582159623	53.86387318021709	TNKS	12.0
GO_Biological_Process_2021	negative regulation of transcription regulatory region DNA binding (GO:2000678)	1/16	0.0560908460725308	0.1010299026300496	0	0	18.697652582159623	53.86387318021709	TAF1	12.0
GO_Biological_Process_2021	negative regulation of type I interferon-mediated signaling pathway (GO:0060339)	1/16	0.0560908460725308	0.1010299026300496	0	0	18.697652582159623	53.86387318021709	SAMHD1	12.0
GO_Biological_Process_2021	regulation of interleukin-13 production (GO:0032656)	1/16	0.0560908460725308	0.1010299026300496	0	0	18.697652582159623	53.86387318021709	RARA	12.0
GO_Biological_Process_2021	nucleotide catabolic process (GO:0009166)	1/16	0.0560908460725308	0.1010299026300496	0	0	18.697652582159623	53.86387318021709	SAMHD1	12.0
GO_Biological_Process_2021	dendritic cell chemotaxis (GO:0002407)	1/16	0.0560908460725308	0.1010299026300496	0	0	18.697652582159623	53.86387318021709	CXCR4	12.0
GO_Biological_Process_2021	regulation of mitotic sister chromatid separation (GO:0010965)	1/16	0.0560908460725308	0.1010299026300496	0	0	18.697652582159623	53.86387318021709	PLK1	12.0
GO_Biological_Process_2021	porphyrin-containing compound catabolic process (GO:0006787)	1/16	0.0560908460725308	0.1010299026300496	0	0	18.697652582159623	53.86387318021709	ALB	12.0
GO_Biological_Process_2021	positive regulation by host of viral transcription (GO:0043923)	1/16	0.0560908460725308	0.1010299026300496	0	0	18.697652582159623	53.86387318021709	CCNT1	12.0
GO_Biological_Process_2021	positive regulation of endothelial cell apoptotic process (GO:2000353)	1/16	0.0560908460725308	0.1010299026300496	0	0	18.697652582159623	53.86387318021709	THBS1	12.0
GO_Biological_Process_2021	heme catabolic process (GO:0042167)	1/16	0.0560908460725308	0.1010299026300496	0	0	18.697652582159623	53.86387318021709	ALB	12.0
GO_Biological_Process_2021	retrograde axonal transport (GO:0008090)	1/16	0.0560908460725308	0.1010299026300496	0	0	18.697652582159623	53.86387318021709	SOD1	12.0
GO_Biological_Process_2021	positive regulation of small molecule metabolic process (GO:0062013)	1/16	0.0560908460725308	0.1010299026300496	0	0	18.697652582159623	53.86387318021709	PPARG	12.0
GO_Biological_Process_2021	membrane repolarization (GO:0086009)	1/16	0.0560908460725308	0.1010299026300496	0	0	18.697652582159623	53.86387318021709	KCNJ2	12.0
GO_Biological_Process_2021	positive regulation of vasoconstriction (GO:0045907)	1/16	0.0560908460725308	0.1010299026300496	0	0	18.697652582159623	53.86387318021709	CAV1	12.0
GO_Biological_Process_2021	necroptotic process (GO:0070266)	1/16	0.0560908460725308	0.1010299026300496	0	0	18.697652582159623	53.86387318021709	CYLD	12.0
GO_Biological_Process_2021	response to calcium ion (GO:0051592)	2/107	0.0569012171577916	0.1023683835864761	0	0	5.394013605442177	15.461608521168383	CAV1;THBS1	12.0
GO_Biological_Process_2021	transmembrane receptor protein tyrosine kinase signaling pathway (GO:0007169)	4/404	0.0578236093999114	0.1036955192142425	0	0	2.8717647058823528	8.185557846927269	ALK;ERBB3;ERBB4;FGFR1	12.0
GO_Biological_Process_2021	negative regulation of transmembrane receptor protein serine/threonine kinase signaling pathway (GO:0090101)	2/108	0.0578432955406648	0.1036955192142425	0	0	5.342857142857143	15.227237564150975	CAV1;PPARG	12.0
GO_Biological_Process_2021	DNA replication (GO:0006260)	2/108	0.0578432955406648	0.1036955192142425	0	0	5.342857142857143	15.227237564150975	RPA1;CDK2AP1	12.0
GO_Biological_Process_2021	negative regulation of ATPase activity (GO:0032780)	1/17	0.0594916320576284	0.1046777618401277	0	0	17.528169014084508	49.46308393849017	TP53	12.0
GO_Biological_Process_2021	regulation of cell killing (GO:0031341)	1/17	0.0594916320576284	0.1046777618401277	0	0	17.528169014084508	49.46308393849017	MAPK8	12.0
GO_Biological_Process_2021	regulation of cholesterol biosynthetic process (GO:0045540)	1/17	0.0594916320576284	0.1046777618401277	0	0	17.528169014084508	49.46308393849017	SOD1	12.0
GO_Biological_Process_2021	negative regulation of peptidyl-threonine phosphorylation (GO:0010801)	1/17	0.0594916320576284	0.1046777618401277	0	0	17.528169014084508	49.46308393849017	EIF4G1	12.0
GO_Biological_Process_2021	cellular response to gamma radiation (GO:0071480)	1/17	0.0594916320576284	0.1046777618401277	0	0	17.528169014084508	49.46308393849017	TP53	12.0
GO_Biological_Process_2021	negative regulation of vascular associated smooth muscle cell proliferation (GO:1904706)	1/17	0.0594916320576284	0.1046777618401277	0	0	17.528169014084508	49.46308393849017	PPARG	12.0
GO_Biological_Process_2021	regulation of metal ion transport (GO:0010959)	1/17	0.0594916320576284	0.1046777618401277	0	0	17.528169014084508	49.46308393849017	CAMK2G	12.0
GO_Biological_Process_2021	embryo development ending in birth or egg hatching (GO:0009792)	1/17	0.0594916320576284	0.1046777618401277	0	0	17.528169014084508	49.46308393849017	FGFR1	12.0
GO_Biological_Process_2021	regulation of receptor recycling (GO:0001919)	1/17	0.0594916320576284	0.1046777618401277	0	0	17.528169014084508	49.46308393849017	SNCA	12.0
GO_Biological_Process_2021	positive regulation of blood coagulation (GO:0030194)	1/17	0.0594916320576284	0.1046777618401277	0	0	17.528169014084508	49.46308393849017	THBS1	12.0
GO_Biological_Process_2021	positive regulation of cardiac muscle tissue growth (GO:0055023)	1/17	0.0594916320576284	0.1046777618401277	0	0	17.528169014084508	49.46308393849017	ERBB4	12.0
GO_Biological_Process_2021	histone H2A monoubiquitination (GO:0035518)	1/17	0.0594916320576284	0.1046777618401277	0	0	17.528169014084508	49.46308393849017	BMI1	12.0
GO_Biological_Process_2021	positive regulation of macrophage activation (GO:0043032)	1/17	0.0594916320576284	0.1046777618401277	0	0	17.528169014084508	49.46308393849017	THBS1	12.0
GO_Biological_Process_2021	membrane depolarization during cardiac muscle cell action potential (GO:0086012)	1/17	0.0594916320576284	0.1046777618401277	0	0	17.528169014084508	49.46308393849017	KCNJ2	12.0
GO_Biological_Process_2021	positive regulation of telomere capping (GO:1904355)	1/17	0.0594916320576284	0.1046777618401277	0	0	17.528169014084508	49.46308393849017	TNKS	12.0
GO_Biological_Process_2021	vasculature development (GO:0001944)	1/17	0.0594916320576284	0.1046777618401277	0	0	17.528169014084508	49.46308393849017	CDH5	12.0
GO_Biological_Process_2021	regulation of protein kinase activity (GO:0045859)	2/110	0.059743777070515	0.1048789258377438	0	0	5.243386243386244	14.774238258489508	SNCA;SOD1	12.0
GO_Biological_Process_2021	response to tumor necrosis factor (GO:0034612)	2/110	0.059743777070515	0.1048789258377438	0	0	5.243386243386244	14.774238258489508	CASP8;TANK	12.0
GO_Biological_Process_2021	cellular divalent inorganic cation homeostasis (GO:0072503)	2/111	0.060702079996328	0.1063159559889658	0	0	5.1950196592398425	14.55528823056414	CDH5;CAV1	12.0
GO_Biological_Process_2021	Fc-epsilon receptor signaling pathway (GO:0038095)	2/111	0.060702079996328	0.1063159559889658	0	0	5.1950196592398425	14.55528823056414	MAPK8;NFKB1	12.0
GO_Biological_Process_2021	Fc receptor signaling pathway (GO:0038093)	2/112	0.0616656913531529	0.1063376336233236	0	0	5.147532467532468	14.341167313291562	MAPK8;NFKB1	12.0
GO_Biological_Process_2021	positive regulation of metabolic process (GO:0009893)	2/113	0.0626345617256462	0.1063376336233236	0	0	5.100900900900901	14.131729939962865	CAV1;CXCR4	12.0
GO_Biological_Process_2021	negative regulation of cation transmembrane transport (GO:1904063)	1/18	0.0628803352568931	0.1063376336233236	0	0	16.496271748135875	45.63729539644487	CAV1	12.0
GO_Biological_Process_2021	pulmonary valve development (GO:0003177)	1/18	0.0628803352568931	0.1063376336233236	0	0	16.496271748135875	45.63729539644487	TNFRSF1A	12.0
GO_Biological_Process_2021	negative regulation of lipid catabolic process (GO:0050995)	1/18	0.0628803352568931	0.1063376336233236	0	0	16.496271748135875	45.63729539644487	ALK	12.0
GO_Biological_Process_2021	regulation of cellular protein catabolic process (GO:1903362)	1/18	0.0628803352568931	0.1063376336233236	0	0	16.496271748135875	45.63729539644487	MSN	12.0
GO_Biological_Process_2021	regulation of early endosome to late endosome transport (GO:2000641)	1/18	0.0628803352568931	0.1063376336233236	0	0	16.496271748135875	45.63729539644487	MSN	12.0
GO_Biological_Process_2021	cellular response to alkaloid (GO:0071312)	1/18	0.0628803352568931	0.1063376336233236	0	0	16.496271748135875	45.63729539644487	RAD51	12.0
GO_Biological_Process_2021	regulation of establishment or maintenance of cell polarity (GO:0032878)	1/18	0.0628803352568931	0.1063376336233236	0	0	16.496271748135875	45.63729539644487	CDH5	12.0
GO_Biological_Process_2021	cellular response to dsRNA (GO:0071359)	1/18	0.0628803352568931	0.1063376336233236	0	0	16.496271748135875	45.63729539644487	CAV1	12.0
GO_Biological_Process_2021	cellular response to glucocorticoid stimulus (GO:0071385)	1/18	0.0628803352568931	0.1063376336233236	0	0	16.496271748135875	45.63729539644487	AQP1	12.0
GO_Biological_Process_2021	regulation of mitochondrial outer membrane permeabilization involved in apoptotic signaling pathway (GO:1901028)	1/18	0.0628803352568931	0.1063376336233236	0	0	16.496271748135875	45.63729539644487	BAX	12.0
GO_Biological_Process_2021	dendritic cell migration (GO:0036336)	1/18	0.0628803352568931	0.1063376336233236	0	0	16.496271748135875	45.63729539644487	CXCR4	12.0
GO_Biological_Process_2021	regulation of mRNA polyadenylation (GO:1900363)	1/18	0.0628803352568931	0.1063376336233236	0	0	16.496271748135875	45.63729539644487	CCNT1	12.0
GO_Biological_Process_2021	regulation of multicellular organism growth (GO:0040014)	1/18	0.0628803352568931	0.1063376336233236	0	0	16.496271748135875	45.63729539644487	SOD1	12.0
GO_Biological_Process_2021	regulation of oxidative stress-induced intrinsic apoptotic signaling pathway (GO:1902175)	1/18	0.0628803352568931	0.1063376336233236	0	0	16.496271748135875	45.63729539644487	SOD1	12.0
GO_Biological_Process_2021	regulation of production of miRNAs involved in gene silencing by miRNA (GO:1903798)	1/18	0.0628803352568931	0.1063376336233236	0	0	16.496271748135875	45.63729539644487	TP53	12.0
GO_Biological_Process_2021	fluid transport (GO:0042044)	1/18	0.0628803352568931	0.1063376336233236	0	0	16.496271748135875	45.63729539644487	AQP1	12.0
GO_Biological_Process_2021	regulation of telomere maintenance via telomere lengthening (GO:1904356)	1/18	0.0628803352568931	0.1063376336233236	0	0	16.496271748135875	45.63729539644487	TNKS	12.0
GO_Biological_Process_2021	release of cytochrome c from mitochondria (GO:0001836)	1/18	0.0628803352568931	0.1063376336233236	0	0	16.496271748135875	45.63729539644487	BAX	12.0
GO_Biological_Process_2021	positive regulation of fatty acid metabolic process (GO:0045923)	1/18	0.0628803352568931	0.1063376336233236	0	0	16.496271748135875	45.63729539644487	PPARG	12.0
GO_Biological_Process_2021	positive regulation of glial cell differentiation (GO:0045687)	1/18	0.0628803352568931	0.1063376336233236	0	0	16.496271748135875	45.63729539644487	CXCR4	12.0
GO_Biological_Process_2021	response to axon injury (GO:0048678)	1/18	0.0628803352568931	0.1063376336233236	0	0	16.496271748135875	45.63729539644487	SOD1	12.0
GO_Biological_Process_2021	high-density lipoprotein particle remodeling (GO:0034375)	1/18	0.0628803352568931	0.1063376336233236	0	0	16.496271748135875	45.63729539644487	ALB	12.0
GO_Biological_Process_2021	positive regulation of interleukin-4 production (GO:0032753)	1/18	0.0628803352568931	0.1063376336233236	0	0	16.496271748135875	45.63729539644487	RARA	12.0
GO_Biological_Process_2021	positive regulation of macrophage derived foam cell differentiation (GO:0010744)	1/18	0.0628803352568931	0.1063376336233236	0	0	16.496271748135875	45.63729539644487	NFKB1	12.0
GO_Biological_Process_2021	T cell migration (GO:0072678)	1/18	0.0628803352568931	0.1063376336233236	0	0	16.496271748135875	45.63729539644487	MSN	12.0
GO_Biological_Process_2021	positive regulation of response to endoplasmic reticulum stress (GO:1905898)	1/18	0.0628803352568931	0.1063376336233236	0	0	16.496271748135875	45.63729539644487	BAX	12.0
GO_Biological_Process_2021	mitochondrial fusion (GO:0008053)	1/18	0.0628803352568931	0.1063376336233236	0	0	16.496271748135875	45.63729539644487	BAX	12.0
GO_Biological_Process_2021	water transport (GO:0006833)	1/18	0.0628803352568931	0.1063376336233236	0	0	16.496271748135875	45.63729539644487	AQP1	12.0
GO_Biological_Process_2021	programmed necrotic cell death (GO:0097300)	1/18	0.0628803352568931	0.1063376336233236	0	0	16.496271748135875	45.63729539644487	CYLD	12.0
GO_Biological_Process_2021	cellular response to molecule of bacterial origin (GO:0071219)	2/115	0.0645878832795304	0.1089831023851943	0	0	5.010113780025285	13.726351266476147	MAPK8;NFKB1	12.0
GO_Biological_Process_2021	positive regulation of protein metabolic process (GO:0051247)	2/115	0.0645878832795304	0.1089831023851943	0	0	5.010113780025285	13.726351266476147	MAPK8;EIF4G1	12.0
GO_Biological_Process_2021	regulation of protein-containing complex assembly (GO:0043254)	2/116	0.0655722370282933	0.1091376092105816	0	0	4.965914786967419	13.530145773338278	CDH5;BAX	12.0
GO_Biological_Process_2021	pyroptosis (GO:0070269)	1/19	0.066256997970156	0.1091376092105816	0	0	15.579029733959311	42.28482356965927	CASP8	12.0
GO_Biological_Process_2021	carbohydrate derivative catabolic process (GO:1901136)	1/19	0.066256997970156	0.1091376092105816	0	0	15.579029733959311	42.28482356965927	SAMHD1	12.0
GO_Biological_Process_2021	cardiac muscle cell contraction (GO:0086003)	1/19	0.066256997970156	0.1091376092105816	0	0	15.579029733959311	42.28482356965927	KCNJ2	12.0
GO_Biological_Process_2021	regulation of epithelial cell differentiation (GO:0030856)	1/19	0.066256997970156	0.1091376092105816	0	0	15.579029733959311	42.28482356965927	CAV1	12.0
GO_Biological_Process_2021	cellular response to interleukin-7 (GO:0098761)	1/19	0.066256997970156	0.1091376092105816	0	0	15.579029733959311	42.28482356965927	SOCS1	12.0
GO_Biological_Process_2021	regulation of histone H3-K4 methylation (GO:0051569)	1/19	0.066256997970156	0.1091376092105816	0	0	15.579029733959311	42.28482356965927	MYB	12.0
GO_Biological_Process_2021	nuclear membrane organization (GO:0071763)	1/19	0.066256997970156	0.1091376092105816	0	0	15.579029733959311	42.28482356965927	PLK1	12.0
GO_Biological_Process_2021	cytoplasmic translational initiation (GO:0002183)	1/19	0.066256997970156	0.1091376092105816	0	0	15.579029733959311	42.28482356965927	EIF4G1	12.0
GO_Biological_Process_2021	regulation of mitotic spindle assembly (GO:1901673)	1/19	0.066256997970156	0.1091376092105816	0	0	15.579029733959311	42.28482356965927	PLK1	12.0
GO_Biological_Process_2021	regulation of oligodendrocyte differentiation (GO:0048713)	1/19	0.066256997970156	0.1091376092105816	0	0	15.579029733959311	42.28482356965927	CXCR4	12.0
GO_Biological_Process_2021	dopamine metabolic process (GO:0042417)	1/19	0.066256997970156	0.1091376092105816	0	0	15.579029733959311	42.28482356965927	SNCA	12.0
GO_Biological_Process_2021	establishment of skin barrier (GO:0061436)	1/19	0.066256997970156	0.1091376092105816	0	0	15.579029733959311	42.28482356965927	TP63	12.0
GO_Biological_Process_2021	positive regulation of cellular protein catabolic process (GO:1903364)	1/19	0.066256997970156	0.1091376092105816	0	0	15.579029733959311	42.28482356965927	MSN	12.0
GO_Biological_Process_2021	regulation of water loss via skin (GO:0033561)	1/19	0.066256997970156	0.1091376092105816	0	0	15.579029733959311	42.28482356965927	TP63	12.0
GO_Biological_Process_2021	response to ATP (GO:0033198)	1/19	0.066256997970156	0.1091376092105816	0	0	15.579029733959311	42.28482356965927	TAF1	12.0
GO_Biological_Process_2021	histone deubiquitination (GO:0016578)	1/19	0.066256997970156	0.1091376092105816	0	0	15.579029733959311	42.28482356965927	USP7	12.0
GO_Biological_Process_2021	positive regulation of leukocyte activation (GO:0002696)	1/19	0.066256997970156	0.1091376092105816	0	0	15.579029733959311	42.28482356965927	THBS1	12.0
GO_Biological_Process_2021	positive regulation of macrophage migration (GO:1905523)	1/19	0.066256997970156	0.1091376092105816	0	0	15.579029733959311	42.28482356965927	THBS1	12.0
GO_Biological_Process_2021	interleukin-7-mediated signaling pathway (GO:0038111)	1/19	0.066256997970156	0.1091376092105816	0	0	15.579029733959311	42.28482356965927	SOCS1	12.0
GO_Biological_Process_2021	maintenance of protein localization in organelle (GO:0072595)	1/19	0.066256997970156	0.1091376092105816	0	0	15.579029733959311	42.28482356965927	PML	12.0
GO_Biological_Process_2021	mitochondrion localization (GO:0051646)	1/19	0.066256997970156	0.1091376092105816	0	0	15.579029733959311	42.28482356965927	ALB	12.0
GO_Biological_Process_2021	regulation of nucleic acid-templated transcription (GO:1903506)	4/430	0.0693817879086737	0.1132095834360195	0	0	2.6929025131179234	7.185016319692785	SOX2;MYB;TP53;PML	12.0
GO_Biological_Process_2021	cellular response to lipopolysaccharide (GO:0071222)	2/120	0.0695598145643984	0.1132095834360195	0	0	4.796610169491525	12.785691801019968	MAPK8;NFKB1	12.0
GO_Biological_Process_2021	negative regulation of lipid storage (GO:0010888)	1/20	0.0696216623496152	0.1132095834360195	0	0	14.758339510748703	39.32624503481652	PPARG	12.0
GO_Biological_Process_2021	regulation of fibroblast growth factor receptor signaling pathway (GO:0040036)	1/20	0.0696216623496152	0.1132095834360195	0	0	14.758339510748703	39.32624503481652	THBS1	12.0
GO_Biological_Process_2021	regulation of granulocyte chemotaxis (GO:0071622)	1/20	0.0696216623496152	0.1132095834360195	0	0	14.758339510748703	39.32624503481652	THBS1	12.0
GO_Biological_Process_2021	regulation of protein localization to cell periphery (GO:1904375)	1/20	0.0696216623496152	0.1132095834360195	0	0	14.758339510748703	39.32624503481652	PLK1	12.0
GO_Biological_Process_2021	establishment of epithelial cell polarity (GO:0090162)	1/20	0.0696216623496152	0.1132095834360195	0	0	14.758339510748703	39.32624503481652	MSN	12.0
GO_Biological_Process_2021	regulation of smooth muscle contraction (GO:0006940)	1/20	0.0696216623496152	0.1132095834360195	0	0	14.758339510748703	39.32624503481652	CAV1	12.0
GO_Biological_Process_2021	fatty acid transport (GO:0015908)	1/20	0.0696216623496152	0.1132095834360195	0	0	14.758339510748703	39.32624503481652	PPARG	12.0
GO_Biological_Process_2021	insulin secretion (GO:0030073)	1/20	0.0696216623496152	0.1132095834360195	0	0	14.758339510748703	39.32624503481652	CAMK2G	12.0
GO_Biological_Process_2021	maintenance of protein location in nucleus (GO:0051457)	1/20	0.0696216623496152	0.1132095834360195	0	0	14.758339510748703	39.32624503481652	PML	12.0
GO_Biological_Process_2021	modulation by symbiont of entry into host (GO:0052372)	1/20	0.0696216623496152	0.1132095834360195	0	0	14.758339510748703	39.32624503481652	CAV1	12.0
GO_Biological_Process_2021	cellular response to interferon-gamma (GO:0071346)	2/121	0.070569011453418	0.1145053682645013	0	0	4.756062424969988	12.609102253772605	CAMK2G;PML	12.0
GO_Biological_Process_2021	protein homooligomerization (GO:0051260)	2/121	0.070569011453418	0.1145053682645013	0	0	4.756062424969988	12.609102253772605	SAMHD1;KCNJ2	12.0
GO_Biological_Process_2021	epithelium development (GO:0060429)	2/122	0.0715830350413569	0.1153715012747931	0	0	4.7161904761904765	12.436109338021955	TAGLN;PPARG	12.0
GO_Biological_Process_2021	potassium ion transport (GO:0006813)	2/122	0.0715830350413569	0.1153715012747931	0	0	4.7161904761904765	12.436109338021955	KCNJ2;AQP1	12.0
GO_Biological_Process_2021	protein deubiquitination (GO:0016579)	3/267	0.0717317668565062	0.1153715012747931	0	0	3.2384716732542818	8.532795041528196	CYLD;USP7;TP53	12.0
GO_Biological_Process_2021	cellular response to organic substance (GO:0071310)	2/123	0.0726018386236343	0.1153715012747931	0	0	4.6769775678866585	12.26661322086473	MAPK8;CXCR4	12.0
GO_Biological_Process_2021	positive regulation of epithelial cell proliferation (GO:0050679)	2/123	0.0726018386236343	0.1153715012747931	0	0	4.6769775678866585	12.26661322086473	TGM1;NME1	12.0
GO_Biological_Process_2021	negative regulation of cell communication (GO:0010648)	1/21	0.0729743704052392	0.1153715012747931	0	0	14.019718309859154	36.69867343192122	ERBB3	12.0
GO_Biological_Process_2021	regulation of anoikis (GO:2000209)	1/21	0.0729743704052392	0.1153715012747931	0	0	14.019718309859154	36.69867343192122	CAV1	12.0
GO_Biological_Process_2021	beta-catenin destruction complex disassembly (GO:1904886)	1/21	0.0729743704052392	0.1153715012747931	0	0	14.019718309859154	36.69867343192122	CAV1	12.0
GO_Biological_Process_2021	regulation of cardiac muscle cell proliferation (GO:0060043)	1/21	0.0729743704052392	0.1153715012747931	0	0	14.019718309859154	36.69867343192122	ERBB4	12.0
GO_Biological_Process_2021	negative regulation of peptidyl-serine phosphorylation (GO:0033137)	1/21	0.0729743704052392	0.1153715012747931	0	0	14.019718309859154	36.69867343192122	CAV1	12.0
GO_Biological_Process_2021	regulation of fibroblast migration (GO:0010762)	1/21	0.0729743704052392	0.1153715012747931	0	0	14.019718309859154	36.69867343192122	THBS1	12.0
GO_Biological_Process_2021	cellular response to inorganic substance (GO:0071241)	1/21	0.0729743704052392	0.1153715012747931	0	0	14.019718309859154	36.69867343192122	AQP1	12.0
GO_Biological_Process_2021	regulation of lipid catabolic process (GO:0050994)	1/21	0.0729743704052392	0.1153715012747931	0	0	14.019718309859154	36.69867343192122	ALK	12.0
GO_Biological_Process_2021	nucleotide-excision repair, DNA incision, 3'-to lesion (GO:0006295)	1/21	0.0729743704052392	0.1153715012747931	0	0	14.019718309859154	36.69867343192122	RPA1	12.0
GO_Biological_Process_2021	nucleotide-excision repair, preincision complex stabilization (GO:0006293)	1/21	0.0729743704052392	0.1153715012747931	0	0	14.019718309859154	36.69867343192122	RPA1	12.0
GO_Biological_Process_2021	error-prone translesion synthesis (GO:0042276)	1/21	0.0729743704052392	0.1153715012747931	0	0	14.019718309859154	36.69867343192122	RPA1	12.0
GO_Biological_Process_2021	regulation of ubiquitin protein ligase activity (GO:1904666)	1/21	0.0729743704052392	0.1153715012747931	0	0	14.019718309859154	36.69867343192122	PLK1	12.0
GO_Biological_Process_2021	histone ubiquitination (GO:0016574)	1/21	0.0729743704052392	0.1153715012747931	0	0	14.019718309859154	36.69867343192122	UBE2E1	12.0
GO_Biological_Process_2021	positive regulation of lipid storage (GO:0010884)	1/21	0.0729743704052392	0.1153715012747931	0	0	14.019718309859154	36.69867343192122	NFKB1	12.0
GO_Biological_Process_2021	spindle assembly checkpoint signaling (GO:0071173)	1/21	0.0729743704052392	0.1153715012747931	0	0	14.019718309859154	36.69867343192122	PLK1	12.0
GO_Biological_Process_2021	sterol transport (GO:0015918)	1/21	0.0729743704052392	0.1153715012747931	0	0	14.019718309859154	36.69867343192122	CAV1	12.0
GO_Biological_Process_2021	mitotic spindle assembly checkpoint signaling (GO:0007094)	1/21	0.0729743704052392	0.1153715012747931	0	0	14.019718309859154	36.69867343192122	PLK1	12.0
GO_Biological_Process_2021	mitotic spindle checkpoint signaling (GO:0071174)	1/21	0.0729743704052392	0.1153715012747931	0	0	14.019718309859154	36.69867343192122	PLK1	12.0
GO_Biological_Process_2021	protein localization to chromatin (GO:0071168)	1/21	0.0729743704052392	0.1153715012747931	0	0	14.019718309859154	36.69867343192122	PLK1	12.0
GO_Biological_Process_2021	positive regulation of cell migration (GO:0030335)	3/269	0.0729978684149972	0.1153715012747931	0	0	3.2137953579601177	8.411547057572747	CDH5;CAV1;THBS1	12.0
GO_Biological_Process_2021	regulation of tumor necrosis factor production (GO:0032680)	2/124	0.0736253757934733	0.1162425538979942	0	0	4.638407494145199	12.100517598120662	RARA;THBS1	12.0
GO_Biological_Process_2021	negative regulation of cell growth (GO:0030308)	2/126	0.0756864665196877	0.1184013044302636	0	0	4.563133640552995	11.778159375077376	TP53;PML	12.0
GO_Biological_Process_2021	negative regulation of growth (GO:0045926)	2/126	0.0756864665196877	0.1184013044302636	0	0	4.563133640552995	11.778159375077376	TP53;PML	12.0
GO_Biological_Process_2021	positive regulation of MAPK cascade (GO:0043410)	3/274	0.0762070241968638	0.1184013044302636	0	0	3.153698058719717	8.118570082976792	SOX2;ERBB4;FGFR1	12.0
GO_Biological_Process_2021	negative regulation of mitotic metaphase/anaphase transition (GO:0045841)	1/22	0.0763151640250253	0.1184013044302636	0	0	13.351441985244804	34.35170636454176	PLK1	12.0
GO_Biological_Process_2021	negative regulation of phosphate metabolic process (GO:0045936)	1/22	0.0763151640250253	0.1184013044302636	0	0	13.351441985244804	34.35170636454176	TP53	12.0
GO_Biological_Process_2021	regulation of execution phase of apoptosis (GO:1900117)	1/22	0.0763151640250253	0.1184013044302636	0	0	13.351441985244804	34.35170636454176	TP53	12.0
GO_Biological_Process_2021	cellular response to osmotic stress (GO:0071470)	1/22	0.0763151640250253	0.1184013044302636	0	0	13.351441985244804	34.35170636454176	AQP1	12.0
GO_Biological_Process_2021	regulation of lipid storage (GO:0010883)	1/22	0.0763151640250253	0.1184013044302636	0	0	13.351441985244804	34.35170636454176	NFKB1	12.0
GO_Biological_Process_2021	regulation of macrophage chemotaxis (GO:0010758)	1/22	0.0763151640250253	0.1184013044302636	0	0	13.351441985244804	34.35170636454176	THBS1	12.0
GO_Biological_Process_2021	organelle fusion (GO:0048284)	1/22	0.0763151640250253	0.1184013044302636	0	0	13.351441985244804	34.35170636454176	BAX	12.0
GO_Biological_Process_2021	error-free translesion synthesis (GO:0070987)	1/22	0.0763151640250253	0.1184013044302636	0	0	13.351441985244804	34.35170636454176	RPA1	12.0
GO_Biological_Process_2021	female gonad development (GO:0008585)	1/22	0.0763151640250253	0.1184013044302636	0	0	13.351441985244804	34.35170636454176	SOD1	12.0
GO_Biological_Process_2021	regulation of viral release from host cell (GO:1902186)	1/22	0.0763151640250253	0.1184013044302636	0	0	13.351441985244804	34.35170636454176	PML	12.0
GO_Biological_Process_2021	heme biosynthetic process (GO:0006783)	1/22	0.0763151640250253	0.1184013044302636	0	0	13.351441985244804	34.35170636454176	ALB	12.0
GO_Biological_Process_2021	positive regulation of peptidase activity (GO:0010952)	1/22	0.0763151640250253	0.1184013044302636	0	0	13.351441985244804	34.35170636454176	TANK	12.0
GO_Biological_Process_2021	membrane protein intracellular domain proteolysis (GO:0031293)	1/22	0.0763151640250253	0.1184013044302636	0	0	13.351441985244804	34.35170636454176	NFKB1	12.0
GO_Biological_Process_2021	microglial cell activation (GO:0001774)	1/22	0.0763151640250253	0.1184013044302636	0	0	13.351441985244804	34.35170636454176	SNCA	12.0
GO_Biological_Process_2021	protein modification by small protein removal (GO:0070646)	3/276	0.0775080804507042	0.1201296318187086	0	0	3.130275521579869	8.005282364949235	CYLD;USP7;TP53	12.0
GO_Biological_Process_2021	microtubule cytoskeleton organization involved in mitosis (GO:1902850)	2/128	0.0777659410751403	0.1204066758050494	0	0	4.490249433106576	11.468329283513745	TNKS;PLK1	12.0
GO_Biological_Process_2021	positive regulation of macromolecule biosynthetic process (GO:0010557)	2/129	0.0788124590249505	0.1219030108089174	0	0	4.45466816647919	11.317904960720949	THBS1;NFKB1	12.0
GO_Biological_Process_2021	negative regulation of G protein-coupled receptor signaling pathway (GO:0045744)	1/23	0.0796440849468236	0.122072806937629	0	0	12.74391805377721	32.24450226836904	SNCA	12.0
GO_Biological_Process_2021	blood vessel endothelial cell migration (GO:0043534)	1/23	0.0796440849468236	0.122072806937629	0	0	12.74391805377721	32.24450226836904	CDH5	12.0
GO_Biological_Process_2021	regulation of cysteine-type endopeptidase activity (GO:2000116)	1/23	0.0796440849468236	0.122072806937629	0	0	12.74391805377721	32.24450226836904	SOX2	12.0
GO_Biological_Process_2021	regulation of interleukin-4 production (GO:0032673)	1/23	0.0796440849468236	0.122072806937629	0	0	12.74391805377721	32.24450226836904	RARA	12.0
GO_Biological_Process_2021	regulation of peptidase activity (GO:0052547)	1/23	0.0796440849468236	0.122072806937629	0	0	12.74391805377721	32.24450226836904	CAV1	12.0
GO_Biological_Process_2021	regulation of protein export from nucleus (GO:0046825)	1/23	0.0796440849468236	0.122072806937629	0	0	12.74391805377721	32.24450226836904	TP53	12.0
GO_Biological_Process_2021	positive regulation of epithelial cell apoptotic process (GO:1904037)	1/23	0.0796440849468236	0.122072806937629	0	0	12.74391805377721	32.24450226836904	THBS1	12.0
GO_Biological_Process_2021	response to nutrient levels (GO:0031667)	1/23	0.0796440849468236	0.122072806937629	0	0	12.74391805377721	32.24450226836904	EIF4G1	12.0
GO_Biological_Process_2021	positive regulation of transcription initiation from RNA polymerase II promoter (GO:0060261)	1/23	0.0796440849468236	0.122072806937629	0	0	12.74391805377721	32.24450226836904	TP53	12.0
GO_Biological_Process_2021	G2/M transition of mitotic cell cycle (GO:0000086)	2/130	0.0798634375238167	0.1222858671139327	0	0	4.419642857142857	11.170369475710254	CDK7;PLK1	12.0
GO_Biological_Process_2021	cell cycle G2/M phase transition (GO:0044839)	2/131	0.0809188319626434	0.1236530745453246	0	0	4.38516057585825	11.02564739229094	CDK7;PLK1	12.0
GO_Biological_Process_2021	cellular response to hypoxia (GO:0071456)	2/131	0.0809188319626434	0.1236530745453246	0	0	4.38516057585825	11.02564739229094	TP53;AQP1	12.0
GO_Biological_Process_2021	negative regulation of lipid metabolic process (GO:0045833)	1/24	0.0829611747365632	0.1240342907161584	0	0	12.189222290263318	30.343637326988627	ALK	12.0
GO_Biological_Process_2021	regulation of cell size (GO:0008361)	1/24	0.0829611747365632	0.1240342907161584	0	0	12.189222290263318	30.343637326988627	MSN	12.0
GO_Biological_Process_2021	negative regulation of neuron differentiation (GO:0045665)	1/24	0.0829611747365632	0.1240342907161584	0	0	12.189222290263318	30.343637326988627	SOX2	12.0
GO_Biological_Process_2021	negative regulation of NIK/NF-kappaB signaling (GO:1901223)	1/24	0.0829611747365632	0.1240342907161584	0	0	12.189222290263318	30.343637326988627	CYLD	12.0
GO_Biological_Process_2021	negative regulation of protein tyrosine kinase activity (GO:0061099)	1/24	0.0829611747365632	0.1240342907161584	0	0	12.189222290263318	30.343637326988627	CAV1	12.0
GO_Biological_Process_2021	cellular response to catecholamine stimulus (GO:0071870)	1/24	0.0829611747365632	0.1240342907161584	0	0	12.189222290263318	30.343637326988627	SNCA	12.0
GO_Biological_Process_2021	regulation of keratinocyte proliferation (GO:0010837)	1/24	0.0829611747365632	0.1240342907161584	0	0	12.189222290263318	30.343637326988627	TGM1	12.0
GO_Biological_Process_2021	nucleotide-excision repair, DNA gap filling (GO:0006297)	1/24	0.0829611747365632	0.1240342907161584	0	0	12.189222290263318	30.343637326988627	RPA1	12.0
GO_Biological_Process_2021	DNA packaging (GO:0006323)	1/24	0.0829611747365632	0.1240342907161584	0	0	12.189222290263318	30.343637326988627	TP53	12.0
GO_Biological_Process_2021	endocrine system development (GO:0035270)	1/24	0.0829611747365632	0.1240342907161584	0	0	12.189222290263318	30.343637326988627	SOX2	12.0
GO_Biological_Process_2021	porphyrin-containing compound biosynthetic process (GO:0006779)	1/24	0.0829611747365632	0.1240342907161584	0	0	12.189222290263318	30.343637326988627	ALB	12.0
GO_Biological_Process_2021	establishment of mitotic spindle orientation (GO:0000132)	1/24	0.0829611747365632	0.1240342907161584	0	0	12.189222290263318	30.343637326988627	PLK1	12.0
GO_Biological_Process_2021	regulation of ruffle assembly (GO:1900027)	1/24	0.0829611747365632	0.1240342907161584	0	0	12.189222290263318	30.343637326988627	CAV1	12.0
GO_Biological_Process_2021	positive regulation of carbohydrate metabolic process (GO:0045913)	1/24	0.0829611747365632	0.1240342907161584	0	0	12.189222290263318	30.343637326988627	NFKB1	12.0
GO_Biological_Process_2021	positive regulation of cellular response to transforming growth factor beta stimulus (GO:1903846)	1/24	0.0829611747365632	0.1240342907161584	0	0	12.189222290263318	30.343637326988627	THBS1	12.0
GO_Biological_Process_2021	response to gamma radiation (GO:0010332)	1/24	0.0829611747365632	0.1240342907161584	0	0	12.189222290263318	30.343637326988627	TP53	12.0
GO_Biological_Process_2021	histone monoubiquitination (GO:0010390)	1/24	0.0829611747365632	0.1240342907161584	0	0	12.189222290263318	30.343637326988627	UBE2E1	12.0
GO_Biological_Process_2021	positive regulation of neuron apoptotic process (GO:0043525)	1/24	0.0829611747365632	0.1240342907161584	0	0	12.189222290263318	30.343637326988627	BAX	12.0
GO_Biological_Process_2021	positive regulation of phospholipase activity (GO:0010518)	1/24	0.0829611747365632	0.1240342907161584	0	0	12.189222290263318	30.343637326988627	FGFR1	12.0
GO_Biological_Process_2021	positive regulation of transcription from RNA polymerase II promoter in response to stress (GO:0036003)	1/24	0.0829611747365632	0.1240342907161584	0	0	12.189222290263318	30.343637326988627	TP53	12.0
GO_Biological_Process_2021	positive regulation of transforming growth factor beta receptor signaling pathway (GO:0030511)	1/24	0.0829611747365632	0.1240342907161584	0	0	12.189222290263318	30.343637326988627	THBS1	12.0
GO_Biological_Process_2021	protein insertion into mitochondrial membrane (GO:0051204)	1/24	0.0829611747365632	0.1240342907161584	0	0	12.189222290263318	30.343637326988627	BAX	12.0
GO_Biological_Process_2021	regulation of cell adhesion (GO:0030155)	2/133	0.0830426915551862	0.1240343243837031	0	0	4.317775354416576	10.74435412342098	ERBB3;CXCR4	12.0
GO_Biological_Process_2021	negative regulation of cell junction assembly (GO:1901889)	1/25	0.0862664748551896	0.1272263321023241	0	0	11.68075117370892	28.621510800477843	THBS1	12.0
GO_Biological_Process_2021	negative regulation of endocytosis (GO:0045806)	1/25	0.0862664748551896	0.1272263321023241	0	0	11.68075117370892	28.621510800477843	CAV1	12.0
GO_Biological_Process_2021	regulation of cardiac muscle cell action potential (GO:0098901)	1/25	0.0862664748551896	0.1272263321023241	0	0	11.68075117370892	28.621510800477843	CAV1	12.0
GO_Biological_Process_2021	negative regulation of ion transport (GO:0043271)	1/25	0.0862664748551896	0.1272263321023241	0	0	11.68075117370892	28.621510800477843	SNCA	12.0
GO_Biological_Process_2021	regulation of cholesterol transport (GO:0032374)	1/25	0.0862664748551896	0.1272263321023241	0	0	11.68075117370892	28.621510800477843	NFKB1	12.0
GO_Biological_Process_2021	regulation of dopamine secretion (GO:0014059)	1/25	0.0862664748551896	0.1272263321023241	0	0	11.68075117370892	28.621510800477843	SNCA	12.0
GO_Biological_Process_2021	negative regulation of signaling (GO:0023057)	1/25	0.0862664748551896	0.1272263321023241	0	0	11.68075117370892	28.621510800477843	ERBB3	12.0
GO_Biological_Process_2021	peripheral nervous system development (GO:0007422)	1/25	0.0862664748551896	0.1272263321023241	0	0	11.68075117370892	28.621510800477843	ERBB3	12.0
GO_Biological_Process_2021	regulation of spindle assembly (GO:0090169)	1/25	0.0862664748551896	0.1272263321023241	0	0	11.68075117370892	28.621510800477843	PLK1	12.0
GO_Biological_Process_2021	response to hexose (GO:0009746)	1/25	0.0862664748551896	0.1272263321023241	0	0	11.68075117370892	28.621510800477843	THBS1	12.0
GO_Biological_Process_2021	positive regulation of lipid metabolic process (GO:0045834)	1/25	0.0862664748551896	0.1272263321023241	0	0	11.68075117370892	28.621510800477843	PPARG	12.0
GO_Biological_Process_2021	sodium ion homeostasis (GO:0055078)	1/25	0.0862664748551896	0.1272263321023241	0	0	11.68075117370892	28.621510800477843	ATP12A	12.0
GO_Biological_Process_2021	positive regulation of peptidyl-threonine phosphorylation (GO:0010800)	1/25	0.0862664748551896	0.1272263321023241	0	0	11.68075117370892	28.621510800477843	PLK1	12.0
GO_Biological_Process_2021	potassium ion transmembrane transport (GO:0071805)	2/139	0.0895156931055212	0.1304405363461978	0	0	4.127424400417101	9.96088388005211	ATP12A;KCNJ2	12.0
GO_Biological_Process_2021	cellular response to drug (GO:0035690)	1/26	0.0895600265977508	0.1304405363461978	0	0	11.212957746478873	27.05514238024048	TP53	12.0
GO_Biological_Process_2021	negative regulation of signaling receptor activity (GO:2000272)	1/26	0.0895600265977508	0.1304405363461978	0	0	11.212957746478873	27.05514238024048	PPARG	12.0
GO_Biological_Process_2021	negative regulation of telomere maintenance via telomere lengthening (GO:1904357)	1/26	0.0895600265977508	0.1304405363461978	0	0	11.212957746478873	27.05514238024048	TNKS	12.0
GO_Biological_Process_2021	regulation of mitotic metaphase/anaphase transition (GO:0030071)	1/26	0.0895600265977508	0.1304405363461978	0	0	11.212957746478873	27.05514238024048	PLK1	12.0
GO_Biological_Process_2021	endothelial cell development (GO:0001885)	1/26	0.0895600265977508	0.1304405363461978	0	0	11.212957746478873	27.05514238024048	MSN	12.0
GO_Biological_Process_2021	regulation of regulatory T cell differentiation (GO:0045589)	1/26	0.0895600265977508	0.1304405363461978	0	0	11.212957746478873	27.05514238024048	SOCS1	12.0
GO_Biological_Process_2021	positive regulation of G1/S transition of mitotic cell cycle (GO:1900087)	1/26	0.0895600265977508	0.1304405363461978	0	0	11.212957746478873	27.05514238024048	EIF4G1	12.0
GO_Biological_Process_2021	positive regulation of histone methylation (GO:0031062)	1/26	0.0895600265977508	0.1304405363461978	0	0	11.212957746478873	27.05514238024048	MYB	12.0
GO_Biological_Process_2021	hippo signaling (GO:0035329)	1/26	0.0895600265977508	0.1304405363461978	0	0	11.212957746478873	27.05514238024048	AMOTL2	12.0
GO_Biological_Process_2021	membrane depolarization during action potential (GO:0086010)	1/26	0.0895600265977508	0.1304405363461978	0	0	11.212957746478873	27.05514238024048	KCNJ2	12.0
GO_Biological_Process_2021	positive regulation of viral transcription (GO:0050434)	1/26	0.0895600265977508	0.1304405363461978	0	0	11.212957746478873	27.05514238024048	CCNT1	12.0
GO_Biological_Process_2021	mononuclear cell differentiation (GO:1903131)	1/26	0.0895600265977508	0.1304405363461978	0	0	11.212957746478873	27.05514238024048	PPARG	12.0
GO_Biological_Process_2021	protein localization to cell periphery (GO:1990778)	2/140	0.0906088657260618	0.1318419633222429	0	0	4.097308488612836	9.83847031580519	CAV1;TNFRSF1A	12.0
GO_Biological_Process_2021	positive regulation of cellular catabolic process (GO:0031331)	2/141	0.0917060221212223	0.1329306941455383	0	0	4.067625899280576	9.7182385020084	MSN;SNCA	12.0
GO_Biological_Process_2021	chromatin organization (GO:0006325)	2/142	0.0928071204236117	0.1329306941455383	0	0	4.038367346938776	9.60013573529959	SOX2;MYB	12.0
GO_Biological_Process_2021	negative regulation of catalytic activity (GO:0043086)	1/27	0.0928418711410691	0.1329306941455383	0	0	10.781148429035753	25.62525396907896	TP53	12.0
GO_Biological_Process_2021	negative regulation of endothelial cell apoptotic process (GO:2000352)	1/27	0.0928418711410691	0.1329306941455383	0	0	10.781148429035753	25.62525396907896	CDH5	12.0
GO_Biological_Process_2021	regulation of cardiac muscle cell contraction (GO:0086004)	1/27	0.0928418711410691	0.1329306941455383	0	0	10.781148429035753	25.62525396907896	CAV1	12.0
GO_Biological_Process_2021	negative regulation of insulin receptor signaling pathway (GO:0046627)	1/27	0.0928418711410691	0.1329306941455383	0	0	10.781148429035753	25.62525396907896	SOCS1	12.0
GO_Biological_Process_2021	cellular response to cadmium ion (GO:0071276)	1/27	0.0928418711410691	0.1329306941455383	0	0	10.781148429035753	25.62525396907896	MAPK8	12.0
GO_Biological_Process_2021	cellular response to unfolded protein (GO:0034620)	1/27	0.0928418711410691	0.1329306941455383	0	0	10.781148429035753	25.62525396907896	BAX	12.0
GO_Biological_Process_2021	cellular senescence (GO:0090398)	1/27	0.0928418711410691	0.1329306941455383	0	0	10.781148429035753	25.62525396907896	PML	12.0
GO_Biological_Process_2021	nucleobase-containing small molecule interconversion (GO:0015949)	1/27	0.0928418711410691	0.1329306941455383	0	0	10.781148429035753	25.62525396907896	NME1	12.0
GO_Biological_Process_2021	peptide hormone secretion (GO:0030072)	1/27	0.0928418711410691	0.1329306941455383	0	0	10.781148429035753	25.62525396907896	CAMK2G	12.0
GO_Biological_Process_2021	positive regulation of BMP signaling pathway (GO:0030513)	1/27	0.0928418711410691	0.1329306941455383	0	0	10.781148429035753	25.62525396907896	CDH5	12.0
GO_Biological_Process_2021	positive regulation of calcium ion transmembrane transport (GO:1904427)	1/27	0.0928418711410691	0.1329306941455383	0	0	10.781148429035753	25.62525396907896	SNCA	12.0
GO_Biological_Process_2021	regulation of transcription elongation from RNA polymerase II promoter (GO:0034243)	1/27	0.0928418711410691	0.1329306941455383	0	0	10.781148429035753	25.62525396907896	CDK12	12.0
GO_Biological_Process_2021	positive regulation of toll-like receptor signaling pathway (GO:0034123)	1/27	0.0928418711410691	0.1329306941455383	0	0	10.781148429035753	25.62525396907896	CAV1	12.0
GO_Biological_Process_2021	mitotic chromosome condensation (GO:0007076)	1/27	0.0928418711410691	0.1329306941455383	0	0	10.781148429035753	25.62525396907896	PLK1	12.0
GO_Biological_Process_2021	presynaptic endocytosis (GO:0140238)	1/27	0.0928418711410691	0.1329306941455383	0	0	10.781148429035753	25.62525396907896	SNCA	12.0
GO_Biological_Process_2021	negative regulation of cellular response to insulin stimulus (GO:1900077)	1/28	0.0961120494930951	0.1364575926571742	0	0	10.38132498695879	24.315560720102795	SOCS1	12.0
GO_Biological_Process_2021	regulation of DNA-templated transcription, elongation (GO:0032784)	1/28	0.0961120494930951	0.1364575926571742	0	0	10.38132498695879	24.315560720102795	CCNT1	12.0
GO_Biological_Process_2021	regulation of extrinsic apoptotic signaling pathway in absence of ligand (GO:2001239)	1/28	0.0961120494930951	0.1364575926571742	0	0	10.38132498695879	24.315560720102795	FGFR1	12.0
GO_Biological_Process_2021	cellular response to interleukin-6 (GO:0071354)	1/28	0.0961120494930951	0.1364575926571742	0	0	10.38132498695879	24.315560720102795	NFKB1	12.0
GO_Biological_Process_2021	regulation of muscle contraction (GO:0006937)	1/28	0.0961120494930951	0.1364575926571742	0	0	10.38132498695879	24.315560720102795	CAV1	12.0
GO_Biological_Process_2021	regulation of plasma membrane bounded cell projection organization (GO:0120035)	1/28	0.0961120494930951	0.1364575926571742	0	0	10.38132498695879	24.315560720102795	CAMK2G	12.0
GO_Biological_Process_2021	regulation of reactive oxygen species biosynthetic process (GO:1903426)	1/28	0.0961120494930951	0.1364575926571742	0	0	10.38132498695879	24.315560720102795	SNCA	12.0
GO_Biological_Process_2021	positive regulation of cell communication (GO:0010647)	1/28	0.0961120494930951	0.1364575926571742	0	0	10.38132498695879	24.315560720102795	ILK	12.0
GO_Biological_Process_2021	leukocyte cell-cell adhesion (GO:0007159)	1/28	0.0961120494930951	0.1364575926571742	0	0	10.38132498695879	24.315560720102795	MSN	12.0
GO_Biological_Process_2021	positive regulation of cytosolic calcium ion concentration (GO:0007204)	2/147	0.0983702924291106	0.1391371270189134	0	0	3.898128078817734	9.03982304821734	CAV1;CXCR4	12.0
GO_Biological_Process_2021	negative regulation of interferon-gamma production (GO:0032689)	1/29	0.0993706025424171	0.1391371270189134	0	0	10.010060362173038	23.112217941062152	RARA	12.0
GO_Biological_Process_2021	negative regulation of myeloid leukocyte differentiation (GO:0002762)	1/29	0.0993706025424171	0.1391371270189134	0	0	10.010060362173038	23.112217941062152	RARA	12.0
GO_Biological_Process_2021	regulation of DNA biosynthetic process (GO:2000278)	1/29	0.0993706025424171	0.1391371270189134	0	0	10.010060362173038	23.112217941062152	TNKS	12.0
GO_Biological_Process_2021	regulation of gluconeogenesis (GO:0006111)	1/29	0.0993706025424171	0.1391371270189134	0	0	10.010060362173038	23.112217941062152	USP7	12.0
GO_Biological_Process_2021	negative regulation of transferase activity (GO:0051348)	1/29	0.0993706025424171	0.1391371270189134	0	0	10.010060362173038	23.112217941062152	TP53	12.0
GO_Biological_Process_2021	establishment of endothelial barrier (GO:0061028)	1/29	0.0993706025424171	0.1391371270189134	0	0	10.010060362173038	23.112217941062152	MSN	12.0
GO_Biological_Process_2021	establishment of mitotic spindle localization (GO:0040001)	1/29	0.0993706025424171	0.1391371270189134	0	0	10.010060362173038	23.112217941062152	PLK1	12.0
GO_Biological_Process_2021	positive regulation of dephosphorylation (GO:0035306)	1/29	0.0993706025424171	0.1391371270189134	0	0	10.010060362173038	23.112217941062152	CDH5	12.0
GO_Biological_Process_2021	response to cadmium ion (GO:0046686)	1/29	0.0993706025424171	0.1391371270189134	0	0	10.010060362173038	23.112217941062152	MAPK8	12.0
GO_Biological_Process_2021	hydrogen peroxide metabolic process (GO:0042743)	1/29	0.0993706025424171	0.1391371270189134	0	0	10.010060362173038	23.112217941062152	SOD1	12.0
GO_Biological_Process_2021	intrinsic apoptotic signaling pathway in response to endoplasmic reticulum stress (GO:0070059)	1/29	0.0993706025424171	0.1391371270189134	0	0	10.010060362173038	23.112217941062152	BAX	12.0
GO_Biological_Process_2021	telomere maintenance via telomerase (GO:0007004)	1/29	0.0993706025424171	0.1391371270189134	0	0	10.010060362173038	23.112217941062152	RPA1	12.0
GO_Biological_Process_2021	mismatch repair (GO:0006298)	1/29	0.0993706025424171	0.1391371270189134	0	0	10.010060362173038	23.112217941062152	RPA1	12.0
GO_Biological_Process_2021	protein ADP-ribosylation (GO:0006471)	1/29	0.0993706025424171	0.1391371270189134	0	0	10.010060362173038	23.112217941062152	TNKS	12.0
GO_Biological_Process_2021	regulation of cytosolic calcium ion concentration (GO:0051480)	2/148	0.0994941766307803	0.1391821110588673	0	0	3.871232876712329	8.93347440578876	CAV1;CXCR4	12.0
GO_Biological_Process_2021	negative regulation of gene expression, epigenetic (GO:0045814)	1/30	0.1026175710295397	0.1419854028245086	0	0	9.664400194269062	22.00338548313555	BMI1	12.0
GO_Biological_Process_2021	regulation of catecholamine secretion (GO:0050433)	1/30	0.1026175710295397	0.1419854028245086	0	0	9.664400194269062	22.00338548313555	SNCA	12.0
GO_Biological_Process_2021	cardiac muscle cell action potential (GO:0086001)	1/30	0.1026175710295397	0.1419854028245086	0	0	9.664400194269062	22.00338548313555	KCNJ2	12.0
GO_Biological_Process_2021	regulation of macrophage activation (GO:0043030)	1/30	0.1026175710295397	0.1419854028245086	0	0	9.664400194269062	22.00338548313555	THBS1	12.0
GO_Biological_Process_2021	establishment of spindle orientation (GO:0051294)	1/30	0.1026175710295397	0.1419854028245086	0	0	9.664400194269062	22.00338548313555	PLK1	12.0
GO_Biological_Process_2021	regulation of type I interferon-mediated signaling pathway (GO:0060338)	1/30	0.1026175710295397	0.1419854028245086	0	0	9.664400194269062	22.00338548313555	SAMHD1	12.0
GO_Biological_Process_2021	regulation of vasoconstriction (GO:0019229)	1/30	0.1026175710295397	0.1419854028245086	0	0	9.664400194269062	22.00338548313555	CAV1	12.0
GO_Biological_Process_2021	response to alcohol (GO:0097305)	1/30	0.1026175710295397	0.1419854028245086	0	0	9.664400194269062	22.00338548313555	SOD1	12.0
GO_Biological_Process_2021	RNA-dependent DNA biosynthetic process (GO:0006278)	1/30	0.1026175710295397	0.1419854028245086	0	0	9.664400194269062	22.00338548313555	RPA1	12.0
GO_Biological_Process_2021	synaptic vesicle cycle (GO:0099504)	1/30	0.1026175710295397	0.1419854028245086	0	0	9.664400194269062	22.00338548313555	SNCA	12.0
GO_Biological_Process_2021	maintenance of blood-brain barrier (GO:0035633)	1/30	0.1026175710295397	0.1419854028245086	0	0	9.664400194269062	22.00338548313555	CDH5	12.0
GO_Biological_Process_2021	termination of RNA polymerase I transcription (GO:0006363)	1/30	0.1026175710295397	0.1419854028245086	0	0	9.664400194269062	22.00338548313555	CDK7	12.0
GO_Biological_Process_2021	regulation of cellular component size (GO:0032535)	1/31	0.1058529955609793	0.1454045661045221	0	0	9.341784037558686	20.97888160974941	MSN	12.0
GO_Biological_Process_2021	cardiac muscle cell action potential involved in contraction (GO:0086002)	1/31	0.1058529955609793	0.1454045661045221	0	0	9.341784037558686	20.97888160974941	KCNJ2	12.0
GO_Biological_Process_2021	negative regulation of osteoblast differentiation (GO:0045668)	1/31	0.1058529955609793	0.1454045661045221	0	0	9.341784037558686	20.97888160974941	PPARG	12.0
GO_Biological_Process_2021	regulation of developmental growth (GO:0048638)	1/31	0.1058529955609793	0.1454045661045221	0	0	9.341784037558686	20.97888160974941	SOD1	12.0
GO_Biological_Process_2021	negative regulation of proteasomal ubiquitin-dependent protein catabolic process (GO:0032435)	1/31	0.1058529955609793	0.1454045661045221	0	0	9.341784037558686	20.97888160974941	USP7	12.0
GO_Biological_Process_2021	cellular response to cAMP (GO:0071320)	1/31	0.1058529955609793	0.1454045661045221	0	0	9.341784037558686	20.97888160974941	AQP1	12.0
GO_Biological_Process_2021	renal water homeostasis (GO:0003091)	1/31	0.1058529955609793	0.1454045661045221	0	0	9.341784037558686	20.97888160974941	AQP1	12.0
GO_Biological_Process_2021	positive regulation of locomotion (GO:0040017)	1/31	0.1058529955609793	0.1454045661045221	0	0	9.341784037558686	20.97888160974941	THBS1	12.0
GO_Biological_Process_2021	positive regulation of protein kinase activity (GO:0045860)	2/154	0.1063128592739728	0.1459045733228013	0	0	3.717293233082706	8.33182592589505	ERBB3;SNCA	12.0
GO_Biological_Process_2021	cellular response to interleukin-1 (GO:0071347)	2/155	0.1074615017700934	0.147176477864798	0	0	3.69281045751634	8.237266532829768	TANK;NFKB1	12.0
GO_Biological_Process_2021	regulation of cell differentiation (GO:0045595)	2/156	0.1086135250511895	0.147176477864798	0	0	3.668645640074212	8.14424415079014	ALK;FGFR1	12.0
GO_Biological_Process_2021	7-methylguanosine mRNA capping (GO:0006370)	1/32	0.1090769165778529	0.147176477864798	0	0	9.039981826442526	20.02990571277638	CDK7	12.0
GO_Biological_Process_2021	7-methylguanosine RNA capping (GO:0009452)	1/32	0.1090769165778529	0.147176477864798	0	0	9.039981826442526	20.02990571277638	CDK7	12.0
GO_Biological_Process_2021	negative regulation of cell-matrix adhesion (GO:0001953)	1/32	0.1090769165778529	0.147176477864798	0	0	9.039981826442526	20.02990571277638	THBS1	12.0
GO_Biological_Process_2021	negative regulation of chemotaxis (GO:0050922)	1/32	0.1090769165778529	0.147176477864798	0	0	9.039981826442526	20.02990571277638	THBS1	12.0
GO_Biological_Process_2021	negative regulation of DNA biosynthetic process (GO:2000279)	1/32	0.1090769165778529	0.147176477864798	0	0	9.039981826442526	20.02990571277638	TP53	12.0
GO_Biological_Process_2021	negative regulation of intracellular steroid hormone receptor signaling pathway (GO:0033144)	1/32	0.1090769165778529	0.147176477864798	0	0	9.039981826442526	20.02990571277638	PER1	12.0
GO_Biological_Process_2021	regulation of cell migration involved in sprouting angiogenesis (GO:0090049)	1/32	0.1090769165778529	0.147176477864798	0	0	9.039981826442526	20.02990571277638	THBS1	12.0
GO_Biological_Process_2021	cellular response to topologically incorrect protein (GO:0035967)	1/32	0.1090769165778529	0.147176477864798	0	0	9.039981826442526	20.02990571277638	BAX	12.0
GO_Biological_Process_2021	establishment or maintenance of epithelial cell apical/basal polarity (GO:0045197)	1/32	0.1090769165778529	0.147176477864798	0	0	9.039981826442526	20.02990571277638	MSN	12.0
GO_Biological_Process_2021	hematopoietic progenitor cell differentiation (GO:0002244)	1/32	0.1090769165778529	0.147176477864798	0	0	9.039981826442526	20.02990571277638	TP53	12.0
GO_Biological_Process_2021	positive regulation of immune effector process (GO:0002699)	1/32	0.1090769165778529	0.147176477864798	0	0	9.039981826442526	20.02990571277638	MYB	12.0
GO_Biological_Process_2021	skeletal muscle organ development (GO:0060538)	1/32	0.1090769165778529	0.147176477864798	0	0	9.039981826442526	20.02990571277638	CAV1	12.0
GO_Biological_Process_2021	long-chain fatty acid transport (GO:0015909)	1/32	0.1090769165778529	0.147176477864798	0	0	9.039981826442526	20.02990571277638	PPARG	12.0
GO_Biological_Process_2021	superoxide metabolic process (GO:0006801)	1/32	0.1090769165778529	0.147176477864798	0	0	9.039981826442526	20.02990571277638	SOD1	12.0
GO_Biological_Process_2021	positive regulation of receptor signaling pathway via STAT (GO:1904894)	1/32	0.1090769165778529	0.147176477864798	0	0	9.039981826442526	20.02990571277638	ERBB4	12.0
GO_Biological_Process_2021	membrane depolarization (GO:0051899)	1/32	0.1090769165778529	0.147176477864798	0	0	9.039981826442526	20.02990571277638	CAV1	12.0
GO_Biological_Process_2021	metal ion export (GO:0070839)	1/32	0.1090769165778529	0.147176477864798	0	0	9.039981826442526	20.02990571277638	ATP12A	12.0
GO_Biological_Process_2021	mitotic spindle organization (GO:0007052)	2/157	0.1097688907480162	0.1479789652068031	0	0	3.644792626728111	8.052725068936239	TNKS;PLK1	12.0
GO_Biological_Process_2021	T cell receptor signaling pathway (GO:0050852)	2/158	0.1109275607490741	0.1494086260708768	0	0	3.621245421245421	7.962676514845997	NFKBID;NFKB1	12.0
GO_Biological_Process_2021	negative regulation of smooth muscle cell proliferation (GO:0048662)	1/33	0.1122893744143964	0.1501796378371805	0	0	8.757042253521126	19.148814473308494	PPARG	12.0
GO_Biological_Process_2021	regulation of histone acetylation (GO:0035065)	1/33	0.1122893744143964	0.1501796378371805	0	0	8.757042253521126	19.148814473308494	SNCA	12.0
GO_Biological_Process_2021	regulation of sprouting angiogenesis (GO:1903670)	1/33	0.1122893744143964	0.1501796378371805	0	0	8.757042253521126	19.148814473308494	THBS1	12.0
GO_Biological_Process_2021	signal transduction by p53 class mediator (GO:0072331)	1/33	0.1122893744143964	0.1501796378371805	0	0	8.757042253521126	19.148814473308494	TP53	12.0
GO_Biological_Process_2021	positive regulation of receptor signaling pathway via JAK-STAT (GO:0046427)	1/33	0.1122893744143964	0.1501796378371805	0	0	8.757042253521126	19.148814473308494	ERBB4	12.0
GO_Biological_Process_2021	positive regulation of telomere maintenance via telomerase (GO:0032212)	1/33	0.1122893744143964	0.1501796378371805	0	0	8.757042253521126	19.148814473308494	TNKS	12.0
GO_Biological_Process_2021	vasculogenesis (GO:0001570)	1/33	0.1122893744143964	0.1501796378371805	0	0	8.757042253521126	19.148814473308494	CAV1	12.0
GO_Biological_Process_2021	mitotic G2 DNA damage checkpoint signaling (GO:0007095)	1/33	0.1122893744143964	0.1501796378371805	0	0	8.757042253521126	19.148814473308494	PLK1	12.0
GO_Biological_Process_2021	B cell receptor signaling pathway (GO:0050853)	1/34	0.1154904092558252	0.1532488255338849	0	0	8.491250533504054	18.328939891769167	BAX	12.0
GO_Biological_Process_2021	regulation of glucose metabolic process (GO:0010906)	1/34	0.1154904092558252	0.1532488255338849	0	0	8.491250533504054	18.328939891769167	USP7	12.0
GO_Biological_Process_2021	phosphatidylinositol 3-kinase signaling (GO:0014065)	1/34	0.1154904092558252	0.1532488255338849	0	0	8.491250533504054	18.328939891769167	ERBB3	12.0
GO_Biological_Process_2021	sister chromatid segregation (GO:0000819)	1/34	0.1154904092558252	0.1532488255338849	0	0	8.491250533504054	18.328939891769167	PLK1	12.0
GO_Biological_Process_2021	positive regulation of protein dephosphorylation (GO:0035307)	1/34	0.1154904092558252	0.1532488255338849	0	0	8.491250533504054	18.328939891769167	CDH5	12.0
GO_Biological_Process_2021	striated muscle tissue development (GO:0014706)	1/34	0.1154904092558252	0.1532488255338849	0	0	8.491250533504054	18.328939891769167	CAV1	12.0
GO_Biological_Process_2021	synaptic vesicle recycling (GO:0036465)	1/34	0.1154904092558252	0.1532488255338849	0	0	8.491250533504054	18.328939891769167	SNCA	12.0
GO_Biological_Process_2021	positive regulation of release of sequestered calcium ion into cytosol (GO:0051281)	1/34	0.1154904092558252	0.1532488255338849	0	0	8.491250533504054	18.328939891769167	SNCA	12.0
GO_Biological_Process_2021	positive regulation of telomerase activity (GO:0051973)	1/34	0.1154904092558252	0.1532488255338849	0	0	8.491250533504054	18.328939891769167	TNKS	12.0
GO_Biological_Process_2021	negative regulation of epithelial cell migration (GO:0010633)	1/35	0.11868006112791	0.1562552361908989	0	0	8.24109362054681	17.56444036008005	THBS1	12.0
GO_Biological_Process_2021	base-excision repair, gap-filling (GO:0006287)	1/35	0.11868006112791	0.1562552361908989	0	0	8.24109362054681	17.56444036008005	RPA1	12.0
GO_Biological_Process_2021	bicarbonate transport (GO:0015701)	1/35	0.11868006112791	0.1562552361908989	0	0	8.24109362054681	17.56444036008005	AQP1	12.0
GO_Biological_Process_2021	cellular response to hydrogen peroxide (GO:0070301)	1/35	0.11868006112791	0.1562552361908989	0	0	8.24109362054681	17.56444036008005	AQP1	12.0
GO_Biological_Process_2021	cellular response to virus (GO:0098586)	1/35	0.11868006112791	0.1562552361908989	0	0	8.24109362054681	17.56444036008005	BAX	12.0
GO_Biological_Process_2021	regulation of ion transmembrane transport (GO:0034765)	1/35	0.11868006112791	0.1562552361908989	0	0	8.24109362054681	17.56444036008005	KCNJ2	12.0
GO_Biological_Process_2021	regulation of mitotic spindle organization (GO:0060236)	1/35	0.11868006112791	0.1562552361908989	0	0	8.24109362054681	17.56444036008005	PLK1	12.0
GO_Biological_Process_2021	positive regulation of cell cycle G1/S phase transition (GO:1902808)	1/35	0.11868006112791	0.1562552361908989	0	0	8.24109362054681	17.56444036008005	EIF4G1	12.0
GO_Biological_Process_2021	response to exogenous dsRNA (GO:0043330)	1/35	0.11868006112791	0.1562552361908989	0	0	8.24109362054681	17.56444036008005	CAV1	12.0
GO_Biological_Process_2021	positive regulation of cytokine production (GO:0001819)	3/335	0.1200248419027843	0.1578892043008105	0	0	2.566265060240964	5.440627028875483	RARA;NFKB1;SOD1	12.0
GO_Biological_Process_2021	aortic valve development (GO:0003176)	1/36	0.1218583699637631	0.1582495214034535	0	0	8.00523138832998	16.8501780118101	TNFRSF1A	12.0
GO_Biological_Process_2021	axonal transport (GO:0098930)	1/36	0.1218583699637631	0.1582495214034535	0	0	8.00523138832998	16.8501780118101	SOD1	12.0
GO_Biological_Process_2021	regulation of cell cycle G1/S phase transition (GO:1902806)	1/36	0.1218583699637631	0.1582495214034535	0	0	8.00523138832998	16.8501780118101	TAF1	12.0
GO_Biological_Process_2021	calcium-dependent cell-cell adhesion via plasma membrane cell adhesion molecules (GO:0016339)	1/36	0.1218583699637631	0.1582495214034535	0	0	8.00523138832998	16.8501780118101	CDH5	12.0
GO_Biological_Process_2021	cellular response to heat (GO:0034605)	1/36	0.1218583699637631	0.1582495214034535	0	0	8.00523138832998	16.8501780118101	THBS1	12.0
GO_Biological_Process_2021	cyclic-nucleotide-mediated signaling (GO:0019935)	1/36	0.1218583699637631	0.1582495214034535	0	0	8.00523138832998	16.8501780118101	AQP1	12.0
GO_Biological_Process_2021	regulation of microtubule-based process (GO:0032886)	1/36	0.1218583699637631	0.1582495214034535	0	0	8.00523138832998	16.8501780118101	CYLD	12.0
GO_Biological_Process_2021	platelet aggregation (GO:0070527)	1/36	0.1218583699637631	0.1582495214034535	0	0	8.00523138832998	16.8501780118101	ILK	12.0
GO_Biological_Process_2021	regulation of sodium ion transport (GO:0002028)	1/36	0.1218583699637631	0.1582495214034535	0	0	8.00523138832998	16.8501780118101	PER1	12.0
GO_Biological_Process_2021	positive regulation of cytokine-mediated signaling pathway (GO:0001961)	1/36	0.1218583699637631	0.1582495214034535	0	0	8.00523138832998	16.8501780118101	CXCR4	12.0
GO_Biological_Process_2021	positive regulation of myeloid leukocyte differentiation (GO:0002763)	1/36	0.1218583699637631	0.1582495214034535	0	0	8.00523138832998	16.8501780118101	CASP8	12.0
GO_Biological_Process_2021	macrophage activation (GO:0042116)	1/36	0.1218583699637631	0.1582495214034535	0	0	8.00523138832998	16.8501780118101	SNCA	12.0
GO_Biological_Process_2021	positive regulation of substrate adhesion-dependent cell spreading (GO:1900026)	1/36	0.1218583699637631	0.1582495214034535	0	0	8.00523138832998	16.8501780118101	ILK	12.0
GO_Biological_Process_2021	transition metal ion transport (GO:0000041)	1/36	0.1218583699637631	0.1582495214034535	0	0	8.00523138832998	16.8501780118101	FTH1	12.0
GO_Biological_Process_2021	positive regulation of telomere maintenance via telomere lengthening (GO:1904358)	1/36	0.1218583699637631	0.1582495214034535	0	0	8.00523138832998	16.8501780118101	TNKS	12.0
GO_Biological_Process_2021	proton transmembrane transport (GO:1902600)	1/37	0.1250253755206387	0.1605811152256643	0	0	7.782472613458529	16.181617135394756	ATP12A	12.0
GO_Biological_Process_2021	anterograde axonal transport (GO:0008089)	1/37	0.1250253755206387	0.1605811152256643	0	0	7.782472613458529	16.181617135394756	SOD1	12.0
GO_Biological_Process_2021	negative regulation of epithelial cell apoptotic process (GO:1904036)	1/37	0.1250253755206387	0.1605811152256643	0	0	7.782472613458529	16.181617135394756	CDH5	12.0
GO_Biological_Process_2021	neural crest cell migration (GO:0001755)	1/37	0.1250253755206387	0.1605811152256643	0	0	7.782472613458529	16.181617135394756	ERBB4	12.0
GO_Biological_Process_2021	regulation of microtubule cytoskeleton organization (GO:0070507)	1/37	0.1250253755206387	0.1605811152256643	0	0	7.782472613458529	16.181617135394756	CYLD	12.0
GO_Biological_Process_2021	nucleotide-excision repair, DNA incision, 5'-to lesion (GO:0006296)	1/37	0.1250253755206387	0.1605811152256643	0	0	7.782472613458529	16.181617135394756	RPA1	12.0
GO_Biological_Process_2021	phagocytosis, engulfment (GO:0006911)	1/37	0.1250253755206387	0.1605811152256643	0	0	7.782472613458529	16.181617135394756	THBS1	12.0
GO_Biological_Process_2021	positive regulation of calcium ion transport (GO:0051928)	1/37	0.1250253755206387	0.1605811152256643	0	0	7.782472613458529	16.181617135394756	CAV1	12.0
GO_Biological_Process_2021	regulation of transport (GO:0051049)	1/37	0.1250253755206387	0.1605811152256643	0	0	7.782472613458529	16.181617135394756	SNCA	12.0
GO_Biological_Process_2021	regulation of vascular associated smooth muscle cell proliferation (GO:1904705)	1/37	0.1250253755206387	0.1605811152256643	0	0	7.782472613458529	16.181617135394756	PPARG	12.0
GO_Biological_Process_2021	positive regulation of exocytosis (GO:0045921)	1/37	0.1250253755206387	0.1605811152256643	0	0	7.782472613458529	16.181617135394756	SNCA	12.0
GO_Biological_Process_2021	skeletal muscle tissue development (GO:0007519)	1/37	0.1250253755206387	0.1605811152256643	0	0	7.782472613458529	16.181617135394756	CAV1	12.0
GO_Biological_Process_2021	positive regulation of signaling receptor activity (GO:2000273)	1/37	0.1250253755206387	0.1605811152256643	0	0	7.782472613458529	16.181617135394756	TAF1	12.0
GO_Biological_Process_2021	positive regulation of multicellular organismal process (GO:0051240)	3/345	0.1279509394591488	0.1636675005959019	0	0	2.4899567759979657	5.119620978053784	CAV1;CXCR4;SOD1	12.0
GO_Biological_Process_2021	negative regulation of innate immune response (GO:0045824)	1/38	0.1281811174180782	0.1636675005959019	0	0	7.571754853444994	15.554739552581722	SAMHD1	12.0
GO_Biological_Process_2021	negative regulation of proteasomal protein catabolic process (GO:1901799)	1/38	0.1281811174180782	0.1636675005959019	0	0	7.571754853444994	15.554739552581722	USP7	12.0
GO_Biological_Process_2021	response to cAMP (GO:0051591)	1/38	0.1281811174180782	0.1636675005959019	0	0	7.571754853444994	15.554739552581722	AQP1	12.0
GO_Biological_Process_2021	positive regulation of potassium ion transport (GO:0043268)	1/38	0.1281811174180782	0.1636675005959019	0	0	7.571754853444994	15.554739552581722	KCNJ2	12.0
GO_Biological_Process_2021	lymphocyte proliferation (GO:0046651)	1/38	0.1281811174180782	0.1636675005959019	0	0	7.571754853444994	15.554739552581722	MSN	12.0
GO_Biological_Process_2021	synaptic vesicle endocytosis (GO:0048488)	1/38	0.1281811174180782	0.1636675005959019	0	0	7.571754853444994	15.554739552581722	SNCA	12.0
GO_Biological_Process_2021	cation transport (GO:0006812)	2/174	0.1298854141519317	0.165704610510679	0	0	3.2817275747508305	6.698342838948271	KCNJ2;AQP1	12.0
GO_Biological_Process_2021	protein monoubiquitination (GO:0006513)	1/39	0.1313256351611906	0.1660113095642293	0	0	7.372127501853225	14.96597377004026	UBE2E1	12.0
GO_Biological_Process_2021	negative regulation of cellular metabolic process (GO:0031324)	1/39	0.1313256351611906	0.1660113095642293	0	0	7.372127501853225	14.96597377004026	NFKB1	12.0
GO_Biological_Process_2021	regulation of cellular component biogenesis (GO:0044087)	1/39	0.1313256351611906	0.1660113095642293	0	0	7.372127501853225	14.96597377004026	MSN	12.0
GO_Biological_Process_2021	regulation of dendrite development (GO:0050773)	1/39	0.1313256351611906	0.1660113095642293	0	0	7.372127501853225	14.96597377004026	ALK	12.0
GO_Biological_Process_2021	regulation of exit from mitosis (GO:0007096)	1/39	0.1313256351611906	0.1660113095642293	0	0	7.372127501853225	14.96597377004026	UBE2E1	12.0
GO_Biological_Process_2021	nucleotide-excision repair, DNA incision (GO:0033683)	1/39	0.1313256351611906	0.1660113095642293	0	0	7.372127501853225	14.96597377004026	RPA1	12.0
GO_Biological_Process_2021	odontogenesis (GO:0042476)	1/39	0.1313256351611906	0.1660113095642293	0	0	7.372127501853225	14.96597377004026	AQP1	12.0
GO_Biological_Process_2021	regulation of nitric-oxide synthase activity (GO:0050999)	1/39	0.1313256351611906	0.1660113095642293	0	0	7.372127501853225	14.96597377004026	CAV1	12.0
GO_Biological_Process_2021	endothelial cell migration (GO:0043542)	1/39	0.1313256351611906	0.1660113095642293	0	0	7.372127501853225	14.96597377004026	CDH5	12.0
GO_Biological_Process_2021	regulation of T cell differentiation (GO:0045580)	1/39	0.1313256351611906	0.1660113095642293	0	0	7.372127501853225	14.96597377004026	SOD1	12.0
GO_Biological_Process_2021	membrane protein proteolysis (GO:0033619)	1/39	0.1313256351611906	0.1660113095642293	0	0	7.372127501853225	14.96597377004026	NFKB1	12.0
GO_Biological_Process_2021	positive regulation of developmental process (GO:0051094)	2/177	0.1335210165656641	0.1686464624173782	0	0	3.2249795918367345	6.493484753325916	ALK;FGFR1	12.0
GO_Biological_Process_2021	negative regulation of cell-substrate adhesion (GO:0010812)	1/40	0.1344589680989366	0.168850288322262	0	0	7.182737450343084	14.412135373708946	THBS1	12.0
GO_Biological_Process_2021	bone development (GO:0060348)	1/40	0.1344589680989366	0.168850288322262	0	0	7.182737450343084	14.412135373708946	TP53	12.0
GO_Biological_Process_2021	regulation of nitric oxide biosynthetic process (GO:0045428)	1/40	0.1344589680989366	0.168850288322262	0	0	7.182737450343084	14.412135373708946	CAV1	12.0
GO_Biological_Process_2021	stem cell differentiation (GO:0048863)	1/40	0.1344589680989366	0.168850288322262	0	0	7.182737450343084	14.412135373708946	TP53	12.0
GO_Biological_Process_2021	lymphocyte migration (GO:0072676)	1/40	0.1344589680989366	0.168850288322262	0	0	7.182737450343084	14.412135373708946	MSN	12.0
GO_Biological_Process_2021	synaptic vesicle exocytosis (GO:0016079)	1/40	0.1344589680989366	0.168850288322262	0	0	7.182737450343084	14.412135373708946	SNCA	12.0
GO_Biological_Process_2021	positive regulation of wound healing (GO:0090303)	1/40	0.1344589680989366	0.168850288322262	0	0	7.182737450343084	14.412135373708946	THBS1	12.0
GO_Biological_Process_2021	regulation of translation (GO:0006417)	2/178	0.1347381042241527	0.169061331104007	0	0	3.2064935064935063	6.427167260544394	THBS1;EIF4G1	12.0
GO_Biological_Process_2021	regulation of immune response (GO:0050776)	2/179	0.1359577457655308	0.1704511441969835	0	0	3.188216303470541	6.361802310889694	CASP8;SAMHD1	12.0
GO_Biological_Process_2021	positive regulation of cellular biosynthetic process (GO:0031328)	2/180	0.1371799077554768	0.1710772211235168	0	0	3.1701444622792936	6.2973715701559145	THBS1;SNCA	12.0
GO_Biological_Process_2021	acylglycerol metabolic process (GO:0006639)	1/41	0.1375811554896087	0.1710772211235168	0	0	7.002816901408451	13.890376640038554	CAV1	12.0
GO_Biological_Process_2021	regulation of protein dephosphorylation (GO:0035304)	1/41	0.1375811554896087	0.1710772211235168	0	0	7.002816901408451	13.890376640038554	CDH5	12.0
GO_Biological_Process_2021	positive regulation of cation transmembrane transport (GO:1904064)	1/41	0.1375811554896087	0.1710772211235168	0	0	7.002816901408451	13.890376640038554	KCNJ2	12.0
GO_Biological_Process_2021	regulation of viral transcription (GO:0046782)	1/41	0.1375811554896087	0.1710772211235168	0	0	7.002816901408451	13.890376640038554	CCNT1	12.0
GO_Biological_Process_2021	heart contraction (GO:0060047)	1/41	0.1375811554896087	0.1710772211235168	0	0	7.002816901408451	13.890376640038554	SOD1	12.0
GO_Biological_Process_2021	response to growth factor (GO:0070848)	1/41	0.1375811554896087	0.1710772211235168	0	0	7.002816901408451	13.890376640038554	SOX2	12.0
GO_Biological_Process_2021	JNK cascade (GO:0007254)	1/41	0.1375811554896087	0.1710772211235168	0	0	7.002816901408451	13.890376640038554	MAPK8	12.0
GO_Biological_Process_2021	keratinocyte differentiation (GO:0030216)	1/41	0.1375811554896087	0.1710772211235168	0	0	7.002816901408451	13.890376640038554	TGM1	12.0
GO_Biological_Process_2021	visual system development (GO:0150063)	1/41	0.1375811554896087	0.1710772211235168	0	0	7.002816901408451	13.890376640038554	SOX2	12.0
GO_Biological_Process_2021	regulation of DNA recombination (GO:0000018)	1/42	0.1406922363711961	0.173950921004842	0	0	6.8316729646169705	13.398143766307117	RAD51	12.0
GO_Biological_Process_2021	negative regulation of protein catabolic process (GO:0042177)	1/42	0.1406922363711961	0.173950921004842	0	0	6.8316729646169705	13.398143766307117	SNCA	12.0
GO_Biological_Process_2021	phosphatidylinositol phosphate biosynthetic process (GO:0046854)	1/42	0.1406922363711961	0.173950921004842	0	0	6.8316729646169705	13.398143766307117	SOCS1	12.0
GO_Biological_Process_2021	histone H3 acetylation (GO:0043966)	1/42	0.1406922363711961	0.173950921004842	0	0	6.8316729646169705	13.398143766307117	PER1	12.0
GO_Biological_Process_2021	skeletal system morphogenesis (GO:0048705)	1/42	0.1406922363711961	0.173950921004842	0	0	6.8316729646169705	13.398143766307117	FGFR1	12.0
GO_Biological_Process_2021	positive regulation of protein tyrosine kinase activity (GO:0061098)	1/42	0.1406922363711961	0.173950921004842	0	0	6.8316729646169705	13.398143766307117	ERBB3	12.0
GO_Biological_Process_2021	translesion synthesis (GO:0019985)	1/42	0.1406922363711961	0.173950921004842	0	0	6.8316729646169705	13.398143766307117	RPA1	12.0
GO_Biological_Process_2021	antigen receptor-mediated signaling pathway (GO:0050851)	2/185	0.1433273679930388	0.1760674208003003	0	0	3.0827478532396566	5.988619899317071	NFKBID;NFKB1	12.0
GO_Biological_Process_2021	regulation of cytokine production involved in inflammatory response (GO:1900015)	1/43	0.1437922497074726	0.1760674208003003	0	0	6.668678739101274	12.933140394434057	PER1	12.0
GO_Biological_Process_2021	cellular response to glucose starvation (GO:0042149)	1/43	0.1437922497074726	0.1760674208003003	0	0	6.668678739101274	12.933140394434057	TP53	12.0
GO_Biological_Process_2021	cellular response to retinoic acid (GO:0071300)	1/43	0.1437922497074726	0.1760674208003003	0	0	6.668678739101274	12.933140394434057	AQP1	12.0
GO_Biological_Process_2021	DNA synthesis involved in DNA repair (GO:0000731)	1/43	0.1437922497074726	0.1760674208003003	0	0	6.668678739101274	12.933140394434057	RPA1	12.0
GO_Biological_Process_2021	DNA-dependent DNA replication maintenance of fidelity (GO:0045005)	1/43	0.1437922497074726	0.1760674208003003	0	0	6.668678739101274	12.933140394434057	RAD51	12.0
GO_Biological_Process_2021	glutathione metabolic process (GO:0006749)	1/43	0.1437922497074726	0.1760674208003003	0	0	6.668678739101274	12.933140394434057	SOD1	12.0
GO_Biological_Process_2021	signal release from synapse (GO:0099643)	1/43	0.1437922497074726	0.1760674208003003	0	0	6.668678739101274	12.933140394434057	SNCA	12.0
GO_Biological_Process_2021	positive regulation of neuron differentiation (GO:0045666)	1/43	0.1437922497074726	0.1760674208003003	0	0	6.668678739101274	12.933140394434057	FGFR1	12.0
GO_Biological_Process_2021	positive regulation of phospholipase C activity (GO:0010863)	1/43	0.1437922497074726	0.1760674208003003	0	0	6.668678739101274	12.933140394434057	FGFR1	12.0
GO_Biological_Process_2021	positive regulation of T cell differentiation (GO:0045582)	1/43	0.1437922497074726	0.1760674208003003	0	0	6.668678739101274	12.933140394434057	SOCS1	12.0
GO_Biological_Process_2021	natural killer cell activation (GO:0030101)	1/43	0.1437922497074726	0.1760674208003003	0	0	6.668678739101274	12.933140394434057	CASP8	12.0
GO_Biological_Process_2021	neurogenesis (GO:0022008)	1/44	0.1468812343517973	0.1791291976630093	0	0	6.51326564035375	12.493296399483071	CXCR4	12.0
GO_Biological_Process_2021	neurotransmitter secretion (GO:0007269)	1/44	0.1468812343517973	0.1791291976630093	0	0	6.51326564035375	12.493296399483071	SNCA	12.0
GO_Biological_Process_2021	homotypic cell-cell adhesion (GO:0034109)	1/44	0.1468812343517973	0.1791291976630093	0	0	6.51326564035375	12.493296399483071	ILK	12.0
GO_Biological_Process_2021	positive regulation of osteoblast differentiation (GO:0045669)	1/44	0.1468812343517973	0.1791291976630093	0	0	6.51326564035375	12.493296399483071	TP63	12.0
GO_Biological_Process_2021	positive regulation of potassium ion transmembrane transport (GO:1901381)	1/44	0.1468812343517973	0.1791291976630093	0	0	6.51326564035375	12.493296399483071	KCNJ2	12.0
GO_Biological_Process_2021	regulation of mitotic cell cycle phase transition (GO:1901990)	2/188	0.1470439930926477	0.179184113280232	0	0	3.032565284178188	5.813498806601508	PLK1;UBE2E1	12.0
GO_Biological_Process_2021	action potential (GO:0001508)	1/45	0.1499592289221544	0.18128510438405	0	0	6.364916773367478	12.076741078165709	KCNJ2	12.0
GO_Biological_Process_2021	regulation of DNA repair (GO:0006282)	1/45	0.1499592289221544	0.18128510438405	0	0	6.364916773367478	12.076741078165709	PML	12.0
GO_Biological_Process_2021	regulation of insulin receptor signaling pathway (GO:0046626)	1/45	0.1499592289221544	0.18128510438405	0	0	6.364916773367478	12.076741078165709	SOCS1	12.0
GO_Biological_Process_2021	neural crest cell development (GO:0014032)	1/45	0.1499592289221544	0.18128510438405	0	0	6.364916773367478	12.076741078165709	ERBB4	12.0
GO_Biological_Process_2021	chromosome condensation (GO:0030261)	1/45	0.1499592289221544	0.18128510438405	0	0	6.364916773367478	12.076741078165709	PLK1	12.0
GO_Biological_Process_2021	positive regulation of chemotaxis (GO:0050921)	1/45	0.1499592289221544	0.18128510438405	0	0	6.364916773367478	12.076741078165709	THBS1	12.0
GO_Biological_Process_2021	positive regulation of Notch signaling pathway (GO:0045747)	1/45	0.1499592289221544	0.18128510438405	0	0	6.364916773367478	12.076741078165709	TP63	12.0
GO_Biological_Process_2021	microtubule bundle formation (GO:0001578)	1/45	0.1499592289221544	0.18128510438405	0	0	6.364916773367478	12.076741078165709	PLK1	12.0
GO_Biological_Process_2021	mitotic G2/M transition checkpoint (GO:0044818)	1/45	0.1499592289221544	0.18128510438405	0	0	6.364916773367478	12.076741078165709	PLK1	12.0
GO_Biological_Process_2021	zymogen activation (GO:0031638)	1/45	0.1499592289221544	0.18128510438405	0	0	6.364916773367478	12.076741078165709	CASP8	12.0
GO_Biological_Process_2021	regulation of cellular protein localization (GO:1903827)	1/46	0.1530262720346209	0.1836797997134803	0	0	6.223161189358373	11.68178001613074	SUMO3	12.0
GO_Biological_Process_2021	regulation of double-strand break repair via homologous recombination (GO:0010569)	1/46	0.1530262720346209	0.1836797997134803	0	0	6.223161189358373	11.68178001613074	RAD51	12.0
GO_Biological_Process_2021	negative regulation of tumor necrosis factor production (GO:0032720)	1/46	0.1530262720346209	0.1836797997134803	0	0	6.223161189358373	11.68178001613074	RARA	12.0
GO_Biological_Process_2021	positive regulation of nucleocytoplasmic transport (GO:0046824)	1/46	0.1530262720346209	0.1836797997134803	0	0	6.223161189358373	11.68178001613074	TP53	12.0
GO_Biological_Process_2021	positive regulation of response to stimulus (GO:0048584)	1/46	0.1530262720346209	0.1836797997134803	0	0	6.223161189358373	11.68178001613074	ILK	12.0
GO_Biological_Process_2021	positive regulation of smooth muscle cell proliferation (GO:0048661)	1/46	0.1530262720346209	0.1836797997134803	0	0	6.223161189358373	11.68178001613074	THBS1	12.0
GO_Biological_Process_2021	postreplication repair (GO:0006301)	1/46	0.1530262720346209	0.1836797997134803	0	0	6.223161189358373	11.68178001613074	RPA1	12.0
GO_Biological_Process_2021	posttranscriptional regulation of gene expression (GO:0010608)	1/46	0.1530262720346209	0.1836797997134803	0	0	6.223161189358373	11.68178001613074	PER1	12.0
GO_Biological_Process_2021	vesicle organization (GO:0016050)	1/46	0.1530262720346209	0.1836797997134803	0	0	6.223161189358373	11.68178001613074	CAV1	12.0
GO_Biological_Process_2021	protein localization to membrane (GO:0072657)	2/195	0.1557926621024443	0.1866122670413145	0	0	2.921539600296077	5.431811864833828	CAV1;TNFRSF1A	12.0
GO_Biological_Process_2021	epithelial to mesenchymal transition (GO:0001837)	1/47	0.1560824020654359	0.1866122670413145	0	0	6.087568891610533	11.306875093600627	FGFR1	12.0
GO_Biological_Process_2021	regulation of wound healing (GO:0061041)	1/47	0.1560824020654359	0.1866122670413145	0	0	6.087568891610533	11.306875093600627	CAV1	12.0
GO_Biological_Process_2021	histone deacetylation (GO:0016575)	1/47	0.1560824020654359	0.1866122670413145	0	0	6.087568891610533	11.306875093600627	PER1	12.0
GO_Biological_Process_2021	telomere organization (GO:0032200)	1/47	0.1560824020654359	0.1866122670413145	0	0	6.087568891610533	11.306875093600627	RPA1	12.0
GO_Biological_Process_2021	base-excision repair (GO:0006284)	1/48	0.1591276572942807	0.1890650229522991	0	0	5.957746478873239	10.950627114887546	RPA1	12.0
GO_Biological_Process_2021	cellular response to alcohol (GO:0097306)	1/48	0.1591276572942807	0.1890650229522991	0	0	5.957746478873239	10.950627114887546	RAD51	12.0
GO_Biological_Process_2021	negative regulation of tumor necrosis factor superfamily cytokine production (GO:1903556)	1/48	0.1591276572942807	0.1890650229522991	0	0	5.957746478873239	10.950627114887546	RARA	12.0
GO_Biological_Process_2021	regulation of protein metabolic process (GO:0051246)	1/48	0.1591276572942807	0.1890650229522991	0	0	5.957746478873239	10.950627114887546	MAPK8	12.0
GO_Biological_Process_2021	positive regulation of endocytosis (GO:0045807)	1/48	0.1591276572942807	0.1890650229522991	0	0	5.957746478873239	10.950627114887546	SNCA	12.0
GO_Biological_Process_2021	histone H4 acetylation (GO:0043967)	1/48	0.1591276572942807	0.1890650229522991	0	0	5.957746478873239	10.950627114887546	PER1	12.0
GO_Biological_Process_2021	substrate adhesion-dependent cell spreading (GO:0034446)	1/48	0.1591276572942807	0.1890650229522991	0	0	5.957746478873239	10.950627114887546	ILK	12.0
GO_Biological_Process_2021	myelination (GO:0042552)	1/48	0.1591276572942807	0.1890650229522991	0	0	5.957746478873239	10.950627114887546	CXCR4	12.0
GO_Biological_Process_2021	regulation of signal transduction (GO:0009966)	2/198	0.1595728880321379	0.1894461276013369	0	0	2.8763848396501457	5.2788981714619965	ERBB3;ILK	12.0
GO_Biological_Process_2021	negative regulation of catabolic process (GO:0009895)	1/49	0.1621620759393262	0.1917720898054813	0	0	5.833333333333333	10.611760688222162	ALK	12.0
GO_Biological_Process_2021	adherens junction organization (GO:0034332)	1/49	0.1621620759393262	0.1917720898054813	0	0	5.833333333333333	10.611760688222162	CDH5	12.0
GO_Biological_Process_2021	regulation of interferon-beta production (GO:0032648)	1/49	0.1621620759393262	0.1917720898054813	0	0	5.833333333333333	10.611760688222162	REL	12.0
GO_Biological_Process_2021	response to glucose (GO:0009749)	1/49	0.1621620759393262	0.1917720898054813	0	0	5.833333333333333	10.611760688222162	THBS1	12.0
GO_Biological_Process_2021	mitotic cytokinesis (GO:0000281)	1/49	0.1621620759393262	0.1917720898054813	0	0	5.833333333333333	10.611760688222162	PLK1	12.0
GO_Biological_Process_2021	neuron migration (GO:0001764)	1/50	0.1651856959101235	0.1948935109885334	0	0	5.713998275366484	10.28911103101624	FGFR1	12.0
GO_Biological_Process_2021	positive regulation of cell morphogenesis involved in differentiation (GO:0010770)	1/50	0.1651856959101235	0.1948935109885334	0	0	5.713998275366484	10.28911103101624	ILK	12.0
GO_Biological_Process_2021	iron ion transport (GO:0006826)	1/50	0.1651856959101235	0.1948935109885334	0	0	5.713998275366484	10.28911103101624	FTH1	12.0
GO_Biological_Process_2021	blood circulation (GO:0008015)	1/51	0.1681985552019509	0.1973771788877172	0	0	5.599436619718309	9.981612391566651	SOD1	12.0
GO_Biological_Process_2021	regulation of interleukin-12 production (GO:0032655)	1/51	0.1681985552019509	0.1973771788877172	0	0	5.599436619718309	9.981612391566651	THBS1	12.0
GO_Biological_Process_2021	cholesterol transport (GO:0030301)	1/51	0.1681985552019509	0.1973771788877172	0	0	5.599436619718309	9.981612391566651	CAV1	12.0
GO_Biological_Process_2021	regulation of substrate adhesion-dependent cell spreading (GO:1900024)	1/51	0.1681985552019509	0.1973771788877172	0	0	5.599436619718309	9.981612391566651	ILK	12.0
GO_Biological_Process_2021	positive regulation of fat cell differentiation (GO:0045600)	1/51	0.1681985552019509	0.1973771788877172	0	0	5.599436619718309	9.981612391566651	PPARG	12.0
GO_Biological_Process_2021	inositol lipid-mediated signaling (GO:0048017)	1/51	0.1681985552019509	0.1973771788877172	0	0	5.599436619718309	9.981612391566651	FGFR1	12.0
GO_Biological_Process_2021	mesenchymal cell differentiation (GO:0048762)	1/51	0.1681985552019509	0.1973771788877172	0	0	5.599436619718309	9.981612391566651	FGFR1	12.0
GO_Biological_Process_2021	negative regulation of BMP signaling pathway (GO:0030514)	1/52	0.1712006915092137	0.199515660395883	0	0	5.489367578017123	9.688287907320335	PPARG	12.0
GO_Biological_Process_2021	negative regulation of protein metabolic process (GO:0051248)	1/52	0.1712006915092137	0.199515660395883	0	0	5.489367578017123	9.688287907320335	NFKB1	12.0
GO_Biological_Process_2021	regulation of exocytosis (GO:0017157)	1/52	0.1712006915092137	0.199515660395883	0	0	5.489367578017123	9.688287907320335	SNCA	12.0
GO_Biological_Process_2021	regulation of release of sequestered calcium ion into cytosol (GO:0051279)	1/52	0.1712006915092137	0.199515660395883	0	0	5.489367578017123	9.688287907320335	SNCA	12.0
GO_Biological_Process_2021	fatty acid beta-oxidation (GO:0006635)	1/52	0.1712006915092137	0.199515660395883	0	0	5.489367578017123	9.688287907320335	ECI2	12.0
GO_Biological_Process_2021	regulation of telomere maintenance via telomerase (GO:0032210)	1/52	0.1712006915092137	0.199515660395883	0	0	5.489367578017123	9.688287907320335	TNKS	12.0
GO_Biological_Process_2021	response to peptide hormone (GO:0043434)	1/52	0.1712006915092137	0.199515660395883	0	0	5.489367578017123	9.688287907320335	CAV1	12.0
GO_Biological_Process_2021	signal transduction in response to DNA damage (GO:0042770)	1/52	0.1712006915092137	0.199515660395883	0	0	5.489367578017123	9.688287907320335	TP53	12.0
GO_Biological_Process_2021	sprouting angiogenesis (GO:0002040)	1/52	0.1712006915092137	0.199515660395883	0	0	5.489367578017123	9.688287907320335	THBS1	12.0
GO_Biological_Process_2021	mitotic cell cycle phase transition (GO:0044772)	2/209	0.1735757545539225	0.2021287669709794	0	0	2.722015182884748	4.7666327955441465	CDK7;PLK1	12.0
GO_Biological_Process_2021	bicellular tight junction assembly (GO:0070830)	1/53	0.1741921424776707	0.2022276436697291	0	0	5.383531960996749	9.408240653917506	CDH5	12.0
GO_Biological_Process_2021	regulation of DNA replication (GO:0006275)	1/53	0.1741921424776707	0.2022276436697291	0	0	5.383531960996749	9.408240653917506	GMNN	12.0
GO_Biological_Process_2021	epidermal cell differentiation (GO:0009913)	1/53	0.1741921424776707	0.2022276436697291	0	0	5.383531960996749	9.408240653917506	TGM1	12.0
GO_Biological_Process_2021	positive regulation of NIK/NF-kappaB signaling (GO:1901224)	1/53	0.1741921424776707	0.2022276436697291	0	0	5.383531960996749	9.408240653917506	ILK	12.0
GO_Biological_Process_2021	regulation of focal adhesion assembly (GO:0051893)	1/54	0.1771729455832538	0.2052185868932361	0	0	5.28169014084507	9.140645755790116	THBS1	12.0
GO_Biological_Process_2021	regulation of megakaryocyte differentiation (GO:0045652)	1/54	0.1771729455832538	0.2052185868932361	0	0	5.28169014084507	9.140645755790116	THBS1	12.0
GO_Biological_Process_2021	positive regulation of leukocyte chemotaxis (GO:0002690)	1/54	0.1771729455832538	0.2052185868932361	0	0	5.28169014084507	9.140645755790116	THBS1	12.0
GO_Biological_Process_2021	protein sumoylation (GO:0016925)	1/55	0.1801431382358356	0.2078679730060211	0	0	5.183620239958268	8.884743398199696	SUMO3	12.0
GO_Biological_Process_2021	negative regulation of protein modification by small protein conjugation or removal (GO:1903321)	1/55	0.1801431382358356	0.2078679730060211	0	0	5.183620239958268	8.884743398199696	CAV1	12.0
GO_Biological_Process_2021	regulation of gene silencing by RNA (GO:0060966)	1/55	0.1801431382358356	0.2078679730060211	0	0	5.183620239958268	8.884743398199696	EIF4G1	12.0
GO_Biological_Process_2021	regulation of posttranscriptional gene silencing (GO:0060147)	1/55	0.1801431382358356	0.2078679730060211	0	0	5.183620239958268	8.884743398199696	EIF4G1	12.0
GO_Biological_Process_2021	triglyceride metabolic process (GO:0006641)	1/55	0.1801431382358356	0.2078679730060211	0	0	5.183620239958268	8.884743398199696	CAV1	12.0
GO_Biological_Process_2021	protein-containing complex disassembly (GO:0032984)	1/56	0.1831027576288948	0.2104851941927326	0	0	5.089116517285532	8.639832636704401	CAV1	12.0
GO_Biological_Process_2021	blood vessel morphogenesis (GO:0048514)	1/56	0.1831027576288948	0.2104851941927326	0	0	5.089116517285532	8.639832636704401	CAV1	12.0
GO_Biological_Process_2021	positive regulation of interleukin-1 beta production (GO:0032731)	1/56	0.1831027576288948	0.2104851941927326	0	0	5.089116517285532	8.639832636704401	CASP8	12.0
GO_Biological_Process_2021	sensory organ development (GO:0007423)	1/56	0.1831027576288948	0.2104851941927326	0	0	5.089116517285532	8.639832636704401	SOX2	12.0
GO_Biological_Process_2021	tight junction assembly (GO:0120192)	1/56	0.1831027576288948	0.2104851941927326	0	0	5.089116517285532	8.639832636704401	CDH5	12.0
GO_Biological_Process_2021	external encapsulating structure organization (GO:0045229)	2/217	0.1838839842596431	0.2112237162590013	0	0	2.6196677740863787	4.43627702222097	TGM1;THBS1	12.0
GO_Biological_Process_2021	positive regulation of cell junction assembly (GO:1901890)	1/57	0.1860518408996662	0.2135527163267662	0	0	4.997987927565393	8.4052658855076	CAV1	12.0
GO_Biological_Process_2021	regulation of calcium ion transport (GO:0051924)	1/58	0.1889904250257408	0.2159485186855687	0	0	4.910056832221398	8.180444014676121	CAMK2G	12.0
GO_Biological_Process_2021	chordate embryonic development (GO:0043009)	1/58	0.1889904250257408	0.2159485186855687	0	0	4.910056832221398	8.180444014676121	FGFR1	12.0
GO_Biological_Process_2021	eye development (GO:0001654)	1/58	0.1889904250257408	0.2159485186855687	0	0	4.910056832221398	8.180444014676121	SOX2	12.0
GO_Biological_Process_2021	fat cell differentiation (GO:0045444)	1/58	0.1889904250257408	0.2159485186855687	0	0	4.910056832221398	8.180444014676121	PPARG	12.0
GO_Biological_Process_2021	positive regulation of mitotic cell cycle phase transition (GO:1901992)	1/58	0.1889904250257408	0.2159485186855687	0	0	4.910056832221398	8.180444014676121	EIF4G1	12.0
GO_Biological_Process_2021	muscle organ development (GO:0007517)	1/58	0.1889904250257408	0.2159485186855687	0	0	4.910056832221398	8.180444014676121	TAGLN	12.0
GO_Biological_Process_2021	cellular protein metabolic process (GO:0044267)	3/417	0.189878088414966	0.2168000379351675	0	0	2.0493593782818738	3.404750446338383	TGM1;ALB;EIF4G1	12.0
GO_Biological_Process_2021	fatty acid oxidation (GO:0019395)	1/59	0.1919185468550104	0.2189655384657615	0	0	4.825157843613405	7.964811969835143	ECI2	12.0
GO_Biological_Process_2021	apical junction assembly (GO:0043297)	1/60	0.1948362431059409	0.2219616482090135	0	0	4.743136786822631	7.757854854821752	CDH5	12.0
GO_Biological_Process_2021	cellular protein catabolic process (GO:0044257)	1/60	0.1948362431059409	0.2219616482090135	0	0	4.743136786822631	7.757854854821752	CASP8	12.0
GO_Biological_Process_2021	B cell differentiation (GO:0030183)	1/61	0.197743550393761	0.2244337686049994	0	0	4.663849765258216	7.559094420263122	DCAF1	12.0
GO_Biological_Process_2021	regulation of endocytosis (GO:0030100)	1/61	0.197743550393761	0.2244337686049994	0	0	4.663849765258216	7.559094420263122	SNCA	12.0
GO_Biological_Process_2021	negative regulation of response to stimulus (GO:0048585)	1/61	0.197743550393761	0.2244337686049994	0	0	4.663849765258216	7.559094420263122	ERBB3	12.0
GO_Biological_Process_2021	positive regulation of DNA biosynthetic process (GO:2000573)	1/61	0.197743550393761	0.2244337686049994	0	0	4.663849765258216	7.559094420263122	TNKS	12.0
GO_Biological_Process_2021	response to light stimulus (GO:0009416)	1/61	0.197743550393761	0.2244337686049994	0	0	4.663849765258216	7.559094420263122	MAPK8	12.0
GO_Biological_Process_2021	negative regulation of kinase activity (GO:0033673)	1/62	0.2006405051722728	0.2272134292203864	0	0	4.587162318171323	7.368085912659957	SNCA	12.0
GO_Biological_Process_2021	positive regulation of cysteine-type endopeptidase activity (GO:2001056)	1/62	0.2006405051722728	0.2272134292203864	0	0	4.587162318171323	7.368085912659957	CASP8	12.0
GO_Biological_Process_2021	positive regulation of interleukin-1 production (GO:0032732)	1/62	0.2006405051722728	0.2272134292203864	0	0	4.587162318171323	7.368085912659957	CASP8	12.0
GO_Biological_Process_2021	regulation of autophagy (GO:0010506)	2/231	0.2021297215095622	0.2287296922955789	0	0	2.4577666874610107	3.9295894589965776	MAPK8;EIF4G1	12.0
GO_Biological_Process_2021	amyloid fibril formation (GO:1990000)	1/63	0.203527143797723	0.2297984516766575	0	0	4.512948659700136	7.184415237259634	SNCA	12.0
GO_Biological_Process_2021	cell cycle G1/S phase transition (GO:0044843)	1/63	0.203527143797723	0.2297984516766575	0	0	4.512948659700136	7.184415237259634	CDK7	12.0
GO_Biological_Process_2021	positive regulation of viral process (GO:0048524)	1/63	0.203527143797723	0.2297984516766575	0	0	4.512948659700136	7.184415237259634	CCNT1	12.0
GO_Biological_Process_2021	protein secretion (GO:0009306)	1/64	0.2064035024830475	0.2320133905311656	0	0	4.4410909903867655	7.007696404025309	CAMK2G	12.0
GO_Biological_Process_2021	regulation of cellular ketone metabolic process (GO:0010565)	1/64	0.2064035024830475	0.2320133905311656	0	0	4.4410909903867655	7.007696404025309	CAV1	12.0
GO_Biological_Process_2021	regulation of cilium assembly (GO:1902017)	1/64	0.2064035024830475	0.2320133905311656	0	0	4.4410909903867655	7.007696404025309	CYLD	12.0
GO_Biological_Process_2021	plasma membrane organization (GO:0007009)	1/64	0.2064035024830475	0.2320133905311656	0	0	4.4410909903867655	7.007696404025309	CXCR4	12.0
GO_Biological_Process_2021	lipid homeostasis (GO:0055088)	1/64	0.2064035024830475	0.2320133905311656	0	0	4.4410909903867655	7.007696404025309	PPARG	12.0
GO_Biological_Process_2021	pre-replicative complex assembly (GO:0036388)	1/64	0.2064035024830475	0.2320133905311656	0	0	4.4410909903867655	7.007696404025309	GMNN	12.0
GO_Biological_Process_2021	regulation of cell-matrix adhesion (GO:0001952)	1/65	0.2092696173349877	0.2345422368069597	0	0	4.371478873239437	6.837569220526326	THBS1	12.0
GO_Biological_Process_2021	cellular response to type I interferon (GO:0071357)	1/65	0.2092696173349877	0.2345422368069597	0	0	4.371478873239437	6.837569220526326	SAMHD1	12.0
GO_Biological_Process_2021	chemical homeostasis (GO:0048878)	1/65	0.2092696173349877	0.2345422368069597	0	0	4.371478873239437	6.837569220526326	PPARG	12.0
GO_Biological_Process_2021	type I interferon signaling pathway (GO:0060337)	1/65	0.2092696173349877	0.2345422368069597	0	0	4.371478873239437	6.837569220526326	SAMHD1	12.0
GO_Biological_Process_2021	cell-cell junction assembly (GO:0007043)	1/66	0.2121255243121104	0.2373934176492883	0	0	4.304008667388949	6.673697207776293	CDH5	12.0
GO_Biological_Process_2021	regulation of protein localization (GO:0032880)	1/66	0.2121255243121104	0.2373934176492883	0	0	4.304008667388949	6.673697207776293	MAPK8	12.0
GO_Biological_Process_2021	nervous system development (GO:0007399)	3/447	0.2176620182992254	0.2426808475425468	0	0	1.90795142969056	2.90926684245118	ERBB3;ERBB4;CXCR4	12.0
GO_Biological_Process_2021	canonical Wnt signaling pathway (GO:0060070)	1/68	0.2178068579126931	0.2426808475425468	0	0	4.175110363674585	6.363480189334428	CAV1	12.0
GO_Biological_Process_2021	negative regulation of transforming growth factor beta receptor signaling pathway (GO:0030512)	1/68	0.2178068579126931	0.2426808475425468	0	0	4.175110363674585	6.363480189334428	CAV1	12.0
GO_Biological_Process_2021	regulation of myeloid cell differentiation (GO:0045637)	1/68	0.2178068579126931	0.2426808475425468	0	0	4.175110363674585	6.363480189334428	THBS1	12.0
GO_Biological_Process_2021	regulation of translational initiation (GO:0006446)	1/68	0.2178068579126931	0.2426808475425468	0	0	4.175110363674585	6.363480189334428	EIF4G1	12.0
GO_Biological_Process_2021	positive regulation of protein localization to nucleus (GO:1900182)	1/68	0.2178068579126931	0.2426808475425468	0	0	4.175110363674585	6.363480189334428	PLK1	12.0
GO_Biological_Process_2021	negative regulation of cellular catabolic process (GO:0031330)	1/69	0.2206323558440396	0.2452903181845349	0	0	4.113504556752279	6.216564657571732	EIF4G1	12.0
GO_Biological_Process_2021	cell chemotaxis (GO:0060326)	1/69	0.2206323558440396	0.2452903181845349	0	0	4.113504556752279	6.216564657571732	CXCR4	12.0
GO_Biological_Process_2021	positive regulation of MAP kinase activity (GO:0043406)	1/69	0.2206323558440396	0.2452903181845349	0	0	4.113504556752279	6.216564657571732	FGFR1	12.0
GO_Biological_Process_2021	carbohydrate homeostasis (GO:0033500)	1/70	0.2234477885285749	0.2475164003933705	0	0	4.053684425392937	6.074760274395956	PPARG	12.0
GO_Biological_Process_2021	negative regulation of viral process (GO:0048525)	1/70	0.2234477885285749	0.2475164003933705	0	0	4.053684425392937	6.074760274395956	PML	12.0
GO_Biological_Process_2021	DNA-templated transcription, termination (GO:0006353)	1/70	0.2234477885285749	0.2475164003933705	0	0	4.053684425392937	6.074760274395956	CDK7	12.0
GO_Biological_Process_2021	fatty acid catabolic process (GO:0009062)	1/70	0.2234477885285749	0.2475164003933705	0	0	4.053684425392937	6.074760274395956	ECI2	12.0
GO_Biological_Process_2021	positive regulation of cell-substrate adhesion (GO:0010811)	1/70	0.2234477885285749	0.2475164003933705	0	0	4.053684425392937	6.074760274395956	ILK	12.0
GO_Biological_Process_2021	regulation of G1/S transition of mitotic cell cycle (GO:2000045)	1/71	0.2262531913516949	0.2497152699327626	0	0	3.995573440643863	5.937824051843299	EIF4G1	12.0
GO_Biological_Process_2021	regulation of hematopoietic stem cell differentiation (GO:1902036)	1/71	0.2262531913516949	0.2497152699327626	0	0	3.995573440643863	5.937824051843299	MYB	12.0
GO_Biological_Process_2021	cholesterol homeostasis (GO:0042632)	1/71	0.2262531913516949	0.2497152699327626	0	0	3.995573440643863	5.937824051843299	CAV1	12.0
GO_Biological_Process_2021	positive regulation of cellular protein localization (GO:1903829)	1/71	0.2262531913516949	0.2497152699327626	0	0	3.995573440643863	5.937824051843299	PLK1	12.0
GO_Biological_Process_2021	histone acetylation (GO:0016573)	1/71	0.2262531913516949	0.2497152699327626	0	0	3.995573440643863	5.937824051843299	PER1	12.0
GO_Biological_Process_2021	cell morphogenesis involved in differentiation (GO:0000904)	1/72	0.2290485995370204	0.2520693915367643	0	0	3.9390993850426494	5.805527681891608	ILK	12.0
GO_Biological_Process_2021	cytoskeleton-dependent cytokinesis (GO:0061640)	1/72	0.2290485995370204	0.2520693915367643	0	0	3.9390993850426494	5.805527681891608	PLK1	12.0
GO_Biological_Process_2021	sterol homeostasis (GO:0055092)	1/72	0.2290485995370204	0.2520693915367643	0	0	3.9390993850426494	5.805527681891608	CAV1	12.0
GO_Biological_Process_2021	positive regulation of secretion by cell (GO:1903532)	1/72	0.2290485995370204	0.2520693915367643	0	0	3.9390993850426494	5.805527681891608	SNCA	12.0
GO_Biological_Process_2021	negative regulation of cell adhesion (GO:0007162)	1/73	0.2318340481314367	0.2543990059524489	0	0	3.884194053208138	5.677656463396951	ERBB3	12.0
GO_Biological_Process_2021	chromatin assembly (GO:0031497)	1/73	0.2318340481314367	0.2543990059524489	0	0	3.884194053208138	5.677656463396951	TP53	12.0
GO_Biological_Process_2021	defense response to Gram-negative bacterium (GO:0050829)	1/73	0.2318340481314367	0.2543990059524489	0	0	3.884194053208138	5.677656463396951	AQP1	12.0
GO_Biological_Process_2021	response to molecule of bacterial origin (GO:0002237)	1/73	0.2318340481314367	0.2543990059524489	0	0	3.884194053208138	5.677656463396951	SNCA	12.0
GO_Biological_Process_2021	proteolysis involved in cellular protein catabolic process (GO:0051603)	1/74	0.2346095722180042	0.2568890423854694	0	0	3.830792977040324	5.554008317103728	CASP8	12.0
GO_Biological_Process_2021	NIK/NF-kappaB signaling (GO:0038061)	1/74	0.2346095722180042	0.2568890423854694	0	0	3.830792977040324	5.554008317103728	REL	12.0
GO_Biological_Process_2021	mitotic nuclear division (GO:0140014)	1/74	0.2346095722180042	0.2568890423854694	0	0	3.830792977040324	5.554008317103728	PLK1	12.0
GO_Biological_Process_2021	regulation of hematopoietic progenitor cell differentiation (GO:1901532)	1/75	0.2373752065922487	0.2589857092712563	0	0	3.7788351732013705	5.4343928925821645	MYB	12.0
GO_Biological_Process_2021	nucleic acid phosphodiester bond hydrolysis (GO:0090305)	1/75	0.2373752065922487	0.2589857092712563	0	0	3.7788351732013705	5.4343928925821645	RPA1	12.0
GO_Biological_Process_2021	fibroblast growth factor receptor signaling pathway (GO:0008543)	1/75	0.2373752065922487	0.2589857092712563	0	0	3.7788351732013705	5.4343928925821645	FGFR1	12.0
GO_Biological_Process_2021	positive regulation of immune response (GO:0050778)	1/75	0.2373752065922487	0.2589857092712563	0	0	3.7788351732013705	5.4343928925821645	MYB	12.0
GO_Biological_Process_2021	integrin-mediated signaling pathway (GO:0007229)	1/75	0.2373752065922487	0.2589857092712563	0	0	3.7788351732013705	5.4343928925821645	ILK	12.0
GO_Biological_Process_2021	positive regulation of growth (GO:0045927)	1/76	0.2401309860024339	0.2618046996387567	0	0	3.728262910798122	5.318630740466146	EIF4G1	12.0
GO_Biological_Process_2021	positive regulation of endothelial cell proliferation (GO:0001938)	1/77	0.2428769450992916	0.2642306722238183	0	0	3.679021497405485	5.206552557410358	FGFR1	12.0
GO_Biological_Process_2021	positive regulation of tumor necrosis factor production (GO:0032760)	1/77	0.2428769450992916	0.2642306722238183	0	0	3.679021497405485	5.206552557410358	THBS1	12.0
GO_Biological_Process_2021	positive regulation of type I interferon production (GO:0032481)	1/77	0.2428769450992916	0.2642306722238183	0	0	3.679021497405485	5.206552557410358	NFKB1	12.0
GO_Biological_Process_2021	negative regulation of apoptotic signaling pathway (GO:2001234)	1/78	0.245613118346404	0.2668259572614039	0	0	3.6310590817633073	5.097998492871873	THBS1	12.0
GO_Biological_Process_2021	protein modification process (GO:0036211)	1/78	0.245613118346404	0.2668259572614039	0	0	3.6310590817633073	5.097998492871873	TGM1	12.0
GO_Biological_Process_2021	regulation of fat cell differentiation (GO:0045598)	1/80	0.2510562448216857	0.2721564135460154	0	0	3.538776965591014	4.890866788979064	PPARG	12.0
GO_Biological_Process_2021	regulation of organelle organization (GO:0033043)	1/80	0.2510562448216857	0.2721564135460154	0	0	3.538776965591014	4.890866788979064	MSN	12.0
GO_Biological_Process_2021	response to interferon-gamma (GO:0034341)	1/80	0.2510562448216857	0.2721564135460154	0	0	3.538776965591014	4.890866788979064	SNCA	12.0
GO_Biological_Process_2021	positive regulation of tumor necrosis factor superfamily cytokine production (GO:1903557)	1/81	0.2537632664938791	0.2748951541663231	0	0	3.4943661971830986	4.7920112038199125	THBS1	12.0
GO_Biological_Process_2021	cell-cell junction organization (GO:0045216)	1/82	0.2564606390908813	0.2774222407223321	0	0	3.4510519909580943	4.696122804282405	CDH5	12.0
GO_Biological_Process_2021	regulation of gene expression, epigenetic (GO:0040029)	1/82	0.2564606390908813	0.2774222407223321	0	0	3.4510519909580943	4.696122804282405	BMI1	12.0
GO_Biological_Process_2021	regulation of interleukin-1 beta production (GO:0032651)	1/83	0.2591483966202001	0.2795672073539947	0	0	3.4087942287873583	4.603080358615049	CASP8	12.0
GO_Biological_Process_2021	peptide metabolic process (GO:0006518)	1/83	0.2591483966202001	0.2795672073539947	0	0	3.4087942287873583	4.603080358615049	SOD1	12.0
GO_Biological_Process_2021	regulation of Notch signaling pathway (GO:0008593)	1/83	0.2591483966202001	0.2795672073539947	0	0	3.4087942287873583	4.603080358615049	TP63	12.0
GO_Biological_Process_2021	inorganic cation transmembrane transport (GO:0098662)	2/274	0.2591782717322513	0.2795672073539947	0	0	2.0647058823529414	2.7878467077656257	ATP12A;KCNJ2	12.0
GO_Biological_Process_2021	regulation of cytokinesis (GO:0032465)	1/84	0.2618265728542429	0.281625472709652	0	0	3.3675547259460377	4.512768928762884	PLK1	12.0
GO_Biological_Process_2021	response to insulin (GO:0032868)	1/84	0.2618265728542429	0.281625472709652	0	0	3.3675547259460377	4.512768928762884	PPARG	12.0
GO_Biological_Process_2021	spindle assembly (GO:0051225)	1/84	0.2618265728542429	0.281625472709652	0	0	3.3675547259460377	4.512768928762884	TNKS	12.0
GO_Biological_Process_2021	lymphocyte differentiation (GO:0030098)	1/84	0.2618265728542429	0.281625472709652	0	0	3.3675547259460377	4.512768928762884	DCAF1	12.0
GO_Biological_Process_2021	G1/S transition of mitotic cell cycle (GO:0000082)	1/85	0.2644952014648902	0.2840943518910112	0	0	3.3272971160295106	4.425079472950753	CDK7	12.0
GO_Biological_Process_2021	positive regulation of protein catabolic process (GO:0045732)	1/85	0.2644952014648902	0.2840943518910112	0	0	3.3272971160295106	4.425079472950753	MSN	12.0
GO_Biological_Process_2021	regulation of interferon-gamma production (GO:0032649)	1/86	0.2671543160230924	0.2865460669394973	0	0	3.287986743993372	4.3399084793012666	RARA	12.0
GO_Biological_Process_2021	glucose homeostasis (GO:0042593)	1/86	0.2671543160230924	0.2865460669394973	0	0	3.287986743993372	4.3399084793012666	PPARG	12.0
GO_Biological_Process_2021	regulation of transcription from RNA polymerase II promoter in response to stress (GO:0043618)	1/87	0.2698039499235737	0.2889807260968889	0	0	3.2495905666557485	4.257157627032457	TP53	12.0
GO_Biological_Process_2021	sodium ion transmembrane transport (GO:0035725)	1/87	0.2698039499235737	0.2889807260968889	0	0	3.2495905666557485	4.257157627032457	ATP12A	12.0
GO_Biological_Process_2021	sensory perception of mechanical stimulus (GO:0050954)	1/88	0.272444136572168	0.2911938032744661	0	0	3.2120770600615187	4.176733468900318	SOD1	12.0
GO_Biological_Process_2021	positive regulation of neuron projection development (GO:0010976)	1/88	0.272444136572168	0.2911938032744661	0	0	3.2120770600615187	4.176733468900318	ALK	12.0
GO_Biological_Process_2021	metal ion transport (GO:0030001)	1/88	0.272444136572168	0.2911938032744661	0	0	3.2120770600615187	4.176733468900318	CAV1	12.0
GO_Biological_Process_2021	regulation of endothelial cell migration (GO:0010594)	1/89	0.2750749091478496	0.2931820810385344	0	0	3.175416133162612	4.0985471412789165	THBS1	12.0
GO_Biological_Process_2021	second-messenger-mediated signaling (GO:0019932)	1/89	0.2750749091478496	0.2931820810385344	0	0	3.175416133162612	4.0985471412789165	CXCR4	12.0
GO_Biological_Process_2021	transforming growth factor beta receptor signaling pathway (GO:0007179)	1/89	0.2750749091478496	0.2931820810385344	0	0	3.175416133162612	4.0985471412789165	CDH5	12.0
GO_Biological_Process_2021	post-Golgi vesicle-mediated transport (GO:0006892)	1/89	0.2750749091478496	0.2931820810385344	0	0	3.175416133162612	4.0985471412789165	FTH1	12.0
GO_Biological_Process_2021	protein complex oligomerization (GO:0051259)	1/90	0.277696300685136	0.2957689080775206	0	0	3.1395790473176137	4.022514090878628	SNCA	12.0
GO_Biological_Process_2021	regulation of stem cell differentiation (GO:2000736)	1/91	0.2803083442643711	0.2979254888061262	0	0	3.1045383411580594	3.9485538193516256	MYB	12.0
GO_Biological_Process_2021	sensory perception of sound (GO:0007605)	1/91	0.2803083442643711	0.2979254888061262	0	0	3.1045383411580594	3.9485538193516256	SOD1	12.0
GO_Biological_Process_2021	toll-like receptor signaling pathway (GO:0002224)	1/91	0.2803083442643711	0.2979254888061262	0	0	3.1045383411580594	3.9485538193516256	CASP8	12.0
GO_Biological_Process_2021	cellular response to fibroblast growth factor stimulus (GO:0044344)	1/92	0.2829110726622836	0.3002724216122703	0	0	3.0702677604086053	3.876589651456705	FGFR1	12.0
GO_Biological_Process_2021	regulation of peptidyl-tyrosine phosphorylation (GO:0050730)	1/92	0.2829110726622836	0.3002724216122703	0	0	3.0702677604086053	3.876589651456705	TP53	12.0
GO_Biological_Process_2021	visual perception (GO:0007601)	1/93	0.2855045187228002	0.3028138519136598	0	0	3.03674219228414	3.806548511162165	KIFC3	12.0
GO_Biological_Process_2021	negative regulation of cellular protein metabolic process (GO:0032269)	1/94	0.2880887150253619	0.3047053678030582	0	0	3.0039376041193395	3.738360720374842	NFKB1	12.0
GO_Biological_Process_2021	negative regulation of MAPK cascade (GO:0043409)	1/94	0.2880887150253619	0.3047053678030582	0	0	3.0039376041193395	3.738360720374842	CAV1	12.0
GO_Biological_Process_2021	positive regulation of epithelial cell migration (GO:0010634)	1/94	0.2880887150253619	0.3047053678030582	0	0	3.0039376041193395	3.738360720374842	THBS1	12.0
GO_Biological_Process_2021	interleukin-1-mediated signaling pathway (GO:0070498)	1/94	0.2880887150253619	0.3047053678030582	0	0	3.0039376041193395	3.738360720374842	NFKB1	12.0
GO_Biological_Process_2021	ciliary basal body-plasma membrane docking (GO:0097711)	1/95	0.2906636941012361	0.306789280459141	0	0	2.971830985915493	3.671959805316938	PLK1	12.0
GO_Biological_Process_2021	sensory perception of light stimulus (GO:0050953)	1/95	0.2906636941012361	0.306789280459141	0	0	2.971830985915493	3.671959805316938	KIFC3	12.0
GO_Biological_Process_2021	mRNA metabolic process (GO:0016071)	1/95	0.2906636941012361	0.306789280459141	0	0	2.971830985915493	3.671959805316938	TP53	12.0
GO_Biological_Process_2021	regulation of vesicle-mediated transport (GO:0060627)	1/96	0.2932294883883848	0.3092829392426346	0	0	2.940400296515938	3.6072823184222926	USP7	12.0
GO_Biological_Process_2021	mRNA processing (GO:0006397)	2/300	0.2938996979790886	0.3097751664294826	0	0	1.8820709491850431	2.304627370326628	CDK7;PHF5A	12.0
GO_Biological_Process_2021	RNA splicing (GO:0008380)	1/98	0.2983336516633654	0.3142310158004444	0	0	2.879483084071439	3.4828579812315383	CDK12	12.0
GO_Biological_Process_2021	organic anion transport (GO:0015711)	1/99	0.3008720848743497	0.3166855554486585	0	0	2.849956884162116	3.4229979193514453	AQP1	12.0
GO_Biological_Process_2021	cell-matrix adhesion (GO:0007160)	1/100	0.3034014618596549	0.3189067851867367	0	0	2.821027173139849	3.3646345783285243	ILK	12.0
GO_Biological_Process_2021	positive regulation of translation (GO:0045727)	1/100	0.3034014618596549	0.3189067851867367	0	0	2.821027173139849	3.3646345783285243	THBS1	12.0
GO_Biological_Process_2021	calcium-mediated signaling (GO:0019722)	1/102	0.3084331743263414	0.3235253558405869	0	0	2.7648863477897088	3.2521977709861485	CXCR4	12.0
GO_Biological_Process_2021	positive regulation of cell growth (GO:0030307)	1/102	0.3084331743263414	0.3235253558405869	0	0	2.7648863477897088	3.2521977709861485	EIF4G1	12.0
GO_Biological_Process_2021	mitotic sister chromatid segregation (GO:0000070)	1/102	0.3084331743263414	0.3235253558405869	0	0	2.7648863477897088	3.2521977709861485	PLK1	12.0
GO_Biological_Process_2021	chromatin remodeling (GO:0006338)	1/103	0.3109355731721739	0.3259255801432842	0	0	2.7376415354874344	3.198029476414926	MYB	12.0
GO_Biological_Process_2021	cellular macromolecule biosynthetic process (GO:0034645)	2/314	0.3125316103797892	0.3273730977274874	0	0	1.7963369963369964	2.0892291358997097	RPA1;EIF4G1	12.0
GO_Biological_Process_2021	regulation of cell cycle process (GO:0010564)	1/106	0.3183893182917479	0.3325933716129308	0	0	2.659020791415158	3.043197108910819	PLK1	12.0
GO_Biological_Process_2021	chromosome organization (GO:0051276)	1/106	0.3183893182917479	0.3325933716129308	0	0	2.659020791415158	3.043197108910819	SOX2	12.0
GO_Biological_Process_2021	peptidyl-lysine modification (GO:0018205)	1/106	0.3183893182917479	0.3325933716129308	0	0	2.659020791415158	3.043197108910819	SUMO3	12.0
GO_Biological_Process_2021	small GTPase mediated signal transduction (GO:0007264)	1/106	0.3183893182917479	0.3325933716129308	0	0	2.659020791415158	3.043197108910819	TP53	12.0
GO_Biological_Process_2021	regulation of protein ubiquitination (GO:0031396)	1/109	0.3257635425626013	0.3400631768040323	0	0	2.5847678664580074	2.899032965423962	CAV1	12.0
GO_Biological_Process_2021	regulation of cytoskeleton organization (GO:0051493)	1/112	0.3330590825527741	0.3472026874283029	0	0	2.5145286131201625	2.7645617204222845	CYLD	12.0
GO_Biological_Process_2021	regulation of macroautophagy (GO:0016241)	1/112	0.3330590825527741	0.3472026874283029	0	0	2.5145286131201625	2.7645617204222845	MAPK8	12.0
GO_Biological_Process_2021	nuclear-transcribed mRNA catabolic process, nonsense-mediated decay (GO:0000184)	1/113	0.3354735871207825	0.3494803556453327	0	0	2.4919517102615694	2.721739692400628	EIF4G1	12.0
GO_Biological_Process_2021	cellular response to transforming growth factor beta stimulus (GO:0071560)	1/114	0.3378794715200135	0.3517459340994942	0	0	2.469774398604013	2.6798683269537578	CDH5	12.0
GO_Biological_Process_2021	calcium ion transport (GO:0006816)	1/115	0.3402767660636553	0.3535162033780775	0	0	2.4479861625895727	2.638919229320595	CAV1	12.0
GO_Biological_Process_2021	cellular response to lectin (GO:1990858)	1/115	0.3402767660636553	0.3535162033780775	0	0	2.4479861625895727	2.638919229320595	NFKB1	12.0
GO_Biological_Process_2021	stimulatory C-type lectin receptor signaling pathway (GO:0002223)	1/115	0.3402767660636553	0.3535162033780775	0	0	2.4479861625895727	2.638919229320595	NFKB1	12.0
GO_Biological_Process_2021	innate immune response activating cell surface receptor signaling pathway (GO:0002220)	1/119	0.3497806488626593	0.3631419833349028	0	0	2.3645261398901884	2.483814210163952	NFKB1	12.0
GO_Biological_Process_2021	regulation of mRNA catabolic process (GO:0061013)	1/122	0.3568198387171599	0.3701975422818796	0	0	2.3055523221976486	2.375927642307514	EIF4G1	12.0
GO_Biological_Process_2021	defense response to symbiont (GO:0140546)	1/124	0.361470828307882	0.3745123217730404	0	0	2.2678346501774875	2.307689433181221	SAMHD1	12.0
GO_Biological_Process_2021	fatty acid metabolic process (GO:0006631)	1/124	0.361470828307882	0.3745123217730404	0	0	2.2678346501774875	2.307689433181221	PPARG	12.0
GO_Biological_Process_2021	phosphatidylinositol biosynthetic process (GO:0006661)	1/126	0.3660886492078397	0.3787810496902325	0	0	2.231323943661972	2.242212277822495	SOCS1	12.0
GO_Biological_Process_2021	synapse organization (GO:0050808)	1/126	0.3660886492078397	0.3787810496902325	0	0	2.231323943661972	2.242212277822495	SNCA	12.0
GO_Biological_Process_2021	cellular response to insulin stimulus (GO:0032869)	1/129	0.3729536989216317	0.3856219631513068	0	0	2.1786971830985915	2.148851207382199	PPARG	12.0
GO_Biological_Process_2021	regulation of primary metabolic process (GO:0080090)	1/130	0.3752257161781965	0.3877077664787611	0	0	2.161698875423081	2.1189567368910525	PPARG	12.0
GO_Biological_Process_2021	defense response to virus (GO:0051607)	1/133	0.381993171491774	0.3941651572952406	0	0	2.1122492530943235	2.032728446948277	SAMHD1	12.0
GO_Biological_Process_2021	transmembrane receptor protein serine/threonine kinase signaling pathway (GO:0007178)	1/133	0.381993171491774	0.3941651572952406	0	0	2.1122492530943235	2.032728446948277	CDH5	12.0
GO_Biological_Process_2021	protein localization to plasma membrane (GO:0072659)	1/136	0.3886883299306991	0.4008019228689187	0	0	2.064997391757955	1.9513760003031255	TNFRSF1A	12.0
GO_Biological_Process_2021	Ras protein signal transduction (GO:0007265)	1/142	0.4018647944300404	0.413828293046361	0	0	1.976525821596244	1.801879168276112	TP53	12.0
GO_Biological_Process_2021	protein localization to organelle (GO:0033365)	1/142	0.4018647944300404	0.413828293046361	0	0	1.976525821596244	1.801879168276112	RPA1	12.0
GO_Biological_Process_2021	neuron development (GO:0048666)	1/143	0.4040334748047722	0.4152187364300225	0	0	1.9625074390001984	1.778537175725899	ALK	12.0
GO_Biological_Process_2021	nitrogen compound transport (GO:0071705)	1/143	0.4040334748047722	0.4152187364300225	0	0	1.9625074390001984	1.778537175725899	AQP1	12.0
GO_Biological_Process_2021	monocarboxylic acid metabolic process (GO:0032787)	1/143	0.4040334748047722	0.4152187364300225	0	0	1.9625074390001984	1.778537175725899	PPARG	12.0
GO_Biological_Process_2021	regulation of mRNA stability (GO:0043488)	1/146	0.4104930995316838	0.4215725354164796	0	0	1.9216124332200095	1.7109963318194124	EIF4G1	12.0
GO_Biological_Process_2021	regulation of G2/M transition of mitotic cell cycle (GO:0010389)	1/149	0.4168836708620906	0.4275585896577505	0	0	1.8823753330795585	1.6469806512522325	PLK1	12.0
GO_Biological_Process_2021	positive regulation of hydrolase activity (GO:0051345)	1/149	0.4168836708620906	0.4275585896577505	0	0	1.8823753330795585	1.6469806512522325	MAPK8	12.0
GO_Biological_Process_2021	brain development (GO:0007420)	1/150	0.4189986421420407	0.4294383389496202	0	0	1.8696474146894797	1.6263831019923274	CXCR4	12.0
GO_Biological_Process_2021	skeletal system development (GO:0001501)	1/158	0.4356483057117359	0.446202369645533	0	0	1.7736610747286266	1.473770459178842	FGFR1	12.0
GO_Biological_Process_2021	peptide biosynthetic process (GO:0043043)	1/162	0.4437958002743141	0.454241565580031	0	0	1.729245035429971	1.4048226395051917	EIF4G1	12.0
GO_Biological_Process_2021	regulation of neuron projection development (GO:0010975)	1/165	0.4498301971835077	0.4601085753449589	0	0	1.6973548608725524	1.3559915196798922	CAMK2G	12.0
GO_Biological_Process_2021	cellular protein-containing complex assembly (GO:0034622)	1/168	0.4558000248172806	0.4659017043464749	0	0	1.6666104410896516	1.3094576697065454	SNCA	12.0
GO_Biological_Process_2021	cell-cell adhesion via plasma-membrane adhesion molecules (GO:0098742)	1/170	0.4597443747734921	0.4696180794666141	0	0	1.6467205600466706	1.2796412716580687	CDH5	12.0
GO_Biological_Process_2021	nuclear-transcribed mRNA catabolic process (GO:0000956)	1/171	0.4617059644041825	0.4713054847908556	0	0	1.6369511184755592	1.2650800731082523	EIF4G1	12.0
GO_Biological_Process_2021	positive regulation of ERK1 and ERK2 cascade (GO:0070374)	1/172	0.4636605303301584	0.4729834632456441	0	0	1.627295939378964	1.250743906550112	ERBB4	12.0
GO_Biological_Process_2021	neuron differentiation (GO:0030182)	1/174	0.4675486901815224	0.4766303459184709	0	0	1.6083204428885451	1.2227284884518137	ALK	12.0
GO_Biological_Process_2021	mitochondrion organization (GO:0007005)	1/175	0.4694823334434083	0.4782811991304334	0	0	1.5989962765096326	1.2090404351523405	BAX	12.0
GO_Biological_Process_2021	defense response to bacterium (GO:0042742)	1/176	0.4714090516917494	0.4799227937624365	0	0	1.5897786720321931	1.1955598031689667	AQP1	12.0
GO_Biological_Process_2021	RNA processing (GO:0006396)	1/179	0.47714790026958	0.4854405776806823	0	0	1.56274727013768	1.1563216696258989	CDK12	12.0
GO_Biological_Process_2021	regulation of GTPase activity (GO:0043087)	1/189	0.4958372214681416	0.5041177361887185	0	0	1.4788732394366195	1.0374408001084885	SOD1	12.0
GO_Biological_Process_2021	generation of neurons (GO:0048699)	1/202	0.5191514322934383	0.5274689452273785	0	0	1.3823137831966923	0.9061891555452056	FGFR1	12.0
GO_Biological_Process_2021	neutrophil degranulation (GO:0043312)	2/481	0.5196293114089658	0.5276022761604042	0	0	1.1600954369221592	0.7594443945624547	FTH1;NFKB1	12.0
GO_Biological_Process_2021	axon guidance (GO:0007411)	1/203	0.5209001448412919	0.5285400136322974	0	0	1.3754009203737274	0.8970322387669694	CXCR4	12.0
GO_Biological_Process_2021	neutrophil activation involved in immune response (GO:0002283)	2/485	0.5240949933145703	0.5313611845137386	0	0	1.15025140490979	0.7431571033296395	FTH1;NFKB1	12.0
GO_Biological_Process_2021	proteasomal protein catabolic process (GO:0010498)	1/205	0.5243787773584989	0.5313611845137386	0	0	1.3617785142225904	0.879083861456296	PML	12.0
GO_Biological_Process_2021	neutrophil mediated immunity (GO:0002446)	2/488	0.5274263890823029	0.5340937885450864	0	0	1.1429747207524985	0.7312134715651623	FTH1;NFKB1	12.0
GO_Biological_Process_2021	phosphate-containing compound metabolic process (GO:0006796)	1/212	0.5363589813210594	0.5427781712570827	0	0	1.3161337694412922	0.8198876385631584	ALK	12.0
GO_Biological_Process_2021	translation (GO:0006412)	1/214	0.5397268987954672	0.5458234817054491	0	0	1.3036434569860478	0.8039465042374347	EIF4G1	12.0
GO_Biological_Process_2021	extracellular structure organization (GO:0043062)	1/216	0.5430706887972467	0.5488403641098337	0	0	1.2913855224369473	0.7884112467095976	THBS1	12.0
GO_Biological_Process_2021	regulation of ERK1 and ERK2 cascade (GO:0070372)	1/238	0.5783078688154185	0.5840640851606285	0	0	1.1702026505021692	0.6408602026393386	ERBB4	12.0
GO_Biological_Process_2021	axonogenesis (GO:0007409)	1/240	0.5813750887383301	0.5867724701987654	0	0	1.1602922977193706	0.6292951313503883	CXCR4	12.0
GO_Biological_Process_2021	anterograde trans-synaptic signaling (GO:0098916)	1/244	0.5874436776357995	0.5925044912933644	0	0	1.1409609922911956	0.6069626159544852	SNCA	12.0
GO_Biological_Process_2021	RNA splicing, via transesterification reactions with bulged adenosine as nucleophile (GO:0000377)	1/251	0.5978556565245953	0.6026068273049232	0	0	1.1086197183098592	0.5702805585624959	PHF5A	12.0
GO_Biological_Process_2021	central nervous system development (GO:0007417)	1/268	0.622075287113609	0.6266039622679768	0	0	1.037136677744369	0.4923227169864094	CXCR4	12.0
GO_Biological_Process_2021	mRNA splicing, via spliceosome (GO:0000398)	1/274	0.630275223002613	0.6344437099272333	0	0	1.014032915441366	0.4680762685119239	PHF5A	12.0
GO_Biological_Process_2021	proteolysis (GO:0006508)	1/287	0.6474446293853353	0.6512959193155852	0	0	0.9673003053284744	0.4205067267454634	CASP8	12.0
GO_Biological_Process_2021	extracellular matrix organization (GO:0030198)	1/300	0.6638272776471037	0.6673349515052125	0	0	0.9246314004427906	0.3788522633082782	THBS1	12.0
GO_Biological_Process_2021	chemical synaptic transmission (GO:0007268)	1/306	0.6711330464222699	0.6742339911912177	0	0	0.9061648580004618	0.3613675634294008	SNCA	12.0
GO_Biological_Process_2021	cilium assembly (GO:0060271)	1/314	0.6806310248277646	0.6833248151634945	0	0	0.882644107456239	0.3395840219238532	PLK1	12.0
GO_Biological_Process_2021	post-translational protein modification (GO:0043687)	1/345	0.7149476329523529	0.7173040852692689	0	0	0.801834261382247	0.2690522627094899	ALB	12.0
GO_Biological_Process_2021	supramolecular fiber organization (GO:0097435)	1/351	0.7211564934085449	0.7230567740235871	0	0	0.7878470824949698	0.2575465138275128	SNCA	12.0
GO_Biological_Process_2021	gene expression (GO:0010467)	1/356	0.7262285195196468	0.7276628088932868	0	0	0.7765522713747273	0.2484117320343638	EIF4G1	12.0
GO_Biological_Process_2021	protein transport (GO:0015031)	1/369	0.7389939158014603	0.7399662762169885	0	0	0.7486221677893448	0.2264324464785718	PPARG	12.0
GO_Biological_Process_2021	organelle organization (GO:0006996)	1/420	0.783647191384578	0.784162409787855	0	0	0.6557867491344247	0.1598784295272952	CAV1	12.0
GO_Biological_Process_2021	organelle assembly (GO:0070925)	1/425	0.7875963021466407	0.7875963021466407	0	0	0.647887323943662	0.1546958148825976	TNKS	12.0
GO_Biological_Process_2021	positive regulation of protein import into nucleus (GO:0042307)	4/28	1.4195081287021852e-06	0.0006884953792723953	0	0	59.273809523809526	798.1337079779742	MAVS;BAG3;UBR5;IPO5	6.0
GO_Biological_Process_2021	positive regulation of protein import (GO:1904591)	4/30	1.8914708221769103e-06	0.0006884953792723953	0	0	54.70879120879121	720.9609752049805	MAVS;BAG3;UBR5;IPO5	6.0
GO_Biological_Process_2021	regulation of protein import into nucleus (GO:0042306)	4/36	4.011345717542353e-06	0.000973419894123611	0	0	44.4375	552.197429336359	MAVS;BAG3;UBR5;IPO5	6.0
GO_Biological_Process_2021	positive regulation of nucleocytoplasmic transport (GO:0046824)	4/46	1.0866778742752272e-05	0.0019777537311809	0	0	33.84013605442177	386.78599535086494	MAVS;BAG3;UBR5;IPO5	6.0
GO_Biological_Process_2021	positive regulation of macroautophagy (GO:0016239)	4/53	1.919680460454609e-05	0.0027950547504219	0	0	28.995626822157437	314.9147388048283	PRKAA2;BAG3;HTT;SUPT5H	6.0
GO_Biological_Process_2021	regulation of cellular response to stress (GO:0080135)	5/118	2.7670503411683342e-05	0.0033573544139509	0	0	15.950925181013677	167.40724986374008	CHCHD2;DNAJC7;DNAJB6;BAG3;CRYAB	6.0
GO_Biological_Process_2021	positive regulation of protein localization to nucleus (GO:1900182)	4/68	5.1628209344767325e-05	0.0053693337718558	0	0	22.183035714285715	218.97855802699837	MAVS;BAG3;UBR5;IPO5	6.0
GO_Biological_Process_2021	regulation of apoptotic process (GO:0042981)	10/742	6.535433832890863e-05	0.0059472447879306	0	0	5.248087431693989	50.56892644465173	RBM25;TFAP4;PRKAA2;MAGED1;BAG3;NME2;FHL2;ADAM10;HTT;CRYAB	6.0
GO_Biological_Process_2021	cristae formation (GO:0042407)	3/28	7.971213047691688e-05	0.0064478256652439	0	0	41.92631578947368	395.662364408761	ATP5PF;DNAJC11;ATP5PO	6.0
GO_Biological_Process_2021	regulation of cellular response to heat (GO:1900034)	4/79	9.293925210727142e-05	0.0067659775534093	0	0	18.919047619047618	175.63619849789305	DNAJC7;DNAJB6;BAG3;CRYAB	6.0
GO_Biological_Process_2021	negative regulation of programmed cell death (GO:0043069)	7/381	0.0001396062005035515	0.0088845850173751	0	0	6.909595399051559	61.33430150598729	KANK2;PRKAA2;BAG3;NME2;FHL2;ADAM10;CRYAB	6.0
GO_Biological_Process_2021	protein-containing complex assembly (GO:0065003)	6/267	0.00014644920358310623	0.0088845850173751	0	0	8.377607492550021	73.96448846736759	TFAP4;CAND1;PDCD6;FN1;ADAM10;KLHL12	6.0
GO_Biological_Process_2021	proton transmembrane transport (GO:1902600)	3/37	0.00018546628913202476	0.0103861121913933	0	0	30.814241486068116	264.7756045292228	ATP6V1A;ATP5PO;ATP6V1H	6.0
GO_Biological_Process_2021	cellular protein modification process (GO:0006464)	11/1025	0.0002062270302113416	0.0105421971322332	0	0	4.19003340981363	35.55885641642619	COPS6;PPM1B;PRKAA2;CAND1;COPS2;FN1;ADAM10;PTPN12;PTPRK;TAB1;ELOC	6.0
GO_Biological_Process_2021	regulation of intracellular transport (GO:0032386)	3/39	0.0002172156002520584	0.0105421971322332	0	0	29.09941520467836	245.44251378385556	DYNC1H1;GRIPAP1;CRYAB	6.0
GO_Biological_Process_2021	regulation of macroautophagy (GO:0016241)	4/112	0.0003569052009905412	0.0162391866450696	0	0	13.116402116402115	104.11852931098298	ATP6V1A;PRKAA2;ATP6V1H;SUPT5H	6.0
GO_Biological_Process_2021	protein deneddylation (GO:0000338)	2/10	0.00039214360539410807	0.01679297321923	0	0	85.91379310344827	673.8976935048315	COPS6;COPS2	6.0
GO_Biological_Process_2021	inner mitochondrial membrane organization (GO:0007007)	3/49	0.0004286704614008092	0.0173373386610993	0	0	22.76201372997712	176.51536687385337	ATP5PF;DNAJC11;ATP5PO	6.0
GO_Biological_Process_2021	post-translational protein modification (GO:0043687)	6/345	0.0005765366131929747	0.0218723555532961	0	0	6.424450999672239	47.91658603867139	COPS6;CAND1;COPS2;FN1;ADAM10;ELOC	6.0
GO_Biological_Process_2021	negative regulation of apoptotic process (GO:0043066)	7/485	0.0006008888888268182	0.0218723555532961	0	0	5.377516381147864	39.88557953444984	PRKAA2;DNAJB6;BAG3;NME2;FHL2;ADAM10;CRYAB	6.0
GO_Biological_Process_2021	protein dephosphorylation (GO:0006470)	4/139	0.0008057959959897443	0.0279342611943111	0	0	10.47883597883598	74.64787380585729	PPM1B;PTPN12;PTPRK;TAB1	6.0
GO_Biological_Process_2021	positive regulation of intracellular protein transport (GO:0090316)	4/148	0.0010178270528537	0.0336808224762502	0	0	9.819444444444445	67.65680947153932	MAVS;BAG3;UBR5;IPO5	6.0
GO_Biological_Process_2021	dephosphorylation (GO:0016311)	4/153	0.0011511908401331	0.0340483207181038	0	0	9.487535953978908	64.20176073219315	PPM1B;PTPN12;PTPRK;TAB1	6.0
GO_Biological_Process_2021	stem cell development (GO:0048864)	2/17	0.0011692417829019	0.0340483207181038	0	0	45.80459770114943	309.24515125699804	PDCD6;KLHL12	6.0
GO_Biological_Process_2021	mitochondrial ATP synthesis coupled proton transport (GO:0042776)	2/17	0.0011692417829019	0.0340483207181038	0	0	45.80459770114943	309.24515125699804	ATP5PF;ATP5PO	6.0
GO_Biological_Process_2021	ATP synthesis coupled proton transport (GO:0015986)	2/19	0.0014644900548893	0.0373185891129148	0	0	40.41176470588236	263.73720596373187	ATP5PF;ATP5PO	6.0
GO_Biological_Process_2021	neural crest cell differentiation (GO:0014033)	2/19	0.0014644900548893	0.0373185891129148	0	0	40.41176470588236	263.73720596373187	PDCD6;KLHL12	6.0
GO_Biological_Process_2021	mesenchymal cell development (GO:0014031)	2/19	0.0014644900548893	0.0373185891129148	0	0	40.41176470588236	263.73720596373187	PDCD6;KLHL12	6.0
GO_Biological_Process_2021	integrin-mediated signaling pathway (GO:0007229)	3/75	0.0014865921487287	0.0373185891129148	0	0	14.523391812865498	94.5657098264547	FN1;NME2;ADAM10	6.0
GO_Biological_Process_2021	negative regulation of cyclin-dependent protein serine/threonine kinase activity (GO:0045736)	2/20	0.0016240769248208	0.0394109333756518	0	0	38.16475095785441	245.1251605267273	TFAP4;IPO5	6.0
GO_Biological_Process_2021	negative regulation of cell cycle (GO:0045786)	3/80	0.0017896889102213	0.0420288234400377	0	0	13.576896787423102	85.88355885377904	TFAP4;PTPRK;IPO5	6.0
GO_Biological_Process_2021	negative regulation of cyclin-dependent protein kinase activity (GO:1904030)	2/22	0.0019669385969344	0.0447478530802586	0	0	34.3448275862069	214.01213271870947	TFAP4;IPO5	6.0
GO_Biological_Process_2021	nucleotide-excision repair, DNA damage recognition (GO:0000715)	2/23	0.0021501189989173	0.0460378420944656	0	0	32.70771756978654	200.89839244912685	COPS6;COPS2	6.0
GO_Biological_Process_2021	vesicle transport along microtubule (GO:0047496)	2/23	0.0021501189989173	0.0460378420944656	0	0	32.70771756978654	200.89839244912685	DYNC1H1;HTT	6.0
GO_Biological_Process_2021	endoplasmic reticulum to Golgi vesicle-mediated transport (GO:0006888)	4/185	0.0023077016152635	0.0480001935974825	0	0	7.797553275453828	47.34286983180415	DYNC1H1;COPA;PDCD6;KLHL12	6.0
GO_Biological_Process_2021	positive regulation of autophagy (GO:0010508)	3/90	0.0025053497697814	0.0506637397889128	0	0	12.01028433151845	71.93351933012138	PRKAA2;HTT;SUPT5H	6.0
GO_Biological_Process_2021	regulation of programmed cell death (GO:0043067)	4/194	0.0027396084253659	0.0539036468558486	0	0	7.424812030075188	43.80594756206506	KANK2;RBM25;MAGED1;NME2	6.0
GO_Biological_Process_2021	positive regulation of fibroblast proliferation (GO:0048146)	2/28	0.0031816469552011	0.0593907431637546	0	0	26.411140583554378	151.87346879850782	FN1;S100A6	6.0
GO_Biological_Process_2021	phagosome acidification (GO:0090383)	2/28	0.0031816469552011	0.0593907431637546	0	0	26.411140583554378	151.87346879850782	ATP6V1A;ATP6V1H	6.0
GO_Biological_Process_2021	cell-substrate junction assembly (GO:0007044)	2/34	0.0046677803481146	0.083833753000641	0	0	21.45258620689655	115.13756661697488	FN1;PTPRK	6.0
GO_Biological_Process_2021	protein ubiquitination (GO:0016567)	6/525	0.0047985371381518	0.083833753000641	0	0	4.157782059516164	22.200245179489603	RNF11;CAND1;USP9X;UBR5;KLHL12;ELOC	6.0
GO_Biological_Process_2021	intracellular pH reduction (GO:0051452)	2/35	0.0049411685635525	0.083833753000641	0	0	20.80146290491118	110.45895947766212	ATP6V1A;ATP6V1H	6.0
GO_Biological_Process_2021	protein transport (GO:0015031)	5/369	0.0049517189272356	0.083833753000641	0	0	4.889110889110889	25.95150084892895	ATP6V1A;COPA;PDCD6;ATP6V1H;SCAMP2	6.0
GO_Biological_Process_2021	cellular response to heat (GO:0034605)	2/36	0.0052217800953762	0.0844767979874203	0	0	20.188640973630832	106.0896310598831	BAG3;PDCD6	6.0
GO_Biological_Process_2021	transferrin transport (GO:0033572)	2/36	0.0052217800953762	0.0844767979874203	0	0	20.188640973630832	106.0896310598831	ATP6V1A;ATP6V1H	6.0
GO_Biological_Process_2021	phagosome maturation (GO:0090382)	2/37	0.0055095706256965	0.0871949438153713	0	0	19.610837438423644	102.00123269841929	ATP6V1A;ATP6V1H	6.0
GO_Biological_Process_2021	negative regulation of TOR signaling (GO:0032007)	2/38	0.0058044960309319	0.0899079385216698	0	0	19.06513409961686	98.1687106523921	PRKAA2;PDCD6	6.0
GO_Biological_Process_2021	cellular response to oxidative stress (GO:0034599)	3/125	0.0062925489320632	0.095436992136293	0	0	8.549611734253666	43.33275853611173	CHCHD2;PRKAA2;PTPRK	6.0
GO_Biological_Process_2021	negative regulation of transcription, DNA-templated (GO:0045892)	8/948	0.0071150932503557	0.1057099568624287	0	0	3.109656301145663	15.378920112256104	KANK2;TFAP4;USP9X;FHL2;PBXIP1;PTPRK;SUPT5H;CRYAB	6.0
GO_Biological_Process_2021	negative regulation of type I interferon production (GO:0032480)	2/43	0.0073846152576013	0.1075199981506754	0	0	16.735912531539107	82.14582442458652	MAVS;PPM1B	6.0
GO_Biological_Process_2021	neural crest cell development (GO:0014032)	2/45	0.0080650841516313	0.1151251227919146	0	0	15.95589414595028	76.91077860379713	PDCD6;KLHL12	6.0
GO_Biological_Process_2021	regulation of fibroblast proliferation (GO:0048145)	2/46	0.008415523022552	0.1155943539701491	0	0	15.592476489028211	74.49582096726616	FN1;S100A6	6.0
GO_Biological_Process_2021	positive regulation of organelle assembly (GO:1902117)	2/46	0.008415523022552	0.1155943539701491	0	0	15.592476489028211	74.49582096726616	DYNC1H1;HTT	6.0
GO_Biological_Process_2021	inorganic cation transmembrane transport (GO:0098662)	4/274	0.0092168414169898	0.1235929353030357	0	0	5.203703703703703	24.388317206857277	ATP6V1A;ATP5PO;ATP2A2;ATP6V1H	6.0
GO_Biological_Process_2021	protein modification by small protein removal (GO:0070646)	4/276	0.0094486442523192	0.1235929353030357	0	0	5.1649159663865545	24.07823917286598	COPS6;USP9X;COPS2;TAB1	6.0
GO_Biological_Process_2021	regulation of interferon-beta production (GO:0032648)	2/49	0.0095071488694642	0.1235929353030357	0	0	14.59501100513573	67.950156942103	PPM1B;MAVS	6.0
GO_Biological_Process_2021	iron ion transport (GO:0006826)	2/50	0.0098843204040546	0.1262418465640667	0	0	14.290229885057473	65.97521300057967	ATP6V1A;ATP6V1H	6.0
GO_Biological_Process_2021	cellular response to starvation (GO:0009267)	3/158	0.011914181886509	0.1337250580861914	0	0	6.718166383701188	29.76165063201788	ATP6V1A;PRKAA2;ATP6V1H	6.0
GO_Biological_Process_2021	negative regulation of nucleic acid-templated transcription (GO:1903507)	5/464	0.0126243738533717	0.1337250580861914	0	0	3.8583877995642704	16.869357233895016	TFAP4;COPS2;PBXIP1;PTPRK;CRYAB	6.0
GO_Biological_Process_2021	cellular iron ion homeostasis (GO:0006879)	2/58	0.0131350562642909	0.1337250580861914	0	0	12.24384236453202	53.0460867363906	ATP6V1A;CAND1	6.0
GO_Biological_Process_2021	iron ion homeostasis (GO:0055072)	2/61	0.0144583495977944	0.1337250580861914	0	0	11.619520748100523	49.22590449325299	ATP6V1A;CAND1	6.0
GO_Biological_Process_2021	aggresome assembly (GO:0070842)	1/5	0.014911622845291	0.1337250580861914	0	0	84.47457627118644	355.26748708331087	BAG3	6.0
GO_Biological_Process_2021	regulation of synaptic vesicle recycling (GO:1903421)	1/5	0.014911622845291	0.1337250580861914	0	0	84.47457627118644	355.26748708331087	GRIPAP1	6.0
GO_Biological_Process_2021	glomerular visceral epithelial cell migration (GO:0090521)	1/5	0.014911622845291	0.1337250580861914	0	0	84.47457627118644	355.26748708331087	KANK2	6.0
GO_Biological_Process_2021	positive regulation of DNA demethylation (GO:1901537)	1/5	0.014911622845291	0.1337250580861914	0	0	84.47457627118644	355.26748708331087	USP9X	6.0
GO_Biological_Process_2021	regulation of vitamin D receptor signaling pathway (GO:0070562)	1/5	0.014911622845291	0.1337250580861914	0	0	84.47457627118644	355.26748708331087	KANK2	6.0
GO_Biological_Process_2021	response to indole-3-methanol (GO:0071680)	1/5	0.014911622845291	0.1337250580861914	0	0	84.47457627118644	355.26748708331087	CTNNA1	6.0
GO_Biological_Process_2021	cellular response to indole-3-methanol (GO:0071681)	1/5	0.014911622845291	0.1337250580861914	0	0	84.47457627118644	355.26748708331087	CTNNA1	6.0
GO_Biological_Process_2021	regulation of guanyl-nucleotide exchange factor activity (GO:1905097)	1/5	0.014911622845291	0.1337250580861914	0	0	84.47457627118644	355.26748708331087	PBXIP1	6.0
GO_Biological_Process_2021	SRP-dependent cotranslational protein targeting to membrane, translocation (GO:0006616)	1/5	0.014911622845291	0.1337250580861914	0	0	84.47457627118644	355.26748708331087	SEC61B	6.0
GO_Biological_Process_2021	negative regulation of tubulin deacetylation (GO:1904428)	1/5	0.014911622845291	0.1337250580861914	0	0	84.47457627118644	355.26748708331087	PRKAA2	6.0
GO_Biological_Process_2021	positive regulation of protein monoubiquitination (GO:1902527)	1/5	0.014911622845291	0.1337250580861914	0	0	84.47457627118644	355.26748708331087	PDCD6	6.0
GO_Biological_Process_2021	regulation of metaphase plate congression (GO:0090235)	1/5	0.014911622845291	0.1337250580861914	0	0	84.47457627118644	355.26748708331087	DYNC1H1	6.0
GO_Biological_Process_2021	vascular endothelial growth factor receptor-2 signaling pathway (GO:0036324)	1/5	0.014911622845291	0.1337250580861914	0	0	84.47457627118644	355.26748708331087	PDCD6	6.0
GO_Biological_Process_2021	regulation of platelet-derived growth factor receptor-beta signaling pathway (GO:2000586)	1/5	0.014911622845291	0.1337250580861914	0	0	84.47457627118644	355.26748708331087	PTPN12	6.0
GO_Biological_Process_2021	regulation of protein monoubiquitination (GO:1902525)	1/5	0.014911622845291	0.1337250580861914	0	0	84.47457627118644	355.26748708331087	PDCD6	6.0
GO_Biological_Process_2021	amyloid fibril formation (GO:1990000)	2/63	0.0153712715155945	0.1337250580861914	0	0	11.237422272470322	46.919103504946925	USP9X;ADAM10	6.0
GO_Biological_Process_2021	COPII vesicle coating (GO:0048208)	2/63	0.0153712715155945	0.1337250580861914	0	0	11.237422272470322	46.919103504946925	PDCD6;KLHL12	6.0
GO_Biological_Process_2021	vesicle coating (GO:0006901)	2/63	0.0153712715155945	0.1337250580861914	0	0	11.237422272470322	46.919103504946925	PDCD6;KLHL12	6.0
GO_Biological_Process_2021	vesicle targeting, rough ER to cis-Golgi (GO:0048207)	2/63	0.0153712715155945	0.1337250580861914	0	0	11.237422272470322	46.919103504946925	PDCD6;KLHL12	6.0
GO_Biological_Process_2021	transcription by RNA polymerase II (GO:0006366)	4/320	0.0155437167493654	0.1337250580861914	0	0	4.435804701627487	18.47112898885635	COPS2;ELOC;SUPT5H;GTF2I	6.0
GO_Biological_Process_2021	protein stabilization (GO:0050821)	3/179	0.0166137702483569	0.1337250580861914	0	0	5.910287081339713	24.217539583755084	USP9X;BAG3;CRYAB	6.0
GO_Biological_Process_2021	transcription elongation from RNA polymerase II promoter (GO:0006368)	2/67	0.0172694403852899	0.1337250580861914	0	0	10.543766578249336	42.79521683041133	ELOC;SUPT5H	6.0
GO_Biological_Process_2021	regulation of cellular response to hypoxia (GO:1900037)	1/6	0.0178676130920248	0.1337250580861914	0	0	67.57627118644068	271.9786468771055	CHCHD2	6.0
GO_Biological_Process_2021	imitative learning (GO:0098596)	1/6	0.0178676130920248	0.1337250580861914	0	0	67.57627118644068	271.9786468771055	HTT	6.0
GO_Biological_Process_2021	inclusion body assembly (GO:0070841)	1/6	0.0178676130920248	0.1337250580861914	0	0	67.57627118644068	271.9786468771055	BAG3	6.0
GO_Biological_Process_2021	regulation of DNA demethylation (GO:1901535)	1/6	0.0178676130920248	0.1337250580861914	0	0	67.57627118644068	271.9786468771055	USP9X	6.0
GO_Biological_Process_2021	SCF complex assembly (GO:0010265)	1/6	0.0178676130920248	0.1337250580861914	0	0	67.57627118644068	271.9786468771055	CAND1	6.0
GO_Biological_Process_2021	positive regulation of plasminogen activation (GO:0010756)	1/6	0.0178676130920248	0.1337250580861914	0	0	67.57627118644068	271.9786468771055	PLGRKT	6.0
GO_Biological_Process_2021	neurotransmitter receptor transport, endosome to postsynaptic membrane (GO:0098887)	1/6	0.0178676130920248	0.1337250580861914	0	0	67.57627118644068	271.9786468771055	GRIPAP1	6.0
GO_Biological_Process_2021	vocal learning (GO:0042297)	1/6	0.0178676130920248	0.1337250580861914	0	0	67.57627118644068	271.9786468771055	HTT	6.0
GO_Biological_Process_2021	protein deubiquitination involved in ubiquitin-dependent protein catabolic process (GO:0071947)	1/6	0.0178676130920248	0.1337250580861914	0	0	67.57627118644068	271.9786468771055	USP9X	6.0
GO_Biological_Process_2021	DNA-templated transcription, elongation (GO:0006354)	2/69	0.0182540646638675	0.1337250580861914	0	0	10.227997941327844	40.946434573381495	ELOC;SUPT5H	6.0
GO_Biological_Process_2021	intracellular protein transport (GO:0006886)	4/336	0.0182571134371822	0.1337250580861914	0	0	4.218588640275387	16.88785614357108	COPA;BAG3;PDCD6;IPO5	6.0
GO_Biological_Process_2021	COPII-coated vesicle budding (GO:0090114)	2/70	0.0187551269146276	0.1337250580861914	0	0	10.077079107505073	40.06937002508313	PDCD6;KLHL12	6.0
GO_Biological_Process_2021	regulation of TOR signaling (GO:0032006)	2/71	0.0192619716562531	0.1337250580861914	0	0	9.930534732633683	39.22186348982923	PRKAA2;PDCD6	6.0
GO_Biological_Process_2021	negative regulation of epithelial cell proliferation (GO:0050680)	2/72	0.0197745609108739	0.1337250580861914	0	0	9.78817733990148	38.4025333647804	MAGED1;PTPRK	6.0
GO_Biological_Process_2021	insulin receptor signaling pathway (GO:0008286)	2/73	0.0202928568764024	0.1337250580861914	0	0	9.64983001457018	37.61008059628398	ATP6V1A;ATP6V1H	6.0
GO_Biological_Process_2021	transcription-coupled nucleotide-excision repair (GO:0006283)	2/73	0.0202928568764024	0.1337250580861914	0	0	9.64983001457018	37.61008059628398	COPS6;COPS2	6.0
GO_Biological_Process_2021	negative regulation of macromolecule metabolic process (GO:0010605)	3/194	0.0205222827579979	0.1337250580861914	0	0	5.441995039955911	21.14892067736333	PRKAA2;MAP2K2;ADAM10	6.0
GO_Biological_Process_2021	negative regulation of DNA repair (GO:0045738)	1/7	0.0208148818369865	0.1337250580861914	0	0	56.31073446327684	218.040067108672	UBR5	6.0
GO_Biological_Process_2021	regulation of tubulin deacetylation (GO:0090043)	1/7	0.0208148818369865	0.1337250580861914	0	0	56.31073446327684	218.040067108672	PRKAA2	6.0
GO_Biological_Process_2021	autophagosome membrane docking (GO:0016240)	1/7	0.0208148818369865	0.1337250580861914	0	0	56.31073446327684	218.040067108672	ATP2A2	6.0
GO_Biological_Process_2021	regulation of cardiac muscle cell membrane potential (GO:0086036)	1/7	0.0208148818369865	0.1337250580861914	0	0	56.31073446327684	218.040067108672	ATP2A2	6.0
GO_Biological_Process_2021	negative regulation of intracellular transport (GO:0032387)	1/7	0.0208148818369865	0.1337250580861914	0	0	56.31073446327684	218.040067108672	CRYAB	6.0
GO_Biological_Process_2021	response to increased oxygen levels (GO:0036296)	1/7	0.0208148818369865	0.1337250580861914	0	0	56.31073446327684	218.040067108672	ATP6V1A	6.0
GO_Biological_Process_2021	negative regulation of protein K63-linked ubiquitination (GO:1900045)	1/7	0.0208148818369865	0.1337250580861914	0	0	56.31073446327684	218.040067108672	UBR5	6.0
GO_Biological_Process_2021	neurotransmitter receptor transport, endosome to plasma membrane (GO:0099639)	1/7	0.0208148818369865	0.1337250580861914	0	0	56.31073446327684	218.040067108672	GRIPAP1	6.0
GO_Biological_Process_2021	Notch receptor processing, ligand-dependent (GO:0035333)	1/7	0.0208148818369865	0.1337250580861914	0	0	56.31073446327684	218.040067108672	ADAM10	6.0
GO_Biological_Process_2021	positive regulation of type I interferon-mediated signaling pathway (GO:0060340)	1/7	0.0208148818369865	0.1337250580861914	0	0	56.31073446327684	218.040067108672	MAVS	6.0
GO_Biological_Process_2021	mitochondrion-endoplasmic reticulum membrane tethering (GO:1990456)	1/7	0.0208148818369865	0.1337250580861914	0	0	56.31073446327684	218.040067108672	ATP2A2	6.0
GO_Biological_Process_2021	posttranslational protein targeting to membrane, translocation (GO:0031204)	1/7	0.0208148818369865	0.1337250580861914	0	0	56.31073446327684	218.040067108672	SEC61B	6.0
GO_Biological_Process_2021	cellular response to amino acid starvation (GO:0034198)	2/74	0.0208168219130684	0.1337250580861914	0	0	9.515325670498084	36.84328269874603	ATP6V1A;ATP6V1H	6.0
GO_Biological_Process_2021	supramolecular fiber organization (GO:0097435)	4/351	0.0210541553437466	0.1337250580861914	0	0	4.03314121037464	15.570576196245456	DYNC1H1;DNAJB6;USP9X;ADAM10	6.0
GO_Biological_Process_2021	response to amino acid starvation (GO:1990928)	2/75	0.0213464185527868	0.1337250580861914	0	0	9.384506376948512	36.10098827114091	ATP6V1A;ATP6V1H	6.0
GO_Biological_Process_2021	negative regulation of intracellular signal transduction (GO:1902532)	3/198	0.0216428979592382	0.1337250580861914	0	0	5.329284750337382	20.427563690905835	PPM1B;PRKAA2;PDCD6	6.0
GO_Biological_Process_2021	negative regulation of protein serine/threonine kinase activity (GO:0071901)	2/78	0.022968625903609	0.1337250580861914	0	0	9.012704174228675	34.01057557204025	TFAP4;IPO5	6.0
GO_Biological_Process_2021	aromatic compound catabolic process (GO:0019439)	1/8	0.0237534541210961	0.1337250580861914	0	0	48.26392251815981	180.50838890404887	PON2	6.0
GO_Biological_Process_2021	positive regulation of dendritic cell cytokine production (GO:0002732)	1/8	0.0237534541210961	0.1337250580861914	0	0	48.26392251815981	180.50838890404887	MAVS	6.0
GO_Biological_Process_2021	regulation of cardiac muscle cell action potential involved in regulation of contraction (GO:0098909)	1/8	0.0237534541210961	0.1337250580861914	0	0	48.26392251815981	180.50838890404887	ATP2A2	6.0
GO_Biological_Process_2021	negative regulation of keratinocyte proliferation (GO:0010839)	1/8	0.0237534541210961	0.1337250580861914	0	0	48.26392251815981	180.50838890404887	PTPRK	6.0
GO_Biological_Process_2021	regulation of chemokine (C-C motif) ligand 5 production (GO:0071649)	1/8	0.0237534541210961	0.1337250580861914	0	0	48.26392251815981	180.50838890404887	MAVS	6.0
GO_Biological_Process_2021	negative regulation of mRNA polyadenylation (GO:1900364)	1/8	0.0237534541210961	0.1337250580861914	0	0	48.26392251815981	180.50838890404887	SUPT5H	6.0
GO_Biological_Process_2021	negative regulation of muscle cell apoptotic process (GO:0010656)	1/8	0.0237534541210961	0.1337250580861914	0	0	48.26392251815981	180.50838890404887	BAG3	6.0
GO_Biological_Process_2021	integrin activation (GO:0033622)	1/8	0.0237534541210961	0.1337250580861914	0	0	48.26392251815981	180.50838890404887	FN1	6.0
GO_Biological_Process_2021	kidney epithelium development (GO:0072073)	1/8	0.0237534541210961	0.1337250580861914	0	0	48.26392251815981	180.50838890404887	KANK2	6.0
GO_Biological_Process_2021	negative regulation of striated muscle cell apoptotic process (GO:0010664)	1/8	0.0237534541210961	0.1337250580861914	0	0	48.26392251815981	180.50838890404887	BAG3	6.0
GO_Biological_Process_2021	peptidyl-serine autophosphorylation (GO:0036289)	1/8	0.0237534541210961	0.1337250580861914	0	0	48.26392251815981	180.50838890404887	MAP2K2	6.0
GO_Biological_Process_2021	progesterone receptor signaling pathway (GO:0050847)	1/8	0.0237534541210961	0.1337250580861914	0	0	48.26392251815981	180.50838890404887	UBR5	6.0
GO_Biological_Process_2021	negative regulation of cellular component organization (GO:0051129)	2/80	0.0240775760407767	0.1337250580861914	0	0	8.780725022104333	32.72114636175829	DNAJB6;CRYAB	6.0
GO_Biological_Process_2021	regulation of cyclin-dependent protein serine/threonine kinase activity (GO:0000079)	2/82	0.0252081674438557	0.1337250580861914	0	0	8.560344827586206	31.50709587444893	TFAP4;IPO5	6.0
GO_Biological_Process_2021	epidermis development (GO:0008544)	2/83	0.0257814879353942	0.1337250580861914	0	0	8.454235845040444	30.926428025430827	KRT15;ATP2A2	6.0
GO_Biological_Process_2021	positive regulation of autophagy of mitochondrion (GO:1903599)	1/9	0.0266833549945496	0.1337250580861914	0	0	42.22881355932204	153.0251984891433	HTT	6.0
GO_Biological_Process_2021	negative regulation of mRNA 3'-end processing (GO:0031441)	1/9	0.0266833549945496	0.1337250580861914	0	0	42.22881355932204	153.0251984891433	SUPT5H	6.0
GO_Biological_Process_2021	regulation of epidermis development (GO:0045682)	1/9	0.0266833549945496	0.1337250580861914	0	0	42.22881355932204	153.0251984891433	NME2	6.0
GO_Biological_Process_2021	neurotransmitter receptor transport to postsynaptic membrane (GO:0098969)	1/9	0.0266833549945496	0.1337250580861914	0	0	42.22881355932204	153.0251984891433	GRIPAP1	6.0
GO_Biological_Process_2021	Notch receptor processing (GO:0007220)	1/9	0.0266833549945496	0.1337250580861914	0	0	42.22881355932204	153.0251984891433	ADAM10	6.0
GO_Biological_Process_2021	nucleoside diphosphate phosphorylation (GO:0006165)	1/9	0.0266833549945496	0.1337250580861914	0	0	42.22881355932204	153.0251984891433	NME2	6.0
GO_Biological_Process_2021	nucleoside triphosphate biosynthetic process (GO:0009142)	1/9	0.0266833549945496	0.1337250580861914	0	0	42.22881355932204	153.0251984891433	NME2	6.0
GO_Biological_Process_2021	nucleotide phosphorylation (GO:0046939)	1/9	0.0266833549945496	0.1337250580861914	0	0	42.22881355932204	153.0251984891433	NME2	6.0
GO_Biological_Process_2021	retrograde vesicle-mediated transport, Golgi to endoplasmic reticulum (GO:0006890)	2/85	0.0269439985743618	0.1337250580861914	0	0	8.249688408807645	29.81433013520954	COPA;HTT	6.0
GO_Biological_Process_2021	negative regulation of cell population proliferation (GO:0008285)	4/379	0.0269507171525736	0.1337250580861914	0	0	3.7266666666666666	13.467224417775371	KANK2;TFAP4;MAGED1;PTPRK	6.0
GO_Biological_Process_2021	negative regulation of cellular process (GO:0048523)	5/566	0.027197541353171	0.1337250580861914	0	0	3.1403338194782044	11.31973741701903	KANK2;TFAP4;ADAM10;PTPRK;CRYAB	6.0
GO_Biological_Process_2021	regulation of transcription from RNA polymerase II promoter in response to stress (GO:0043618)	2/87	0.0281274307040686	0.1337250580861914	0	0	8.05476673427992	28.76365253289275	BAG3;ELOC	6.0
GO_Biological_Process_2021	transcription, DNA-templated (GO:0006351)	3/221	0.0287280872430555	0.1337250580861914	0	0	4.761467889908257	16.90263956254847	COPS2;ELOC;SUPT5H	6.0
GO_Biological_Process_2021	regulation of cysteine-type endopeptidase activity involved in apoptotic process (GO:0043281)	2/89	0.0293315009293363	0.1337250580861914	0	0	7.868806975822434	27.769753374942937	DNAJB6;PDCD6	6.0
GO_Biological_Process_2021	transforming growth factor beta receptor signaling pathway (GO:0007179)	2/89	0.0293315009293363	0.1337250580861914	0	0	7.868806975822434	27.769753374942937	USP9X;PTPRK	6.0
GO_Biological_Process_2021	regulation of receptor binding (GO:1900120)	1/10	0.0296046094730556	0.1337250580861914	0	0	37.53483992467044	132.1160756075347	ATP2A2	6.0
GO_Biological_Process_2021	fatty acid beta-oxidation using acyl-CoA dehydrogenase (GO:0033539)	1/10	0.0296046094730556	0.1337250580861914	0	0	37.53483992467044	132.1160756075347	ETFA	6.0
GO_Biological_Process_2021	negative regulation of inclusion body assembly (GO:0090084)	1/10	0.0296046094730556	0.1337250580861914	0	0	37.53483992467044	132.1160756075347	DNAJB6	6.0
GO_Biological_Process_2021	negative regulation of interferon-beta production (GO:0032688)	1/10	0.0296046094730556	0.1337250580861914	0	0	37.53483992467044	132.1160756075347	PPM1B	6.0
GO_Biological_Process_2021	sarcoplasmic reticulum calcium ion transport (GO:0070296)	1/10	0.0296046094730556	0.1337250580861914	0	0	37.53483992467044	132.1160756075347	ATP2A2	6.0
GO_Biological_Process_2021	negative regulation of receptor binding (GO:1900121)	1/10	0.0296046094730556	0.1337250580861914	0	0	37.53483992467044	132.1160756075347	ATP2A2	6.0
GO_Biological_Process_2021	cellular response to oxygen levels (GO:0071453)	1/10	0.0296046094730556	0.1337250580861914	0	0	37.53483992467044	132.1160756075347	ATP6V1A	6.0
GO_Biological_Process_2021	negative regulation of transcription from RNA polymerase II promoter in response to stress (GO:0097201)	1/10	0.0296046094730556	0.1337250580861914	0	0	37.53483992467044	132.1160756075347	BAG3	6.0
GO_Biological_Process_2021	negative regulation of transforming growth factor beta production (GO:0071635)	1/10	0.0296046094730556	0.1337250580861914	0	0	37.53483992467044	132.1160756075347	FN1	6.0
GO_Biological_Process_2021	toxin transport (GO:1901998)	1/10	0.0296046094730556	0.1337250580861914	0	0	37.53483992467044	132.1160756075347	ADAM10	6.0
GO_Biological_Process_2021	DNA damage response, signal transduction by p53 class mediator resulting in transcription of p21 class mediator (GO:0006978)	1/10	0.0296046094730556	0.1337250580861914	0	0	37.53483992467044	132.1160756075347	TFAP4	6.0
GO_Biological_Process_2021	monocyte activation (GO:0042117)	1/10	0.0296046094730556	0.1337250580861914	0	0	37.53483992467044	132.1160756075347	ADAM10	6.0
GO_Biological_Process_2021	regulation of peptidyl-lysine acetylation (GO:2000756)	1/10	0.0296046094730556	0.1337250580861914	0	0	37.53483992467044	132.1160756075347	PRKAA2	6.0
GO_Biological_Process_2021	regulation of I-kappaB kinase/NF-kappaB signaling (GO:0043122)	3/224	0.0297327062419154	0.1337250580861914	0	0	4.696118123362705	16.509239041490915	PPM1B;MAVS;S100A4	6.0
GO_Biological_Process_2021	SRP-dependent cotranslational protein targeting to membrane (GO:0006614)	2/90	0.0299411874561115	0.1337250580861914	0	0	7.778996865203761	27.292767945230757	RPS27;SEC61B	6.0
GO_Biological_Process_2021	regulation of mRNA splicing, via spliceosome (GO:0048024)	2/90	0.0299411874561115	0.1337250580861914	0	0	7.778996865203761	27.292767945230757	RBM25;TRA2A	6.0
GO_Biological_Process_2021	regulation of epithelial cell proliferation (GO:0050678)	2/93	0.0318004347384267	0.133743234877723	0	0	7.521409624857901	25.935891167994004	MAGED1;NME2	6.0
GO_Biological_Process_2021	regulation of autophagy (GO:0010506)	3/231	0.0321487026227802	0.133743234877723	0	0	4.550323176361958	15.641204363605594	ATP6V1A;PRKAA2;ATP6V1H	6.0
GO_Biological_Process_2021	regulation of stress-activated protein kinase signaling cascade (GO:0070302)	1/11	0.03251724254582	0.133743234877723	0	0	33.77966101694916	115.72860487101576	MAP2K2	6.0
GO_Biological_Process_2021	fatty acid homeostasis (GO:0055089)	1/11	0.03251724254582	0.133743234877723	0	0	33.77966101694916	115.72860487101576	PRKAA2	6.0
GO_Biological_Process_2021	negative regulation of defense response to virus (GO:0050687)	1/11	0.03251724254582	0.133743234877723	0	0	33.77966101694916	115.72860487101576	PPM1B	6.0
GO_Biological_Process_2021	negative regulation of intracellular estrogen receptor signaling pathway (GO:0033147)	1/11	0.03251724254582	0.133743234877723	0	0	33.77966101694916	115.72860487101576	KANK2	6.0
GO_Biological_Process_2021	carnitine shuttle (GO:0006853)	1/11	0.03251724254582	0.133743234877723	0	0	33.77966101694916	115.72860487101576	PRKAA2	6.0
GO_Biological_Process_2021	regulation of cytoplasmic transport (GO:1903649)	1/11	0.03251724254582	0.133743234877723	0	0	33.77966101694916	115.72860487101576	MAP2K2	6.0
GO_Biological_Process_2021	negative regulation of platelet-derived growth factor receptor signaling pathway (GO:0010642)	1/11	0.03251724254582	0.133743234877723	0	0	33.77966101694916	115.72860487101576	PTPN12	6.0
GO_Biological_Process_2021	cellular response to increased oxygen levels (GO:0036295)	1/11	0.03251724254582	0.133743234877723	0	0	33.77966101694916	115.72860487101576	ATP6V1A	6.0
GO_Biological_Process_2021	positive regulation of production of miRNAs involved in gene silencing by miRNA (GO:1903800)	1/11	0.03251724254582	0.133743234877723	0	0	33.77966101694916	115.72860487101576	MAP2K2	6.0
GO_Biological_Process_2021	regulation of inclusion body assembly (GO:0090083)	1/11	0.03251724254582	0.133743234877723	0	0	33.77966101694916	115.72860487101576	DNAJB6	6.0
GO_Biological_Process_2021	nucleus localization (GO:0051647)	1/11	0.03251724254582	0.133743234877723	0	0	33.77966101694916	115.72860487101576	DYNC1H1	6.0
GO_Biological_Process_2021	DNA damage response, signal transduction resulting in transcription (GO:0042772)	1/11	0.03251724254582	0.133743234877723	0	0	33.77966101694916	115.72860487101576	TFAP4	6.0
GO_Biological_Process_2021	cellular transition metal ion homeostasis (GO:0046916)	2/96	0.0337042395194036	0.1378465526411565	0	0	7.28026412325752	24.68105380840516	ATP6V1A;CAND1	6.0
GO_Biological_Process_2021	negative regulation of calcineurin-mediated signaling (GO:0106057)	1/12	0.0354212791446134	0.1386381248240785	0	0	30.70724191063174	102.57577696947943	FHL2	6.0
GO_Biological_Process_2021	negative regulation of calcineurin-NFAT signaling cascade (GO:0070885)	1/12	0.0354212791446134	0.1386381248240785	0	0	30.70724191063174	102.57577696947943	FHL2	6.0
GO_Biological_Process_2021	positive regulation of myeloid leukocyte mediated immunity (GO:0002888)	1/12	0.0354212791446134	0.1386381248240785	0	0	30.70724191063174	102.57577696947943	MAVS	6.0
GO_Biological_Process_2021	P-body assembly (GO:0033962)	1/12	0.0354212791446134	0.1386381248240785	0	0	30.70724191063174	102.57577696947943	DYNC1H1	6.0
GO_Biological_Process_2021	posttranslational protein targeting to endoplasmic reticulum membrane (GO:0006620)	1/12	0.0354212791446134	0.1386381248240785	0	0	30.70724191063174	102.57577696947943	SEC61B	6.0
GO_Biological_Process_2021	regulation of plasminogen activation (GO:0010755)	1/12	0.0354212791446134	0.1386381248240785	0	0	30.70724191063174	102.57577696947943	PLGRKT	6.0
GO_Biological_Process_2021	energy coupled proton transport, down electrochemical gradient (GO:0015985)	1/12	0.0354212791446134	0.1386381248240785	0	0	30.70724191063174	102.57577696947943	ATP5PO	6.0
GO_Biological_Process_2021	negative regulation of amyloid fibril formation (GO:1905907)	1/12	0.0354212791446134	0.1386381248240785	0	0	30.70724191063174	102.57577696947943	CRYAB	6.0
GO_Biological_Process_2021	cell-matrix adhesion (GO:0007160)	2/100	0.0363103684614095	0.1413580119781076	0	0	6.9817030260380015	23.148897224333663	FN1;PTPRK	6.0
GO_Biological_Process_2021	cellular response to chemical stress (GO:0062197)	2/101	0.0369737698136527	0.1431750235337193	0	0	6.9108324625566	22.78879168716232	CHCHD2;PRKAA2	6.0
GO_Biological_Process_2021	cellular response to organonitrogen compound (GO:0071417)	2/103	0.0383145827201954	0.1435228047798209	0	0	6.773301468077842	22.093999395762715	CTNNA1;IPO5	6.0
GO_Biological_Process_2021	positive regulation of protein acetylation (GO:1901985)	1/13	0.038316744140727	0.1435228047798209	0	0	28.146892655367232	91.81145674128096	PRKAA2	6.0
GO_Biological_Process_2021	negative regulation of vascular endothelial growth factor receptor signaling pathway (GO:0030948)	1/13	0.038316744140727	0.1435228047798209	0	0	28.146892655367232	91.81145674128096	PDCD6	6.0
GO_Biological_Process_2021	transport along microtubule (GO:0010970)	1/13	0.038316744140727	0.1435228047798209	0	0	28.146892655367232	91.81145674128096	BAG3	6.0
GO_Biological_Process_2021	microtubule-based transport (GO:0099111)	1/13	0.038316744140727	0.1435228047798209	0	0	28.146892655367232	91.81145674128096	HTT	6.0
GO_Biological_Process_2021	negative regulation by host of viral transcription (GO:0043922)	1/13	0.038316744140727	0.1435228047798209	0	0	28.146892655367232	91.81145674128096	TFAP4	6.0
GO_Biological_Process_2021	positive regulation of cellular process (GO:0048522)	5/625	0.0391779476674397	0.1435228047798209	0	0	2.832844574780059	9.177400139255896	DYNC1H1;PRKAA2;FASN;FN1;ADAM10	6.0
GO_Biological_Process_2021	positive regulation of cellular metabolic process (GO:0031325)	2/105	0.0396738564820509	0.1435228047798209	0	0	6.641111483093405	21.43128405093656	CHCHD2;FASN	6.0
GO_Biological_Process_2021	nucleotide-excision repair (GO:0006289)	2/105	0.0396738564820509	0.1435228047798209	0	0	6.641111483093405	21.43128405093656	COPS6;COPS2	6.0
GO_Biological_Process_2021	chromosome organization (GO:0051276)	2/106	0.0403603344703366	0.1435228047798209	0	0	6.576923076923077	21.111316660657067	COPS6;COPS2	6.0
GO_Biological_Process_2021	regulation of canonical Wnt signaling pathway (GO:0060828)	3/253	0.0403917779997922	0.1435228047798209	0	0	4.145263157894737	13.302684335263466	PPM1B;UBR5;KLHL12	6.0
GO_Biological_Process_2021	response to calcium ion (GO:0051592)	2/107	0.0410513299052493	0.1435228047798209	0	0	6.513957307060755	20.798623034620903	PRKAA2;PDCD6	6.0
GO_Biological_Process_2021	amyloid precursor protein catabolic process (GO:0042987)	1/14	0.0412036623612398	0.1435228047798209	0	0	25.980443285528036	82.85756066816143	ADAM10	6.0
GO_Biological_Process_2021	negative regulation of DNA-templated transcription, elongation (GO:0032785)	1/14	0.0412036623612398	0.1435228047798209	0	0	25.980443285528036	82.85756066816143	SUPT5H	6.0
GO_Biological_Process_2021	regulation of cAMP-dependent protein kinase activity (GO:2000479)	1/14	0.0412036623612398	0.1435228047798209	0	0	25.980443285528036	82.85756066816143	HTT	6.0
GO_Biological_Process_2021	respiratory electron transport chain (GO:0022904)	1/14	0.0412036623612398	0.1435228047798209	0	0	25.980443285528036	82.85756066816143	ETFA	6.0
GO_Biological_Process_2021	positive regulation of SMAD protein signal transduction (GO:0060391)	1/14	0.0412036623612398	0.1435228047798209	0	0	25.980443285528036	82.85756066816143	RBPMS	6.0
GO_Biological_Process_2021	nuclear migration (GO:0007097)	1/14	0.0412036623612398	0.1435228047798209	0	0	25.980443285528036	82.85756066816143	DYNC1H1	6.0
GO_Biological_Process_2021	positive regulation of T cell chemotaxis (GO:0010820)	1/14	0.0412036623612398	0.1435228047798209	0	0	25.980443285528036	82.85756066816143	ADAM10	6.0
GO_Biological_Process_2021	nucleoside phosphate biosynthetic process (GO:1901293)	1/14	0.0412036623612398	0.1435228047798209	0	0	25.980443285528036	82.85756066816143	NME2	6.0
GO_Biological_Process_2021	nucleoside triphosphate metabolic process (GO:0009141)	1/14	0.0412036623612398	0.1435228047798209	0	0	25.980443285528036	82.85756066816143	NME2	6.0
GO_Biological_Process_2021	regulation of protein serine/threonine kinase activity (GO:0071900)	2/111	0.0438598428620982	0.1458715392464433	0	0	6.273647579879785	19.616165957046345	MAP2K2;HTT	6.0
GO_Biological_Process_2021	establishment of spindle localization (GO:0051293)	1/15	0.0440820585634856	0.1458715392464433	0	0	24.12348668280872	75.30634662640054	DYNC1H1	6.0
GO_Biological_Process_2021	regulation of T cell chemotaxis (GO:0010819)	1/15	0.0440820585634856	0.1458715392464433	0	0	24.12348668280872	75.30634662640054	ADAM10	6.0
GO_Biological_Process_2021	regulation of amyloid fibril formation (GO:1905906)	1/15	0.0440820585634856	0.1458715392464433	0	0	24.12348668280872	75.30634662640054	CRYAB	6.0
GO_Biological_Process_2021	positive regulation of keratinocyte differentiation (GO:0045618)	1/15	0.0440820585634856	0.1458715392464433	0	0	24.12348668280872	75.30634662640054	NME2	6.0
GO_Biological_Process_2021	cellular response to exogenous dsRNA (GO:0071360)	1/15	0.0440820585634856	0.1458715392464433	0	0	24.12348668280872	75.30634662640054	MAVS	6.0
GO_Biological_Process_2021	lipoxygenase pathway (GO:0019372)	1/15	0.0440820585634856	0.1458715392464433	0	0	24.12348668280872	75.30634662640054	PON2	6.0
GO_Biological_Process_2021	positive regulation of protein export from nucleus (GO:0046827)	1/15	0.0440820585634856	0.1458715392464433	0	0	24.12348668280872	75.30634662640054	BAG3	6.0
GO_Biological_Process_2021	positive regulation of response to cytokine stimulus (GO:0060760)	1/15	0.0440820585634856	0.1458715392464433	0	0	24.12348668280872	75.30634662640054	MAVS	6.0
GO_Biological_Process_2021	electron transport chain (GO:0022900)	1/15	0.0440820585634856	0.1458715392464433	0	0	24.12348668280872	75.30634662640054	ETFA	6.0
GO_Biological_Process_2021	endoplasmic reticulum to cytosol transport (GO:1903513)	1/15	0.0440820585634856	0.1458715392464433	0	0	24.12348668280872	75.30634662640054	SEC61B	6.0
GO_Biological_Process_2021	positive regulation of metabolic process (GO:0009893)	2/113	0.0452903718026147	0.1485197778031689	0	0	6.159987573780677	19.063072147431072	DYNC1H1;FASN	6.0
GO_Biological_Process_2021	nuclear-transcribed mRNA catabolic process, nonsense-mediated decay (GO:0000184)	2/113	0.0452903718026147	0.1485197778031689	0	0	6.159987573780677	19.063072147431072	RPS27;MAGOHB	6.0
GO_Biological_Process_2021	cellular response to transforming growth factor beta stimulus (GO:0071560)	2/114	0.046012093837942	0.1486131522401848	0	0	6.104679802955665	18.79539956196108	USP9X;PTPRK	6.0
GO_Biological_Process_2021	negative regulation of signal transduction (GO:0009968)	3/267	0.0461433746732091	0.1486131522401848	0	0	3.922647527910686	12.066071205929124	KANK2;PDCD6;PTPN12	6.0
GO_Biological_Process_2021	retrograde axonal transport (GO:0008090)	1/16	0.0469519574385199	0.1486131522401848	0	0	22.51412429378531	68.86238459395226	DYNC1H1	6.0
GO_Biological_Process_2021	regulation of defense response to virus (GO:0050688)	1/16	0.0469519574385199	0.1486131522401848	0	0	22.51412429378531	68.86238459395226	PPM1B	6.0
GO_Biological_Process_2021	regulation of ERBB signaling pathway (GO:1901184)	1/16	0.0469519574385199	0.1486131522401848	0	0	22.51412429378531	68.86238459395226	PTPN12	6.0
GO_Biological_Process_2021	positive regulation of myeloid leukocyte cytokine production involved in immune response (GO:0061081)	1/16	0.0469519574385199	0.1486131522401848	0	0	22.51412429378531	68.86238459395226	MAVS	6.0
GO_Biological_Process_2021	nucleoside diphosphate metabolic process (GO:0009132)	1/16	0.0469519574385199	0.1486131522401848	0	0	22.51412429378531	68.86238459395226	NME2	6.0
GO_Biological_Process_2021	positive regulation by host of viral transcription (GO:0043923)	1/16	0.0469519574385199	0.1486131522401848	0	0	22.51412429378531	68.86238459395226	TFAP4	6.0
GO_Biological_Process_2021	acyl-CoA biosynthetic process (GO:0071616)	1/17	0.0498133836138164	0.153661624029061	0	0	21.10593220338983	63.30664389351284	FASN	6.0
GO_Biological_Process_2021	positive regulation of heart rate (GO:0010460)	1/17	0.0498133836138164	0.153661624029061	0	0	21.10593220338983	63.30664389351284	ATP2A2	6.0
GO_Biological_Process_2021	retrograde protein transport, ER to cytosol (GO:0030970)	1/17	0.0498133836138164	0.153661624029061	0	0	21.10593220338983	63.30664389351284	SEC61B	6.0
GO_Biological_Process_2021	ribosomal small subunit assembly (GO:0000028)	1/17	0.0498133836138164	0.153661624029061	0	0	21.10593220338983	63.30664389351284	RPS27	6.0
GO_Biological_Process_2021	cellular response to gamma radiation (GO:0071480)	1/17	0.0498133836138164	0.153661624029061	0	0	21.10593220338983	63.30664389351284	CRYAB	6.0
GO_Biological_Process_2021	regulation of Golgi organization (GO:1903358)	1/17	0.0498133836138164	0.153661624029061	0	0	21.10593220338983	63.30664389351284	MAP2K2	6.0
GO_Biological_Process_2021	regulation of spindle organization (GO:0090224)	1/18	0.0526663616642541	0.1546874877768221	0	0	19.863409770687937	58.47347515993359	DYNC1H1	6.0
GO_Biological_Process_2021	amyloid precursor protein metabolic process (GO:0042982)	1/18	0.0526663616642541	0.1546874877768221	0	0	19.863409770687937	58.47347515993359	ADAM10	6.0
GO_Biological_Process_2021	regulation of transforming growth factor beta production (GO:0071634)	1/18	0.0526663616642541	0.1546874877768221	0	0	19.863409770687937	58.47347515993359	FN1	6.0
GO_Biological_Process_2021	positive regulation of lymphocyte chemotaxis (GO:0140131)	1/18	0.0526663616642541	0.1546874877768221	0	0	19.863409770687937	58.47347515993359	ADAM10	6.0
GO_Biological_Process_2021	regulation of early endosome to late endosome transport (GO:2000641)	1/18	0.0526663616642541	0.1546874877768221	0	0	19.863409770687937	58.47347515993359	MAP2K2	6.0
GO_Biological_Process_2021	intermediate filament organization (GO:0045109)	1/18	0.0526663616642541	0.1546874877768221	0	0	19.863409770687937	58.47347515993359	DNAJB6	6.0
GO_Biological_Process_2021	positive regulation of mRNA splicing, via spliceosome (GO:0048026)	1/18	0.0526663616642541	0.1546874877768221	0	0	19.863409770687937	58.47347515993359	TRA2A	6.0
GO_Biological_Process_2021	cellular response to dsRNA (GO:0071359)	1/18	0.0526663616642541	0.1546874877768221	0	0	19.863409770687937	58.47347515993359	MAVS	6.0
GO_Biological_Process_2021	regulation of fatty acid metabolic process (GO:0019217)	1/18	0.0526663616642541	0.1546874877768221	0	0	19.863409770687937	58.47347515993359	PRKAA2	6.0
GO_Biological_Process_2021	regulation of mRNA polyadenylation (GO:1900363)	1/18	0.0526663616642541	0.1546874877768221	0	0	19.863409770687937	58.47347515993359	SUPT5H	6.0
GO_Biological_Process_2021	regulation of production of miRNAs involved in gene silencing by miRNA (GO:1903798)	1/18	0.0526663616642541	0.1546874877768221	0	0	19.863409770687937	58.47347515993359	MAP2K2	6.0
GO_Biological_Process_2021	positive regulation of epithelial cell proliferation (GO:0050679)	2/123	0.052695737594302	0.1546874877768221	0	0	5.648047876888002	16.6234514669055	PDCD6;NME2	6.0
GO_Biological_Process_2021	fatty acid metabolic process (GO:0006631)	2/124	0.0534587096432134	0.1562969502821661	0	0	5.601469756924816	16.405840641650475	PON2;FASN	6.0
GO_Biological_Process_2021	positive regulation of cell population proliferation (GO:0008284)	4/474	0.0537710648059078	0.1565430270432672	0	0	2.9589665653495443	8.649117814802619	FN1;NME2;S100A6;ADAM10	6.0
GO_Biological_Process_2021	negative regulation of transcription by RNA polymerase II (GO:0000122)	5/684	0.0539729392690385	0.1565430270432672	0	0	2.57879234167894	7.528197521584021	KANK2;USP9X;BAG3;FHL2;SUPT5H	6.0
GO_Biological_Process_2021	fatty acid transmembrane transport (GO:1902001)	1/19	0.0555109160756712	0.1572449295840024	0	0	18.75894538606403	54.2354050228785	PRKAA2	6.0
GO_Biological_Process_2021	positive regulation of cilium assembly (GO:0045724)	1/19	0.0555109160756712	0.1572449295840024	0	0	18.75894538606403	54.2354050228785	HTT	6.0
GO_Biological_Process_2021	regulation of autophagy of mitochondrion (GO:1903146)	1/19	0.0555109160756712	0.1572449295840024	0	0	18.75894538606403	54.2354050228785	HTT	6.0
GO_Biological_Process_2021	negative regulation of protein localization to nucleus (GO:1900181)	1/19	0.0555109160756712	0.1572449295840024	0	0	18.75894538606403	54.2354050228785	CTNNA1	6.0
GO_Biological_Process_2021	NLS-bearing protein import into nucleus (GO:0006607)	1/19	0.0555109160756712	0.1572449295840024	0	0	18.75894538606403	54.2354050228785	IPO5	6.0
GO_Biological_Process_2021	pore complex assembly (GO:0046931)	1/19	0.0555109160756712	0.1572449295840024	0	0	18.75894538606403	54.2354050228785	ADAM10	6.0
GO_Biological_Process_2021	neutrophil degranulation (GO:0043312)	4/481	0.0561688570110189	0.1584919686202395	0	0	2.9144953578915844	8.391977011485695	DYNC1H1;CAND1;NME2;ADAM10	6.0
GO_Biological_Process_2021	microtubule cytoskeleton organization involved in mitosis (GO:1902850)	2/128	0.0565498866029161	0.1584950294561936	0	0	5.422550629447181	15.576992902659592	DYNC1H1;RPS27	6.0
GO_Biological_Process_2021	cellular response to insulin stimulus (GO:0032869)	2/129	0.0573323554885279	0.1584950294561936	0	0	5.379581862612001	15.379633578853715	ATP6V1A;ATP6V1H	6.0
GO_Biological_Process_2021	neutrophil activation involved in immune response (GO:0002283)	4/485	0.0575648394883745	0.1584950294561936	0	0	2.88966438966439	8.249539089165165	DYNC1H1;CAND1;NME2;ADAM10	6.0
GO_Biological_Process_2021	positive regulation of canonical Wnt signaling pathway (GO:0090263)	2/130	0.0581186356964668	0.1584950294561936	0	0	5.337284482758621	15.186009626441905	PPM1B;UBR5	6.0
GO_Biological_Process_2021	positive regulation of epidermal cell differentiation (GO:0045606)	1/20	0.058347071283324	0.1584950294561936	0	0	17.770740410347905	50.492824203227855	NME2	6.0
GO_Biological_Process_2021	positive regulation of heart contraction (GO:0045823)	1/20	0.058347071283324	0.1584950294561936	0	0	17.770740410347905	50.492824203227855	ATP2A2	6.0
GO_Biological_Process_2021	positive regulation of interferon-alpha production (GO:0032727)	1/20	0.058347071283324	0.1584950294561936	0	0	17.770740410347905	50.492824203227855	MAVS	6.0
GO_Biological_Process_2021	positive regulation of peptidyl-lysine acetylation (GO:2000758)	1/20	0.058347071283324	0.1584950294561936	0	0	17.770740410347905	50.492824203227855	PRKAA2	6.0
GO_Biological_Process_2021	positive regulation of protein processing (GO:0010954)	1/20	0.058347071283324	0.1584950294561936	0	0	17.770740410347905	50.492824203227855	PLGRKT	6.0
GO_Biological_Process_2021	endoplasmic reticulum calcium ion homeostasis (GO:0032469)	1/20	0.058347071283324	0.1584950294561936	0	0	17.770740410347905	50.492824203227855	ATP2A2	6.0
GO_Biological_Process_2021	neutrophil mediated immunity (GO:0002446)	4/488	0.0586241170053088	0.1586556028991258	0	0	2.871310507674144	8.144785555399912	DYNC1H1;CAND1;NME2;ADAM10	6.0
GO_Biological_Process_2021	regulation of cell cycle (GO:0051726)	3/296	0.059271927968772	0.1591404002463252	0	0	3.5291898688701275	9.972147624925778	TFAP4;ADAM10;PTPRK	6.0
GO_Biological_Process_2021	transmembrane receptor protein serine/threonine kinase signaling pathway (GO:0007178)	2/133	0.0605000546260963	0.1591404002463252	0	0	5.214266912345354	14.626597530295763	USP9X;PTPRK	6.0
GO_Biological_Process_2021	focal adhesion assembly (GO:0048041)	1/21	0.061174851663758	0.1591404002463252	0	0	16.88135593220339	47.16683081464229	PTPRK	6.0
GO_Biological_Process_2021	autonomic nervous system development (GO:0048483)	1/21	0.061174851663758	0.1591404002463252	0	0	16.88135593220339	47.16683081464229	FN1	6.0
GO_Biological_Process_2021	regulation of cardiac muscle contraction by calcium ion signaling (GO:0010882)	1/21	0.061174851663758	0.1591404002463252	0	0	16.88135593220339	47.16683081464229	ATP2A2	6.0
GO_Biological_Process_2021	positive regulation of glycolytic process (GO:0045821)	1/21	0.061174851663758	0.1591404002463252	0	0	16.88135593220339	47.16683081464229	PRKAA2	6.0
GO_Biological_Process_2021	intracellular lipid transport (GO:0032365)	1/21	0.061174851663758	0.1591404002463252	0	0	16.88135593220339	47.16683081464229	PRKAA2	6.0
GO_Biological_Process_2021	stress granule assembly (GO:0034063)	1/21	0.061174851663758	0.1591404002463252	0	0	16.88135593220339	47.16683081464229	DYNC1H1	6.0
GO_Biological_Process_2021	positive regulation of purine nucleotide metabolic process (GO:1900544)	1/21	0.061174851663758	0.1591404002463252	0	0	16.88135593220339	47.16683081464229	PRKAA2	6.0
GO_Biological_Process_2021	vacuolar acidification (GO:0007035)	1/21	0.061174851663758	0.1591404002463252	0	0	16.88135593220339	47.16683081464229	ATP6V1H	6.0
GO_Biological_Process_2021	mRNA processing (GO:0006397)	3/300	0.0612078462485866	0.1591404002463252	0	0	3.480949849370902	9.723963405815814	TRA2A;MAGOHB;SUPT5H	6.0
GO_Biological_Process_2021	regulation of response to cytokine stimulus (GO:0060759)	1/22	0.0639942814878953	0.1634660944673256	0	0	16.076674737691686	44.19416072773483	MAVS	6.0
GO_Biological_Process_2021	positive regulation of calcium ion transmembrane transporter activity (GO:1901021)	1/22	0.0639942814878953	0.1634660944673256	0	0	16.076674737691686	44.19416072773483	HTT	6.0
GO_Biological_Process_2021	fatty-acyl-CoA metabolic process (GO:0035337)	1/22	0.0639942814878953	0.1634660944673256	0	0	16.076674737691686	44.19416072773483	FASN	6.0
GO_Biological_Process_2021	membrane protein intracellular domain proteolysis (GO:0031293)	1/22	0.0639942814878953	0.1634660944673256	0	0	16.076674737691686	44.19416072773483	ADAM10	6.0
GO_Biological_Process_2021	peptidyl-threonine dephosphorylation (GO:0035970)	1/22	0.0639942814878953	0.1634660944673256	0	0	16.076674737691686	44.19416072773483	PPM1B	6.0
GO_Biological_Process_2021	ERK1 and ERK2 cascade (GO:0070371)	1/23	0.0668053849974009	0.166555891363383	0	0	15.345146379044683	41.52353011470704	MAP2K2	6.0
GO_Biological_Process_2021	regulation of SMAD protein signal transduction (GO:0060390)	1/23	0.0668053849974009	0.166555891363383	0	0	15.345146379044683	41.52353011470704	RBPMS	6.0
GO_Biological_Process_2021	response to nutrient levels (GO:0031667)	1/23	0.0668053849974009	0.166555891363383	0	0	15.345146379044683	41.52353011470704	PRKAA2	6.0
GO_Biological_Process_2021	positive regulation of mRNA processing (GO:0050685)	1/23	0.0668053849974009	0.166555891363383	0	0	15.345146379044683	41.52353011470704	TRA2A	6.0
GO_Biological_Process_2021	membrane protein ectodomain proteolysis (GO:0006509)	1/23	0.0668053849974009	0.166555891363383	0	0	15.345146379044683	41.52353011470704	ADAM10	6.0
GO_Biological_Process_2021	nucleotide metabolic process (GO:0009117)	1/23	0.0668053849974009	0.166555891363383	0	0	15.345146379044683	41.52353011470704	NME2	6.0
GO_Biological_Process_2021	regulation of protein export from nucleus (GO:0046825)	1/23	0.0668053849974009	0.166555891363383	0	0	15.345146379044683	41.52353011470704	BAG3	6.0
GO_Biological_Process_2021	establishment of mitotic spindle orientation (GO:0000132)	1/24	0.0696081863665755	0.1683546833052059	0	0	14.67722918201916	39.11295320546662	HTT	6.0
GO_Biological_Process_2021	positive regulation of carbohydrate metabolic process (GO:0045913)	1/24	0.0696081863665755	0.1683546833052059	0	0	14.67722918201916	39.11295320546662	PRKAA2	6.0
GO_Biological_Process_2021	regulation of vascular endothelial growth factor receptor signaling pathway (GO:0030947)	1/24	0.0696081863665755	0.1683546833052059	0	0	14.67722918201916	39.11295320546662	PDCD6	6.0
GO_Biological_Process_2021	axon extension (GO:0048675)	1/24	0.0696081863665755	0.1683546833052059	0	0	14.67722918201916	39.11295320546662	USP9X	6.0
GO_Biological_Process_2021	response to gamma radiation (GO:0010332)	1/24	0.0696081863665755	0.1683546833052059	0	0	14.67722918201916	39.11295320546662	CRYAB	6.0
GO_Biological_Process_2021	negative regulation of NIK/NF-kappaB signaling (GO:1901223)	1/24	0.0696081863665755	0.1683546833052059	0	0	14.67722918201916	39.11295320546662	PPM1B	6.0
GO_Biological_Process_2021	regulation of keratinocyte proliferation (GO:0010837)	1/24	0.0696081863665755	0.1683546833052059	0	0	14.67722918201916	39.11295320546662	PTPRK	6.0
GO_Biological_Process_2021	nucleotide-binding domain, leucine rich repeat containing receptor signaling pathway (GO:0035872)	1/24	0.0696081863665755	0.1683546833052059	0	0	14.67722918201916	39.11295320546662	TAB1	6.0
GO_Biological_Process_2021	protein exit from endoplasmic reticulum (GO:0032527)	1/24	0.0696081863665755	0.1683546833052059	0	0	14.67722918201916	39.11295320546662	SEC61B	6.0
GO_Biological_Process_2021	negative regulation of gene expression (GO:0010629)	3/322	0.0723771638176463	0.1705798467300869	0	0	3.2372545784524007	8.500591700947528	PRKAA2;MAP2K2;ADAM10	6.0
GO_Biological_Process_2021	regulation of spindle assembly (GO:0090169)	1/25	0.0724027096697759	0.1705798467300869	0	0	14.064971751412427	36.927745838789015	DYNC1H1	6.0
GO_Biological_Process_2021	positive regulation of DNA-templated transcription, elongation (GO:0032786)	1/25	0.0724027096697759	0.1705798467300869	0	0	14.064971751412427	36.927745838789015	SUPT5H	6.0
GO_Biological_Process_2021	regulation of cardiac muscle cell action potential (GO:0098901)	1/25	0.0724027096697759	0.1705798467300869	0	0	14.064971751412427	36.927745838789015	ATP2A2	6.0
GO_Biological_Process_2021	in utero embryonic development (GO:0001701)	1/25	0.0724027096697759	0.1705798467300869	0	0	14.064971751412427	36.927745838789015	ADAM10	6.0
GO_Biological_Process_2021	cellular response to hexose stimulus (GO:0071331)	1/25	0.0724027096697759	0.1705798467300869	0	0	14.064971751412427	36.927745838789015	PRKAA2	6.0
GO_Biological_Process_2021	regulation of interferon-alpha production (GO:0032647)	1/25	0.0724027096697759	0.1705798467300869	0	0	14.064971751412427	36.927745838789015	MAVS	6.0
GO_Biological_Process_2021	positive regulation of T cell migration (GO:2000406)	1/25	0.0724027096697759	0.1705798467300869	0	0	14.064971751412427	36.927745838789015	ADAM10	6.0
GO_Biological_Process_2021	response to cytokine (GO:0034097)	2/150	0.0746008798741825	0.1748804366451503	0	0	4.611369990680336	11.969285677158242	ADAM10;PTPN12	6.0
GO_Biological_Process_2021	regulation of synapse organization (GO:0050807)	1/26	0.0751889789422143	0.1748804366451503	0	0	13.501694915254236	34.93901932570728	GRIPAP1	6.0
GO_Biological_Process_2021	chaperone cofactor-dependent protein refolding (GO:0051085)	1/26	0.0751889789422143	0.1748804366451503	0	0	13.501694915254236	34.93901932570728	DNAJC7	6.0
GO_Biological_Process_2021	positive regulation of viral transcription (GO:0050434)	1/26	0.0751889789422143	0.1748804366451503	0	0	13.501694915254236	34.93901932570728	SUPT5H	6.0
GO_Biological_Process_2021	cellular protein localization (GO:0034613)	3/329	0.0761114688674486	0.1754520228136947	0	0	3.1666128511462706	8.155789734223127	COPA;PDCD6;PTPRK	6.0
GO_Biological_Process_2021	positive regulation of Wnt signaling pathway (GO:0030177)	2/153	0.0771899080869133	0.1754520228136947	0	0	4.519068280429321	11.575532640359151	PPM1B;UBR5	6.0
GO_Biological_Process_2021	negative regulation of catalytic activity (GO:0043086)	1/27	0.0779670181418841	0.1754520228136947	0	0	12.98174706649283	33.12253021761694	CAND1	6.0
GO_Biological_Process_2021	regulation of cardiac muscle cell contraction (GO:0086004)	1/27	0.0779670181418841	0.1754520228136947	0	0	12.98174706649283	33.12253021761694	ATP2A2	6.0
GO_Biological_Process_2021	positive regulation of gene silencing by miRNA (GO:2000637)	1/27	0.0779670181418841	0.1754520228136947	0	0	12.98174706649283	33.12253021761694	MAP2K2	6.0
GO_Biological_Process_2021	positive regulation of muscle cell differentiation (GO:0051149)	1/27	0.0779670181418841	0.1754520228136947	0	0	12.98174706649283	33.12253021761694	CTNNA1	6.0
GO_Biological_Process_2021	cellular response to unfolded protein (GO:0034620)	1/27	0.0779670181418841	0.1754520228136947	0	0	12.98174706649283	33.12253021761694	BAG3	6.0
GO_Biological_Process_2021	nucleobase-containing small molecule interconversion (GO:0015949)	1/27	0.0779670181418841	0.1754520228136947	0	0	12.98174706649283	33.12253021761694	NME2	6.0
GO_Biological_Process_2021	cytoplasmic pattern recognition receptor signaling pathway (GO:0002753)	1/27	0.0779670181418841	0.1754520228136947	0	0	12.98174706649283	33.12253021761694	TAB1	6.0
GO_Biological_Process_2021	regulation of cell population proliferation (GO:0042127)	5/764	0.0786299478994524	0.1754520228136947	0	0	2.2974008863336928	5.842296508937001	KANK2;TFAP4;FN1;ADAM10;PTPRK	6.0
GO_Biological_Process_2021	mitotic spindle organization (GO:0007052)	2/157	0.0806859356224209	0.1754520228136947	0	0	4.401557285873192	11.079560380114748	DYNC1H1;RPS27	6.0
GO_Biological_Process_2021	positive regulation of defense response to virus by host (GO:0002230)	1/28	0.0807368511574007	0.1754520228136947	0	0	12.500313873195228	31.45779193205892	MAVS	6.0
GO_Biological_Process_2021	regulation of calcineurin-NFAT signaling cascade (GO:0070884)	1/28	0.0807368511574007	0.1754520228136947	0	0	12.500313873195228	31.45779193205892	FHL2	6.0
GO_Biological_Process_2021	regulation of calcium-mediated signaling (GO:0050848)	1/28	0.0807368511574007	0.1754520228136947	0	0	12.500313873195228	31.45779193205892	HTT	6.0
GO_Biological_Process_2021	calcium ion import (GO:0070509)	1/28	0.0807368511574007	0.1754520228136947	0	0	12.500313873195228	31.45779193205892	ATP2A2	6.0
GO_Biological_Process_2021	regulation of DNA-templated transcription, elongation (GO:0032784)	1/28	0.0807368511574007	0.1754520228136947	0	0	12.500313873195228	31.45779193205892	SUPT5H	6.0
GO_Biological_Process_2021	cellular response to acid chemical (GO:0071229)	1/28	0.0807368511574007	0.1754520228136947	0	0	12.500313873195228	31.45779193205892	IPO5	6.0
GO_Biological_Process_2021	cellular response to epidermal growth factor stimulus (GO:0071364)	1/28	0.0807368511574007	0.1754520228136947	0	0	12.500313873195228	31.45779193205892	PTPN12	6.0
GO_Biological_Process_2021	cytosolic calcium ion transport (GO:0060401)	1/28	0.0807368511574007	0.1754520228136947	0	0	12.500313873195228	31.45779193205892	ATP2A2	6.0
GO_Biological_Process_2021	nucleotide-binding oligomerization domain containing signaling pathway (GO:0070423)	1/28	0.0807368511574007	0.1754520228136947	0	0	12.500313873195228	31.45779193205892	TAB1	6.0
GO_Biological_Process_2021	regulation of phosphatase activity (GO:0010921)	1/28	0.0807368511574007	0.1754520228136947	0	0	12.500313873195228	31.45779193205892	HTT	6.0
GO_Biological_Process_2021	protein localization to cell surface (GO:0034394)	1/28	0.0807368511574007	0.1754520228136947	0	0	12.500313873195228	31.45779193205892	PTPRK	6.0
GO_Biological_Process_2021	negative regulation of cellular macromolecule biosynthetic process (GO:2000113)	4/547	0.0815626790861896	0.1767191380200775	0	0	2.551565377532228	6.39520132512149	TFAP4;PBXIP1;PTPRK;CRYAB	6.0
GO_Biological_Process_2021	establishment of mitotic spindle localization (GO:0040001)	1/29	0.0834985018208404	0.1787850274281524	0	0	12.053268765133172	29.927381507961847	HTT	6.0
GO_Biological_Process_2021	aggrephagy (GO:0035973)	1/29	0.0834985018208404	0.1787850274281524	0	0	12.053268765133172	29.927381507961847	DYNC1H1	6.0
GO_Biological_Process_2021	regulation of fatty acid biosynthetic process (GO:0042304)	1/29	0.0834985018208404	0.1787850274281524	0	0	12.053268765133172	29.927381507961847	PRKAA2	6.0
GO_Biological_Process_2021	MyD88-dependent toll-like receptor signaling pathway (GO:0002755)	1/29	0.0834985018208404	0.1787850274281524	0	0	12.053268765133172	29.927381507961847	TAB1	6.0
GO_Biological_Process_2021	establishment of spindle orientation (GO:0051294)	1/30	0.0862519938757385	0.1814749633872645	0	0	11.637054354178844	28.516393460743195	HTT	6.0
GO_Biological_Process_2021	extrinsic apoptotic signaling pathway via death domain receptors (GO:0008625)	1/30	0.0862519938757385	0.1814749633872645	0	0	11.637054354178844	28.516393460743195	BAG3	6.0
GO_Biological_Process_2021	fatty-acyl-CoA biosynthetic process (GO:0046949)	1/30	0.0862519938757385	0.1814749633872645	0	0	11.637054354178844	28.516393460743195	FASN	6.0
GO_Biological_Process_2021	regulation of type I interferon-mediated signaling pathway (GO:0060338)	1/30	0.0862519938757385	0.1814749633872645	0	0	11.637054354178844	28.516393460743195	MAVS	6.0
GO_Biological_Process_2021	regulation of MAPK cascade (GO:0043408)	2/166	0.0887278326738941	0.1814749633872645	0	0	4.15811606391926	10.071712447363208	MAP2K2;FN1	6.0
GO_Biological_Process_2021	'de novo' posttranslational protein folding (GO:0051084)	1/31	0.0889973510131811	0.1814749633872645	0	0	11.248587570621469	27.21200570122755	DNAJC7	6.0
GO_Biological_Process_2021	negative regulation of DNA binding (GO:0043392)	1/31	0.0889973510131811	0.1814749633872645	0	0	11.248587570621469	27.21200570122755	TFAP4	6.0
GO_Biological_Process_2021	negative regulation of response to biotic stimulus (GO:0002832)	1/31	0.0889973510131811	0.1814749633872645	0	0	11.248587570621469	27.21200570122755	PPM1B	6.0
GO_Biological_Process_2021	positive regulation of RNA splicing (GO:0033120)	1/31	0.0889973510131811	0.1814749633872645	0	0	11.248587570621469	27.21200570122755	TRA2A	6.0
GO_Biological_Process_2021	organelle transport along microtubule (GO:0072384)	1/31	0.0889973510131811	0.1814749633872645	0	0	11.248587570621469	27.21200570122755	HTT	6.0
GO_Biological_Process_2021	peptide cross-linking (GO:0018149)	1/31	0.0889973510131811	0.1814749633872645	0	0	11.248587570621469	27.21200570122755	FN1	6.0
GO_Biological_Process_2021	ubiquitin-dependent protein catabolic process (GO:0006511)	3/354	0.0901266402893618	0.1814749633872645	0	0	2.937321937321937	7.068781217573139	RNF11;USP9X;ELOC	6.0
GO_Biological_Process_2021	gene expression (GO:0010467)	3/356	0.0912921794938354	0.1814749633872645	0	0	2.9203816907708364	6.990488894131067	RPS27;RBPMS;MAGOHB	6.0
GO_Biological_Process_2021	7-methylguanosine mRNA capping (GO:0006370)	1/32	0.0917345968770788	0.1814749633872645	0	0	10.88518316019683	26.003131702693533	SUPT5H	6.0
GO_Biological_Process_2021	7-methylguanosine RNA capping (GO:0009452)	1/32	0.0917345968770788	0.1814749633872645	0	0	10.88518316019683	26.003131702693533	SUPT5H	6.0
GO_Biological_Process_2021	ERBB2 signaling pathway (GO:0038128)	1/32	0.0917345968770788	0.1814749633872645	0	0	10.88518316019683	26.003131702693533	PTPN12	6.0
GO_Biological_Process_2021	negative regulation of double-strand break repair (GO:2000780)	1/32	0.0917345968770788	0.1814749633872645	0	0	10.88518316019683	26.003131702693533	UBR5	6.0
GO_Biological_Process_2021	negative regulation of intracellular steroid hormone receptor signaling pathway (GO:0033144)	1/32	0.0917345968770788	0.1814749633872645	0	0	10.88518316019683	26.003131702693533	KANK2	6.0
GO_Biological_Process_2021	response to amino acid (GO:0043200)	1/32	0.0917345968770788	0.1814749633872645	0	0	10.88518316019683	26.003131702693533	IPO5	6.0
GO_Biological_Process_2021	regulation of cellular biosynthetic process (GO:0031326)	1/32	0.0917345968770788	0.1814749633872645	0	0	10.88518316019683	26.003131702693533	PRKAA2	6.0
GO_Biological_Process_2021	intra-Golgi vesicle-mediated transport (GO:0006891)	1/32	0.0917345968770788	0.1814749633872645	0	0	10.88518316019683	26.003131702693533	COPA	6.0
GO_Biological_Process_2021	cellular response to glucose stimulus (GO:0071333)	1/32	0.0917345968770788	0.1814749633872645	0	0	10.88518316019683	26.003131702693533	PRKAA2	6.0
GO_Biological_Process_2021	cellular response to topologically incorrect protein (GO:0035967)	1/32	0.0917345968770788	0.1814749633872645	0	0	10.88518316019683	26.003131702693533	BAG3	6.0
GO_Biological_Process_2021	long-chain fatty acid transport (GO:0015909)	1/32	0.0917345968770788	0.1814749633872645	0	0	10.88518316019683	26.003131702693533	PRKAA2	6.0
GO_Biological_Process_2021	regulation of intracellular estrogen receptor signaling pathway (GO:0033146)	1/32	0.0917345968770788	0.1814749633872645	0	0	10.88518316019683	26.003131702693533	KANK2	6.0
GO_Biological_Process_2021	mitochondrial membrane organization (GO:0007006)	1/32	0.0917345968770788	0.1814749633872645	0	0	10.88518316019683	26.003131702693533	DNAJC11	6.0
GO_Biological_Process_2021	modulation by host of symbiont process (GO:0051851)	1/32	0.0917345968770788	0.1814749633872645	0	0	10.88518316019683	26.003131702693533	TFAP4	6.0
GO_Biological_Process_2021	endodermal cell differentiation (GO:0035987)	1/32	0.0917345968770788	0.1814749633872645	0	0	10.88518316019683	26.003131702693533	FN1	6.0
GO_Biological_Process_2021	positive regulation of I-kappaB kinase/NF-kappaB signaling (GO:0043123)	2/171	0.0932955149672585	0.1835652294490925	0	0	4.034074678637013	9.568757540249443	MAVS;S100A4	6.0
GO_Biological_Process_2021	nuclear-transcribed mRNA catabolic process (GO:0000956)	2/171	0.0932955149672585	0.1835652294490925	0	0	4.034074678637013	9.568757540249443	RPS27;MAGOHB	6.0
GO_Biological_Process_2021	positive regulation of ATP metabolic process (GO:1903580)	1/33	0.09446375498836	0.1848645527729197	0	0	10.544491525423728	24.880139655306092	PRKAA2	6.0
GO_Biological_Process_2021	neuron projection extension (GO:1990138)	1/33	0.09446375498836	0.1848645527729197	0	0	10.544491525423728	24.880139655306092	USP9X	6.0
GO_Biological_Process_2021	female gamete generation (GO:0007292)	1/34	0.0971848488620792	0.1866769656242577	0	0	10.224447868515664	23.834624062165258	USP9X	6.0
GO_Biological_Process_2021	autophagosome maturation (GO:0097352)	1/34	0.0971848488620792	0.1866769656242577	0	0	10.224447868515664	23.834624062165258	ATP2A2	6.0
GO_Biological_Process_2021	cellular response to amino acid stimulus (GO:0071230)	1/34	0.0971848488620792	0.1866769656242577	0	0	10.224447868515664	23.834624062165258	IPO5	6.0
GO_Biological_Process_2021	regulation of keratinocyte differentiation (GO:0045616)	1/34	0.0971848488620792	0.1866769656242577	0	0	10.224447868515664	23.834624062165258	NME2	6.0
GO_Biological_Process_2021	positive regulation of release of sequestered calcium ion into cytosol (GO:0051281)	1/34	0.0971848488620792	0.1866769656242577	0	0	10.224447868515664	23.834624062165258	HTT	6.0
GO_Biological_Process_2021	protein destabilization (GO:0031648)	1/34	0.0971848488620792	0.1866769656242577	0	0	10.224447868515664	23.834624062165258	HTT	6.0
GO_Biological_Process_2021	protein insertion into membrane (GO:0051205)	1/34	0.0971848488620792	0.1866769656242577	0	0	10.224447868515664	23.834624062165258	SEC61B	6.0
GO_Biological_Process_2021	negative regulation of cell cycle G1/S phase transition (GO:1902807)	1/35	0.0998979019015595	0.1886235820456965	0	0	9.923230309072782	22.85921878898856	KANK2	6.0
GO_Biological_Process_2021	response to exogenous dsRNA (GO:0043330)	1/35	0.0998979019015595	0.1886235820456965	0	0	9.923230309072782	22.85921878898856	MAVS	6.0
GO_Biological_Process_2021	regulation of lipid biosynthetic process (GO:0046890)	1/35	0.0998979019015595	0.1886235820456965	0	0	9.923230309072782	22.85921878898856	PRKAA2	6.0
GO_Biological_Process_2021	regulation of mitotic spindle organization (GO:0060236)	1/35	0.0998979019015595	0.1886235820456965	0	0	9.923230309072782	22.85921878898856	DYNC1H1	6.0
GO_Biological_Process_2021	regulation of muscle cell differentiation (GO:0051147)	1/35	0.0998979019015595	0.1886235820456965	0	0	9.923230309072782	22.85921878898856	CTNNA1	6.0
GO_Biological_Process_2021	peptidyl-tyrosine dephosphorylation (GO:0035335)	1/35	0.0998979019015595	0.1886235820456965	0	0	9.923230309072782	22.85921878898856	PTPN12	6.0
GO_Biological_Process_2021	RNA processing (GO:0006396)	2/179	0.1007430989482384	0.1886235820456965	0	0	3.850185076953049	8.836873857791202	RBPMS;MAGOHB	6.0
GO_Biological_Process_2021	negative regulation of cellular protein localization (GO:1903828)	1/36	0.1026029374863953	0.1886235820456965	0	0	9.639225181598064	21.947443048733657	CTNNA1	6.0
GO_Biological_Process_2021	positive regulation of cytokine-mediated signaling pathway (GO:0001961)	1/36	0.1026029374863953	0.1886235820456965	0	0	9.639225181598064	21.947443048733657	MAVS	6.0
GO_Biological_Process_2021	axonal transport (GO:0098930)	1/36	0.1026029374863953	0.1886235820456965	0	0	9.639225181598064	21.947443048733657	DYNC1H1	6.0
GO_Biological_Process_2021	regulation of cardiac muscle contraction (GO:0055117)	1/36	0.1026029374863953	0.1886235820456965	0	0	9.639225181598064	21.947443048733657	ATP2A2	6.0
GO_Biological_Process_2021	positive regulation of innate immune response (GO:0045089)	1/36	0.1026029374863953	0.1886235820456965	0	0	9.639225181598064	21.947443048733657	MAVS	6.0
GO_Biological_Process_2021	positive regulation of interferon-beta production (GO:0032728)	1/36	0.1026029374863953	0.1886235820456965	0	0	9.639225181598064	21.947443048733657	MAVS	6.0
GO_Biological_Process_2021	regulation of defense response to virus by host (GO:0050691)	1/36	0.1026029374863953	0.1886235820456965	0	0	9.639225181598064	21.947443048733657	MAVS	6.0
GO_Biological_Process_2021	regulation of microtubule-based process (GO:0032886)	1/36	0.1026029374863953	0.1886235820456965	0	0	9.639225181598064	21.947443048733657	PRKAA2	6.0
GO_Biological_Process_2021	endoderm formation (GO:0001706)	1/36	0.1026029374863953	0.1886235820456965	0	0	9.639225181598064	21.947443048733657	FN1	6.0
GO_Biological_Process_2021	platelet aggregation (GO:0070527)	1/36	0.1026029374863953	0.1886235820456965	0	0	9.639225181598064	21.947443048733657	FN1	6.0
GO_Biological_Process_2021	negative regulation of cytokine production (GO:0001818)	2/182	0.1035780763109577	0.1895113654532843	0	0	3.78544061302682	8.583220057812946	MAVS;FN1	6.0
GO_Biological_Process_2021	regulation of gene expression (GO:0010468)	6/1079	0.1036064882560537	0.1895113654532843	0	0	1.9537123330226775	4.429369315742771	PRKAA2;MAP2K2;MAGED1;UBR5;FN1;ADAM10	6.0
GO_Biological_Process_2021	negative regulation of G1/S transition of mitotic cell cycle (GO:2000134)	1/37	0.1052999788759501	0.1906924990589346	0	0	9.370998116760829	21.09357380941926	KANK2	6.0
GO_Biological_Process_2021	neural crest cell migration (GO:0001755)	1/37	0.1052999788759501	0.1906924990589346	0	0	9.370998116760829	21.09357380941926	FN1	6.0
GO_Biological_Process_2021	regulation of microtubule cytoskeleton organization (GO:0070507)	1/37	0.1052999788759501	0.1906924990589346	0	0	9.370998116760829	21.09357380941926	PRKAA2	6.0
GO_Biological_Process_2021	protein insertion into ER membrane (GO:0045048)	1/37	0.1052999788759501	0.1906924990589346	0	0	9.370998116760829	21.09357380941926	SEC61B	6.0
GO_Biological_Process_2021	regulation of phosphoprotein phosphatase activity (GO:0043666)	1/38	0.1079890493135275	0.1950769923083077	0	0	9.117269812185066	20.292539475955067	HTT	6.0
GO_Biological_Process_2021	regulation of mitotic cell cycle phase transition (GO:1901990)	2/188	0.1093134800791667	0.1969807264792906	0	0	3.6622172784575455	8.106448175763747	DYNC1H1;TFAP4	6.0
GO_Biological_Process_2021	protein monoubiquitination (GO:0006513)	1/39	0.1106701719388892	0.1974703067929201	0	0	8.876895628902766	19.539830870257344	KLHL12	6.0
GO_Biological_Process_2021	positive regulation of intracellular transport (GO:0032388)	1/39	0.1106701719388892	0.1974703067929201	0	0	8.876895628902766	19.539830870257344	DYNC1H1	6.0
GO_Biological_Process_2021	membrane protein proteolysis (GO:0033619)	1/39	0.1106701719388892	0.1974703067929201	0	0	8.876895628902766	19.539830870257344	ADAM10	6.0
GO_Biological_Process_2021	vesicle cytoskeletal trafficking (GO:0099518)	1/39	0.1106701719388892	0.1974703067929201	0	0	8.876895628902766	19.539830870257344	HTT	6.0
GO_Biological_Process_2021	positive regulation of cation channel activity (GO:2001259)	1/40	0.1133433698574306	0.1993091141454336	0	0	8.648848326814429	18.83142630233209	HTT	6.0
GO_Biological_Process_2021	fatty acid derivative biosynthetic process (GO:1901570)	1/40	0.1133433698574306	0.1993091141454336	0	0	8.648848326814429	18.83142630233209	FASN	6.0
GO_Biological_Process_2021	negative regulation of ERBB signaling pathway (GO:1901185)	1/40	0.1133433698574306	0.1993091141454336	0	0	8.648848326814429	18.83142630233209	PTPN12	6.0
GO_Biological_Process_2021	negative regulation of I-kappaB kinase/NF-kappaB signaling (GO:0043124)	1/40	0.1133433698574306	0.1993091141454336	0	0	8.648848326814429	18.83142630233209	PPM1B	6.0
GO_Biological_Process_2021	ribosomal small subunit biogenesis (GO:0042274)	1/40	0.1133433698574306	0.1993091141454336	0	0	8.648848326814429	18.83142630233209	RPS27	6.0
GO_Biological_Process_2021	negative regulation of protein kinase B signaling (GO:0051898)	1/40	0.1133433698574306	0.1993091141454336	0	0	8.648848326814429	18.83142630233209	PDCD6	6.0
GO_Biological_Process_2021	epithelial cell migration (GO:0010631)	1/41	0.1160086660925291	0.2020438012329215	0	0	8.432203389830509	18.163728229298105	KANK2	6.0
GO_Biological_Process_2021	regulation of viral transcription (GO:0046782)	1/41	0.1160086660925291	0.2020438012329215	0	0	8.432203389830509	18.163728229298105	SUPT5H	6.0
GO_Biological_Process_2021	JNK cascade (GO:0007254)	1/41	0.1160086660925291	0.2020438012329215	0	0	8.432203389830509	18.163728229298105	TAB1	6.0
GO_Biological_Process_2021	regulation of protein dephosphorylation (GO:0035304)	1/41	0.1160086660925291	0.2020438012329215	0	0	8.432203389830509	18.163728229298105	HTT	6.0
GO_Biological_Process_2021	phosphorylation (GO:0016310)	3/400	0.1184745922827348	0.2051993084393961	0	0	2.5908789606257456	5.526491861905216	PRKAA2;COPS2;ADAM10	6.0
GO_Biological_Process_2021	regulation of double-strand break repair (GO:2000779)	1/42	0.1186660835892662	0.2051993084393961	0	0	8.226126498553121	17.533509462955344	UBR5	6.0
GO_Biological_Process_2021	cellular respiration (GO:0045333)	1/42	0.1186660835892662	0.2051993084393961	0	0	8.226126498553121	17.533509462955344	ETFA	6.0
GO_Biological_Process_2021	cellular glucose homeostasis (GO:0001678)	1/43	0.1213156452636398	0.2082966739432306	0	0	8.029862792574656	16.937867296435986	PRKAA2	6.0
GO_Biological_Process_2021	cellular response to glucose starvation (GO:0042149)	1/43	0.1213156452636398	0.2082966739432306	0	0	8.029862792574656	16.937867296435986	PRKAA2	6.0
GO_Biological_Process_2021	substantia nigra development (GO:0021762)	1/43	0.1213156452636398	0.2082966739432306	0	0	8.029862792574656	16.937867296435986	ATP5PF	6.0
GO_Biological_Process_2021	modification-dependent protein catabolic process (GO:0019941)	2/201	0.1220195989839061	0.2090123954359615	0	0	3.4207243112112287	7.195745353060354	RNF11;ELOC	6.0
GO_Biological_Process_2021	homotypic cell-cell adhesion (GO:0034109)	1/44	0.123957373940928	0.2104345531727824	0	0	7.842727631060307	16.374184239115326	FN1	6.0
GO_Biological_Process_2021	intracellular protein transmembrane transport (GO:0065002)	1/44	0.123957373940928	0.2104345531727824	0	0	7.842727631060307	16.374184239115326	SEC61B	6.0
GO_Biological_Process_2021	intracellular steroid hormone receptor signaling pathway (GO:0030518)	1/44	0.123957373940928	0.2104345531727824	0	0	7.842727631060307	16.374184239115326	UBR5	6.0
GO_Biological_Process_2021	regulation of angiogenesis (GO:0045765)	2/203	0.1240060759768182	0.2104345531727824	0	0	3.3863441413621547	7.068738453377337	PDCD6;GTF2I	6.0
GO_Biological_Process_2021	protein modification by small protein conjugation (GO:0032446)	3/409	0.1243747546976154	0.2105693521392187	0	0	2.5322789732953077	5.278424240824461	CAND1;USP9X;ELOC	6.0
GO_Biological_Process_2021	regulation of DNA repair (GO:0006282)	1/45	0.1265912923641668	0.2133297704655404	0	0	7.664098613251156	15.840094270101874	UBR5	6.0
GO_Biological_Process_2021	positive regulation of RNA metabolic process (GO:0051254)	1/45	0.1265912923641668	0.2133297704655404	0	0	7.664098613251156	15.840094270101874	MAP2K2	6.0
GO_Biological_Process_2021	regulation of cellular protein localization (GO:1903827)	1/46	0.1292174232451343	0.2167518067337736	0	0	7.493408662900189	15.333453732333885	PRKAA2	6.0
GO_Biological_Process_2021	positive regulation of response to stimulus (GO:0048584)	1/46	0.1292174232451343	0.2167518067337736	0	0	7.493408662900189	15.333453732333885	MAVS	6.0
GO_Biological_Process_2021	cellular protein metabolic process (GO:0044267)	3/417	0.1297089086731916	0.2170760586530656	0	0	2.48232901093313	5.07006392557381	RPS27;FN1;ADAM10	6.0
GO_Biological_Process_2021	epithelial to mesenchymal transition (GO:0001837)	1/47	0.1318357892142466	0.2181283057908444	0	0	7.330140014738394	14.852316151299132	S100A4	6.0
GO_Biological_Process_2021	regulation of cellular metabolic process (GO:0031323)	1/47	0.1318357892142466	0.2181283057908444	0	0	7.330140014738394	14.852316151299132	FASN	6.0
GO_Biological_Process_2021	regulation of DNA binding (GO:0051101)	1/47	0.1318357892142466	0.2181283057908444	0	0	7.330140014738394	14.852316151299132	TFAP4	6.0
GO_Biological_Process_2021	positive regulation of pathway-restricted SMAD protein phosphorylation (GO:0010862)	1/47	0.1318357892142466	0.2181283057908444	0	0	7.330140014738394	14.852316151299132	RBPMS	6.0
GO_Biological_Process_2021	regulation of protein localization to nucleus (GO:1900180)	1/47	0.1318357892142466	0.2181283057908444	0	0	7.330140014738394	14.852316151299132	CTNNA1	6.0
GO_Biological_Process_2021	cellular response to alcohol (GO:0097306)	1/48	0.1344464128504467	0.2209412834201471	0	0	7.173818968626037	14.394910368283425	CTNNA1	6.0
GO_Biological_Process_2021	cellular response to ionizing radiation (GO:0071479)	1/48	0.1344464128504467	0.2209412834201471	0	0	7.173818968626037	14.394910368283425	CRYAB	6.0
GO_Biological_Process_2021	substrate adhesion-dependent cell spreading (GO:0034446)	1/48	0.1344464128504467	0.2209412834201471	0	0	7.173818968626037	14.394910368283425	FN1	6.0
GO_Biological_Process_2021	adherens junction organization (GO:0034332)	1/49	0.1370493166479286	0.222705139552884	0	0	7.0240112994350286	13.95962150005924	CTNNA1	6.0
GO_Biological_Process_2021	regulation of stress-activated MAPK cascade (GO:0032872)	1/49	0.1370493166479286	0.222705139552884	0	0	7.0240112994350286	13.95962150005924	MAP2K2	6.0
GO_Biological_Process_2021	response to glucose (GO:0009749)	1/49	0.1370493166479286	0.222705139552884	0	0	7.0240112994350286	13.95962150005924	PRKAA2	6.0
GO_Biological_Process_2021	regulation of cellular localization (GO:0060341)	1/49	0.1370493166479286	0.222705139552884	0	0	7.0240112994350286	13.95962150005924	DYNC1H1	6.0
GO_Biological_Process_2021	response to unfolded protein (GO:0006986)	1/49	0.1370493166479286	0.222705139552884	0	0	7.0240112994350286	13.95962150005924	BAG3	6.0
GO_Biological_Process_2021	ribosome assembly (GO:0042255)	1/50	0.1396445230534406	0.2259138061842328	0	0	6.88031822898651	13.544974303558986	RPS27	6.0
GO_Biological_Process_2021	neuron migration (GO:0001764)	1/50	0.1396445230534406	0.2259138061842328	0	0	6.88031822898651	13.544974303558986	USP9X	6.0
GO_Biological_Process_2021	negative regulation of transport (GO:0051051)	1/51	0.1422320544478961	0.2285760168610781	0	0	6.742372881355932	13.14961860629303	CRYAB	6.0
GO_Biological_Process_2021	mesenchymal cell differentiation (GO:0048762)	1/51	0.1422320544478961	0.2285760168610781	0	0	6.742372881355932	13.14961860629303	S100A4	6.0
GO_Biological_Process_2021	regulation of protein modification process (GO:0031399)	1/51	0.1422320544478961	0.2285760168610781	0	0	6.742372881355932	13.14961860629303	FN1	6.0
GO_Biological_Process_2021	positive regulation of transcription, DNA-templated (GO:0045893)	6/1183	0.1425485251428159	0.2285800138853964	0	0	1.7712640422920796	3.4505513199811886	MAVS;CHCHD2;TFAP4;MAP2K2;NME2;SUPT5H	6.0
GO_Biological_Process_2021	fatty acid beta-oxidation (GO:0006635)	1/52	0.1448119331189623	0.2306850925833798	0	0	6.609837155201063	12.772316508882604	ETFA	6.0
GO_Biological_Process_2021	negative regulation of protein metabolic process (GO:0051248)	1/52	0.1448119331189623	0.2306850925833798	0	0	6.609837155201063	12.772316508882604	CRYAB	6.0
GO_Biological_Process_2021	negative regulation of protein-containing complex assembly (GO:0031333)	1/52	0.1448119331189623	0.2306850925833798	0	0	6.609837155201063	12.772316508882604	CRYAB	6.0
GO_Biological_Process_2021	negative regulation of cysteine-type endopeptidase activity (GO:2000117)	1/53	0.1473841813494661	0.2337596601795453	0	0	6.482398956975228	12.41193110915411	DNAJB6	6.0
GO_Biological_Process_2021	positive regulation of chemokine production (GO:0032722)	1/53	0.1473841813494661	0.2337596601795453	0	0	6.482398956975228	12.41193110915411	MAVS	6.0
GO_Biological_Process_2021	regulation of alternative mRNA splicing, via spliceosome (GO:0000381)	1/54	0.1499488213160607	0.2362829911647018	0	0	6.359769747361688	12.067416554890574	RBM25	6.0
GO_Biological_Process_2021	negative regulation of viral genome replication (GO:0045071)	1/54	0.1499488213160607	0.2362829911647018	0	0	6.359769747361688	12.067416554890574	MAVS	6.0
GO_Biological_Process_2021	cytoplasmic microtubule organization (GO:0031122)	1/54	0.1499488213160607	0.2362829911647018	0	0	6.359769747361688	12.067416554890574	DYNC1H1	6.0
GO_Biological_Process_2021	negative regulation of cysteine-type endopeptidase activity involved in apoptotic process (GO:0043154)	1/55	0.1525058751374526	0.2392764592673825	0	0	6.241682360326428	11.73780923341877	DNAJB6	6.0
GO_Biological_Process_2021	regulation of cardiac conduction (GO:1903779)	1/55	0.1525058751374526	0.2392764592673825	0	0	6.241682360326428	11.73780923341877	ATP2A2	6.0
GO_Biological_Process_2021	autophagosome organization (GO:1905037)	1/56	0.1550553648708816	0.242753345432262	0	0	6.12788906009245	11.422219957998047	ATP2A2	6.0
GO_Biological_Process_2021	icosanoid metabolic process (GO:0006690)	1/57	0.1575973125085249	0.2456763244244242	0	0	6.018159806295399	11.119827020699836	PON2	6.0
GO_Biological_Process_2021	protein K48-linked ubiquitination (GO:0070936)	1/57	0.1575973125085249	0.2456763244244242	0	0	6.018159806295399	11.119827020699836	UBR5	6.0
GO_Biological_Process_2021	autophagosome assembly (GO:0000045)	1/58	0.1601317399952158	0.2475072329437731	0	0	5.912280701754386	10.829870001571042	ATP2A2	6.0
GO_Biological_Process_2021	positive regulation of mitochondrion organization (GO:0010822)	1/58	0.1601317399952158	0.2475072329437731	0	0	5.912280701754386	10.829870001571042	HTT	6.0
GO_Biological_Process_2021	chordate embryonic development (GO:0043009)	1/58	0.1601317399952158	0.2475072329437731	0	0	5.912280701754386	10.829870001571042	ADAM10	6.0
GO_Biological_Process_2021	regulation of pathway-restricted SMAD protein phosphorylation (GO:0060393)	1/58	0.1601317399952158	0.2475072329437731	0	0	5.912280701754386	10.829870001571042	RBPMS	6.0
GO_Biological_Process_2021	axonogenesis (GO:0007409)	2/240	0.1620308450462878	0.2498217535442132	0	0	2.854534917415242	5.195163804127091	USP9X;S100A6	6.0
GO_Biological_Process_2021	response to reactive oxygen species (GO:0000302)	1/59	0.1626586692032377	0.2498217535442132	0	0	5.810052600818235	10.551644242584764	PTPRK	6.0
GO_Biological_Process_2021	selective autophagy (GO:0061912)	1/59	0.1626586692032377	0.2498217535442132	0	0	5.810052600818235	10.551644242584764	DYNC1H1	6.0
GO_Biological_Process_2021	apical junction assembly (GO:0043297)	1/60	0.1651781219201507	0.252625362936701	0	0	5.711289859235852	10.28449590314534	CTNNA1	6.0
GO_Biological_Process_2021	Notch signaling pathway (GO:0007219)	1/60	0.1651781219201507	0.252625362936701	0	0	5.711289859235852	10.28449590314534	ADAM10	6.0
GO_Biological_Process_2021	positive regulation of interleukin-8 production (GO:0032757)	1/61	0.1676901199083657	0.2553941575173436	0	0	5.6158192090395485	10.027817525427489	MAVS	6.0
GO_Biological_Process_2021	pattern recognition receptor signaling pathway (GO:0002221)	1/61	0.1676901199083657	0.2553941575173436	0	0	5.6158192090395485	10.027817525427489	TAB1	6.0
GO_Biological_Process_2021	positive regulation of DNA-binding transcription factor activity (GO:0051091)	2/246	0.1683890930561243	0.2559232980059677	0	0	2.7834934991520632	4.958732285322368	MAVS;TAB1	6.0
GO_Biological_Process_2021	positive regulation of cysteine-type endopeptidase activity (GO:2001056)	1/62	0.1701946848493095	0.2565253220917129	0	0	5.523478744095582	9.78104405565578	PDCD6	6.0
GO_Biological_Process_2021	negative regulation of kinase activity (GO:0033673)	1/62	0.1701946848493095	0.2565253220917129	0	0	5.523478744095582	9.78104405565578	TAB1	6.0
GO_Biological_Process_2021	I-kappaB kinase/NF-kappaB signaling (GO:0007249)	1/62	0.1701946848493095	0.2565253220917129	0	0	5.523478744095582	9.78104405565578	TAB1	6.0
GO_Biological_Process_2021	stress-activated MAPK cascade (GO:0051403)	1/62	0.1701946848493095	0.2565253220917129	0	0	5.523478744095582	9.78104405565578	TAB1	6.0
GO_Biological_Process_2021	positive regulation of DNA metabolic process (GO:0051054)	1/63	0.1726918383694235	0.2586824245533751	0	0	5.434117003827228	9.543649261752437	USP9X	6.0
GO_Biological_Process_2021	cellular response to reactive oxygen species (GO:0034614)	1/63	0.1726918383694235	0.2586824245533751	0	0	5.434117003827228	9.543649261752437	PTPRK	6.0
GO_Biological_Process_2021	positive regulation of viral process (GO:0048524)	1/63	0.1726918383694235	0.2586824245533751	0	0	5.434117003827228	9.543649261752437	SUPT5H	6.0
GO_Biological_Process_2021	RNA splicing, via transesterification reactions with bulged adenosine as nucleophile (GO:0000377)	2/251	0.17372092007298	0.2596895889386642	0	0	2.7269076305220885	4.7729205375343735	TRA2A;MAGOHB	6.0
GO_Biological_Process_2021	regulation of cilium assembly (GO:1902017)	1/64	0.1751816020210316	0.2602180203243572	0	0	5.347592144202314	9.315142506150496	HTT	6.0
GO_Biological_Process_2021	regulation of extrinsic apoptotic signaling pathway (GO:2001236)	1/64	0.1751816020210316	0.2602180203243572	0	0	5.347592144202314	9.315142506150496	HTT	6.0
GO_Biological_Process_2021	lipid homeostasis (GO:0055088)	1/64	0.1751816020210316	0.2602180203243572	0	0	5.347592144202314	9.315142506150496	PRKAA2	6.0
GO_Biological_Process_2021	positive regulation of gene expression (GO:0010628)	3/482	0.1758192487393071	0.2602180203243572	0	0	2.138336446544336	3.7170676949867625	MAP2K2;UBR5;FN1	6.0
GO_Biological_Process_2021	positive regulation of phosphorylation (GO:0042327)	2/253	0.1758616291203073	0.2602180203243572	0	0	2.704904519851628	4.701280375558706	MAVS;PRKAA2	6.0
GO_Biological_Process_2021	BMP signaling pathway (GO:0030509)	1/65	0.17766399732423	0.2618206276357074	0	0	5.263771186440678	9.09506583049212	USP9X	6.0
GO_Biological_Process_2021	protein autoubiquitination (GO:0051865)	1/65	0.17766399732423	0.2618206276357074	0	0	5.263771186440678	9.09506583049212	RNF11	6.0
GO_Biological_Process_2021	ERBB signaling pathway (GO:0038127)	1/66	0.1801390456585259	0.2622824504788137	0	0	5.182529335071708	8.88299132386989	PTPN12	6.0
GO_Biological_Process_2021	extracellular matrix disassembly (GO:0022617)	1/66	0.1801390456585259	0.2622824504788137	0	0	5.182529335071708	8.88299132386989	ADAM10	6.0
GO_Biological_Process_2021	cell-cell junction assembly (GO:0007043)	1/66	0.1801390456585259	0.2622824504788137	0	0	5.182529335071708	8.88299132386989	CTNNA1	6.0
GO_Biological_Process_2021	cellular component disassembly (GO:0022411)	1/66	0.1801390456585259	0.2622824504788137	0	0	5.182529335071708	8.88299132386989	ADAM10	6.0
GO_Biological_Process_2021	cellular response to nutrient levels (GO:0031669)	1/66	0.1801390456585259	0.2622824504788137	0	0	5.182529335071708	8.88299132386989	PRKAA2	6.0
GO_Biological_Process_2021	regulation of protein localization (GO:0032880)	1/66	0.1801390456585259	0.2622824504788137	0	0	5.182529335071708	8.88299132386989	DNAJB6	6.0
GO_Biological_Process_2021	regulation of viral genome replication (GO:0045069)	1/67	0.1826067684788564	0.2642897166055815	0	0	5.103749357986646	8.678518729968271	MAVS	6.0
GO_Biological_Process_2021	regulation of epidermal growth factor receptor signaling pathway (GO:0042058)	1/67	0.1826067684788564	0.2642897166055815	0	0	5.103749357986646	8.678518729968271	PTPN12	6.0
GO_Biological_Process_2021	vascular endothelial growth factor receptor signaling pathway (GO:0048010)	1/67	0.1826067684788564	0.2642897166055815	0	0	5.103749357986646	8.678518729968271	PDCD6	6.0
GO_Biological_Process_2021	protein phosphorylation (GO:0006468)	3/496	0.1863087319525365	0.2691126128203305	0	0	2.076118287605423	3.4886056388101423	PRKAA2;COPS2;ADAM10	6.0
GO_Biological_Process_2021	RNA 3'-end processing (GO:0031123)	1/69	0.1875203226168755	0.2697920847136074	0	0	4.953140578265204	8.290903771791394	MAGOHB	6.0
GO_Biological_Process_2021	cellular response to calcium ion (GO:0071277)	1/69	0.1875203226168755	0.2697920847136074	0	0	4.953140578265204	8.290903771791394	PRKAA2	6.0
GO_Biological_Process_2021	regulation of protein phosphorylation (GO:0001932)	2/266	0.1898771114182647	0.2701081855482562	0	0	2.5700104493207943	4.269759329350917	MAVS;FN1	6.0
GO_Biological_Process_2021	positive regulation of cell-substrate adhesion (GO:0010811)	1/70	0.1899661964295428	0.2701081855482562	0	0	4.881110292311472	8.107080679196798	FN1	6.0
GO_Biological_Process_2021	carbohydrate homeostasis (GO:0033500)	1/70	0.1899661964295428	0.2701081855482562	0	0	4.881110292311472	8.107080679196798	PRKAA2	6.0
GO_Biological_Process_2021	kidney development (GO:0001822)	1/70	0.1899661964295428	0.2701081855482562	0	0	4.881110292311472	8.107080679196798	KANK2	6.0
GO_Biological_Process_2021	cellular response to light stimulus (GO:0071482)	1/70	0.1899661964295428	0.2701081855482562	0	0	4.881110292311472	8.107080679196798	PTPRK	6.0
GO_Biological_Process_2021	negative regulation of viral process (GO:0048525)	1/70	0.1899661964295428	0.2701081855482562	0	0	4.881110292311472	8.107080679196798	MAVS	6.0
GO_Biological_Process_2021	protein deubiquitination (GO:0016579)	2/267	0.1909618947038023	0.2704067874981174	0	0	2.560182173064411	4.238845940569448	USP9X;TAB1	6.0
GO_Biological_Process_2021	positive regulation of cellular protein localization (GO:1903829)	1/71	0.1924048295659681	0.2704067874981174	0	0	4.811138014527845	7.929494628161929	PRKAA2	6.0
GO_Biological_Process_2021	response to metal ion (GO:0010038)	1/71	0.1924048295659681	0.2704067874981174	0	0	4.811138014527845	7.929494628161929	PDCD6	6.0
GO_Biological_Process_2021	cellular response to BMP stimulus (GO:0071773)	1/71	0.1924048295659681	0.2704067874981174	0	0	4.811138014527845	7.929494628161929	USP9X	6.0
GO_Biological_Process_2021	regulation of G1/S transition of mitotic cell cycle (GO:2000045)	1/71	0.1924048295659681	0.2704067874981174	0	0	4.811138014527845	7.929494628161929	KANK2	6.0
GO_Biological_Process_2021	regulation of glycolytic process (GO:0006110)	1/71	0.1924048295659681	0.2704067874981174	0	0	4.811138014527845	7.929494628161929	PRKAA2	6.0
GO_Biological_Process_2021	positive regulation of cell migration (GO:0030335)	2/269	0.1931340797030589	0.2709086898339631	0	0	2.540746480692238	4.177928860107754	FN1;ADAM10	6.0
GO_Biological_Process_2021	extrinsic apoptotic signaling pathway (GO:0097191)	1/72	0.1948362431059409	0.2717256417262931	0	0	4.743136786822631	7.757854854821752	BAG3	6.0
GO_Biological_Process_2021	cell morphogenesis involved in differentiation (GO:0000904)	1/72	0.1948362431059409	0.2717256417262931	0	0	4.743136786822631	7.757854854821752	FN1	6.0
GO_Biological_Process_2021	negative regulation of supramolecular fiber organization (GO:1902904)	1/72	0.1948362431059409	0.2717256417262931	0	0	4.743136786822631	7.757854854821752	CRYAB	6.0
GO_Biological_Process_2021	regulation of Rho protein signal transduction (GO:0035023)	1/73	0.1972604581015887	0.2730144743307159	0	0	4.677024482109228	7.591887858510897	KANK2	6.0
GO_Biological_Process_2021	negative regulation of cell adhesion (GO:0007162)	1/73	0.1972604581015887	0.2730144743307159	0	0	4.677024482109228	7.591887858510897	ADAM10	6.0
GO_Biological_Process_2021	ubiquitin-dependent ERAD pathway (GO:0030433)	1/73	0.1972604581015887	0.2730144743307159	0	0	4.677024482109228	7.591887858510897	SEC61B	6.0
GO_Biological_Process_2021	endoplasmic reticulum organization (GO:0007029)	1/73	0.1972604581015887	0.2730144743307159	0	0	4.677024482109228	7.591887858510897	SEC61B	6.0
GO_Biological_Process_2021	positive regulation of nucleic acid-templated transcription (GO:1903508)	3/511	0.1977300473603835	0.2731451128621616	0	0	2.0132615002072107	3.263200088226793	TFAP4;MAP2K2;NME2	6.0
GO_Biological_Process_2021	mRNA splicing, via spliceosome (GO:0000398)	2/274	0.1985791362118009	0.2737574701898391	0	0	2.4934077079107504	4.030762082310344	TRA2A;MAGOHB	6.0
GO_Biological_Process_2021	proteolysis involved in cellular protein catabolic process (GO:0051603)	1/74	0.1996774954269293	0.2737574701898391	0	0	4.61272347341537	7.431336163287547	USP9X	6.0
GO_Biological_Process_2021	negative regulation of protein binding (GO:0032091)	1/74	0.1996774954269293	0.2737574701898391	0	0	4.61272347341537	7.431336163287547	ATP2A2	6.0
GO_Biological_Process_2021	DNA damage response, signal transduction by p53 class mediator (GO:0030330)	1/74	0.1996774954269293	0.2737574701898391	0	0	4.61272347341537	7.431336163287547	TFAP4	6.0
GO_Biological_Process_2021	regulation of transcription from RNA polymerase II promoter in response to hypoxia (GO:0061418)	1/75	0.2020873760561381	0.2765406198662942	0	0	4.550160329821347	7.275957173916217	ELOC	6.0
GO_Biological_Process_2021	establishment of protein localization to organelle (GO:0072594)	1/76	0.2044901207943848	0.2767078214466769	0	0	4.489265536723164	7.125522139423135	IPO5	6.0
GO_Biological_Process_2021	positive regulation of growth (GO:0045927)	1/76	0.2044901207943848	0.2767078214466769	0	0	4.489265536723164	7.125522139423135	ADAM10	6.0
GO_Biological_Process_2021	positive regulation of interleukin-6 production (GO:0032755)	1/76	0.2044901207943848	0.2767078214466769	0	0	4.489265536723164	7.125522139423135	MAVS	6.0
GO_Biological_Process_2021	cell morphogenesis involved in neuron differentiation (GO:0048667)	1/76	0.2044901207943848	0.2767078214466769	0	0	4.489265536723164	7.125522139423135	S100A6	6.0
GO_Biological_Process_2021	RNA transport (GO:0050658)	1/76	0.2044901207943848	0.2767078214466769	0	0	4.489265536723164	7.125522139423135	MAGOHB	6.0
GO_Biological_Process_2021	protein import into nucleus (GO:0006606)	1/76	0.2044901207943848	0.2767078214466769	0	0	4.489265536723164	7.125522139423135	IPO5	6.0
GO_Biological_Process_2021	positive regulation of endothelial cell proliferation (GO:0001938)	1/77	0.2068857503807849	0.2768618130095798	0	0	4.429973238180196	6.979815193343096	PDCD6	6.0
GO_Biological_Process_2021	import into nucleus (GO:0051170)	1/77	0.2068857503807849	0.2768618130095798	0	0	4.429973238180196	6.979815193343096	IPO5	6.0
GO_Biological_Process_2021	positive regulation of phosphatidylinositol 3-kinase signaling (GO:0014068)	1/77	0.2068857503807849	0.2768618130095798	0	0	4.429973238180196	6.979815193343096	FN1	6.0
GO_Biological_Process_2021	cellular response to UV (GO:0034644)	1/77	0.2068857503807849	0.2768618130095798	0	0	4.429973238180196	6.979815193343096	PTPRK	6.0
GO_Biological_Process_2021	positive regulation of tumor necrosis factor production (GO:0032760)	1/77	0.2068857503807849	0.2768618130095798	0	0	4.429973238180196	6.979815193343096	MAVS	6.0
GO_Biological_Process_2021	positive regulation of type I interferon production (GO:0032481)	1/77	0.2068857503807849	0.2768618130095798	0	0	4.429973238180196	6.979815193343096	MAVS	6.0
GO_Biological_Process_2021	negative regulation of apoptotic signaling pathway (GO:2001234)	1/78	0.2092742855757584	0.2790323807676779	0	0	4.372220999339644	6.838632472205606	HTT	6.0
GO_Biological_Process_2021	negative regulation of blood vessel morphogenesis (GO:2000181)	1/78	0.2092742855757584	0.2790323807676779	0	0	4.372220999339644	6.838632472205606	GTF2I	6.0
GO_Biological_Process_2021	axon development (GO:0061564)	1/79	0.2116557470040838	0.2807458613484013	0	0	4.315949587136028	6.70178130963921	S100A6	6.0
GO_Biological_Process_2021	mRNA 3'-end processing (GO:0031124)	1/79	0.2116557470040838	0.2807458613484013	0	0	4.315949587136028	6.70178130963921	MAGOHB	6.0
GO_Biological_Process_2021	positive regulation of programmed cell death (GO:0043068)	2/286	0.2117231622740996	0.2807458613484013	0	0	2.3865954346770275	3.705131408496028	TFAP4;HTT	6.0
GO_Biological_Process_2021	regulation of transcription by RNA polymerase II (GO:0006357)	9/2206	0.2121111138690247	0.2807458613484013	0	0	1.425178719644435	2.2099462836428616	KANK2;MAVS;CHCHD2;TFAP4;USP9X;NME2;FHL2;ELOC;SUPT5H	6.0
GO_Biological_Process_2021	negative regulation of cellular response to growth factor stimulus (GO:0090288)	1/80	0.2140301552862125	0.2807458613484013	0	0	4.261102767646428	6.569079488195031	PDCD6	6.0
GO_Biological_Process_2021	negative regulation of extrinsic apoptotic signaling pathway (GO:2001237)	1/80	0.2140301552862125	0.2807458613484013	0	0	4.261102767646428	6.569079488195031	HTT	6.0
GO_Biological_Process_2021	lipid biosynthetic process (GO:0008610)	1/80	0.2140301552862125	0.2807458613484013	0	0	4.261102767646428	6.569079488195031	PRKAA2	6.0
GO_Biological_Process_2021	regulation of NIK/NF-kappaB signaling (GO:1901222)	1/80	0.2140301552862125	0.2807458613484013	0	0	4.261102767646428	6.569079488195031	PPM1B	6.0
GO_Biological_Process_2021	regulation of organelle organization (GO:0033043)	1/80	0.2140301552862125	0.2807458613484013	0	0	4.261102767646428	6.569079488195031	MAVS	6.0
GO_Biological_Process_2021	negative regulation of protein modification process (GO:0031400)	1/81	0.2163975309139009	0.2823250940955553	0	0	4.207627118644068	6.440354554688398	PRKAA2	6.0
GO_Biological_Process_2021	regulation of interleukin-8 production (GO:0032677)	1/81	0.2163975309139009	0.2823250940955553	0	0	4.207627118644068	6.440354554688398	MAVS	6.0
GO_Biological_Process_2021	positive regulation of tumor necrosis factor superfamily cytokine production (GO:1903557)	1/81	0.2163975309139009	0.2823250940955553	0	0	4.207627118644068	6.440354554688398	MAVS	6.0
GO_Biological_Process_2021	positive regulation of cytoskeleton organization (GO:0051495)	1/82	0.218757894421617	0.2838783371460555	0	0	4.155471856036828	6.315443182542394	DYNC1H1	6.0
GO_Biological_Process_2021	cell-cell junction organization (GO:0045216)	1/82	0.218757894421617	0.2838783371460555	0	0	4.155471856036828	6.315443182542394	CTNNA1	6.0
GO_Biological_Process_2021	positive regulation of protein ubiquitination (GO:0031398)	1/82	0.218757894421617	0.2838783371460555	0	0	4.155471856036828	6.315443182542394	PDCD6	6.0
GO_Biological_Process_2021	positive regulation of plasma membrane bounded cell projection assembly (GO:0120034)	1/83	0.2211112661510016	0.2864217113130412	0	0	4.104588673005374	6.194190590446407	HTT	6.0
GO_Biological_Process_2021	nuclear export (GO:0051168)	1/84	0.2234576665526605	0.2889470359686267	0	0	4.05493159076986	6.076449994742102	MAGOHB	6.0
GO_Biological_Process_2021	positive regulation of intracellular signal transduction (GO:1902533)	3/546	0.2250159495899674	0.2904245589584515	0	0	1.8801008044974317	2.8043282637550133	MAVS;FN1;S100A4	6.0
GO_Biological_Process_2021	negative regulation of defense response (GO:0031348)	1/85	0.2257971158935214	0.2904245589584515	0	0	4.006456820016142	5.962082113411242	PPM1B	6.0
GO_Biological_Process_2021	regulation of cell cycle G2/M phase transition (GO:1902749)	1/85	0.2257971158935214	0.2904245589584515	0	0	4.006456820016142	5.962082113411242	DYNC1H1	6.0
GO_Biological_Process_2021	regulation of transcription, DNA-templated (GO:0006355)	9/2244	0.2266089726727064	0.2908552956665128	0	0	1.3979470983024085	2.075293475097021	TFAP4;MAP2K2;MAGED1;NME2;PBXIP1;PTPRK;ELOC;SUPT5H;CRYAB	6.0
GO_Biological_Process_2021	extracellular matrix organization (GO:0030198)	2/300	0.2271677181862469	0.2908552956665128	0	0	2.27285350613284	3.368520467411834	FN1;ADAM10	6.0
GO_Biological_Process_2021	regulation of Ras protein signal transduction (GO:0046578)	1/86	0.228129634375795	0.2908552956665128	0	0	3.9591226321036888	5.850954699068187	KANK2	6.0
GO_Biological_Process_2021	glucose homeostasis (GO:0042593)	1/86	0.228129634375795	0.2908552956665128	0	0	3.9591226321036888	5.850954699068187	PRKAA2	6.0
GO_Biological_Process_2021	positive regulation of endothelial cell migration (GO:0010595)	1/86	0.228129634375795	0.2908552956665128	0	0	3.9591226321036888	5.850954699068187	PDCD6	6.0
GO_Biological_Process_2021	negative regulation of angiogenesis (GO:0016525)	1/87	0.2304552422279682	0.2922846974598621	0	0	3.912889239258967	5.742942106486769	GTF2I	6.0
GO_Biological_Process_2021	ERAD pathway (GO:0036503)	1/87	0.2304552422279682	0.2922846974598621	0	0	3.912889239258967	5.742942106486769	SEC61B	6.0
GO_Biological_Process_2021	calcium ion transmembrane transport (GO:0070588)	1/87	0.2304552422279682	0.2922846974598621	0	0	3.912889239258967	5.742942106486769	ATP2A2	6.0
GO_Biological_Process_2021	negative regulation of binding (GO:0051100)	1/88	0.2327739595836012	0.294712074046716	0	0	3.8677186830313657	5.637924894809464	TFAP4	6.0
GO_Biological_Process_2021	regulation of type I interferon production (GO:0032479)	1/89	0.2350858064592527	0.2955828447363315	0	0	3.823574730354392	5.535789456285142	MAVS	6.0
GO_Biological_Process_2021	regulation of endothelial cell migration (GO:0010594)	1/89	0.2350858064592527	0.2955828447363315	0	0	3.823574730354392	5.535789456285142	PDCD6	6.0
GO_Biological_Process_2021	post-Golgi vesicle-mediated transport (GO:0006892)	1/89	0.2350858064592527	0.2955828447363315	0	0	3.823574730354392	5.535789456285142	SCAMP2	6.0
GO_Biological_Process_2021	protein import (GO:0017038)	1/89	0.2350858064592527	0.2955828447363315	0	0	3.823574730354392	5.535789456285142	IPO5	6.0
GO_Biological_Process_2021	negative regulation of protein kinase activity (GO:0006469)	1/90	0.2373908029451353	0.2979663871449284	0	0	3.780422776613978	5.436427667682463	TAB1	6.0
GO_Biological_Process_2021	positive regulation of apoptotic process (GO:0043065)	2/310	0.2382534656606133	0.2985344629964312	0	0	2.197939991043439	3.1527695000757845	TFAP4;HTT	6.0
GO_Biological_Process_2021	toll-like receptor signaling pathway (GO:0002224)	1/91	0.2396889689588318	0.2993028634683183	0	0	3.738229755178908	5.339736572906059	TAB1	6.0
GO_Biological_Process_2021	positive regulation of transport (GO:0051050)	1/91	0.2396889689588318	0.2993028634683183	0	0	3.738229755178908	5.339736572906059	DYNC1H1	6.0
GO_Biological_Process_2021	negative regulation of mitotic cell cycle phase transition (GO:1901991)	1/92	0.2419803243702508	0.2995946873155486	0	0	3.696964052896256	5.245618081542441	KANK2	6.0
GO_Biological_Process_2021	regulation of endothelial cell proliferation (GO:0001936)	1/92	0.2419803243702508	0.2995946873155486	0	0	3.696964052896256	5.245618081542441	PDCD6	6.0
GO_Biological_Process_2021	regulation of lipid metabolic process (GO:0019216)	1/92	0.2419803243702508	0.2995946873155486	0	0	3.696964052896256	5.245618081542441	FASN	6.0
GO_Biological_Process_2021	positive regulation of transmembrane receptor protein serine/threonine kinase signaling pathway (GO:0090100)	1/92	0.2419803243702508	0.2995946873155486	0	0	3.696964052896256	5.245618081542441	RBPMS	6.0
GO_Biological_Process_2021	Wnt signaling pathway (GO:0016055)	1/92	0.2419803243702508	0.2995946873155486	0	0	3.696964052896256	5.245618081542441	KLHL12	6.0
GO_Biological_Process_2021	regulation of heart contraction (GO:0008016)	1/93	0.2442648890533911	0.3013980325946928	0	0	3.6565954310980096	5.153978689104962	ATP2A2	6.0
GO_Biological_Process_2021	cytoplasmic translation (GO:0002181)	1/93	0.2442648890533911	0.3013980325946928	0	0	3.6565954310980096	5.153978689104962	RPS27	6.0
GO_Biological_Process_2021	negative regulation of cell death (GO:0060548)	1/94	0.2465426828320222	0.3021600557267882	0	0	3.617094951704028	5.064729217695601	KANK2	6.0
GO_Biological_Process_2021	positive regulation of epithelial cell migration (GO:0010634)	1/94	0.2465426828320222	0.3021600557267882	0	0	3.617094951704028	5.064729217695601	PDCD6	6.0
GO_Biological_Process_2021	interleukin-1-mediated signaling pathway (GO:0070498)	1/94	0.2465426828320222	0.3021600557267882	0	0	3.617094951704028	5.064729217695601	TAB1	6.0
GO_Biological_Process_2021	cotranslational protein targeting to membrane (GO:0006613)	1/94	0.2465426828320222	0.3021600557267882	0	0	3.617094951704028	5.064729217695601	RPS27	6.0
GO_Biological_Process_2021	regulation of cell cycle phase transition (GO:1901987)	1/95	0.2488137253437684	0.3039201208897037	0	0	3.578434908041832	4.977784575060654	TFAP4	6.0
GO_Biological_Process_2021	ciliary basal body-plasma membrane docking (GO:0097711)	1/95	0.2488137253437684	0.3039201208897037	0	0	3.578434908041832	4.977784575060654	DYNC1H1	6.0
GO_Biological_Process_2021	regulation of vesicle-mediated transport (GO:0060627)	1/96	0.2510780363139976	0.3061722117865834	0	0	3.5405887600356825	4.893063523640772	MAP2K2	6.0
GO_Biological_Process_2021	cellular response to oxygen-containing compound (GO:1901701)	2/323	0.2527099512808135	0.3068691223783306	0	0	2.1075303469760445	2.898935148936706	PTPRK;IPO5	6.0
GO_Biological_Process_2021	protein maturation (GO:0051604)	1/97	0.2533356353700229	0.3068691223783306	0	0	3.503531073446328	4.810488471236988	ADAM10	6.0
GO_Biological_Process_2021	positive regulation of cold-induced thermogenesis (GO:0120162)	1/97	0.2533356353700229	0.3068691223783306	0	0	3.503531073446328	4.810488471236988	DYNC1H1	6.0
GO_Biological_Process_2021	calcium ion homeostasis (GO:0055074)	1/97	0.2533356353700229	0.3068691223783306	0	0	3.503531073446328	4.810488471236988	ATP2A2	6.0
GO_Biological_Process_2021	antigen processing and presentation of exogenous peptide antigen via MHC class II (GO:0019886)	1/98	0.2555865420581644	0.3085688268960924	0	0	3.4672374628691247	4.729985272302349	DYNC1H1	6.0
GO_Biological_Process_2021	RNA splicing (GO:0008380)	1/98	0.2555865420581644	0.3085688268960924	0	0	3.4672374628691247	4.729985272302349	MAGOHB	6.0
GO_Biological_Process_2021	response to UV (GO:0009411)	1/99	0.25783077585673	0.3102492641714041	0	0	3.4316845382220684	4.65148304199707	PTPRK	6.0
GO_Biological_Process_2021	mRNA-containing ribonucleoprotein complex export from nucleus (GO:0071427)	1/99	0.25783077585673	0.3102492641714041	0	0	3.4316845382220684	4.65148304199707	MAGOHB	6.0
GO_Biological_Process_2021	antigen processing and presentation of peptide antigen via MHC class II (GO:0002495)	1/100	0.2600683562676618	0.3124253520839238	0	0	3.396849854476973	4.574913980988086	DYNC1H1	6.0
GO_Biological_Process_2021	positive regulation of cell cycle process (GO:0090068)	1/101	0.262299302604677	0.3145863135028086	0	0	3.3627118644067795	4.500213215171523	DYNC1H1	6.0
GO_Biological_Process_2021	positive regulation of cell growth (GO:0030307)	1/102	0.264523634281119	0.3146621009095664	0	0	3.3292498741399563	4.427318638915545	ADAM10	6.0
GO_Biological_Process_2021	regulation of cell death (GO:0010941)	1/102	0.264523634281119	0.3146621009095664	0	0	3.3292498741399563	4.427318638915545	CRYAB	6.0
GO_Biological_Process_2021	calcium-mediated signaling (GO:0019722)	1/102	0.264523634281119	0.3146621009095664	0	0	3.3292498741399563	4.427318638915545	ATP2A2	6.0
GO_Biological_Process_2021	cell junction assembly (GO:0034329)	1/102	0.264523634281119	0.3146621009095664	0	0	3.3292498741399563	4.427318638915545	FN1	6.0
GO_Biological_Process_2021	positive regulation of vasculature development (GO:1904018)	1/102	0.264523634281119	0.3146621009095664	0	0	3.3292498741399563	4.427318638915545	PDCD6	6.0
GO_Biological_Process_2021	protein targeting to ER (GO:0045047)	1/103	0.2667413705583538	0.316266641313488	0	0	3.296444001329345	4.356170774773472	RPS27	6.0
GO_Biological_Process_2021	antigen processing and presentation of exogenous peptide antigen (GO:0002478)	1/103	0.2667413705583538	0.316266641313488	0	0	3.296444001329345	4.356170774773472	DYNC1H1	6.0
GO_Biological_Process_2021	cellular metal ion homeostasis (GO:0006875)	1/104	0.2689525306168844	0.3178529907290452	0	0	3.2642751357577757	4.286712637666174	ATP2A2	6.0
GO_Biological_Process_2021	mRNA transport (GO:0051028)	1/104	0.2689525306168844	0.3178529907290452	0	0	3.2642751357577757	4.286712637666174	MAGOHB	6.0
GO_Biological_Process_2021	protein processing (GO:0016485)	1/106	0.2733551988363283	0.319939846869529	0	0	3.201775625504439	4.152649308026699	ADAM10	6.0
GO_Biological_Process_2021	regulation of cell cycle process (GO:0010564)	1/106	0.2733551988363283	0.319939846869529	0	0	3.201775625504439	4.152649308026699	DYNC1H1	6.0
GO_Biological_Process_2021	RNA export from nucleus (GO:0006405)	1/106	0.2733551988363283	0.319939846869529	0	0	3.201775625504439	4.152649308026699	MAGOHB	6.0
GO_Biological_Process_2021	positive regulation of protein serine/threonine kinase activity (GO:0071902)	1/106	0.2733551988363283	0.319939846869529	0	0	3.201775625504439	4.152649308026699	MAP2K2	6.0
GO_Biological_Process_2021	regulation of phosphatidylinositol 3-kinase signaling (GO:0014066)	1/106	0.2733551988363283	0.319939846869529	0	0	3.201775625504439	4.152649308026699	FN1	6.0
GO_Biological_Process_2021	protein localization to nucleus (GO:0034504)	1/106	0.2733551988363283	0.319939846869529	0	0	3.201775625504439	4.152649308026699	IPO5	6.0
GO_Biological_Process_2021	mRNA export from nucleus (GO:0006406)	1/107	0.2755467451161427	0.3219872077761668	0	0	3.1714102974096576	4.087941502122476	MAGOHB	6.0
GO_Biological_Process_2021	positive regulation of multicellular organismal process (GO:0051240)	2/345	0.2772267521532991	0.3234312108455157	0	0	1.9701417512817936	2.527533285916665	DYNC1H1;NME2	6.0
GO_Biological_Process_2021	response to endoplasmic reticulum stress (GO:0034976)	1/110	0.2820824607956327	0.3270000500943004	0	0	3.083657285025657	3.902540475199397	ATP2A2	6.0
GO_Biological_Process_2021	response to tumor necrosis factor (GO:0034612)	1/110	0.2820824607956327	0.3270000500943004	0	0	3.083657285025657	3.902540475199397	ADAM10	6.0
GO_Biological_Process_2021	regulation of interleukin-6 production (GO:0032675)	1/110	0.2820824607956327	0.3270000500943004	0	0	3.083657285025657	3.902540475199397	MAVS	6.0
GO_Biological_Process_2021	regulation of protein kinase activity (GO:0045859)	1/110	0.2820824607956327	0.3270000500943004	0	0	3.083657285025657	3.902540475199397	TAB1	6.0
GO_Biological_Process_2021	Fc-epsilon receptor signaling pathway (GO:0038095)	1/111	0.2842481212957221	0.3284644957195011	0	0	3.0554699537750385	3.843499352196047	TAB1	6.0
GO_Biological_Process_2021	cellular divalent inorganic cation homeostasis (GO:0072503)	1/111	0.2842481212957221	0.3284644957195011	0	0	3.0554699537750385	3.843499352196047	ATP2A2	6.0
GO_Biological_Process_2021	protein-containing complex subunit organization (GO:0043933)	1/112	0.2864073574165455	0.3293910840430413	0	0	3.027790502366773	3.785768045800723	TFAP4	6.0
GO_Biological_Process_2021	Fc receptor signaling pathway (GO:0038093)	1/112	0.2864073574165455	0.3293910840430413	0	0	3.027790502366773	3.785768045800723	TAB1	6.0
GO_Biological_Process_2021	regulation of cytoskeleton organization (GO:0051493)	1/112	0.2864073574165455	0.3293910840430413	0	0	3.027790502366773	3.785768045800723	PRKAA2	6.0
GO_Biological_Process_2021	positive regulation of transcription by RNA polymerase II (GO:0045944)	4/908	0.2896180792266049	0.332558299175029	0	0	1.504108723135272	1.8638797858546503	MAVS;CHCHD2;NME2;SUPT5H	6.0
GO_Biological_Process_2021	negative regulation of cell motility (GO:2000146)	1/114	0.2907066314543067	0.3332825633050949	0	0	2.973901304934753	3.6740785899239343	PTPRK	6.0
GO_Biological_Process_2021	calcium ion transport (GO:0006816)	1/115	0.2928467067444856	0.3341573707053065	0	0	2.9476657746060067	3.620046000344292	ATP2A2	6.0
GO_Biological_Process_2021	cellular response to lectin (GO:1990858)	1/115	0.2928467067444856	0.3341573707053065	0	0	2.9476657746060067	3.620046000344292	TAB1	6.0
GO_Biological_Process_2021	stimulatory C-type lectin receptor signaling pathway (GO:0002223)	1/115	0.2928467067444856	0.3341573707053065	0	0	2.9476657746060067	3.620046000344292	TAB1	6.0
GO_Biological_Process_2021	regulation of protein-containing complex assembly (GO:0043254)	1/116	0.2949804322427853	0.3355402416761683	0	0	2.921886514369933	3.5671742121762127	CRYAB	6.0
GO_Biological_Process_2021	positive regulation of angiogenesis (GO:0045766)	1/116	0.2949804322427853	0.3355402416761683	0	0	2.921886514369933	3.5671742121762127	PDCD6	6.0
GO_Biological_Process_2021	negative regulation of response to external stimulus (GO:0032102)	1/118	0.299228908133737	0.3398418800645251	0	0	2.871650007243228	3.4647790341672446	PPM1B	6.0
GO_Biological_Process_2021	positive regulation of cysteine-type endopeptidase activity involved in apoptotic process (GO:0043280)	1/119	0.3013436953684434	0.3411791760936654	0	0	2.84717035334674	3.4151917166377954	PDCD6	6.0
GO_Biological_Process_2021	innate immune response activating cell surface receptor signaling pathway (GO:0002220)	1/119	0.3013436953684434	0.3411791760936654	0	0	2.84717035334674	3.4151917166377954	TAB1	6.0
GO_Biological_Process_2021	macroautophagy (GO:0016236)	1/120	0.3034522066694303	0.3430329292784864	0	0	2.8231021222048143	3.366637233880824	PRKAA2	6.0
GO_Biological_Process_2021	positive regulation of protein phosphorylation (GO:0001934)	2/371	0.306158385423536	0.3455555109896654	0	0	1.82889449584151	2.1647759290773188	MAVS;RBPMS	6.0
GO_Biological_Process_2021	epithelium development (GO:0060429)	1/122	0.3076504745162243	0.3467020827365499	0	0	2.776159125928001	3.2725112906238585	KANK2	6.0
GO_Biological_Process_2021	cellular response to organic substance (GO:0071310)	1/123	0.3097402675780553	0.348517642653515	0	0	2.7532647957766048	3.226884652637024	PTPN12	6.0
GO_Biological_Process_2021	regulation of tumor necrosis factor production (GO:0032680)	1/124	0.3118238575505706	0.3497808448333057	0	0	2.730742731156125	3.182180407661386	MAVS	6.0
GO_Biological_Process_2021	defense response to symbiont (GO:0140546)	1/124	0.3118238575505706	0.3497808448333057	0	0	2.730742731156125	3.182180407661386	MAVS	6.0
GO_Biological_Process_2021	regulation of phosphorylation (GO:0042325)	1/125	0.3139012626235478	0.3510293689553652	0	0	2.708583925642428	3.138373335904178	FN1	6.0
GO_Biological_Process_2021	platelet degranulation (GO:0002576)	1/125	0.3139012626235478	0.3510293689553652	0	0	2.708583925642428	3.138373335904178	FN1	6.0
GO_Biological_Process_2021	circulatory system development (GO:0072359)	1/126	0.3159725007922475	0.3528036511913438	0	0	2.686779661016949	3.095439094617908	FN1	6.0
GO_Biological_Process_2021	positive regulation of macromolecule metabolic process (GO:0010604)	2/384	0.320560538026685	0.3573783639868709	0	0	1.7654811337786604	2.008559875234384	UBR5;FN1	6.0
GO_Biological_Process_2021	muscle contraction (GO:0006936)	1/129	0.3221493937030271	0.3586005483422075	0	0	2.6234110169491527	2.971642294781044	CRYAB	6.0
GO_Biological_Process_2021	G2/M transition of mitotic cell cycle (GO:0000086)	1/130	0.3241961437925486	0.3592310390882425	0	0	2.6029431086585206	2.931972204050363	DYNC1H1	6.0
GO_Biological_Process_2021	Golgi organization (GO:0007030)	1/130	0.3241961437925486	0.3592310390882425	0	0	2.6029431086585206	2.931972204050363	HTT	6.0
GO_Biological_Process_2021	regulation of primary metabolic process (GO:0080090)	1/130	0.3241961437925486	0.3592310390882425	0	0	2.6029431086585206	2.931972204050363	FASN	6.0
GO_Biological_Process_2021	cell cycle G2/M phase transition (GO:0044839)	1/131	0.3262368164370134	0.3598490944941603	0	0	2.5827900912646675	2.8930651345761484	DYNC1H1	6.0
GO_Biological_Process_2021	cellular response to hypoxia (GO:0071456)	1/131	0.3262368164370134	0.3598490944941603	0	0	2.5827900912646675	2.8930651345761484	ELOC	6.0
GO_Biological_Process_2021	cellular response to metal ion (GO:0071248)	1/131	0.3262368164370134	0.3598490944941603	0	0	2.5827900912646675	2.8930651345761484	PRKAA2	6.0
GO_Biological_Process_2021	regulation of cell adhesion (GO:0030155)	1/133	0.3303000004487687	0.3626823534339422	0	0	2.5434001027221367	2.8174614980805	ADAM10	6.0
GO_Biological_Process_2021	RNA metabolic process (GO:0016070)	1/133	0.3303000004487687	0.3626823534339422	0	0	2.5434001027221367	2.8174614980805	RBPMS	6.0
GO_Biological_Process_2021	defense response to virus (GO:0051607)	1/133	0.3303000004487687	0.3626823534339422	0	0	2.5434001027221367	2.8174614980805	MAVS	6.0
GO_Biological_Process_2021	ribonucleoprotein complex assembly (GO:0022618)	1/136	0.3363496376750035	0.3676614658069107	0	0	2.4865034526051475	2.7093042863471646	RPS27	6.0
GO_Biological_Process_2021	cellular calcium ion homeostasis (GO:0006874)	1/136	0.3363496376750035	0.3676614658069107	0	0	2.4865034526051475	2.7093042863471646	ATP2A2	6.0
GO_Biological_Process_2021	organic substance transport (GO:0071702)	1/136	0.3363496376750035	0.3676614658069107	0	0	2.4865034526051475	2.7093042863471646	SCAMP2	6.0
GO_Biological_Process_2021	transmembrane receptor protein tyrosine kinase signaling pathway (GO:0007169)	2/404	0.3425832844292122	0.3739139896018987	0	0	1.6759306913707326	1.795324806019032	ATP6V1A;ATP6V1H	6.0
GO_Biological_Process_2021	neuron projection morphogenesis (GO:0048812)	1/140	0.3443322971648213	0.3752603478083681	0	0	2.4144616510181685	2.574173720436597	S100A6	6.0
GO_Biological_Process_2021	positive regulation of cellular catabolic process (GO:0031331)	1/141	0.3463131630538026	0.3768549816190857	0	0	2.397094430992736	2.541907262875828	PRKAA2	6.0
GO_Biological_Process_2021	regulation of cell migration (GO:0030334)	2/408	0.3469640263543088	0.3769997181879654	0	0	1.6590793273314082	1.7561921667808968	ADAM10;PTPRK	6.0
GO_Biological_Process_2021	protein localization to organelle (GO:0033365)	1/142	0.3482881438926227	0.3778744690817129	0	0	2.3799735545137635	2.5102179455236557	SEC61B	6.0
GO_Biological_Process_2021	nitrogen compound transport (GO:0071705)	1/143	0.3502572568516675	0.3788815497593074	0	0	2.363093817140129	2.4790918893063223	SCAMP2	6.0
GO_Biological_Process_2021	monocarboxylic acid metabolic process (GO:0032787)	1/143	0.3502572568516675	0.3788815497593074	0	0	2.363093817140129	2.4790918893063223	FASN	6.0
GO_Biological_Process_2021	negative regulation of cell migration (GO:0030336)	1/144	0.3522205191282175	0.3804399672482824	0	0	2.346450160009482	2.448515637833965	PTPRK	6.0
GO_Biological_Process_2021	organelle organization (GO:0006996)	2/420	0.3600509838435085	0.3883216536860358	0	0	1.610460320079195	1.645100734989158	CHCHD2;HTT	6.0
GO_Biological_Process_2021	regulation of G2/M transition of mitotic cell cycle (GO:0010389)	1/149	0.3619496661320127	0.3897919481421675	0	0	2.266605588639487	2.303438202939146	DYNC1H1	6.0
GO_Biological_Process_2021	cellular response to organic cyclic compound (GO:0071407)	1/150	0.3638781812849406	0.3912899792842492	0	0	2.2512797178933	2.275900014916359	CTNNA1	6.0
GO_Biological_Process_2021	organelle assembly (GO:0070925)	2/425	0.3654775680863217	0.3924301911015372	0	0	1.591016548463357	1.6014383033287791	DYNC1H1;ATP2A2	6.0
GO_Biological_Process_2021	negative regulation of protein phosphorylation (GO:0001933)	1/152	0.3677180319583893	0.3942543847801287	0	0	2.2212369513974632	2.222211745703261	TAB1	6.0
GO_Biological_Process_2021	regulation of nucleic acid-templated transcription (GO:1903506)	2/430	0.3708875835009634	0.3970678835127961	0	0	1.572027070576861	1.5592249092695245	MAGED1;COPS2	6.0
GO_Biological_Process_2021	positive regulation of protein kinase activity (GO:0045860)	1/154	0.3715350879509801	0.3971770103205779	0	0	2.191979616705439	2.1703052562492524	MAP2K2	6.0
GO_Biological_Process_2021	cellular response to interleukin-1 (GO:0071347)	1/155	0.3734351095815957	0.3980391797590069	0	0	2.1776359233986358	2.1449953942099538	TAB1	6.0
GO_Biological_Process_2021	positive regulation of NF-kappaB transcription factor activity (GO:0051092)	1/155	0.3734351095815957	0.3980391797590069	0	0	2.1776359233986358	2.1449953942099538	TAB1	6.0
GO_Biological_Process_2021	regulation of signal transduction by p53 class mediator (GO:1901796)	1/156	0.3753294823242155	0.398890311141648	0	0	2.1634773100054674	2.120101795043951	PRKAA2	6.0
GO_Biological_Process_2021	peptidyl-serine phosphorylation (GO:0018105)	1/156	0.3753294823242155	0.398890311141648	0	0	2.1634773100054674	2.120101795043951	MAP2K2	6.0
GO_Biological_Process_2021	cellular response to growth factor stimulus (GO:0071363)	1/158	0.379101347277835	0.4023116338458657	0	0	2.1357011767246035	2.0715269925684447	PTPN12	6.0
GO_Biological_Process_2021	protein autophosphorylation (GO:0046777)	1/159	0.3809788723713768	0.4037156027457967	0	0	2.1220768075520278	2.0478282228685085	MAP2K2	6.0
GO_Biological_Process_2021	rRNA metabolic process (GO:0016072)	1/162	0.3865780143824839	0.4084597887814924	0	0	2.0822191809664177	1.9789860500972725	RPS27	6.0
GO_Biological_Process_2021	peptide biosynthetic process (GO:0043043)	1/162	0.3865780143824839	0.4084597887814924	0	0	2.0822191809664177	1.9789860500972725	RPS27	6.0
GO_Biological_Process_2021	heart development (GO:0007507)	1/164	0.3902830772631667	0.4117769278950512	0	0	2.056462514297598	1.9348905458400123	FN1	6.0
GO_Biological_Process_2021	negative regulation of canonical Wnt signaling pathway (GO:0090090)	1/165	0.3921273477011743	0.4131240363624528	0	0	2.0438197602315005	1.9133599354292763	KLHL12	6.0
GO_Biological_Process_2021	rRNA processing (GO:0006364)	1/173	0.4066853622292594	0.4278424041949434	0	0	1.9479700433582967	1.752618760285087	RPS27	6.0
GO_Biological_Process_2021	mitochondrion organization (GO:0007005)	1/175	0.4102709618529199	0.4309917175020573	0	0	1.9253847652444964	1.7153974026473275	CHCHD2	6.0
GO_Biological_Process_2021	defense response to bacterium (GO:0042742)	1/176	0.4120557626485527	0.4322429325765798	0	0	1.9142857142857144	1.697199191465749	MAVS	6.0
GO_Biological_Process_2021	negative regulation of immune response (GO:0050777)	1/178	0.4156094440234608	0.4347179242084475	0	0	1.892463851383702	1.6616008542107337	PPM1B	6.0
GO_Biological_Process_2021	regulation of mitotic cell cycle (GO:0007346)	1/178	0.4156094440234608	0.4347179242084475	0	0	1.892463851383702	1.6616008542107337	TFAP4	6.0
GO_Biological_Process_2021	regulated exocytosis (GO:0045055)	1/180	0.4191420018454643	0.4377838986276873	0	0	1.871129627876148	1.6270323664044068	FN1	6.0
GO_Biological_Process_2021	cellular response to cytokine stimulus (GO:0071345)	2/482	0.4260090716342188	0.4443189171199302	0	0	1.3979885057471264	1.1928960959724986	FN1;PTPN12	6.0
GO_Biological_Process_2021	negative regulation of Wnt signaling pathway (GO:0030178)	1/191	0.4381989677637961	0.4563788963262426	0	0	1.7618198037466548	1.453646172807196	KLHL12	6.0
GO_Biological_Process_2021	ribosome biogenesis (GO:0042254)	1/192	0.4399006182258344	0.4574966429548678	0	0	1.7525068772739374	1.4391699429628897	RPS27	6.0
GO_Biological_Process_2021	endomembrane system organization (GO:0010256)	1/199	0.4516710808360887	0.46906782717357	0	0	1.6899503509673002	1.343174332519093	HTT	6.0
GO_Biological_Process_2021	ncRNA processing (GO:0034470)	1/201	0.4549891606707772	0.4718406110659912	0	0	1.672881355932203	1.317363425656483	RPS27	6.0
GO_Biological_Process_2021	generation of neurons (GO:0048699)	1/202	0.4566407885795996	0.472879792440894	0	0	1.6644742389746183	1.3047118104994933	USP9X	6.0
GO_Biological_Process_2021	regulation of protein kinase B signaling (GO:0051896)	1/207	0.4648253859509473	0.4806717059265479	0	0	1.6236629916077012	1.2438775958703467	PDCD6	6.0
GO_Biological_Process_2021	mitotic cell cycle phase transition (GO:0044772)	1/209	0.4680651724429458	0.4833353837425029	0	0	1.607887874837027	1.2206244389647514	DYNC1H1	6.0
GO_Biological_Process_2021	positive regulation of protein modification process (GO:0031401)	1/214	0.4760805013412824	0.4902215063316175	0	0	1.569746160579295	1.1650158686025387	MAVS	6.0
GO_Biological_Process_2021	translation (GO:0006412)	1/214	0.4760805013412824	0.4902215063316175	0	0	1.569746160579295	1.1650158686025387	RPS27	6.0
GO_Biological_Process_2021	extracellular structure organization (GO:0043062)	1/216	0.479253272948644	0.4927915009980408	0	0	1.5549862041781632	1.1437328881893742	FN1	6.0
GO_Biological_Process_2021	external encapsulating structure organization (GO:0045229)	1/217	0.4808325660487362	0.493022687441521	0	0	1.5477087256748274	1.1332883018382696	FN1	6.0
GO_Biological_Process_2021	regulation of cell growth (GO:0001558)	1/217	0.4808325660487362	0.493022687441521	0	0	1.5477087256748274	1.1332883018382696	ADAM10	6.0
GO_Biological_Process_2021	positive regulation of cell motility (GO:2000147)	1/221	0.4871027760175623	0.498749396541189	0	0	1.5192604006163328	1.0927738323068	ADAM10	6.0
GO_Biological_Process_2021	regulation of ERK1 and ERK2 cascade (GO:0070372)	1/238	0.51293068427357	0.5244572165044368	0	0	1.4090681541872274	0.9407144176217482	FN1	6.0
GO_Biological_Process_2021	positive regulation of signal transduction (GO:0009967)	1/252	0.5332368083479825	0.5444549740215024	0	0	1.3295293402660544	0.8359943020247481	HTT	6.0
GO_Biological_Process_2021	positive regulation of cell differentiation (GO:0045597)	1/258	0.5416824277583494	0.5523036518320424	0	0	1.2980940447141067	0.7958294944292443	CTNNA1	6.0
GO_Biological_Process_2021	cellular component assembly (GO:0022607)	1/261	0.5458487041736195	0.5557732260676853	0	0	1.2829204693611471	0.7766972948836303	TFAP4	6.0
GO_Biological_Process_2021	cytokine-mediated signaling pathway (GO:0019221)	2/621	0.5599472702184095	0.5693318613393884	0	0	1.0763188680296365	0.6241709377786347	FN1;TAB1	6.0
GO_Biological_Process_2021	proteolysis (GO:0006508)	1/287	0.5804307230637302	0.5893355179782366	0	0	1.1647505037335546	0.6336065990352798	ADAM10	6.0
GO_Biological_Process_2021	innate immune response (GO:0045087)	1/302	0.5991898990799683	0.6075351622983522	0	0	1.1058618165437244	0.5663966605691974	MAVS	6.0
GO_Biological_Process_2021	MAPK cascade (GO:0000165)	1/303	0.6004107606351773	0.6079263334386774	0	0	1.1021438994275452	0.5622490741824661	MAP2K2	6.0
GO_Biological_Process_2021	protein polyubiquitination (GO:0000209)	1/314	0.6136012327812029	0.6187004120009912	0	0	1.0628147506362702	0.5190893734394848	UBR5	6.0
GO_Biological_Process_2021	cellular macromolecule biosynthetic process (GO:0034645)	1/314	0.6136012327812029	0.6187004120009912	0	0	1.0628147506362702	0.5190893734394848	RPS27	6.0
GO_Biological_Process_2021	cilium assembly (GO:0060271)	1/314	0.6136012327812029	0.6187004120009912	0	0	1.0628147506362702	0.5190893734394848	DYNC1H1	6.0
GO_Biological_Process_2021	proteasome-mediated ubiquitin-dependent protein catabolic process (GO:0043161)	1/321	0.6217712453424417	0.6260711847984751	0	0	1.0391949152542372	0.4938077851090642	SEC61B	6.0
GO_Biological_Process_2021	positive regulation of cytokine production (GO:0001819)	1/335	0.637604961326833	0.6411276406711802	0	0	0.9949254034304272	0.447752617262707	MAVS	6.0
GO_Biological_Process_2021	cellular response to DNA damage stimulus (GO:0006974)	1/350	0.6538465574191236	0.6565521293808578	0	0	0.9514350930017968	0.4042481939118578	UBR5	6.0
GO_Biological_Process_2021	regulation of intracellular signal transduction (GO:1902531)	1/437	0.734863894368325	0.7368883128101109	0	0	0.7582024568496346	0.2335794116589473	PRKAA2	6.0
GO_Biological_Process_2021	nervous system development (GO:0007399)	1/447	0.7428861148435417	0.7439079664458024	0	0	0.7408223759215626	0.2201816877962592	FN1	6.0
GO_Biological_Process_2021	regulation of cellular macromolecule biosynthetic process (GO:2000112)	1/468	0.7589638054673071	0.7589638054673071	0	0	0.7067469966972744	0.194921662615501	MAGED1	6.0
GO_Biological_Process_2021	negative regulation of DNA recombination at telomere (GO:0048239)	6/22	4.904489520260887e-13	8.386677079646118e-11	0	0	311.78125	8836.957889910893	POLR2A;POLR2C;POLR2D;POLR2G;POLR2J;POLR2L	8.0
GO_Biological_Process_2021	regulation of DNA recombination at telomere (GO:0072695)	6/22	4.904489520260887e-13	8.386677079646118e-11	0	0	311.78125	8836.957889910893	POLR2A;POLR2C;POLR2D;POLR2G;POLR2J;POLR2L	8.0
GO_Biological_Process_2021	positive regulation of viral transcription (GO:0050434)	6/26	1.5071800470653388e-12	1.7181852536544858e-10	0	0	249.375	6788.182194441077	POLR2A;POLR2C;POLR2D;POLR2G;POLR2J;POLR2L	8.0
GO_Biological_Process_2021	positive regulation of viral process (GO:0048524)	7/63	4.194634927598288e-12	3.3606980726349756e-10	0	0	108.22826086956522	2835.2789980147204	DDB1;POLR2A;POLR2C;POLR2D;POLR2G;POLR2J;POLR2L	8.0
GO_Biological_Process_2021	7-methylguanosine mRNA capping (GO:0006370)	6/32	5.8959615309385545e-12	3.3606980726349756e-10	0	0	191.7692307692308	4958.529726135827	POLR2A;POLR2C;POLR2D;POLR2G;POLR2J;POLR2L	8.0
GO_Biological_Process_2021	7-methylguanosine RNA capping (GO:0009452)	6/32	5.8959615309385545e-12	3.3606980726349756e-10	0	0	191.7692307692308	4958.529726135827	POLR2A;POLR2C;POLR2D;POLR2G;POLR2J;POLR2L	8.0
GO_Biological_Process_2021	transcription-coupled nucleotide-excision repair (GO:0006283)	7/73	1.222926955840088e-11	5.974871698533e-10	0	0	91.78392621870884	2306.272051476266	DDB1;POLR2A;POLR2C;POLR2D;POLR2G;POLR2J;POLR2L	8.0
GO_Biological_Process_2021	regulation of viral transcription (GO:0046782)	6/41	2.8986005548226468e-11	1.2391517371866815e-09	0	0	142.39285714285714	3455.049899116585	POLR2A;POLR2C;POLR2D;POLR2G;POLR2J;POLR2L	8.0
GO_Biological_Process_2021	nucleic acid-templated transcription (GO:0097659)	6/42	3.378230455107686e-11	1.2837275729409207e-09	0	0	138.43055555555554	3337.710751024198	POLR2A;POLR2C;POLR2D;POLR2G;POLR2J;POLR2L	8.0
GO_Biological_Process_2021	nucleotide-excision repair (GO:0006289)	7/105	1.654129622120972e-10	5.250079471254295e-09	0	0	61.71428571428572	1389.9646882820734	DDB1;POLR2A;POLR2C;POLR2D;POLR2G;POLR2J;POLR2L	8.0
GO_Biological_Process_2021	regulation of gene silencing by RNA (GO:0060966)	6/55	1.8421331478085247e-10	5.250079471254295e-09	0	0	101.6377551020408	2278.2028316167757	POLR2A;POLR2C;POLR2D;POLR2G;POLR2J;POLR2L	8.0
GO_Biological_Process_2021	regulation of posttranscriptional gene silencing (GO:0060147)	6/55	1.8421331478085247e-10	5.250079471254295e-09	0	0	101.6377551020408	2278.2028316167757	POLR2A;POLR2C;POLR2D;POLR2G;POLR2J;POLR2L	8.0
GO_Biological_Process_2021	negative regulation of DNA recombination (GO:0045910)	6/57	2.30118029985126e-10	6.053874327301007e-09	0	0	97.6421568627451	2166.9166106164967	POLR2A;POLR2C;POLR2D;POLR2G;POLR2J;POLR2L	8.0
GO_Biological_Process_2021	regulation of gene silencing by miRNA (GO:0060964)	6/67	6.263674500397315e-10	1.4281177860905882e-08	0	0	81.59426229508196	1729.0708610025222	POLR2A;POLR2C;POLR2D;POLR2G;POLR2J;POLR2L	8.0
GO_Biological_Process_2021	transcription elongation from RNA polymerase II promoter (GO:0006368)	6/67	6.263674500397315e-10	1.4281177860905882e-08	0	0	81.59426229508196	1729.0708610025222	POLR2A;POLR2C;POLR2D;POLR2G;POLR2J;POLR2L	8.0
GO_Biological_Process_2021	DNA-templated transcription, elongation (GO:0006354)	6/69	7.508638005842122e-10	1.6049713737487542e-08	0	0	78.99603174603175	1659.6905779941285	POLR2A;POLR2C;POLR2D;POLR2G;POLR2J;POLR2L	8.0
GO_Biological_Process_2021	snRNA transcription by RNA polymerase II (GO:0042795)	6/70	8.204125715748774e-10	1.6113981204147373e-08	0	0	77.7578125	1626.787817299454	POLR2A;POLR2C;POLR2D;POLR2G;POLR2J;POLR2L	8.0
GO_Biological_Process_2021	snRNA transcription (GO:0009301)	6/71	8.952211780081875e-10	1.6113981204147373e-08	0	0	76.5576923076923	1594.999156768009	POLR2A;POLR2C;POLR2D;POLR2G;POLR2J;POLR2L	8.0
GO_Biological_Process_2021	nucleic acid metabolic process (GO:0090304)	6/71	8.952211780081875e-10	1.6113981204147373e-08	0	0	76.5576923076923	1594.999156768009	POLR2A;POLR2C;POLR2D;POLR2G;POLR2J;POLR2L	8.0
GO_Biological_Process_2021	fibroblast growth factor receptor signaling pathway (GO:0008543)	6/75	1.2534698902852174e-09	2.143433512387722e-08	0	0	72.10507246376811	1477.962922865824	POLR2A;POLR2C;POLR2D;POLR2G;POLR2J;POLR2L	8.0
GO_Biological_Process_2021	cellular response to fibroblast growth factor stimulus (GO:0044344)	6/92	4.361842183804087e-09	7.103571556480943e-08	0	0	57.80232558139535	1112.7162323123707	POLR2A;POLR2C;POLR2D;POLR2G;POLR2J;POLR2L	8.0
GO_Biological_Process_2021	cellular macromolecule biosynthetic process (GO:0034645)	8/314	1.4634083919482794e-08	2.2749348638468705e-07	0	0	23.36779560308972	421.5529883235031	MCM7;POLR2A;POLR2C;POLR2D;POLR2G;MCM6;POLR2J;POLR2L	8.0
GO_Biological_Process_2021	RNA metabolic process (GO:0016070)	6/133	4.020593623274438e-08	5.978447909390687e-07	0	0	39.06102362204725	665.1799827929833	POLR2A;POLR2C;POLR2D;POLR2G;POLR2J;POLR2L	8.0
GO_Biological_Process_2021	transcription initiation from RNA polymerase II promoter (GO:0006367)	6/140	5.4617165775729054e-08	7.782946123041389e-07	0	0	37.007462686567166	618.8727495406731	POLR2A;POLR2C;POLR2D;POLR2G;POLR2J;POLR2L	8.0
GO_Biological_Process_2021	DNA-templated transcription, initiation (GO:0006352)	6/168	1.613660133374341e-07	2.2074870624560983e-06	0	0	30.567901234567906	478.0694631758906	POLR2A;POLR2C;POLR2D;POLR2G;POLR2J;POLR2L	8.0
GO_Biological_Process_2021	transcription, DNA-templated (GO:0006351)	6/221	8.091145205533976e-07	1.0642967924202385e-05	0	0	22.97093023255814	322.22071246372207	POLR2A;POLR2C;POLR2D;POLR2G;POLR2J;POLR2L	8.0
GO_Biological_Process_2021	RNA splicing, via transesterification reactions with bulged adenosine as nucleophile (GO:0000377)	6/251	1.6974740202873007e-06	2.1501337590305807e-05	0	0	20.127551020408163	267.4220756059101	POLR2A;POLR2C;POLR2D;POLR2G;POLR2J;POLR2L	8.0
GO_Biological_Process_2021	transmembrane receptor protein tyrosine kinase signaling pathway (GO:0007169)	7/404	1.7754536959148628e-06	2.168589871438868e-05	0	0	15.005037783375316	198.68852604515249	POLR2A;POLR2C;POLR2D;ATP6V1B2;POLR2G;POLR2J;POLR2L	8.0
GO_Biological_Process_2021	protein-DNA complex assembly (GO:0065004)	5/143	2.149406107350784e-06	2.534816857634373e-05	0	0	28.742028985507247	375.09264648301286	DDB1;MCM7;H2BC1;MCM6;H2BC18	8.0
GO_Biological_Process_2021	mRNA splicing, via spliceosome (GO:0000398)	6/274	2.819272380253452e-06	3.2139705134889353e-05	0	0	18.378731343283583	234.86239094691237	POLR2A;POLR2C;POLR2D;POLR2G;POLR2J;POLR2L	8.0
GO_Biological_Process_2021	mRNA processing (GO:0006397)	6/300	4.750695151545208e-06	5.24108948976923e-05	0	0	16.731292517006803	205.0791266218415	POLR2A;POLR2C;POLR2D;POLR2G;POLR2J;POLR2L	8.0
GO_Biological_Process_2021	transcription by RNA polymerase II (GO:0006366)	6/320	6.875513943270479e-06	7.348205526870324e-05	0	0	15.64968152866242	186.03628029040712	POLR2A;POLR2C;POLR2D;POLR2G;POLR2J;POLR2L	8.0
GO_Biological_Process_2021	gene expression (GO:0010467)	6/356	1.2617720929480531e-05	0.00013076547145098006	0	0	14.014285714285714	158.08686501779138	POLR2A;POLR2C;POLR2D;POLR2G;POLR2J;POLR2L	8.0
GO_Biological_Process_2021	DNA metabolic process (GO:0006259)	5/277	5.2743034834569534e-05	0.0005305328798065524	0	0	14.483823529411763	142.66680360239567	DDB1;TCF7L2;MCM7;MCM6;SMC1A	8.0
GO_Biological_Process_2021	DNA duplex unwinding (GO:0032508)	3/51	6.041027767358791e-05	0.000575320749523775	0	0	46.11574074074074	447.984506353784	DDB1;MCM7;MCM6	8.0
GO_Biological_Process_2021	pre-replicative complex assembly involved in nuclear cell cycle DNA replication (GO:0006267)	2/8	6.056007889723947e-05	0.000575320749523775	0	0	237.66666666666663	2308.188874209161	MCM7;MCM6	8.0
GO_Biological_Process_2021	nuclear DNA replication (GO:0033260)	2/11	0.00011862538453320848	0.0010964832840637	0	0	158.4206349206349	1432.0496756090347	MCM7;MCM6	8.0
GO_Biological_Process_2021	double-strand break repair via break-induced replication (GO:0000727)	2/12	0.00014221789991262262	0.0012799610992136	0	0	142.57142857142858	1262.919124249693	MCM7;MCM6	8.0
GO_Biological_Process_2021	DNA unwinding involved in DNA replication (GO:0006268)	2/16	0.00025761600687002403	0.0022590942140909	0	0	101.81632653061224	841.4142385973647	MCM7;MCM6	8.0
GO_Biological_Process_2021	nucleosome organization (GO:0034728)	3/94	0.0003723028623192989	0.00318318947283	0	0	24.27228327228327	191.6491643817023	H2BC1;DMAP1;H2BC18	8.0
GO_Biological_Process_2021	positive regulation of translational initiation (GO:0045948)	2/22	0.0004931459174352375	0.0041135586283622	0	0	71.25	542.5477632515199	POLR2D;POLR2G	8.0
GO_Biological_Process_2021	DNA replication initiation (GO:0006270)	2/38	0.0014785875016258	0.0120399267989534	0	0	39.5515873015873	257.74456480935885	MCM7;MCM6	8.0
GO_Biological_Process_2021	positive regulation of nucleocytoplasmic transport (GO:0046824)	2/46	0.0021607211003146	0.0171852701466889	0	0	32.3474025974026	198.5261432195098	TCF7L2;DMAP1	8.0
GO_Biological_Process_2021	nucleosome assembly (GO:0006334)	2/58	0.0034125952701803	0.0265251723273108	0	0	25.400510204081638	144.28206600498726	H2BC1;H2BC18	8.0
GO_Biological_Process_2021	pre-replicative complex assembly (GO:0036388)	2/64	0.0041388617117281	0.031455349009134	0	0	22.93548387096774	125.85467141037546	MCM7;MCM6	8.0
GO_Biological_Process_2021	regulation of translational initiation (GO:0006446)	2/68	0.0046594041129255	0.034641656665664	0	0	21.541125541125545	115.65145339322927	POLR2D;POLR2G	8.0
GO_Biological_Process_2021	DNA-templated transcription, termination (GO:0006353)	2/70	0.0049304563791428	0.0358769379078052	0	0	20.90546218487395	111.05658271288344	POLR2A;POLR2L	8.0
GO_Biological_Process_2021	regulation of hematopoietic stem cell differentiation (GO:1902036)	2/71	0.0050686591838283	0.0361141966847769	0	0	20.60144927536232	108.87204547205992	LMO1;LMO2	8.0
GO_Biological_Process_2021	chromatin assembly (GO:0031497)	2/73	0.0053503916965906	0.0373435502088572	0	0	20.019114688128774	104.7116911394514	H2BC1;H2BC18	8.0
GO_Biological_Process_2021	regulation of hematopoietic progenitor cell differentiation (GO:1901532)	2/75	0.0056391916203922	0.0385720706834826	0	0	19.46868884540117	100.8091541783213	LMO1;LMO2	8.0
GO_Biological_Process_2021	positive regulation of peroxisome proliferator activated receptor signaling pathway (GO:0035360)	1/5	0.0074781928285412	0.0473618879140946	0	0	172.1206896551724	842.6622961465415	LMO3	8.0
GO_Biological_Process_2021	regulation of hormone metabolic process (GO:0032350)	1/5	0.0074781928285412	0.0473618879140946	0	0	172.1206896551724	842.6622961465415	TCF7L2	8.0
GO_Biological_Process_2021	regulation of type B pancreatic cell apoptotic process (GO:2000674)	1/5	0.0074781928285412	0.0473618879140946	0	0	172.1206896551724	842.6622961465415	TCF7L2	8.0
GO_Biological_Process_2021	regulation of myoblast proliferation (GO:2000291)	1/5	0.0074781928285412	0.0473618879140946	0	0	172.1206896551724	842.6622961465415	ZNF609	8.0
GO_Biological_Process_2021	regulation of stem cell differentiation (GO:2000736)	2/91	0.0081990142194101	0.0509829611461505	0	0	15.95585874799358	76.64781842787546	LMO1;LMO2	8.0
GO_Biological_Process_2021	maintenance of DNA repeat elements (GO:0043570)	1/6	0.008967337727522	0.0511138250468759	0	0	137.68965517241378	649.0919521468393	TCF7L2	8.0
GO_Biological_Process_2021	positive regulation of T-helper 2 cell differentiation (GO:0045630)	1/6	0.008967337727522	0.0511138250468759	0	0	137.68965517241378	649.0919521468393	PRKCZ	8.0
GO_Biological_Process_2021	regulation of cardiac muscle hypertrophy in response to stress (GO:1903242)	1/6	0.008967337727522	0.0511138250468759	0	0	137.68965517241378	649.0919521468393	LMNA	8.0
GO_Biological_Process_2021	positive regulation of gluconeogenesis (GO:0045722)	1/6	0.008967337727522	0.0511138250468759	0	0	137.68965517241378	649.0919521468393	DDB1	8.0
GO_Biological_Process_2021	response to DNA damage checkpoint signaling (GO:0072423)	1/6	0.008967337727522	0.0511138250468759	0	0	137.68965517241378	649.0919521468393	SMC1A	8.0
GO_Biological_Process_2021	double-strand break repair via homologous recombination (GO:0000724)	2/97	0.0092705515388446	0.0519758791194238	0	0	14.943609022556393	69.9497248341473	MCM7;MCM6	8.0
GO_Biological_Process_2021	positive regulation of translation (GO:0045727)	2/100	0.0098285778207101	0.0533638605121716	0	0	14.48396501457726	66.95156387938638	POLR2D;POLR2G	8.0
GO_Biological_Process_2021	regulation of glucocorticoid receptor signaling pathway (GO:2000322)	1/7	0.0104543235506301	0.0533638605121716	0	0	114.73563218390804	523.2793468811269	LMO3	8.0
GO_Biological_Process_2021	negative regulation of cytoplasmic translation (GO:2000766)	1/7	0.0104543235506301	0.0533638605121716	0	0	114.73563218390804	523.2793468811269	UNK	8.0
GO_Biological_Process_2021	regulation by virus of viral protein levels in host cell (GO:0046719)	1/7	0.0104543235506301	0.0533638605121716	0	0	114.73563218390804	523.2793468811269	DDB1	8.0
GO_Biological_Process_2021	tRNA transcription by RNA polymerase III (GO:0042797)	1/7	0.0104543235506301	0.0533638605121716	0	0	114.73563218390804	523.2793468811269	POLR2L	8.0
GO_Biological_Process_2021	positive regulation of interleukin-5 production (GO:0032754)	1/7	0.0104543235506301	0.0533638605121716	0	0	114.73563218390804	523.2793468811269	PRKCZ	8.0
GO_Biological_Process_2021	chromosome organization (GO:0051276)	2/106	0.0109884720954769	0.0552655508331342	0	0	13.64423076923077	61.54787719458521	DDB1;TCF7L2	8.0
GO_Biological_Process_2021	DNA replication (GO:0006260)	2/108	0.0113879486023853	0.0559341148359725	0	0	13.38544474393531	59.90253727027526	MCM7;MCM6	8.0
GO_Biological_Process_2021	regulation of T-helper 2 cell differentiation (GO:0045628)	1/8	0.0119391531667426	0.0559341148359725	0	0	98.33990147783253	435.442406227662	PRKCZ	8.0
GO_Biological_Process_2021	positive regulation of T-helper 2 cell cytokine production (GO:2000553)	1/8	0.0119391531667426	0.0559341148359725	0	0	98.33990147783253	435.442406227662	PRKCZ	8.0
GO_Biological_Process_2021	tRNA transcription (GO:0009304)	1/8	0.0119391531667426	0.0559341148359725	0	0	98.33990147783253	435.442406227662	POLR2L	8.0
GO_Biological_Process_2021	positive regulation of intracellular steroid hormone receptor signaling pathway (GO:0033145)	1/8	0.0119391531667426	0.0559341148359725	0	0	98.33990147783253	435.442406227662	LMO3	8.0
GO_Biological_Process_2021	regulation of peroxisome proliferator activated receptor signaling pathway (GO:0035358)	1/9	0.0134218294793273	0.0620306173233776	0	0	86.04310344827586	370.92087702683546	LMO3	8.0
GO_Biological_Process_2021	mitotic DNA replication (GO:1902969)	1/10	0.0149023554252653	0.0679547407392101	0	0	76.47892720306514	321.6884165593148	MCM6	8.0
GO_Biological_Process_2021	cellular response to DNA damage stimulus (GO:0006974)	3/350	0.0152087461258718	0.0684393575664234	0	0	6.283381364073007	26.30150937320932	DDB1;MCM7;SMC1A	8.0
GO_Biological_Process_2021	DNA-dependent DNA replication (GO:0006261)	2/129	0.0159588600959687	0.0700276376385623	0	0	11.16029246344207	46.17840094870402	MCM7;MCM6	8.0
GO_Biological_Process_2021	regulation of T-helper 2 cell cytokine production (GO:2000551)	1/11	0.0163807339505408	0.0700276376385623	0	0	68.82758620689656	282.994903106762	PRKCZ	8.0
GO_Biological_Process_2021	positive regulation of viral release from host cell (GO:1902188)	1/11	0.0163807339505408	0.0700276376385623	0	0	68.82758620689656	282.994903106762	DDB1	8.0
GO_Biological_Process_2021	positive regulation of interleukin-13 production (GO:0032736)	1/11	0.0163807339505408	0.0700276376385623	0	0	68.82758620689656	282.994903106762	PRKCZ	8.0
GO_Biological_Process_2021	negative regulation of cardiac muscle hypertrophy (GO:0010614)	1/12	0.0178569680089386	0.0725982753652273	0	0	62.56739811912226	251.8563944353508	LMNA	8.0
GO_Biological_Process_2021	cellular response to thyroid hormone stimulus (GO:0097067)	1/12	0.0178569680089386	0.0725982753652273	0	0	62.56739811912226	251.8563944353508	LMO2	8.0
GO_Biological_Process_2021	positive regulation of neuron migration (GO:2001224)	1/13	0.0193310605643026	0.0725982753652273	0	0	57.35057471264368	226.30778348154325	ZNF609	8.0
GO_Biological_Process_2021	positive regulation of nuclear-transcribed mRNA poly(A) tail shortening (GO:0060213)	1/13	0.0193310605643026	0.0725982753652273	0	0	57.35057471264368	226.30778348154325	POLR2G	8.0
GO_Biological_Process_2021	positive regulation of cell aging (GO:0090343)	1/13	0.0193310605643026	0.0725982753652273	0	0	57.35057471264368	226.30778348154325	LMNA	8.0
GO_Biological_Process_2021	regulation of interleukin-5 production (GO:0032674)	1/13	0.0193310605643026	0.0725982753652273	0	0	57.35057471264368	226.30778348154325	PRKCZ	8.0
GO_Biological_Process_2021	regulation of cell aging (GO:0090342)	1/13	0.0193310605643026	0.0725982753652273	0	0	57.35057471264368	226.30778348154325	LMNA	8.0
GO_Biological_Process_2021	UV-damage excision repair (GO:0070914)	1/13	0.0193310605643026	0.0725982753652273	0	0	57.35057471264368	226.30778348154325	DDB1	8.0
GO_Biological_Process_2021	positive regulation of insulin receptor signaling pathway (GO:0046628)	1/13	0.0193310605643026	0.0725982753652273	0	0	57.35057471264368	226.30778348154325	PRKCZ	8.0
GO_Biological_Process_2021	response to thyroid hormone (GO:0097066)	1/13	0.0193310605643026	0.0725982753652273	0	0	57.35057471264368	226.30778348154325	LMO2	8.0
GO_Biological_Process_2021	positive regulation of intracellular protein transport (GO:0090316)	2/148	0.0206614955328278	0.0725982753652273	0	0	9.6986301369863	37.62567491079582	TCF7L2;DMAP1	8.0
GO_Biological_Process_2021	regulation of response to interferon-gamma (GO:0060330)	1/14	0.02080301457834	0.0725982753652273	0	0	52.93633952254642	205.00430545239047	CDC37	8.0
GO_Biological_Process_2021	positive regulation of cellular response to insulin stimulus (GO:1900078)	1/14	0.02080301457834	0.0725982753652273	0	0	52.93633952254642	205.00430545239047	PRKCZ	8.0
GO_Biological_Process_2021	maturation of LSU-rRNA from tricistronic rRNA transcript (SSU-rRNA, 5.8S rRNA, LSU-rRNA) (GO:0000463)	1/14	0.02080301457834	0.0725982753652273	0	0	52.93633952254642	205.00430545239047	FTSJ3	8.0
GO_Biological_Process_2021	positive regulation of T-helper cell differentiation (GO:0045624)	1/14	0.02080301457834	0.0725982753652273	0	0	52.93633952254642	205.00430545239047	PRKCZ	8.0
GO_Biological_Process_2021	positive regulation of glucose metabolic process (GO:0010907)	1/14	0.02080301457834	0.0725982753652273	0	0	52.93633952254642	205.00430545239047	DDB1	8.0
GO_Biological_Process_2021	positive regulation of type 2 immune response (GO:0002830)	1/14	0.02080301457834	0.0725982753652273	0	0	52.93633952254642	205.00430545239047	PRKCZ	8.0
GO_Biological_Process_2021	pancreas development (GO:0031016)	1/14	0.02080301457834	0.0725982753652273	0	0	52.93633952254642	205.00430545239047	TCF7L2	8.0
GO_Biological_Process_2021	positive regulation of protein export from nucleus (GO:0046827)	1/15	0.0222728330244505	0.0746794989643342	0	0	49.15270935960592	186.9959576603662	TCF7L2	8.0
GO_Biological_Process_2021	regulation of nuclear-transcribed mRNA poly(A) tail shortening (GO:0060211)	1/15	0.0222728330244505	0.0746794989643342	0	0	49.15270935960592	186.9959576603662	POLR2G	8.0
GO_Biological_Process_2021	regulation of cytoplasmic translation (GO:2000765)	1/15	0.0222728330244505	0.0746794989643342	0	0	49.15270935960592	186.9959576603662	UNK	8.0
GO_Biological_Process_2021	myoblast differentiation (GO:0045445)	1/15	0.0222728330244505	0.0746794989643342	0	0	49.15270935960592	186.9959576603662	TCF7L2	8.0
GO_Biological_Process_2021	regulation of interleukin-13 production (GO:0032656)	1/16	0.0237405188646141	0.0765967684122457	0	0	45.87356321839081	171.5933676703201	PRKCZ	8.0
GO_Biological_Process_2021	mitotic sister chromatid cohesion (GO:0007064)	1/16	0.0237405188646141	0.0765967684122457	0	0	45.87356321839081	171.5933676703201	SMC1A	8.0
GO_Biological_Process_2021	histone H2A acetylation (GO:0043968)	1/16	0.0237405188646141	0.0765967684122457	0	0	45.87356321839081	171.5933676703201	DMAP1	8.0
GO_Biological_Process_2021	regulation of phosphate metabolic process (GO:0019220)	1/16	0.0237405188646141	0.0765967684122457	0	0	45.87356321839081	171.5933676703201	MCM7	8.0
GO_Biological_Process_2021	maturation of 5.8S rRNA (GO:0000460)	1/17	0.0252060750668781	0.078629056667339	0	0	43.00431034482759	158.28468525367578	FTSJ3	8.0
GO_Biological_Process_2021	histone H2A monoubiquitination (GO:0035518)	1/17	0.0252060750668781	0.078629056667339	0	0	43.00431034482759	158.28468525367578	DDB1	8.0
GO_Biological_Process_2021	histone H2A ubiquitination (GO:0033522)	1/17	0.0252060750668781	0.078629056667339	0	0	43.00431034482759	158.28468525367578	DDB1	8.0
GO_Biological_Process_2021	chromatin disassembly (GO:0031498)	1/18	0.0266695046006179	0.078629056667339	0	0	40.47261663286004	146.68225415832842	H2BC1	8.0
GO_Biological_Process_2021	regulation of transcription by RNA polymerase I (GO:0006356)	1/18	0.0266695046006179	0.078629056667339	0	0	40.47261663286004	146.68225415832842	POLR2L	8.0
GO_Biological_Process_2021	positive regulation of excitatory postsynaptic potential (GO:2000463)	1/18	0.0266695046006179	0.078629056667339	0	0	40.47261663286004	146.68225415832842	PRKCZ	8.0
GO_Biological_Process_2021	nucleosome disassembly (GO:0006337)	1/18	0.0266695046006179	0.078629056667339	0	0	40.47261663286004	146.68225415832842	H2BC1	8.0
GO_Biological_Process_2021	positive regulation of interleukin-4 production (GO:0032753)	1/18	0.0266695046006179	0.078629056667339	0	0	40.47261663286004	146.68225415832842	PRKCZ	8.0
GO_Biological_Process_2021	DNA strand elongation (GO:0022616)	1/18	0.0266695046006179	0.078629056667339	0	0	40.47261663286004	146.68225415832842	MCM7	8.0
GO_Biological_Process_2021	DNA strand elongation involved in DNA replication (GO:0006271)	1/18	0.0266695046006179	0.078629056667339	0	0	40.47261663286004	146.68225415832842	MCM7	8.0
GO_Biological_Process_2021	nuclear-transcribed mRNA catabolic process (GO:0000956)	2/171	0.0270284247863527	0.0790061647601079	0	0	8.368977176669484	30.219256789750094	POLR2D;POLR2G	8.0
GO_Biological_Process_2021	DNA alkylation (GO:0006305)	1/19	0.0281308104264749	0.0808465308054993	0	0	38.22222222222222	136.48734525751556	DMAP1	8.0
GO_Biological_Process_2021	DNA methylation or demethylation (GO:0044728)	1/19	0.0281308104264749	0.0808465308054993	0	0	38.22222222222222	136.48734525751556	DMAP1	8.0
GO_Biological_Process_2021	protein-DNA complex disassembly (GO:0032986)	1/20	0.0295899955032417	0.0836345327446997	0	0	36.2087114337568	127.46621354176987	H2BC1	8.0
GO_Biological_Process_2021	regulation of programmed necrotic cell death (GO:0062098)	1/20	0.0295899955032417	0.0836345327446997	0	0	36.2087114337568	127.46621354176987	CDC37	8.0
GO_Biological_Process_2021	long-term synaptic potentiation (GO:0060291)	1/21	0.0310470628007074	0.0842705990304915	0	0	34.39655172413793	119.43346355828848	PRKCZ	8.0
GO_Biological_Process_2021	positive regulation of T cell cytokine production (GO:0002726)	1/21	0.0310470628007074	0.0842705990304915	0	0	34.39655172413793	119.43346355828848	PRKCZ	8.0
GO_Biological_Process_2021	nucleotide-excision repair, DNA incision, 3'-to lesion (GO:0006295)	1/21	0.0310470628007074	0.0842705990304915	0	0	34.39655172413793	119.43346355828848	DDB1	8.0
GO_Biological_Process_2021	nucleotide-excision repair, preincision complex stabilization (GO:0006293)	1/21	0.0310470628007074	0.0842705990304915	0	0	34.39655172413793	119.43346355828848	DDB1	8.0
GO_Biological_Process_2021	rRNA modification (GO:0000154)	1/21	0.0310470628007074	0.0842705990304915	0	0	34.39655172413793	119.43346355828848	FTSJ3	8.0
GO_Biological_Process_2021	maturation of 5.8S rRNA from tricistronic rRNA transcript (SSU-rRNA, 5.8S rRNA, LSU-rRNA) (GO:0000466)	1/22	0.0325020152689227	0.0853864757699502	0	0	32.756978653530375	112.24025378249362	FTSJ3	8.0
GO_Biological_Process_2021	regulation of viral release from host cell (GO:1902186)	1/22	0.0325020152689227	0.0853864757699502	0	0	32.756978653530375	112.24025378249362	DDB1	8.0
GO_Biological_Process_2021	nucleotide-excision repair, DNA duplex unwinding (GO:0000717)	1/22	0.0325020152689227	0.0853864757699502	0	0	32.756978653530375	112.24025378249362	DDB1	8.0
GO_Biological_Process_2021	rRNA methylation (GO:0031167)	1/22	0.0325020152689227	0.0853864757699502	0	0	32.756978653530375	112.24025378249362	FTSJ3	8.0
GO_Biological_Process_2021	regulation of interferon-gamma-mediated signaling pathway (GO:0060334)	1/23	0.0339548558617346	0.0853864757699502	0	0	31.266457680250785	105.76577819907342	CDC37	8.0
GO_Biological_Process_2021	regulation of interleukin-4 production (GO:0032673)	1/23	0.0339548558617346	0.0853864757699502	0	0	31.266457680250785	105.76577819907342	PRKCZ	8.0
GO_Biological_Process_2021	nucleotide-excision repair, DNA damage recognition (GO:0000715)	1/23	0.0339548558617346	0.0853864757699502	0	0	31.266457680250785	105.76577819907342	DDB1	8.0
GO_Biological_Process_2021	regulation of necroptotic process (GO:0060544)	1/23	0.0339548558617346	0.0853864757699502	0	0	31.266457680250785	105.76577819907342	CDC37	8.0
GO_Biological_Process_2021	DNA methylation (GO:0006306)	1/23	0.0339548558617346	0.0853864757699502	0	0	31.266457680250785	105.76577819907342	DMAP1	8.0
GO_Biological_Process_2021	regulation of protein export from nucleus (GO:0046825)	1/23	0.0339548558617346	0.0853864757699502	0	0	31.266457680250785	105.76577819907342	TCF7L2	8.0
GO_Biological_Process_2021	positive regulation of viral life cycle (GO:1903902)	1/24	0.035405587532064	0.0877442821446805	0	0	29.90554722638681	99.91101302805887	DDB1	8.0
GO_Biological_Process_2021	histone monoubiquitination (GO:0010390)	1/24	0.035405587532064	0.0877442821446805	0	0	29.90554722638681	99.91101302805887	DDB1	8.0
GO_Biological_Process_2021	response to hexose (GO:0009746)	1/25	0.0368542132262458	0.0906772728300437	0	0	28.658045977011493	94.59405781572389	TCF7L2	8.0
GO_Biological_Process_2021	maturation of LSU-rRNA (GO:0000470)	1/26	0.0383007358905153	0.0928996572663564	0	0	27.51034482758621	89.74661743899148	FTSJ3	8.0
GO_Biological_Process_2021	global genome nucleotide-excision repair (GO:0070911)	1/26	0.0383007358905153	0.0928996572663564	0	0	27.51034482758621	89.74661743899148	DDB1	8.0
GO_Biological_Process_2021	negative regulation of insulin receptor signaling pathway (GO:0046627)	1/27	0.0397451584744871	0.0950548545333889	0	0	26.450928381962864	85.31131290182489	PRKCZ	8.0
GO_Biological_Process_2021	modulation of excitatory postsynaptic potential (GO:0098815)	1/27	0.0397451584744871	0.0950548545333889	0	0	26.450928381962864	85.31131290182489	PRKCZ	8.0
GO_Biological_Process_2021	negative regulation of cellular response to insulin stimulus (GO:1900077)	1/28	0.0411874839013458	0.0951764830693262	0	0	25.46998722860792	81.2396025067177	PRKCZ	8.0
GO_Biological_Process_2021	positive regulation of protein import into nucleus (GO:0042307)	1/28	0.0411874839013458	0.0951764830693262	0	0	25.46998722860792	81.2396025067177	DMAP1	8.0
GO_Biological_Process_2021	transcription by RNA polymerase III (GO:0006383)	1/28	0.0411874839013458	0.0951764830693262	0	0	25.46998722860792	81.2396025067177	POLR2L	8.0
GO_Biological_Process_2021	regulation of neuron migration (GO:2001222)	1/28	0.0411874839013458	0.0951764830693262	0	0	25.46998722860792	81.2396025067177	ZNF609	8.0
GO_Biological_Process_2021	phagosome acidification (GO:0090383)	1/28	0.0411874839013458	0.0951764830693262	0	0	25.46998722860792	81.2396025067177	ATP6V1B2	8.0
GO_Biological_Process_2021	regulation of gluconeogenesis (GO:0006111)	1/29	0.0426277151111442	0.0959123590000745	0	0	24.55911330049261	77.49015815040234	DDB1	8.0
GO_Biological_Process_2021	beta-catenin-TCF complex assembly (GO:1904837)	1/29	0.0426277151111442	0.0959123590000745	0	0	24.55911330049261	77.49015815040234	TCF7L2	8.0
GO_Biological_Process_2021	nucleotide-excision repair, preincision complex assembly (GO:0006294)	1/29	0.0426277151111442	0.0959123590000745	0	0	24.55911330049261	77.49015815040234	DDB1	8.0
GO_Biological_Process_2021	positive regulation of viral genome replication (GO:0045070)	1/29	0.0426277151111442	0.0959123590000745	0	0	24.55911330049261	77.49015815040234	DDB1	8.0
GO_Biological_Process_2021	positive regulation of protein import (GO:1904591)	1/30	0.0440658550450575	0.0972291769381269	0	0	23.711058263971463	74.02758505991471	DMAP1	8.0
GO_Biological_Process_2021	termination of RNA polymerase I transcription (GO:0006363)	1/30	0.0440658550450575	0.0972291769381269	0	0	23.711058263971463	74.02758505991471	POLR2L	8.0
GO_Biological_Process_2021	regulation of type I interferon-mediated signaling pathway (GO:0060338)	1/30	0.0440658550450575	0.0972291769381269	0	0	23.711058263971463	74.02758505991471	CDC37	8.0
GO_Biological_Process_2021	positive regulation of transcription by RNA polymerase II (GO:0045944)	4/908	0.0452857208180786	0.0984914687582591	0	0	3.2447243022464263	10.041654370318168	LMO1;TCF7L2;ZNF609;LMO2	8.0
GO_Biological_Process_2021	positive regulation of RNA splicing (GO:0033120)	1/31	0.0455019066193127	0.0984914687582591	0	0	22.919540229885055	70.82140338003367	POLR2A	8.0
GO_Biological_Process_2021	negative regulation of peptidyl-tyrosine phosphorylation (GO:0050732)	1/31	0.0455019066193127	0.0984914687582591	0	0	22.919540229885055	70.82140338003367	PRKCZ	8.0
GO_Biological_Process_2021	ERBB2 signaling pathway (GO:0038128)	1/32	0.0469358727577943	0.099086842488677	0	0	22.17908787541713	67.84523138217664	CDC37	8.0
GO_Biological_Process_2021	transcription initiation from RNA polymerase I promoter (GO:0006361)	1/32	0.0469358727577943	0.099086842488677	0	0	22.17908787541713	67.84523138217664	POLR2L	8.0
GO_Biological_Process_2021	positive regulation of interleukin-10 production (GO:0032733)	1/32	0.0469358727577943	0.099086842488677	0	0	22.17908787541713	67.84523138217664	PRKCZ	8.0
GO_Biological_Process_2021	RNA biosynthetic process (GO:0032774)	1/32	0.0469358727577943	0.099086842488677	0	0	22.17908787541713	67.84523138217664	POLR2A	8.0
GO_Biological_Process_2021	regulation of ERK1 and ERK2 cascade (GO:0070372)	2/238	0.0493158089626511	0.1032167616046363	0	0	5.9727602905569	17.97508529055359	LMO3;PRKCZ	8.0
GO_Biological_Process_2021	sister chromatid segregation (GO:0000819)	1/34	0.0497975604232894	0.1032167616046363	0	0	20.832810867293627	62.494042787714754	SMC1A	8.0
GO_Biological_Process_2021	transcription by RNA polymerase I (GO:0006360)	1/34	0.0497975604232894	0.1032167616046363	0	0	20.832810867293627	62.494042787714754	POLR2L	8.0
GO_Biological_Process_2021	nuclear-transcribed mRNA catabolic process, exonucleolytic (GO:0000291)	1/35	0.0512252877849629	0.1049044815716008	0	0	20.219066937119678	60.081401552176	POLR2G	8.0
GO_Biological_Process_2021	intracellular pH reduction (GO:0051452)	1/35	0.0512252877849629	0.1049044815716008	0	0	20.219066937119678	60.081401552176	ATP6V1B2	8.0
GO_Biological_Process_2021	cellular response to heat (GO:0034605)	1/36	0.0526509413652038	0.1053018827304076	0	0	19.64039408866995	57.82271782479102	POLR2D	8.0
GO_Biological_Process_2021	transferrin transport (GO:0033572)	1/36	0.0526509413652038	0.1053018827304076	0	0	19.64039408866995	57.82271782479102	ATP6V1B2	8.0
GO_Biological_Process_2021	Wnt signaling pathway, calcium modulating pathway (GO:0007223)	1/36	0.0526509413652038	0.1053018827304076	0	0	19.64039408866995	57.82271782479102	TCF7L2	8.0
GO_Biological_Process_2021	regulation of protein import into nucleus (GO:0042306)	1/36	0.0526509413652038	0.1053018827304076	0	0	19.64039408866995	57.82271782479102	DMAP1	8.0
GO_Biological_Process_2021	negative regulation of epithelial cell apoptotic process (GO:1904036)	1/37	0.0540745240778647	0.1062844093944237	0	0	19.09386973180077	55.70430487305193	TCF7L2	8.0
GO_Biological_Process_2021	nucleotide-excision repair, DNA incision, 5'-to lesion (GO:0006296)	1/37	0.0540745240778647	0.1062844093944237	0	0	19.09386973180077	55.70430487305193	DDB1	8.0
GO_Biological_Process_2021	phagosome maturation (GO:0090382)	1/37	0.0540745240778647	0.1062844093944237	0	0	19.09386973180077	55.70430487305193	ATP6V1B2	8.0
GO_Biological_Process_2021	positive regulation of signal transduction (GO:0009967)	2/252	0.0545975436422088	0.1066272206770536	0	0	5.634285714285714	16.383186606197004	LMO3;PRKCZ	8.0
GO_Biological_Process_2021	positive regulation of insulin secretion (GO:0032024)	1/38	0.0554960388319167	0.1066272206770536	0	0	18.576887232059647	53.71402231134463	TCF7L2	8.0
GO_Biological_Process_2021	histone exchange (GO:0043486)	1/38	0.0554960388319167	0.1066272206770536	0	0	18.576887232059647	53.71402231134463	DMAP1	8.0
GO_Biological_Process_2021	mRNA destabilization (GO:0061157)	1/38	0.0554960388319167	0.1066272206770536	0	0	18.576887232059647	53.71402231134463	POLR2D	8.0
GO_Biological_Process_2021	nucleotide-excision repair, DNA incision (GO:0033683)	1/39	0.0569154885110809	0.1087435590546909	0	0	18.087114337568057	51.84106589215322	DDB1	8.0
GO_Biological_Process_2021	ATP-dependent chromatin remodeling (GO:0043044)	1/42	0.0611614760831625	0.1155647780134893	0	0	16.761143818334734	46.83462101550951	DMAP1	8.0
GO_Biological_Process_2021	positive regulation of epithelial to mesenchymal transition (GO:0010718)	1/42	0.0611614760831625	0.1155647780134893	0	0	16.761143818334734	46.83462101550951	TCF7L2	8.0
GO_Biological_Process_2021	positive regulation of peptide hormone secretion (GO:0090277)	1/43	0.0625726944066545	0.1175816565223947	0	0	16.361247947454842	45.34399265988268	TCF7L2	8.0
GO_Biological_Process_2021	mitotic spindle assembly (GO:0090307)	1/44	0.0639818620949856	0.1189228088939406	0	0	15.979951884522857	43.93137485913406	SMC1A	8.0
GO_Biological_Process_2021	positive regulation of mRNA catabolic process (GO:0061014)	1/44	0.0639818620949856	0.1189228088939406	0	0	15.979951884522857	43.93137485913406	POLR2G	8.0
GO_Biological_Process_2021	regulation of insulin receptor signaling pathway (GO:0046626)	1/45	0.0653889820318286	0.1202313540585236	0	0	15.615987460815049	42.59106770539062	PRKCZ	8.0
GO_Biological_Process_2021	positive regulation of RNA metabolic process (GO:0051254)	1/45	0.0653889820318286	0.1202313540585236	0	0	15.615987460815049	42.59106770539062	POLR2A	8.0
GO_Biological_Process_2021	interleukin-12-mediated signaling pathway (GO:0035722)	1/46	0.0667940570746933	0.1221581150777813	0	0	15.268199233716476	41.317902512852925	LMNB1	8.0
GO_Biological_Process_2021	cellular response to interleukin-12 (GO:0071349)	1/48	0.0695980839810058	0.1252765511658105	0	0	14.617021276595745	38.95462833164002	LMNB1	8.0
GO_Biological_Process_2021	regulation of interleukin-10 production (GO:0032653)	1/48	0.0695980839810058	0.1252765511658105	0	0	14.617021276595745	38.95462833164002	PRKCZ	8.0
GO_Biological_Process_2021	histone H4 acetylation (GO:0043967)	1/48	0.0695980839810058	0.1252765511658105	0	0	14.617021276595745	38.95462833164002	DMAP1	8.0
GO_Biological_Process_2021	regulation of smooth muscle cell proliferation (GO:0048660)	1/49	0.070997041562065	0.1264634802824283	0	0	14.311781609195402	37.85633785017516	TCF7L2	8.0
GO_Biological_Process_2021	response to glucose (GO:0009749)	1/49	0.070997041562065	0.1264634802824283	0	0	14.311781609195402	37.85633785017516	TCF7L2	8.0
GO_Biological_Process_2021	iron ion transport (GO:0006826)	1/50	0.0723939657090184	0.1274534842104195	0	0	14.019000703729768	36.80874147674154	ATP6V1B2	8.0
GO_Biological_Process_2021	negative regulation of ERK1 and ERK2 cascade (GO:0070373)	1/50	0.0723939657090184	0.1274534842104195	0	0	14.019000703729768	36.80874147674154	LMO3	8.0
GO_Biological_Process_2021	DNA repair (GO:0006281)	2/298	0.0732565523792112	0.1274534842104195	0	0	4.747586872586872	12.40918361587769	DDB1;SMC1A	8.0
GO_Biological_Process_2021	positive regulation of fat cell differentiation (GO:0045600)	1/51	0.0737888592797165	0.1274534842104195	0	0	13.73793103448276	35.80857002720438	LMO3	8.0
GO_Biological_Process_2021	mitotic nuclear membrane organization (GO:0101024)	1/51	0.0737888592797165	0.1274534842104195	0	0	13.73793103448276	35.80857002720438	LMNA	8.0
GO_Biological_Process_2021	mitotic nuclear membrane reassembly (GO:0007084)	1/51	0.0737888592797165	0.1274534842104195	0	0	13.73793103448276	35.80857002720438	LMNA	8.0
GO_Biological_Process_2021	negative regulation of protein-containing complex assembly (GO:0031333)	1/52	0.0751817250984591	0.1292067838375528	0	0	13.46788370520622	34.852823720532044	PRKCZ	8.0
GO_Biological_Process_2021	IRE1-mediated unfolded protein response (GO:0036498)	1/53	0.0765725660346981	0.1309390879193338	0	0	13.208222811671089	33.938745289872976	LMNA	8.0
GO_Biological_Process_2021	nuclear membrane reassembly (GO:0031468)	1/54	0.0779613849203899	0.1319940279345216	0	0	12.958360442420298	33.06379625497651	LMNA	8.0
GO_Biological_Process_2021	regulation of cyclin-dependent protein kinase activity (GO:1904029)	1/54	0.0779613849203899	0.1319940279345216	0	0	12.958360442420298	33.06379625497651	CDC37	8.0
GO_Biological_Process_2021	nuclear-transcribed mRNA catabolic process, deadenylation-dependent decay (GO:0000288)	1/56	0.0807329679040596	0.13601317745413	0	0	12.4858934169279	31.42210254292495	POLR2D	8.0
GO_Biological_Process_2021	positive regulation of gene expression, epigenetic (GO:0045815)	1/57	0.0821157376538747	0.1376646190079665	0	0	12.26231527093596	30.65119706904604	POLR2L	8.0
GO_Biological_Process_2021	fat cell differentiation (GO:0045444)	1/58	0.0834964966939316	0.1379507336682348	0	0	12.04658197217181	29.91106798113016	TCF7L2	8.0
GO_Biological_Process_2021	positive regulation of protein binding (GO:0032092)	1/58	0.0834964966939316	0.1379507336682348	0	0	12.04658197217181	29.91106798113016	TCF7L2	8.0
GO_Biological_Process_2021	RNA modification (GO:0009451)	1/58	0.0834964966939316	0.1379507336682348	0	0	12.04658197217181	29.91106798113016	FTSJ3	8.0
GO_Biological_Process_2021	RNA methylation (GO:0001510)	1/60	0.0862519938757385	0.1418181822379931	0	0	11.637054354178844	28.516393460743195	FTSJ3	8.0
GO_Biological_Process_2021	regulation of DNA-templated transcription, initiation (GO:2000142)	1/61	0.0876267376582637	0.1433892070771588	0	0	11.442528735632184	27.85877117514337	TCF7L2	8.0
GO_Biological_Process_2021	positive regulation of cytokine production (GO:0001819)	2/335	0.0895493243918005	0.1458374711523608	0	0	4.212140712140712	10.16375104084122	PRKCZ;POLR2L	8.0
GO_Biological_Process_2021	regulation of extrinsic apoptotic signaling pathway (GO:2001236)	1/64	0.091738983515608	0.1466108988894296	0	0	10.896004378763	26.028461010792668	TCF7L2	8.0
GO_Biological_Process_2021	regulation of innate immune response (GO:0045088)	1/64	0.091738983515608	0.1466108988894296	0	0	10.896004378763	26.028461010792668	CDC37	8.0
GO_Biological_Process_2021	regulation of transcription initiation from RNA polymerase II promoter (GO:0060260)	1/64	0.091738983515608	0.1466108988894296	0	0	10.896004378763	26.028461010792668	TCF7L2	8.0
GO_Biological_Process_2021	protein catabolic process (GO:0030163)	1/64	0.091738983515608	0.1466108988894296	0	0	10.896004378763	26.028461010792668	DDB1	8.0
GO_Biological_Process_2021	ERBB signaling pathway (GO:0038127)	1/66	0.0944705208619502	0.1502740378362184	0	0	10.559681697612731	24.915225160225248	CDC37	8.0
GO_Biological_Process_2021	positive regulation of catabolic process (GO:0009896)	1/67	0.0958333099563512	0.1510368295164613	0	0	10.399164054336469	24.387547080252187	DDB1	8.0
GO_Biological_Process_2021	regulation of viral genome replication (GO:0045069)	1/67	0.0958333099563512	0.1510368295164613	0	0	10.399164054336469	24.387547080252187	DDB1	8.0
GO_Biological_Process_2021	positive regulation of protein localization to nucleus (GO:1900182)	1/68	0.0971941163755111	0.1517825926960037	0	0	10.243437982501286	23.87791592101611	DMAP1	8.0
GO_Biological_Process_2021	canonical Wnt signaling pathway (GO:0060070)	1/68	0.0971941163755111	0.1517825926960037	0	0	10.243437982501286	23.87791592101611	TCF7L2	8.0
GO_Biological_Process_2021	positive regulation of transcription, DNA-templated (GO:0045893)	4/1183	0.0984807717885485	0.1525117940119394	0	0	2.4520127878906504	5.68350563120993	LMO1;TCF7L2;ZNF609;LMO2	8.0
GO_Biological_Process_2021	cellular response to decreased oxygen levels (GO:0036294)	1/69	0.098552942914148	0.1525117940119394	0	0	10.092292089249494	23.385469502095955	LMNA	8.0
GO_Biological_Process_2021	carbohydrate homeostasis (GO:0033500)	1/70	0.0999097923540907	0.1539150855184641	0	0	9.945527236381809	22.909398431433704	TCF7L2	8.0
GO_Biological_Process_2021	histone acetylation (GO:0016573)	1/71	0.1012646674619075	0.1552868338915295	0	0	9.80295566502463	22.44894217800591	DMAP1	8.0
GO_Biological_Process_2021	positive regulation of protein secretion (GO:0050714)	1/72	0.1026175710295397	0.1552868338915295	0	0	9.664400194269062	22.00338548313555	TCF7L2	8.0
GO_Biological_Process_2021	cell morphogenesis involved in differentiation (GO:0000904)	1/72	0.1026175710295397	0.1552868338915295	0	0	9.664400194269062	22.00338548313555	UNK	8.0
GO_Biological_Process_2021	positive regulation of synaptic transmission (GO:0050806)	1/73	0.1039685058127173	0.1552868338915295	0	0	9.529693486590038	21.572055090315494	PRKCZ	8.0
GO_Biological_Process_2021	insulin receptor signaling pathway (GO:0008286)	1/73	0.1039685058127173	0.1552868338915295	0	0	9.529693486590038	21.572055090315494	ATP6V1B2	8.0
GO_Biological_Process_2021	proteolysis involved in cellular protein catabolic process (GO:0051603)	1/74	0.1053174745633215	0.1552868338915295	0	0	9.398677373641949	21.15431674384753	DDB1	8.0
GO_Biological_Process_2021	mitotic nuclear division (GO:0140014)	1/74	0.1053174745633215	0.1552868338915295	0	0	9.398677373641949	21.15431674384753	SMC1A	8.0
GO_Biological_Process_2021	regulation of cytokine-mediated signaling pathway (GO:0001959)	1/74	0.1053174745633215	0.1552868338915295	0	0	9.398677373641949	21.15431674384753	CDC37	8.0
GO_Biological_Process_2021	cellular response to amino acid starvation (GO:0034198)	1/74	0.1053174745633215	0.1552868338915295	0	0	9.398677373641949	21.15431674384753	ATP6V1B2	8.0
GO_Biological_Process_2021	regulation of cell population proliferation (GO:0042127)	3/764	0.1053407762071194	0.1552868338915295	0	0	2.8046430135786244	6.312002505837996	TCF7L2;ZNF609;LMNA	8.0
GO_Biological_Process_2021	nucleic acid phosphodiester bond hydrolysis (GO:0090305)	1/75	0.1066644800819346	0.1558618463455807	0	0	9.271202236719478	20.749572437350395	DDB1	8.0
GO_Biological_Process_2021	response to amino acid starvation (GO:1990928)	1/75	0.1066644800819346	0.1558618463455807	0	0	9.271202236719478	20.749572437350395	ATP6V1B2	8.0
GO_Biological_Process_2021	cellular response to hormone stimulus (GO:0032870)	1/76	0.1080095250991305	0.1558618463455807	0	0	9.14712643678161	20.3572579045293	LMO2	8.0
GO_Biological_Process_2021	regulation of RNA splicing (GO:0043484)	1/76	0.1080095250991305	0.1558618463455807	0	0	9.14712643678161	20.3572579045293	POLR2A	8.0
GO_Biological_Process_2021	cell morphogenesis involved in neuron differentiation (GO:0048667)	1/76	0.1080095250991305	0.1558618463455807	0	0	9.14712643678161	20.3572579045293	UNK	8.0
GO_Biological_Process_2021	cellular response to UV (GO:0034644)	1/77	0.1093526123750557	0.1564794704279039	0	0	9.026315789473683	19.976840295907547	DDB1	8.0
GO_Biological_Process_2021	positive regulation of type I interferon production (GO:0032481)	1/77	0.1093526123750557	0.1564794704279039	0	0	9.026315789473683	19.976840295907547	POLR2L	8.0
GO_Biological_Process_2021	negative regulation of apoptotic signaling pathway (GO:2001234)	1/78	0.1106937446588701	0.15773858613889	0	0	8.908643081056875	19.607816054535498	TCF7L2	8.0
GO_Biological_Process_2021	mRNA 3'-end processing (GO:0031124)	1/79	0.1120329247043706	0.1589040700731138	0	0	8.793987621573828	19.249708955963715	POLR2D	8.0
GO_Biological_Process_2021	regulation of fat cell differentiation (GO:0045598)	1/80	0.1133701552568414	0.1589040700731138	0	0	8.682234831951114	18.9020683044028	LMO3	8.0
GO_Biological_Process_2021	negative regulation of cellular component organization (GO:0051129)	1/80	0.1133701552568414	0.1589040700731138	0	0	8.682234831951114	18.9020683044028	PRKCZ	8.0
GO_Biological_Process_2021	negative regulation of extrinsic apoptotic signaling pathway (GO:2001237)	1/80	0.1133701552568414	0.1589040700731138	0	0	8.682234831951114	18.9020683044028	TCF7L2	8.0
GO_Biological_Process_2021	regulation of gene expression, epigenetic (GO:0040029)	1/82	0.1160387787872419	0.1613222046554339	0	0	8.46700723712218	18.236501342427736	POLR2L	8.0
GO_Biological_Process_2021	regulation of cyclin-dependent protein serine/threonine kinase activity (GO:0000079)	1/82	0.1160387787872419	0.1613222046554339	0	0	8.46700723712218	18.236501342427736	CDC37	8.0
GO_Biological_Process_2021	spindle assembly (GO:0051225)	1/84	0.1186996371705696	0.1643533437746348	0	0	8.26215205650187	17.607959996023958	SMC1A	8.0
GO_Biological_Process_2021	positive regulation of protein catabolic process (GO:0045732)	1/85	0.1200271612483068	0.1655213272053264	0	0	8.163382594417078	17.306674925558667	DDB1	8.0
GO_Biological_Process_2021	glucose homeostasis (GO:0042593)	1/86	0.1213527522063146	0.1666772741146972	0	0	8.066937119675456	17.0136033150249	TCF7L2	8.0
GO_Biological_Process_2021	protein modification by small protein conjugation (GO:0032446)	2/409	0.1249119189561709	0.1700743655412159	0	0	3.4333099333099333	7.14178742973853	DDB1;H2BC1	8.0
GO_Biological_Process_2021	regulation of type I interferon production (GO:0032479)	1/89	0.1253179535566854	0.1700743655412159	0	0	7.790752351097178	16.18062246106182	POLR2L	8.0
GO_Biological_Process_2021	transforming growth factor beta receptor signaling pathway (GO:0007179)	1/89	0.1253179535566854	0.1700743655412159	0	0	7.790752351097178	16.18062246106182	PRKCZ	8.0
GO_Biological_Process_2021	positive regulation of binding (GO:0051099)	1/90	0.1266358392018219	0.1705096732559964	0	0	7.702828361100349	15.917430476118057	TCF7L2	8.0
GO_Biological_Process_2021	negative regulation of translation (GO:0017148)	1/90	0.1266358392018219	0.1705096732559964	0	0	7.702828361100349	15.917430476118057	UNK	8.0
GO_Biological_Process_2021	Wnt signaling pathway (GO:0016055)	1/92	0.1292658545119819	0.1726911025121009	0	0	7.532777567260326	15.411189911294056	TCF7L2	8.0
GO_Biological_Process_2021	regulation of peptidyl-tyrosine phosphorylation (GO:0050730)	1/92	0.1292658545119819	0.1726911025121009	0	0	7.532777567260326	15.411189911294056	PRKCZ	8.0
GO_Biological_Process_2021	regulation of epithelial cell proliferation (GO:0050678)	1/93	0.130577989553445	0.1737652623629501	0	0	7.450524737631184	15.167663594496686	TCF7L2	8.0
GO_Biological_Process_2021	negative regulation of MAPK cascade (GO:0043409)	1/94	0.1318882131320392	0.1748285615936334	0	0	7.370040786058584	14.930232938854378	LMO3	8.0
GO_Biological_Process_2021	regulation of cell cycle phase transition (GO:1901987)	1/95	0.1331965279231108	0.1758811295355363	0	0	7.291269258987527	14.698685432239005	DDB1	8.0
GO_Biological_Process_2021	mitotic sister chromatid segregation (GO:0000070)	1/102	0.1423015104749137	0.1864640482085076	0	0	6.783543871628543	13.226602405790088	SMC1A	8.0
GO_Biological_Process_2021	regulation of protein catabolic process (GO:0042176)	1/102	0.1423015104749137	0.1864640482085076	0	0	6.783543871628543	13.226602405790088	DDB1	8.0
GO_Biological_Process_2021	chromatin remodeling (GO:0006338)	1/103	0.1435946513344905	0.1874403463984571	0	0	6.716700473292765	13.035509454318872	NPM3	8.0
GO_Biological_Process_2021	regulation of insulin secretion (GO:0050796)	1/104	0.1448859074147043	0.1884067693377523	0	0	6.651155005021761	12.848759048563156	TCF7L2	8.0
GO_Biological_Process_2021	protein localization to nucleus (GO:0034504)	1/106	0.147462775934803	0.1910313233700857	0	0	6.523809523809524	12.487742462791424	LMNA	8.0
GO_Biological_Process_2021	mRNA export from nucleus (GO:0006406)	1/107	0.1487483936763554	0.1919696250464663	0	0	6.461938841899805	12.31321821731818	POLR2D	8.0
GO_Biological_Process_2021	negative regulation of nucleic acid-templated transcription (GO:1903507)	2/464	0.1530610038820734	0.1967927192769515	0	0	3.016079158936302	5.660935431010844	TCF7L2;DMAP1	8.0
GO_Biological_Process_2021	regulation of protein serine/threonine kinase activity (GO:0071900)	1/111	0.1538721492906634	0.1970946631363554	0	0	6.225705329153605	11.652236916869368	CDC37	8.0
GO_Biological_Process_2021	regulation of macroautophagy (GO:0016241)	1/112	0.1551484225344114	0.1979879123386892	0	0	6.169307238272755	11.495720878882548	ATP6V1B2	8.0
GO_Biological_Process_2021	cellular response to transforming growth factor beta stimulus (GO:0071560)	1/114	0.1576953885966523	0.2004900479555952	0	0	6.059505645407385	11.192452446545069	PRKCZ	8.0
GO_Biological_Process_2021	positive regulation of protein metabolic process (GO:0051247)	1/115	0.1589660866796708	0.201357043127583	0	0	6.00604960677556	11.045511961406842	DDB1	8.0
GO_Biological_Process_2021	regulation of protein-containing complex assembly (GO:0043254)	1/116	0.1602349315662659	0.2022153010910071	0	0	5.95352323838081	10.901581051315937	PRKCZ	8.0
GO_Biological_Process_2021	positive regulation of gene expression (GO:0010628)	2/482	0.1625406447785722	0.2031618201901494	0	0	2.900297619047619	5.269339564019515	POLR2A;POLR2L	8.0
GO_Biological_Process_2021	positive regulation of protein-containing complex assembly (GO:0031334)	1/118	0.1627670723160846	0.2031618201901494	0	0	5.851164161508989	10.622408820243352	DDB1	8.0
GO_Biological_Process_2021	regulation of protein binding (GO:0043393)	1/118	0.1627670723160846	0.2031618201901494	0	0	5.851164161508989	10.622408820243352	TCF7L2	8.0
GO_Biological_Process_2021	positive regulation of epithelial cell proliferation (GO:0050679)	1/123	0.1690651760608406	0.2102556007738454	0	0	5.609949123798756	9.971521773790307	TCF7L2	8.0
GO_Biological_Process_2021	non-canonical Wnt signaling pathway (GO:0035567)	1/124	0.1703192893145684	0.2110478150202261	0	0	5.5640594336977856	9.848832720808518	TCF7L2	8.0
GO_Biological_Process_2021	protein targeting (GO:0006605)	1/125	0.171571572737233	0.2110700643026391	0	0	5.518909899888765	9.72848472744733	CDC37	8.0
GO_Biological_Process_2021	regulation of phosphorylation (GO:0042325)	1/125	0.171571572737233	0.2110700643026391	0	0	5.518909899888765	9.72848472744733	MCM7	8.0
GO_Biological_Process_2021	cellular response to insulin stimulus (GO:0032869)	1/129	0.1765624599692897	0.2164314025430002	0	0	5.345366379310345	9.269296054674214	ATP6V1B2	8.0
GO_Biological_Process_2021	cellular response to hypoxia (GO:0071456)	1/131	0.1790469915916031	0.2186931111583152	0	0	5.262599469496021	9.052234105349967	LMNA	8.0
GO_Biological_Process_2021	transmembrane receptor protein serine/threonine kinase signaling pathway (GO:0007178)	1/133	0.1815242758910291	0.2201464622508226	0	0	5.182340647857889	8.842969274321403	PRKCZ	8.0
GO_Biological_Process_2021	regulation of cell motility (GO:2000145)	1/133	0.1815242758910291	0.2201464622508226	0	0	5.182340647857889	8.842969274321403	LMNA	8.0
GO_Biological_Process_2021	ribonucleoprotein complex assembly (GO:0022618)	1/136	0.1852266582034091	0.2235160046104705	0	0	5.066411238825032	8.542856093971833	POLR2D	8.0
GO_Biological_Process_2021	protein ubiquitination (GO:0016567)	2/525	0.1856097816063557	0.2235160046104705	0	0	2.655968314668124	4.4729394981050445	DDB1;H2BC1	8.0
GO_Biological_Process_2021	chromatin organization (GO:0006325)	1/142	0.1925829153930598	0.2301407059946244	0	0	4.849351919784788	7.987990633889733	NPM3	8.0
GO_Biological_Process_2021	protein localization to organelle (GO:0033365)	1/142	0.1925829153930598	0.2301407059946244	0	0	4.849351919784788	7.987990633889733	LMNA	8.0
GO_Biological_Process_2021	neuron development (GO:0048666)	1/143	0.1938026997849468	0.2301407059946244	0	0	4.814958717824187	7.900936293655021	UNK	8.0
GO_Biological_Process_2021	negative regulation of DNA-binding transcription factor activity (GO:0043433)	1/143	0.1938026997849468	0.2301407059946244	0	0	4.814958717824187	7.900936293655021	TCF7L2	8.0
GO_Biological_Process_2021	negative regulation of cellular macromolecule biosynthetic process (GO:2000113)	2/547	0.1976039422919311	0.2338427275565413	0	0	2.5458715596330275	4.128106657630712	TCF7L2;DMAP1	8.0
GO_Biological_Process_2021	negative regulation of protein phosphorylation (GO:0001933)	1/152	0.2047008959060848	0.2414058841375207	0	0	4.525919159625485	7.179037454618381	PRKCZ	8.0
GO_Biological_Process_2021	positive regulation of NF-kappaB transcription factor activity (GO:0051092)	1/155	0.2083018774030301	0.2448083919994374	0	0	4.437080161218092	6.960744568453372	PRKCZ	8.0
GO_Biological_Process_2021	peptidyl-serine phosphorylation (GO:0018105)	1/156	0.2094986982516284	0.2453717630207428	0	0	4.4082313681868746	6.890232053472163	PRKCZ	8.0
GO_Biological_Process_2021	mitotic spindle organization (GO:0007052)	1/157	0.2106937700805882	0.2459292469882634	0	0	4.379752431476569	6.820805374615669	SMC1A	8.0
GO_Biological_Process_2021	cellular response to starvation (GO:0009267)	1/158	0.211887095338983	0.2464809068228986	0	0	4.351636283768944	6.752441486021709	ATP6V1B2	8.0
GO_Biological_Process_2021	positive regulation of protein kinase B signaling (GO:0051897)	1/161	0.2154566163787052	0.2497836027170074	0	0	4.269396551724138	6.553505373310399	TCF7L2	8.0
GO_Biological_Process_2021	rRNA metabolic process (GO:0016072)	1/162	0.2166429800184552	0.2503104701564584	0	0	4.242664382094667	6.4891744075022295	DDX27	8.0
GO_Biological_Process_2021	negative regulation of canonical Wnt signaling pathway (GO:0090090)	1/165	0.2201916750456013	0.2535540500525106	0	0	4.164423885618167	6.301843020108367	TCF7L2	8.0
GO_Biological_Process_2021	peptidyl-serine modification (GO:0018209)	1/169	0.2248991025993728	0.2581056815066627	0	0	4.064449917898194	6.064579583267902	PRKCZ	8.0
GO_Biological_Process_2021	positive regulation of ERK1 and ERK2 cascade (GO:0070374)	1/172	0.2284116340616737	0.2612601299300749	0	0	3.9925388183101433	5.895406236454071	PRKCZ	8.0
GO_Biological_Process_2021	rRNA processing (GO:0006364)	1/173	0.2295790547701296	0.2617201224379477	0	0	3.969125902165196	5.8405998971400015	DDX27	8.0
GO_Biological_Process_2021	regulation of transcription by RNA polymerase II (GO:0006357)	5/2206	0.2311084083883033	0.2625882912584709	0	0	1.6146297137664698	2.3652200101422056	LMO1;TCF7L2;ZNF609;LMO2;DMAP1	8.0
GO_Biological_Process_2021	positive regulation of developmental process (GO:0051094)	1/177	0.2342316864153678	0.2652557508412443	0	0	3.878134796238245	5.628897577620567	LMNA	8.0
GO_Biological_Process_2021	regulation of mitotic cell cycle (GO:0007346)	1/178	0.235390593565183	0.2656883927369393	0	0	3.856029612312488	5.577781709378128	DDB1	8.0
GO_Biological_Process_2021	protein stabilization (GO:0050821)	1/179	0.2365478052048684	0.266116280855477	0	0	3.8341728012398297	5.52736250975957	CDC37	8.0
GO_Biological_Process_2021	positive regulation of cellular biosynthetic process (GO:0031328)	1/180	0.2377033237400038	0.2665394646527256	0	0	3.812560200346754	5.477626943599837	DDB1	8.0
GO_Biological_Process_2021	regulation of transcription, DNA-templated (GO:0006355)	5/2244	0.2419845897121857	0.2704533649724429	0	0	1.5838320678874498	2.247269598502593	TCF7L2;ZNF609;POLR2A;DMAP1;POLR2L	8.0
GO_Biological_Process_2021	regulation of mitotic cell cycle phase transition (GO:1901990)	1/188	0.2468868064629631	0.275033510782845	0	0	3.647980822423013	5.102887944281363	DDB1	8.0
GO_Biological_Process_2021	negative regulation of Wnt signaling pathway (GO:0030178)	1/191	0.2503029641829888	0.2779338108785136	0	0	3.58983666061706	4.972222586114594	TCF7L2	8.0
GO_Biological_Process_2021	ribosome biogenesis (GO:0042254)	1/192	0.2514383510525367	0.2782909904853319	0	0	3.570861166275501	4.929778966484762	DDX27	8.0
GO_Biological_Process_2021	modification-dependent protein catabolic process (GO:0019941)	1/201	0.2615823120745377	0.2876564332138002	0	0	3.4086206896551725	4.57098173760038	DDB1	8.0
GO_Biological_Process_2021	ncRNA processing (GO:0034470)	1/201	0.2615823120745377	0.2876564332138002	0	0	3.4086206896551725	4.57098173760038	DDX27	8.0
GO_Biological_Process_2021	proteasomal protein catabolic process (GO:0010498)	1/205	0.2660479660472825	0.2916295012441366	0	0	3.341108857336038	4.423890948661195	DDB1	8.0
GO_Biological_Process_2021	regulation of protein kinase B signaling (GO:0051896)	1/207	0.2682709919297432	0.2931267707347354	0	0	3.308336123200536	4.352968547773864	TCF7L2	8.0
GO_Biological_Process_2021	negative regulation of transcription by RNA polymerase II (GO:0000122)	2/684	0.2739335419434273	0.2983607367664081	0	0	2.0201089233347296	2.61577793585494	TCF7L2;DMAP1	8.0
GO_Biological_Process_2021	regulation of autophagy (GO:0010506)	1/231	0.2944447961037839	0.3196829214841082	0	0	2.95952023988006	3.618498094047231	ATP6V1B2	8.0
GO_Biological_Process_2021	positive regulation of DNA-binding transcription factor activity (GO:0051091)	1/246	0.3103413436693897	0.3358757580219344	0	0	2.7762139338494016	3.2483992810296334	PRKCZ	8.0
GO_Biological_Process_2021	regulation of canonical Wnt signaling pathway (GO:0060828)	1/253	0.3176407117328244	0.3426912410492931	0	0	2.6981390257252325	3.0943185758579625	TCF7L2	8.0
GO_Biological_Process_2021	positive regulation of cell differentiation (GO:0045597)	1/258	0.3228087633001505	0.3471716888322373	0	0	2.6449751777807595	2.9906607248999104	LMO3	8.0
GO_Biological_Process_2021	negative regulation of signal transduction (GO:0009968)	1/267	0.3320160624034503	0.3548421666936875	0	0	2.5543168265491314	2.81631803456374	PRKCZ	8.0
GO_Biological_Process_2021	protein-containing complex assembly (GO:0065003)	1/267	0.3320160624034503	0.3548421666936875	0	0	2.5543168265491314	2.81631803456374	TCF7L2	8.0
GO_Biological_Process_2021	positive regulation of cell migration (GO:0030335)	1/269	0.3340456331382016	0.355899085773411	0	0	2.5349974266598045	2.77956806975024	ZNF609	8.0
GO_Biological_Process_2021	positive regulation of MAPK cascade (GO:0043410)	1/274	0.3390935149607164	0.3601552239644876	0	0	2.487937350006316	2.6906528788272395	PRKCZ	8.0
GO_Biological_Process_2021	regulation of cell cycle (GO:0051726)	1/296	0.3608681872699808	0.3820957276976267	0	0	2.299824663939217	2.3440790849791022	TCF7L2	8.0
GO_Biological_Process_2021	proteasome-mediated ubiquitin-dependent protein catabolic process (GO:0043161)	1/321	0.3847706040277038	0.4061467486959095	0	0	2.117456896551724	2.0223999283160023	DDB1	8.0
GO_Biological_Process_2021	intracellular protein transport (GO:0006886)	1/336	0.3986947992818617	0.4195496041673745	0	0	2.0211013896037056	1.8585221119135495	CDC37	8.0
GO_Biological_Process_2021	post-translational protein modification (GO:0043687)	1/345	0.4069025649572143	0.4268732429919241	0	0	1.9673215717722532	1.768979201902621	DDB1	8.0
GO_Biological_Process_2021	ubiquitin-dependent protein catabolic process (GO:0006511)	1/354	0.4150019802043119	0.4340387682870785	0	0	1.916284067597929	1.685318156943543	DDB1	8.0
GO_Biological_Process_2021	negative regulation of transcription, DNA-templated (GO:0045892)	2/948	0.4193377030248116	0.4372362635197731	0	0	1.4364240410752038	1.2483655524528552	TCF7L2;DMAP1	8.0
GO_Biological_Process_2021	protein transport (GO:0015031)	1/369	0.4282639718351372	0.4451862564365256	0	0	1.836769115442279	1.5576087108437588	ATP6V1B2	8.0
GO_Biological_Process_2021	negative regulation of cell population proliferation (GO:0008285)	1/379	0.4369433329169367	0.4528321813866435	0	0	1.7872650976099251	1.4797692925425834	LMNA	8.0
GO_Biological_Process_2021	phosphorylation (GO:0016310)	1/400	0.4547573569786876	0.469870139234777	0	0	1.6913836314925244	1.332795558910505	PRKCZ	8.0
GO_Biological_Process_2021	cellular protein modification process (GO:0006464)	2/1025	0.45943551837161	0.4732739375996705	0	0	1.3229297584136297	1.0289174528335758	DDB1;PRKCZ	8.0
GO_Biological_Process_2021	regulation of cell migration (GO:0030334)	1/408	0.461399306233155	0.47386955775297	0	0	1.6574599678047954	1.2820310920289546	LMNA	8.0
GO_Biological_Process_2021	regulation of nucleic acid-templated transcription (GO:1903506)	1/430	0.4792638893772811	0.4907432639731441	0	0	1.57069367414195	1.1552513481522777	POLR2A	8.0
GO_Biological_Process_2021	regulation of cellular macromolecule biosynthetic process (GO:2000112)	1/468	0.5087804408354519	0.5194116739275361	0	0	1.4400797459942405	0.9731176290622954	POLR2A	8.0
GO_Biological_Process_2021	positive regulation of cell population proliferation (GO:0008284)	1/474	0.5132905638900332	0.5224564668166409	0	0	1.4213749362105417	0.9479336968896638	TCF7L2	8.0
GO_Biological_Process_2021	protein phosphorylation (GO:0006468)	1/496	0.5294877048923683	0.5373436055584272	0	0	1.356670149773598	0.8626323850972824	PRKCZ	8.0
GO_Biological_Process_2021	positive regulation of intracellular signal transduction (GO:1902533)	1/546	0.5643849840282161	0.5710640962652365	0	0	1.2290414425814615	0.703034644664409	TCF7L2	8.0
GO_Biological_Process_2021	negative regulation of cellular process (GO:0048523)	1/566	0.577631539066439	0.5827433225980004	0	0	1.1843149221849252	0.6499746369755928	LMNA	8.0
GO_Biological_Process_2021	cytokine-mediated signaling pathway (GO:0019221)	1/621	0.6120829170439238	0.615683404791241	0	0	1.0761957730812013	0.5282910743849782	LMNB1	8.0
GO_Biological_Process_2021	positive regulation of cellular process (GO:0048522)	1/625	0.6144796095853651	0.6162816025753515	0	0	1.0690760389036251	0.5206181497922479	LMNA	8.0
GO_Biological_Process_2021	regulation of gene expression (GO:0010468)	1/1079	0.8108152901725392	0.8108152901725392	0	0	0.604311944213422	0.1267332832792536	POLR2A	8.0
