Gene_set	Term	Overlap	P-value	Adjusted P-value	Old P-value	Old Adjusted P-value	Odds Ratio	Combined Score	Genes	Module
Reactome_2022	Citric Acid (TCA) Cycle And Respiratory Electron Transport R-HSA-1428517	10/163	2.7157597908824823e-08	6.360924980733428e-06	0	0	12.645777265154427	220.3097867668137	CS;LDHB;NDUFA2;NDUFS2;NDUFS1;ETFB;SDHA;NDUFV2;SDHB;NDUFV1	2.0
Reactome_2022	Respiratory Electron Transport R-HSA-611105	8/90	3.9755781129583926e-08	6.360924980733428e-06	0	0	18.579737335834896	316.6082104442321	NDUFA2;NDUFS2;NDUFS1;ETFB;SDHA;NDUFV2;SDHB;NDUFV1	2.0
Reactome_2022	Respiratory Electron Transport, ATP Synthesis By Chemiosmotic Coupling, Heat Production By Uncoupling Proteins R-HSA-163200	8/112	2.2026541136579282e-07	2.349497721235123e-05	0	0	14.633136094674557	224.30304038939252	NDUFA2;NDUFS2;NDUFS1;ETFB;SDHA;NDUFV2;SDHB;NDUFV1	2.0
Reactome_2022	Anchoring Of Basal Body To Plasma Membrane R-HSA-5620912	7/97	1.2124791308212342e-06	9.699833046569872e-05	0	0	14.665185185185186	199.78152159073124	PCM1;CEP135;CNTRL;SCLT1;CEP63;NINL;CEP43	2.0
Reactome_2022	Loss Of Nlp From Mitotic Centrosomes R-HSA-380259	6/69	2.424411472220925e-06	0.0001551623342221392	0	0	17.812219227313566	230.31060089023492	PCM1;CEP135;CNTRL;CEP63;NINL;CEP43	2.0
Reactome_2022	AURKA Activation By TPX2 R-HSA-8854518	6/72	3.117065600362728e-06	0.0001662434986860122	0	0	17.0	215.53651469391423	PCM1;CEP135;CNTRL;CEP63;NINL;CEP43	2.0
Reactome_2022	Recruitment Of NuMA To Mitotic Centrosomes R-HSA-380320	6/80	5.7815042887142274e-06	0.0002486308442818616	0	0	15.15604283528812	182.7947084811589	PCM1;CEP135;CNTRL;CEP63;NINL;CEP43	2.0
Reactome_2022	Centrosome Maturation R-HSA-380287	6/81	6.21577110704654e-06	0.0002486308442818616	0	0	14.95320754716981	179.26534391818342	PCM1;CEP135;CNTRL;CEP63;NINL;CEP43	2.0
Reactome_2022	Regulation Of PLK1 Activity At G2/M Transition R-HSA-2565942	6/87	9.412101795819194e-06	0.00026761360676443507	0	0	13.84136967155835	160.19328943257986	PCM1;CEP135;CNTRL;CEP63;NINL;CEP43	2.0
Reactome_2022	Complex I Biogenesis R-HSA-6799198	5/51	9.629510415779907e-06	0.00026761360676443507	0	0	20.156440471353108	232.8205569964109	NDUFA2;NDUFS2;NDUFS1;NDUFV2;NDUFV1	2.0
Reactome_2022	Cilium Assembly R-HSA-5617833	8/186	1.0035510253666316e-05	0.00026761360676443507	0	0	8.517718236819361	98.0336621350788	IFT20;PCM1;CEP135;CNTRL;SCLT1;CEP63;CEP43;NINL	2.0
Reactome_2022	Mitotic Prometaphase R-HSA-68877	8/186	1.0035510253666316e-05	0.00026761360676443507	0	0	8.517718236819361	98.0336621350788	PCM1;CEP135;NEK7;CNTRL;CEP63;PDS5A;CEP43;NINL	2.0
Reactome_2022	rRNA Modification In Nucleus And Cytosol R-HSA-6790901	5/60	2.150972315982036e-05	0.0005294701085494243	0	0	16.850467289719628	181.09206438858752	UTP15;KRR1;HEATR1;NAT10;WDR43	2.0
Reactome_2022	Unfolded Protein Response (UPR) R-HSA-381119	5/89	0.000143720225588391	0.0032850337277346	0	0	11.016911437472183	97.47368863180309	EIF2S3;WFS1;SYVN1;ATP6V0D1;EIF2S1	2.0
Reactome_2022	Organelle Biogenesis And Maintenance R-HSA-1852241	8/275	0.00015973144140096724	0.0034076040832206	0	0	5.652837798905215	49.41720212510028	IFT20;PCM1;CEP135;CNTRL;SCLT1;CEP63;CEP43;NINL	2.0
Reactome_2022	Programmed Cell Death R-HSA-5357801	7/208	0.00017127758753898305	0.0034255517507796	0	0	6.5296849087893865	56.6268966994952	MED12;BCAP31;PDCD6IP;DIABLO;NDUFA2;FLOT1;FLOT2	2.0
Reactome_2022	Citric Acid Cycle (TCA Cycle) R-HSA-71403	3/21	0.00021124470916573487	0.0039763709960608	0	0	30.382262996941897	257.1096981870572	CS;SDHA;SDHB	2.0
Reactome_2022	Pyruvate Metabolism And Citric Acid (TCA) Cycle R-HSA-71406	4/54	0.000237512437843815	0.0042224433394456	0	0	14.694814814814816	122.63249944307556	CS;LDHB;SDHA;SDHB	2.0
Reactome_2022	Protein Localization R-HSA-9609507	6/164	0.0003241319373288548	0.0054590642076438	0	0	7.068306663482207	56.78931969632304	CS;PEX19;SGTA;PMPCB;SLC25A4;TOMM22	2.0
Reactome_2022	Insulin Receptor Recycling R-HSA-77387	3/26	0.0004046284662695075	0.0064740554603121	0	0	23.77143996808935	185.71535601511485	ATP6V0D1;ATP6V0C;ATP6V0A1	2.0
Reactome_2022	Mitochondrial Protein Import R-HSA-1268020	4/65	0.0004850087965550242	0.0073906102332194	0	0	12.03825136612022	91.8680316749268	CS;PMPCB;SLC25A4;TOMM22	2.0
Reactome_2022	Regulation Of Necroptotic Cell Death R-HSA-5675482	3/29	0.0005617535511917725	0.0078392988972519	0	0	21.02540578687368	157.36354210407538	PDCD6IP;FLOT1;FLOT2	2.0
Reactome_2022	G2/M Transition R-HSA-69275	6/182	0.0005634496082399803	0.0078392988972519	0	0	6.339622641509434	47.42945984964141	PCM1;CEP135;CNTRL;CEP63;CEP43;NINL	2.0
Reactome_2022	Mitotic G2-G2/M Phases R-HSA-453274	6/184	0.0005967840928908269	0.0079571212385443	0	0	6.267754928980284	46.5315315681374	PCM1;CEP135;CNTRL;CEP63;CEP43;NINL	2.0
Reactome_2022	Transferrin Endocytosis And Recycling R-HSA-917977	3/31	0.0006854437893185516	0.008140320707201	0	0	19.521625163827	142.2237081276475	ATP6V0D1;ATP6V0C;ATP6V0A1	2.0
Reactome_2022	RIPK1-mediated Regulated Necrosis R-HSA-5213460	3/31	0.0006854437893185516	0.008140320707201	0	0	19.521625163827	142.2237081276475	PDCD6IP;FLOT1;FLOT2	2.0
Reactome_2022	rRNA Processing In Nucleus And Cytosol R-HSA-8868773	6/189	0.0006868395596700907	0.008140320707201	0	0	6.094958243117847	44.39207878510757	UTP15;KRR1;HEATR1;NAT10;WDR43;BYSL	2.0
Reactome_2022	Recycling Of eIF2:GDP R-HSA-72731	2/8	0.0008513092103094032	0.0097292481178217	0	0	60.24848484848485	425.88058234303134	EIF2S3;EIF2S1	2.0
Reactome_2022	rRNA Processing R-HSA-72312	6/199	0.0008982897214947202	0.0099121624440796	0	0	5.776224459869	40.52031804953445	UTP15;KRR1;HEATR1;NAT10;WDR43;BYSL	2.0
Reactome_2022	ROS And RNS Production In Phagocytes R-HSA-1222556	3/36	0.0010668659620447	0.0113799035951435	0	0	16.559633027522935	113.31806453452602	ATP6V0D1;ATP6V0C;ATP6V0A1	2.0
Reactome_2022	M Phase R-HSA-68886	8/380	0.0013477166610823	0.0139119139208498	0	0	4.03556658395368	26.672445692427218	PCM1;CEP135;NEK7;CNTRL;CEP63;PDS5A;CEP43;NINL	2.0
Reactome_2022	XBP1(S) Activates Chaperone Genes R-HSA-381038	3/46	0.0021779824080403	0.0217798240804036	0	0	12.702154896522297	77.85603354022255	WFS1;SYVN1;ATP6V0D1	2.0
Reactome_2022	IRE1alpha Activates Chaperones R-HSA-381070	3/48	0.0024615442230822	0.023869519738979	0	0	12.136391437308868	72.90289549644446	WFS1;SYVN1;ATP6V0D1	2.0
Reactome_2022	Repression Of WNT Target Genes R-HSA-4641265	2/14	0.0027066698416453	0.0254745396860737	0	0	30.115151515151517	178.04186714438933	TLE1;TLE5	2.0
Reactome_2022	Response Of EIF2AK1 (HRI) To Heme Deficiency R-HSA-9648895	2/15	0.0031116888600155	0.0284497267201421	0	0	27.7972027972028	160.46184539900213	EIF2S3;EIF2S1	2.0
Reactome_2022	Major Pathway Of rRNA Processing In Nucleolus And Cytosol R-HSA-6791226	5/179	0.0033686394147862	0.0292916869113887	0	0	5.29433881190246	30.141975119837948	UTP15;KRR1;HEATR1;WDR43;BYSL	2.0
Reactome_2022	RHO GTPase Cycle R-HSA-9012999	8/441	0.0033868512991293	0.0292916869113887	0	0	3.4562089181026825	19.6584138263169	BCAP31;SYDE1;STIP1;TMOD3;FLOT1;FLOT2;BRK1;VAMP3	2.0
Reactome_2022	Signaling By Cytosolic FGFR1 Fusion Mutants R-HSA-1839117	2/17	0.0040010473356425	0.032945831660822	0	0	24.08848484848485	132.99732130480987	CNTRL;CEP43	2.0
Reactome_2022	Regulated Necrosis R-HSA-5218859	3/57	0.0040152732336626	0.032945831660822	0	0	10.109072375127422	55.77832198443577	PDCD6IP;FLOT1;FLOT2	2.0
Reactome_2022	Late SARS-CoV-2 Infection Events R-HSA-9772573	3/58	0.0042172048757418	0.0337376390059344	0	0	9.924770642201835	54.27442925480958	RPN2;PRMT1;ZDHHC5	2.0
Reactome_2022	Iron Uptake And Transport R-HSA-917937	3/59	0.0044252052569112	0.0345381873710148	0	0	9.747051114023591	52.83329224916956	ATP6V0D1;ATP6V0C;ATP6V0A1	2.0
Reactome_2022	Translation R-HSA-72766	6/281	0.0050405232358413	0.0384039865587913	0	0	4.036981132075471	21.35662080592743	MRPL4;EIF2S3;RPN2;SRP68;MRPL12;EIF2S1	2.0
Reactome_2022	Synaptic Adhesion-Like Molecules R-HSA-8849932	2/21	0.0060886061775728	0.0453105576005419	0	0	19.013397129186604	96.99372904720283	FLOT1;FLOT2	2.0
Reactome_2022	Transport Of Small Molecules R-HSA-382551	10/706	0.0062963316044374	0.0457915025777272	0	0	2.703403200360604	13.700274568798504	PEX19;EIF2S3;ATP2A3;PMPCB;ATP6V0D1;ATP6V0C;EIF2S1;SLC25A4;SLC7A1;ATP6V0A1	2.0
Reactome_2022	RHOB GTPase Cycle R-HSA-9013026	3/69	0.0068498839614225	0.0487102859478939	0	0	8.26605504587156	41.19408012548262	FLOT1;FLOT2;VAMP3	2.0
Reactome_2022	RHOC GTPase Cycle R-HSA-9013106	3/73	0.0080013895469352	0.0556618403265059	0	0	7.792136304062909	37.62152543497727	FLOT1;FLOT2;VAMP3	2.0
Reactome_2022	Cell Cycle, Mitotic R-HSA-69278	8/523	0.0092005660526478	0.0603476537845567	0	0	2.8936519790888724	13.566859146867154	PCM1;CEP135;NEK7;CNTRL;CEP63;PDS5A;CEP43;NINL	2.0
Reactome_2022	WNT Ligand Biogenesis And Trafficking R-HSA-3238698	2/26	0.0092528790643257	0.0603476537845567	0	0	15.048484848484849	70.46935372900053	SNX3;VPS35	2.0
Reactome_2022	Signaling By Insulin Receptor R-HSA-74752	3/77	0.0092603164447836	0.0603476537845567	0	0	7.369452020828167	34.503900066720426	ATP6V0D1;ATP6V0C;ATP6V0A1	2.0
Reactome_2022	RHOA GTPase Cycle R-HSA-8980692	4/147	0.0094293209038369	0.0603476537845567	0	0	5.113960113960114	23.851158127828644	BCAP31;FLOT1;FLOT2;VAMP3	2.0
Reactome_2022	COPI-mediated Anterograde Transport R-HSA-6807878	3/80	0.0102762131341598	0.0644782000574735	0	0	7.081258191349934	32.41745799330524	COG6;COPB1;BET1	2.0
Reactome_2022	Cellular Response To Starvation R-HSA-9711097	4/153	0.0108057195834599	0.0664967358982152	0	0	4.906537409893114	22.21522979850032	EIF2S3;ATP6V0D1;ATP6V0C;EIF2S1	2.0
Reactome_2022	FGFR1 Mutant Receptor Activation R-HSA-1839124	2/30	0.0122059337373962	0.0736962036974865	0	0	12.896103896103895	56.818081065593866	CNTRL;CEP43	2.0
Reactome_2022	RAC2 GTPase Cycle R-HSA-9013404	3/87	0.0128899173039819	0.0763846951347076	0	0	6.4888597640891215	28.23503958564057	SYDE1;BRK1;VAMP3	2.0
Reactome_2022	PERK Regulates Gene Expression R-HSA-381042	2/32	0.013816933315602	0.0803894301998664	0	0	12.035151515151515	51.53283852639586	EIF2S3;EIF2S1	2.0
Reactome_2022	RAC3 GTPase Cycle R-HSA-9013423	3/93	0.0154056380890191	0.0880322176515378	0	0	6.054434250764526	25.265285672453917	SYDE1;BRK1;VAMP3	2.0
Reactome_2022	Ion Channel Transport R-HSA-983712	4/175	0.0169383635833635	0.0950925674855497	0	0	4.270521983972277	17.415932554943357	ATP2A3;ATP6V0D1;ATP6V0C;ATP6V0A1	2.0
Reactome_2022	Signaling By FGFR1 In Disease R-HSA-5655302	2/36	0.0172971793032696	0.0954327133973498	0	0	10.61711229946524	43.07587369429739	CNTRL;CEP43	2.0
Reactome_2022	Apoptosis R-HSA-109581	4/178	0.0179128577431418	0.0971544826746674	0	0	4.196253724989357	16.87832495601869	MED12;BCAP31;DIABLO;NDUFA2	2.0
Reactome_2022	ABC-family Proteins Mediated Transport R-HSA-382556	3/102	0.0196630760171594	0.1048697387581836	0	0	5.501529051987768	21.61557760166972	EIF2S3;PEX19;EIF2S1	2.0
Reactome_2022	Asparagine N-linked Glycosylation R-HSA-446203	5/282	0.021286618478954	0.111667506774841	0	0	3.30830999696346	12.735923726809531	COG6;RPN2;COPB1;SYVN1;BET1	2.0
Reactome_2022	RHOF GTPase Cycle R-HSA-9035034	2/42	0.0231321415234883	0.1156607076174416	0	0	9.021818181818182	33.98096887041346	SYDE1;VAMP3	2.0
Reactome_2022	RND1 GTPase Cycle R-HSA-9696273	2/42	0.0231321415234883	0.1156607076174416	0	0	9.021818181818182	33.98096887041346	STIP1;FLOT2	2.0
Reactome_2022	RND3 GTPase Cycle R-HSA-9696264	2/42	0.0231321415234883	0.1156607076174416	0	0	9.021818181818182	33.98096887041346	TMOD3;FLOT2	2.0
Reactome_2022	Signaling By Rho GTPases R-HSA-194315	8/644	0.0283290540169119	0.1394661120832586	0	0	2.328495403967102	8.298448761737713	BCAP31;SYDE1;STIP1;TMOD3;FLOT1;FLOT2;BRK1;VAMP3	2.0
Reactome_2022	Retrograde Transport At Trans-Golgi-Network R-HSA-6811440	2/48	0.0296568407613197	0.1437907430851867	0	0	7.842687747035573	27.59106537244795	COG6;VAMP3	2.0
Reactome_2022	Cell Cycle R-HSA-1640170	8/654	0.0306461677138404	0.1463697562452083	0	0	2.291259823767564	7.9856079351674385	PCM1;CEP135;NEK7;CNTRL;CEP63;PDS5A;CEP43;NINL	2.0
Reactome_2022	Formation Of Ternary Complex, And Subsequently, 43S Complex R-HSA-72695	2/50	0.031976077624072	0.148858520006971	0	0	7.515151515151516	25.872917364872013	EIF2S3;EIF2S1	2.0
Reactome_2022	Signaling By Rho GTPases, Miro GTPases And RHOBTB3 R-HSA-9716542	8/660	0.0320976183765031	0.148858520006971	0	0	2.269466729589429	7.804635818451749	BCAP31;SYDE1;STIP1;TMOD3;FLOT1;FLOT2;BRK1;VAMP3	2.0
Reactome_2022	Protein Repair R-HSA-5676934	1/6	0.0331369865600355	0.1514833671315911	0	0	35.825225225225225	122.06031121746015	PCMT1	2.0
Reactome_2022	Metabolism Of Proteins R-HSA-392499	17/1890	0.0338980612902662	0.152779994547679	0	0	1.7211622221597775	5.825097044851158	COG6;RPN2;WFS1;COPB1;SYVN1;SRP68;ETFB;MRPL12;EIF2S1;KLHL20;MRPL4;SNX3;PCMT1;EIF2S3;CALU;OBSL1;BET1	2.0
Reactome_2022	RHOJ GTPase Cycle R-HSA-9013409	2/54	0.0368200033959587	0.1612562481072217	0	0	6.935664335664336	22.89958011228037	SYDE1;VAMP3	2.0
Reactome_2022	Amino Acids Regulate mTORC1 R-HSA-9639288	2/55	0.0380724813855283	0.1612562481072217	0	0	6.804459691252144	22.238767458169335	ATP6V0D1;ATP6V0C	2.0
Reactome_2022	Activation Of NIMA Kinases NEK9, NEK6, NEK7 R-HSA-2980767	1/7	0.0385530282298092	0.1612562481072217	0	0	29.85285285285285	97.19254886023562	NEK7	2.0
Reactome_2022	Release Of Apoptotic Factors From Mitochondria R-HSA-111457	1/7	0.0385530282298092	0.1612562481072217	0	0	29.85285285285285	97.19254886023562	DIABLO	2.0
Reactome_2022	SMAC (DIABLO) Binds To IAPs R-HSA-111463	1/7	0.0385530282298092	0.1612562481072217	0	0	29.85285285285285	97.19254886023562	DIABLO	2.0
Reactome_2022	ER To Golgi Anterograde Transport R-HSA-199977	3/133	0.0388022847008002	0.1612562481072217	0	0	4.183062808750882	13.59192621861559	COG6;COPB1;BET1	2.0
Reactome_2022	Translation Initiation Complex Formation R-HSA-72649	2/57	0.0406256963949735	0.1645597828657157	0	0	6.556363636363637	21.002356934900437	EIF2S3;EIF2S1	2.0
Reactome_2022	Ribosomal Scanning And Start Codon Recognition R-HSA-72702	2/57	0.0406256963949735	0.1645597828657157	0	0	6.556363636363637	21.002356934900437	EIF2S3;EIF2S1	2.0
Reactome_2022	mRNA Activation Upon Binding Of Cap-Binding Complex And eIFs, Subsequent Binding To 43S R-HSA-72662	2/58	0.0419260019312679	0.1677040077250716	0	0	6.438961038961039	20.42341260493736	EIF2S3;EIF2S1	2.0
Reactome_2022	RHOQ GTPase Cycle R-HSA-9013406	2/59	0.0432418216043468	0.1708318878196418	0	0	6.325677830940989	19.86861981398384	SYDE1;VAMP3	2.0
Reactome_2022	SMAC, XIAP-regulated Apoptotic Response R-HSA-111469	1/8	0.0439390017253452	0.1714692750257376	0	0	25.586872586872587	79.95777249377652	DIABLO	2.0
Reactome_2022	Signaling By FGFR In Disease R-HSA-1226099	2/61	0.0459191608820684	0.1770377287019507	0	0	6.110631741140216	18.826079125834667	CNTRL;CEP43	2.0
Reactome_2022	Neutrophil Degranulation R-HSA-6798695	6/468	0.0479814868294049	0.1827866164929712	0	0	2.3800539083557952	7.228080996236295	TOLLIP;COPB1;NDUFA2;GGH;ATP6V0C;ATP6V0A1	2.0
Reactome_2022	Formation Of Annular Gap Junctions R-HSA-196025	1/9	0.0492950722094504	0.1834235245002808	0	0	22.38738738738739	67.38449484604118	CLTCL1	2.0
Reactome_2022	TRIF-mediated Programmed Cell Death R-HSA-2562578	1/9	0.0492950722094504	0.1834235245002808	0	0	22.38738738738739	67.38449484604118	NDUFA2	2.0
Reactome_2022	Gap Junction Degradation R-HSA-190873	1/10	0.0546214040317676	0.198623287388246	0	0	19.8988988988989	57.85265494685789	CLTCL1	2.0
Reactome_2022	Cohesin Loading Onto Chromatin R-HSA-2470946	1/10	0.0546214040317676	0.198623287388246	0	0	19.8988988988989	57.85265494685789	PDS5A	2.0
Reactome_2022	Signal Transduction R-HSA-162582	20/2465	0.0555929383411578	0.1998847221255113	0	0	1.55090246287899	4.481641441932628	BCAP31;PPAN-P2RY11;TLE1;PRMT1;TMOD3;SYVN1;ATP2A3;BRK1;TLE5;GNAI2;SNX3;SYDE1;STIP1;FLOT1;FLOT2;VPS35;ATP6V0D1;ATP6V0C;VAMP3;ATP6V0A1	2.0
Reactome_2022	Formation Of Apoptosome R-HSA-111458	1/11	0.0599181606870973	0.2039767172326719	0	0	17.90810810810811	50.40730639649694	DIABLO	2.0
Reactome_2022	Synthesis Of PIPs At Late Endosome Membrane R-HSA-1660517	1/11	0.0599181606870973	0.2039767172326719	0	0	17.90810810810811	50.40730639649694	VAC14	2.0
Reactome_2022	Uptake And Function Of Anthrax Toxins R-HSA-5210891	1/11	0.0599181606870973	0.2039767172326719	0	0	17.90810810810811	50.40730639649694	PDCD6IP	2.0
Reactome_2022	Reduction Of Cytosolic Ca++ Levels R-HSA-418359	1/11	0.0599181606870973	0.2039767172326719	0	0	17.90810810810811	50.40730639649694	ATP2A3	2.0
Reactome_2022	Establishment Of Sister Chromatid Cohesion R-HSA-2468052	1/11	0.0599181606870973	0.2039767172326719	0	0	17.90810810810811	50.40730639649694	PDS5A	2.0
Reactome_2022	Extra-nuclear Estrogen Signaling R-HSA-9009391	2/73	0.0631773638174065	0.2128079623323168	0	0	5.074775928297055	14.015562894578204	PRMT1;GNAI2	2.0
Reactome_2022	Transport To Golgi And Subsequent Modification R-HSA-948021	3/164	0.0646554083599585	0.2128506279037794	0	0	3.3723289076300644	9.235741607629144	COG6;COPB1;BET1	2.0
Reactome_2022	P2Y Receptors R-HSA-417957	1/12	0.0651855047955324	0.2128506279037794	0	0	16.27927927927928	44.45086760371517	PPAN-P2RY11	2.0
Reactome_2022	Transport Of Nucleosides And Free Purine And Pyrimidine Bases Across Plasma Membrane R-HSA-83936	1/12	0.0651855047955324	0.2128506279037794	0	0	16.27927927927928	44.45086760371517	SLC25A4	2.0
Reactome_2022	Adenylate Cyclase Inhibitory Pathway R-HSA-170670	1/13	0.070423598148171	0.223124271360542	0	0	14.92192192192192	39.591244210462285	GNAI2	2.0
Reactome_2022	Cytochrome C-Mediated Apoptotic Response R-HSA-111461	1/13	0.070423598148171	0.223124271360542	0	0	14.92192192192192	39.591244210462285	DIABLO	2.0
Reactome_2022	Mitotic Telophase/Cytokinesis R-HSA-68884	1/13	0.070423598148171	0.223124271360542	0	0	14.92192192192192	39.591244210462285	PDS5A	2.0
Reactome_2022	Mitochondrial Translation Elongation R-HSA-5389840	2/82	0.0773246453637864	0.2379219857347274	0	0	4.501818181818182	11.523495537637476	MRPL4;MRPL12	2.0
Reactome_2022	Mitochondrial Translation Initiation R-HSA-5368286	2/82	0.0773246453637864	0.2379219857347274	0	0	4.501818181818182	11.523495537637476	MRPL4;MRPL12	2.0
Reactome_2022	Mitochondrial Translation Termination R-HSA-5419276	2/82	0.0773246453637864	0.2379219857347274	0	0	4.501818181818182	11.523495537637476	MRPL4;MRPL12	2.0
Reactome_2022	Metabolism Of RNA R-HSA-8953854	7/666	0.0804128158488353	0.2386490281880404	0	0	1.945270612038442	4.90321353425466	UTP15;KRR1;HEATR1;NAT10;LSM4;WDR43;BYSL	2.0
Reactome_2022	Degradation Of Beta-Catenin By Destruction Complex R-HSA-195253	2/84	0.0805931981810202	0.2386490281880404	0	0	4.3915742793791575	11.059481662628077	TLE1;TLE5	2.0
Reactome_2022	IRAK2 Mediated Activation Of TAK1 Complex Upon TLR7/8 Or 9 Stimulation R-HSA-975163	1/15	0.0808126753410127	0.2386490281880404	0	0	12.788931788931787	32.17211116568681	NDUFA2	2.0
Reactome_2022	mRNA Decay By 5 To 3 Exoribonuclease R-HSA-430039	1/15	0.0808126753410127	0.2386490281880404	0	0	12.788931788931787	32.17211116568681	LSM4	2.0
Reactome_2022	Intra-Golgi And Retrograde Golgi-to-ER Traffic R-HSA-6811442	3/181	0.0814603777644255	0.2386490281880404	0	0	3.0476239562931657	7.642339286247862	COG6;COPB1;VAMP3	2.0
Reactome_2022	Signaling By WNT R-HSA-195721	4/294	0.0833469989647374	0.2386490281880404	0	0	2.5029374201787995	6.219155422413705	SNX3;TLE1;VPS35;TLE5	2.0
Reactome_2022	Nucleotide-like (Purinergic) Receptors R-HSA-418038	1/16	0.0859639784104222	0.2386490281880404	0	0	11.935735735735737	29.28822973194941	PPAN-P2RY11	2.0
Reactome_2022	Synthesis Of PIPs At Early Endosome Membrane R-HSA-1660516	1/16	0.0859639784104222	0.2386490281880404	0	0	11.935735735735737	29.28822973194941	VAC14	2.0
Reactome_2022	TRAF6-mediated Induction Of TAK1 Complex Within TLR4 Complex R-HSA-937072	1/16	0.0859639784104222	0.2386490281880404	0	0	11.935735735735737	29.28822973194941	NDUFA2	2.0
Reactome_2022	Processing Of SMDT1 R-HSA-8949664	1/16	0.0859639784104222	0.2386490281880404	0	0	11.935735735735737	29.28822973194941	PMPCB	2.0
Reactome_2022	Caspase Activation Via Death Receptors In Presence Of Ligand R-HSA-140534	1/16	0.0859639784104222	0.2386490281880404	0	0	11.935735735735737	29.28822973194941	NDUFA2	2.0
Reactome_2022	Protein-protein Interactions At Synapses R-HSA-6794362	2/88	0.0872560509312522	0.2386490281880404	0	0	4.18646934460888	10.21041511969143	FLOT1;FLOT2	2.0
Reactome_2022	Mitochondrial Translation R-HSA-5368287	2/88	0.0872560509312522	0.2386490281880404	0	0	4.18646934460888	10.21041511969143	MRPL4;MRPL12	2.0
Reactome_2022	ER-Phagosome Pathway R-HSA-1236974	2/89	0.0889469955693568	0.2389158535667706	0	0	4.138140020898642	10.013117999479649	NDUFA2;VAMP3	2.0
Reactome_2022	Synthesis Of PIPs At Golgi Membrane R-HSA-1660514	1/17	0.0910866691723313	0.2389158535667706	0	0	11.18918918918919	26.80866865766945	VAC14	2.0
Reactome_2022	Activation Of IRF3/IRF7 Mediated By TBK1/IKK Epsilon R-HSA-936964	1/17	0.0910866691723313	0.2389158535667706	0	0	11.18918918918919	26.80866865766945	NDUFA2	2.0
Reactome_2022	Protein Methylation R-HSA-8876725	1/17	0.0910866691723313	0.2389158535667706	0	0	11.18918918918919	26.80866865766945	ETFB	2.0
Reactome_2022	MyD88 Deficiency (TLR2/4) R-HSA-5602498	1/17	0.0910866691723313	0.2389158535667706	0	0	11.18918918918919	26.80866865766945	NDUFA2	2.0
Reactome_2022	ABC Transporters In Lipid Homeostasis R-HSA-1369062	1/18	0.0961809050976451	0.2423455876476099	0	0	10.530471648118708	24.657356652146078	PEX19	2.0
Reactome_2022	TP53 Regulates Transcription Of Genes Involved In G2 Cell Cycle Arrest R-HSA-6804114	1/18	0.0961809050976451	0.2423455876476099	0	0	10.530471648118708	24.657356652146078	PRMT1	2.0
Reactome_2022	Pre-NOTCH Processing In Golgi R-HSA-1912420	1/18	0.0961809050976451	0.2423455876476099	0	0	10.530471648118708	24.657356652146078	ATP2A3	2.0
Reactome_2022	IRAK4 Deficiency (TLR2/4) R-HSA-5603041	1/18	0.0961809050976451	0.2423455876476099	0	0	10.530471648118708	24.657356652146078	NDUFA2	2.0
Reactome_2022	Regulation Of TLR By Endogenous Ligand R-HSA-5686938	1/18	0.0961809050976451	0.2423455876476099	0	0	10.530471648118708	24.657356652146078	NDUFA2	2.0
Reactome_2022	Response Of EIF2AK4 (GCN2) To Amino Acid Deficiency R-HSA-9633012	2/98	0.1045861322849291	0.2596265966789285	0	0	3.748484848484849	8.463120355325495	EIF2S3;EIF2S1	2.0
Reactome_2022	Disease R-HSA-1643685	14/1736	0.1054946938500047	0.2596265966789285	0	0	1.5070516011282562	3.389501652065446	PPAN-P2RY11;PDCD6IP;RPN2;PRMT1;NDUFA2;SYVN1;ZDHHC5;BRK1;ZC3HAV1;GNAI2;CNTRL;CAPN2;CEP43;SLC25A4	2.0
Reactome_2022	Apoptotic Factor-Mediated Response R-HSA-111471	1/20	0.1062846380154363	0.2596265966789285	0	0	9.421052631578949	21.11855678854484	DIABLO	2.0
Reactome_2022	Class I Peroxisomal Membrane Protein Import R-HSA-9603798	1/20	0.1062846380154363	0.2596265966789285	0	0	9.421052631578949	21.11855678854484	PEX19	2.0
Reactome_2022	Cellular Responses To Stress R-HSA-2262752	7/722	0.110778458835596	0.2657746740989521	0	0	1.7876923076923077	3.933321622205796	STIP1;EIF2S3;WFS1;SYVN1;ATP6V0D1;ATP6V0C;EIF2S1	2.0
Reactome_2022	Deregulated CDK5 Triggers Neurodegenerative Pathways In Alzheimers Disease Models R-HSA-8862803	1/21	0.1112944457116924	0.2657746740989521	0	0	8.94954954954955	19.64941553688831	CAPN2	2.0
Reactome_2022	ER Quality Control Compartment (ERQC) R-HSA-901032	1/21	0.1112944457116924	0.2657746740989521	0	0	8.94954954954955	19.64941553688831	SYVN1	2.0
Reactome_2022	Antigen processing-Cross Presentation R-HSA-1236975	2/104	0.1153962515516879	0.2657746740989521	0	0	3.526916221033868	7.615964367896057	NDUFA2;VAMP3	2.0
Reactome_2022	Cargo Recognition For Clathrin-Mediated Endocytosis R-HSA-8856825	2/104	0.1153962515516879	0.2657746740989521	0	0	3.526916221033868	7.615964367896057	CLTCL1;VAMP3	2.0
Reactome_2022	ADP Signaling Thru P2Y Purinoceptor 12 R-HSA-392170	1/22	0.1162764199182915	0.2657746740989521	0	0	8.522951522951523	18.3395591765212	GNAI2	2.0
Reactome_2022	PINK1-PRKN Mediated Mitophagy R-HSA-5205685	1/22	0.1162764199182915	0.2657746740989521	0	0	8.522951522951523	18.3395591765212	TOMM22	2.0
Reactome_2022	Insertion Of Tail-Anchored Proteins Into Endoplasmic Reticulum Membrane R-HSA-9609523	1/22	0.1162764199182915	0.2657746740989521	0	0	8.522951522951523	18.3395591765212	SGTA	2.0
Reactome_2022	Mitochondrial Calcium Ion Transport R-HSA-8949215	1/22	0.1162764199182915	0.2657746740989521	0	0	8.522951522951523	18.3395591765212	PMPCB	2.0
Reactome_2022	Post-translational Protein Phosphorylation R-HSA-8957275	2/106	0.1190612634256587	0.2686562613860624	0	0	3.458741258741259	7.360606415962068	WFS1;CALU	2.0
Reactome_2022	Cellular Responses To Stimuli R-HSA-8953897	7/736	0.1192162159900652	0.2686562613860624	0	0	1.7520804755372656	3.7263536531690167	STIP1;EIF2S3;WFS1;SYVN1;ATP6V0D1;ATP6V0C;EIF2S1	2.0
Reactome_2022	IKK Complex Recruitment Mediated By RIP1 R-HSA-937041	1/23	0.1212307138790953	0.2690525559741715	0	0	8.135135135135135	17.16562180012738	NDUFA2	2.0
Reactome_2022	RHOBTB2 GTPase Cycle R-HSA-9013418	1/23	0.1212307138790953	0.2690525559741715	0	0	8.135135135135135	17.16562180012738	TMOD3	2.0
Reactome_2022	L13a-mediated Translational Silencing Of Ceruloplasmin Expression R-HSA-156827	2/108	0.1227552286632157	0.2690525559741715	0	0	3.3931389365351627	7.117322406116919	EIF2S3;EIF2S1	2.0
Reactome_2022	SRP-dependent Cotranslational Protein Targeting To Membrane R-HSA-1799339	2/108	0.1227552286632157	0.2690525559741715	0	0	3.3931389365351627	7.117322406116919	RPN2;SRP68	2.0
Reactome_2022	GTP Hydrolysis And Joining Of 60S Ribosomal Subunit R-HSA-72706	2/109	0.1246127278484833	0.2709422389374576	0	0	3.36125743415463	6.999968277299393	EIF2S3;EIF2S1	2.0
Reactome_2022	Other Interleukin Signaling R-HSA-449836	1/24	0.1261574800052537	0.2709422389374576	0	0	7.781041911476694	16.108502130987272	STX3	2.0
Reactome_2022	Defective Intrinsic Pathway For Apoptosis R-HSA-9734009	1/24	0.1261574800052537	0.2709422389374576	0	0	7.781041911476694	16.108502130987272	CAPN2	2.0
Reactome_2022	Gap Junction Trafficking R-HSA-190828	1/25	0.1310568698603139	0.2795879890353363	0	0	7.456456456456457	15.152443590064316	CLTCL1	2.0
Reactome_2022	Platelet Calcium Homeostasis R-HSA-418360	1/26	0.1359290341840525	0.2842960192084759	0	0	7.157837837837838	14.284341073134293	ATP2A3	2.0
Reactome_2022	Calnexin/calreticulin Cycle R-HSA-901042	1/26	0.1359290341840525	0.2842960192084759	0	0	7.157837837837838	14.284341073134293	SYVN1	2.0
Reactome_2022	Caspase Activation Via Extrinsic Apoptotic Signaling Pathway R-HSA-5357769	1/26	0.1359290341840525	0.2842960192084759	0	0	7.157837837837838	14.284341073134293	NDUFA2	2.0
Reactome_2022	Cap-dependent Translation Initiation R-HSA-72737	2/116	0.1377991562347123	0.2863359090591424	0	0	3.153748006379585	6.2505962285316	EIF2S3;EIF2S1	2.0
Reactome_2022	Gap Junction Trafficking And Regulation R-HSA-157858	1/27	0.1407741229072719	0.2906304472924324	0	0	6.882189882189882	13.4932121116735	CLTCL1	2.0
Reactome_2022	Adrenaline,noradrenaline Inhibits Insulin Secretion R-HSA-400042	1/28	0.1455922851603127	0.2967486066961788	0	0	6.6269602936269605	12.769788872193134	GNAI2	2.0
Reactome_2022	Mitophagy R-HSA-5205647	1/28	0.1455922851603127	0.2967486066961788	0	0	6.6269602936269605	12.769788872193134	TOMM22	2.0
Reactome_2022	Budding And Maturation Of HIV Virion R-HSA-162588	1/29	0.1503836692132686	0.3009500709188158	0	0	6.38996138996139	12.10620011280844	PDCD6IP	2.0
Reactome_2022	Uptake And Actions Of Bacterial Toxins R-HSA-5339562	1/29	0.1503836692132686	0.3009500709188158	0	0	6.38996138996139	12.10620011280844	PDCD6IP	2.0
Reactome_2022	Regulation Of IGF Transport And Uptake By IGFBPs R-HSA-381426	2/123	0.1512762620334344	0.3009500709188158	0	0	2.970247933884297	5.609751524405016	WFS1;CALU	2.0
Reactome_2022	Post-translational Protein Modification R-HSA-597592	11/1383	0.1514155044310292	0.3009500709188158	0	0	1.4698207430072454	2.774621089776093	SNX3;COG6;RPN2;WFS1;COPB1;CALU;SYVN1;ETFB;OBSL1;KLHL20;BET1	2.0
Reactome_2022	Platelet Degranulation R-HSA-114608	2/125	0.1551743823631367	0.3065172984950849	0	0	2.9216555801921658	5.443645467623913	CALU;VTI1B	2.0
Reactome_2022	Pyruvate Metabolism R-HSA-70268	1/31	0.1598866918284124	0.3119740328359267	0	0	5.963363363363364	10.932573768600095	LDHB	2.0
Reactome_2022	Diseases Associated With TLR Signaling Cascade R-HSA-5602358	1/31	0.1598866918284124	0.3119740328359267	0	0	5.963363363363364	10.932573768600095	NDUFA2	2.0
Reactome_2022	Leishmania Infection R-HSA-9658195	3/247	0.1611041973836706	0.3124445040168157	0	0	2.21582192810949	4.045434812556858	PPAN-P2RY11;BRK1;GNAI2	2.0
Reactome_2022	Response To Elevated Platelet Cytosolic Ca2+ R-HSA-76005	2/130	0.1650025852045062	0.3158474996309104	0	0	2.8068181818181817	5.057308544461988	CALU;VTI1B	2.0
Reactome_2022	ADORA2B Mediated Anti-Inflammatory Cytokine Production R-HSA-9660821	2/131	0.1669815407441331	0.3158474996309104	0	0	2.78491895701198	4.984648483312149	PPAN-P2RY11;GNAI2	2.0
Reactome_2022	Striated Muscle Contraction R-HSA-390522	1/33	0.1692843610915202	0.3158474996309104	0	0	5.59009009009009	9.928980323211665	TMOD3	2.0
Reactome_2022	Amino Acid Transport Across Plasma Membrane R-HSA-352230	1/33	0.1692843610915202	0.3158474996309104	0	0	5.59009009009009	9.928980323211665	SLC7A1	2.0
Reactome_2022	Signal Amplification R-HSA-392518	1/33	0.1692843610915202	0.3158474996309104	0	0	5.59009009009009	9.928980323211665	GNAI2	2.0
Reactome_2022	Metabolism R-HSA-1430728	15/2049	0.1706237166230095	0.3158474996309104	0	0	1.3573883161512028	2.400262476647293	VAC14;NDUFA2;ETFB;SDHA;SDHB;GNAI2;CS;MED12;LDHB;HOOK2;SBDS;NDUFS2;NDUFS1;NDUFV2;NDUFV1	2.0
Reactome_2022	Platelet Activation, Signaling And Aggregation R-HSA-76002	3/254	0.1706262411195964	0.3158474996309104	0	0	2.153258525530904	3.807563639084498	CALU;VTI1B;GNAI2	2.0
Reactome_2022	Infectious Disease R-HSA-5663205	8/961	0.1707550544879609	0.3158474996309104	0	0	1.5283719428525304	2.70143589230139	PPAN-P2RY11;PDCD6IP;RPN2;PRMT1;ZDHHC5;BRK1;SLC25A4;GNAI2	2.0
Reactome_2022	RHOBTB GTPase Cycle R-HSA-9706574	1/35	0.178577834465367	0.3265423258795283	0	0	5.260731319554849	9.062823482157956	TMOD3	2.0
Reactome_2022	N-glycan Trimming In ER And Calnexin/Calreticulin Cycle R-HSA-532668	1/35	0.178577834465367	0.3265423258795283	0	0	5.260731319554849	9.062823482157956	SYVN1	2.0
Reactome_2022	RHO GTPases Activate WASPs And WAVEs R-HSA-5663213	1/36	0.1831858560080366	0.329322887205459	0	0	5.11016731016731	8.67325208629207	BRK1	2.0
Reactome_2022	RHOH GTPase Cycle R-HSA-9013407	1/36	0.1831858560080366	0.329322887205459	0	0	5.11016731016731	8.67325208629207	VAMP3	2.0
Reactome_2022	Nuclear Pore Complex (NPC) Disassembly R-HSA-3301854	1/36	0.1831858560080366	0.329322887205459	0	0	5.11016731016731	8.67325208629207	NEK7	2.0
Reactome_2022	Clathrin-mediated Endocytosis R-HSA-8856828	2/142	0.1890029537975559	0.3378823755040106	0	0	2.5646753246753247	4.27273020332207	CLTCL1;VAMP3	2.0
Reactome_2022	Apoptotic Cleavage Of Cellular Proteins R-HSA-111465	1/38	0.1923251784724567	0.3381541599515723	0	0	4.83345507669832	7.968277926890248	BCAP31	2.0
Reactome_2022	HSP90 Chaperone Cycle For Steroid Hormone Receptors (SHR) In Presence Of Ligand R-HSA-3371497	1/38	0.1923251784724567	0.3381541599515723	0	0	4.83345507669832	7.968277926890248	STIP1	2.0
Reactome_2022	Interactions Of Vpr With Host Cellular Proteins R-HSA-176033	1/38	0.1923251784724567	0.3381541599515723	0	0	4.83345507669832	7.968277926890248	SLC25A4	2.0
Reactome_2022	CDC42 GTPase Cycle R-HSA-9013148	2/149	0.2032177380662107	0.3553534217551226	0	0	2.441682127396413	3.890764979006832	SYDE1;VAMP3	2.0
Reactome_2022	Intraflagellar Transport R-HSA-5620924	1/41	0.205844466704373	0.3578874701156541	0	0	4.47027027027027	7.065863017263707	IFT20	2.0
Reactome_2022	Activation Of GABAB Receptors R-HSA-991365	1/42	0.2103008668972254	0.3578874701156541	0	0	4.361019556141508	6.7997717913514455	GNAI2	2.0
Reactome_2022	Intra-Golgi Traffic R-HSA-6811438	1/42	0.2103008668972254	0.3578874701156541	0	0	4.361019556141508	6.7997717913514455	COG6	2.0
Reactome_2022	Deactivation Of Beta-Catenin Transactivating Complex R-HSA-3769402	1/42	0.2103008668972254	0.3578874701156541	0	0	4.361019556141508	6.7997717913514455	TLE1	2.0
Reactome_2022	G Alpha (S) Signaling Events R-HSA-418555	2/153	0.2113953533455969	0.3578874701156541	0	0	2.3765201685731485	3.69317219742116	PPAN-P2RY11;GNAI2	2.0
Reactome_2022	SARS-CoV-2 Infection R-HSA-9694516	3/283	0.2116375511642383	0.3578874701156541	0	0	1.927391874180865	2.9930085475575257	RPN2;PRMT1;ZDHHC5	2.0
Reactome_2022	Diseases Of Signal Transduction By Growth Factor Receptors And Second Messengers R-HSA-5663202	4/424	0.2141536747931946	0.3578874701156541	0	0	1.7167548500881835	2.6456246587685137	CNTRL;SYVN1;ZC3HAV1;CEP43	2.0
Reactome_2022	GPER1 Signaling R-HSA-9634597	1/43	0.2147324820693924	0.3578874701156541	0	0	4.256971256971257	6.548764072815388	GNAI2	2.0
Reactome_2022	Transport Of Vitamins, Nucleosides, And Related Molecules R-HSA-425397	1/43	0.2147324820693924	0.3578874701156541	0	0	4.256971256971257	6.548764072815388	SLC25A4	2.0
Reactome_2022	Innate Immune System R-HSA-168249	8/1035	0.2236447891648655	0.370810013123093	0	0	1.412703168302	2.115800235320039	TOLLIP;COPB1;NDUFA2;GGH;BRK1;ATP6V0D1;ATP6V0C;ATP6V0A1	2.0
Reactome_2022	G Alpha (Z) Signaling Events R-HSA-418597	1/47	0.2322138132968934	0.3830330940979685	0	0	3.8860164512338415	5.673959884798431	GNAI2	2.0
Reactome_2022	Anti-inflammatory Response Favoring Leishmania Infection R-HSA-9662851	2/165	0.2361033976260698	0.386160877597055	0	0	2.200223089793642	3.1759900044867715	PPAN-P2RY11;GNAI2	2.0
Reactome_2022	NOTCH1 Intracellular Domain Regulates Transcription R-HSA-2122947	1/48	0.2365235375281962	0.386160877597055	0	0	3.803143569101016	5.483020803278797	TLE1	2.0
Reactome_2022	TP53 Regulates Transcription Of Cell Cycle Genes R-HSA-6791312	1/49	0.2408092852503611	0.3872310114578671	0	0	3.723723723723724	5.301651675040672	PRMT1	2.0
Reactome_2022	RMTs Methylate Histone Arginines R-HSA-3214858	1/49	0.2408092852503611	0.3872310114578671	0	0	3.723723723723724	5.301651675040672	PRMT1	2.0
Reactome_2022	EPH-ephrin Mediated Repulsion Of Cells R-HSA-3928665	1/49	0.2408092852503611	0.3872310114578671	0	0	3.723723723723724	5.301651675040672	CLTCL1	2.0
Reactome_2022	Ion Homeostasis R-HSA-5578775	1/50	0.2450711886958998	0.3903460176656848	0	0	3.647545504688362	5.129202360192396	ATP2A3	2.0
Reactome_2022	Membrane Trafficking R-HSA-199991	5/599	0.2451860923462582	0.3903460176656848	0	0	1.5178262374524056	2.1336657099910794	COG6;COPB1;CLTCL1;VAMP3;BET1	2.0
Reactome_2022	G-protein Mediated Events R-HSA-112040	1/52	0.2535239877989193	0.3957447614422155	0	0	3.504151210033563	4.808735611393264	GNAI2	2.0
Reactome_2022	Apoptotic Execution Phase R-HSA-75153	1/52	0.2535239877989193	0.3957447614422155	0	0	3.504151210033563	4.808735611393264	BCAP31	2.0
Reactome_2022	RHOD GTPase Cycle R-HSA-9013405	1/52	0.2535239877989193	0.3957447614422155	0	0	3.504151210033563	4.808735611393264	VAMP3	2.0
Reactome_2022	Regulation Of Apoptosis R-HSA-169911	1/52	0.2535239877989193	0.3957447614422155	0	0	3.504151210033563	4.808735611393264	MED12	2.0
Reactome_2022	Ion Transport By P-type ATPases R-HSA-936837	1/53	0.2577151442635559	0.3984002230161251	0	0	3.4365904365904365	4.659674333934347	ATP2A3	2.0
Reactome_2022	Nuclear Envelope Breakdown R-HSA-2980766	1/53	0.2577151442635559	0.3984002230161251	0	0	3.4365904365904365	4.659674333934347	NEK7	2.0
Reactome_2022	RAC1 GTPase Cycle R-HSA-9013149	2/178	0.2630419806512286	0.4046799702326594	0	0	2.036363636363636	2.7194447886727016	BRK1;VAMP3	2.0
Reactome_2022	Hh Mutants Are Degraded By ERAD R-HSA-5362768	1/55	0.266027617713312	0.405375417467904	0	0	3.308975642308976	4.381597136664689	SYVN1	2.0
Reactome_2022	Intrinsic Pathway For Apoptosis R-HSA-109606	1/55	0.266027617713312	0.405375417467904	0	0	3.308975642308976	4.381597136664689	DIABLO	2.0
Reactome_2022	Deadenylation-dependent mRNA Decay R-HSA-429914	1/56	0.2701491911942356	0.4097049345125847	0	0	3.2486486486486488	4.251769343128155	LSM4	2.0
Reactome_2022	Hh Mutants Abrogate Ligand Secretion R-HSA-5387390	1/58	0.2783236478478441	0.4201111665627836	0	0	3.1343448711869764	4.008735070760766	SYVN1	2.0
Reactome_2022	GABA Receptor Activation R-HSA-977443	1/59	0.282376783344779	0.4223518634714036	0	0	3.0801491146318734	3.894888562568033	GNAI2	2.0
Reactome_2022	ESR-mediated Signaling R-HSA-8939211	2/188	0.2837890403311248	0.4223518634714036	0	0	1.9259042033235585	2.425722821124656	PRMT1;GNAI2	2.0
Reactome_2022	Vesicle-mediated Transport R-HSA-5653656	5/637	0.2856837894425635	0.4223518634714036	0	0	1.4237548799242872	1.783779365149448	COG6;COPB1;CLTCL1;VAMP3;BET1	2.0
Reactome_2022	Formation Of beta-catenin:TCF Transactivating Complex R-HSA-201722	1/60	0.2864073574165455	0.4223518634714036	0	0	3.027790502366773	3.785768045800723	TLE1	2.0
Reactome_2022	FCGR3A-mediated Phagocytosis R-HSA-9664422	1/60	0.2864073574165455	0.4223518634714036	0	0	3.027790502366773	3.785768045800723	BRK1	2.0
Reactome_2022	Selective Autophagy R-HSA-9663891	1/61	0.2904154944724882	0.4262979735375974	0	0	2.977177177177177	3.681108814154876	TOMM22	2.0
Reactome_2022	Regulation Of Actin Dynamics For Phagocytic Cup Formation R-HSA-2029482	1/62	0.2944013183132487	0.4282200993647254	0	0	2.928223305272485	3.580664880929442	BRK1	2.0
Reactome_2022	Signaling By BRAF And RAF1 Fusions R-HSA-6802952	1/62	0.2944013183132487	0.4282200993647254	0	0	2.928223305272485	3.580664880929442	ZC3HAV1	2.0
Reactome_2022	Muscle Contraction R-HSA-397014	2/196	0.3003549003308366	0.4338030753598511	0	0	1.8457357075913776	2.22003337906389	TMOD3;ATP2A3	2.0
Reactome_2022	Signaling By Receptor Tyrosine Kinases R-HSA-9006934	4/496	0.3022885985298382	0.4338030753598511	0	0	1.460102378801566	1.7468271999790717	BRK1;ATP6V0D1;ATP6V0C;ATP6V0A1	2.0
Reactome_2022	Hedgehog Ligand Biogenesis R-HSA-5358346	1/64	0.3023065181413962	0.4338030753598511	0	0	2.834977834977835	3.391523150899673	SYVN1	2.0
Reactome_2022	COPII-mediated Vesicle Transport R-HSA-204005	1/66	0.310123933546629	0.4410651499329835	0	0	2.7474705474705474	3.216692567626199	BET1	2.0
Reactome_2022	RUNX1 Regulates Genes Involved In Megakaryocyte Differentiation And Platelet Function R-HSA-8936459	1/66	0.310123933546629	0.4410651499329835	0	0	2.7474705474705474	3.216692567626199	PRMT1	2.0
Reactome_2022	Collagen Biosynthesis And Modifying Enzymes R-HSA-1650814	1/67	0.3140000244884077	0.4437734103743354	0	0	2.705705705705706	3.134187254630269	PPIB	2.0
Reactome_2022	Signaling By NOTCH R-HSA-157118	2/203	0.3148017629842942	0.4437734103743354	0	0	1.78082315694256	2.0582970633849635	TLE1;ATP2A3	2.0
Reactome_2022	Glycolysis R-HSA-70171	1/69	0.3216875716189564	0.4495197507339129	0	0	2.62586115527292	2.9781847075347017	HOOK2	2.0
Reactome_2022	Circadian Clock R-HSA-400253	1/69	0.3216875716189564	0.4495197507339129	0	0	2.62586115527292	2.9781847075347017	RBM4	2.0
Reactome_2022	Keratinization R-HSA-6805567	2/208	0.3250828559775589	0.4522891909252993	0	0	1.7371579876434244	1.9520013277864228	KRT27;KRT31	2.0
Reactome_2022	Diseases Of Programmed Cell Death R-HSA-9645723	1/71	0.3292897299808804	0.4561589333068473	0	0	2.5505791505791504	2.833227388123569	CAPN2	2.0
Reactome_2022	RHOG GTPase Cycle R-HSA-9013408	1/74	0.3405349170766361	0.4669883452889355	0	0	2.445390596075528	2.634266726538213	VAMP3	2.0
Reactome_2022	Signaling By NOTCH1 R-HSA-1980143	1/74	0.3405349170766361	0.4669883452889355	0	0	2.445390596075528	2.634266726538213	TLE1	2.0
Reactome_2022	SARS-CoV Infections R-HSA-9679506	3/369	0.341485227492534	0.4669883452889355	0	0	1.4680403068130543	1.5773371681374082	RPN2;PRMT1;ZDHHC5	2.0
Reactome_2022	Regulation Of Insulin Secretion R-HSA-422356	1/77	0.3515932214122483	0.4756763194398836	0	0	2.34850640113798	2.454847693044528	GNAI2	2.0
Reactome_2022	Oncogenic MAPK Signaling R-HSA-6802957	1/78	0.3552383267847492	0.4756763194398836	0	0	2.317889317889318	2.3989374973404853	ZC3HAV1	2.0
Reactome_2022	Pre-NOTCH Expression And Processing R-HSA-1912422	1/78	0.3552383267847492	0.4756763194398836	0	0	2.317889317889318	2.3989374973404853	ATP2A3	2.0
Reactome_2022	COPI-dependent Golgi-to-ER Retrograde Traffic R-HSA-6811434	1/78	0.3552383267847492	0.4756763194398836	0	0	2.317889317889318	2.3989374973404853	COPB1	2.0
Reactome_2022	Class I MHC Mediated Antigen Processing And Presentation R-HSA-983169	3/378	0.355270751081663	0.4756763194398836	0	0	1.4321467889908257	1.4820930530402738	NDUFA2;KLHL20;VAMP3	2.0
Reactome_2022	Neuronal System R-HSA-112316	3/386	0.3674974810427448	0.4883344408479281	0	0	1.4016576041392197	1.4031136666041668	FLOT1;FLOT2;GNAI2	2.0
Reactome_2022	HIV Infection R-HSA-162906	2/229	0.3677768757635959	0.4883344408479281	0	0	1.5747697236684022	1.5752088333349696	PDCD6IP;SLC25A4	2.0
Reactome_2022	PI Metabolism R-HSA-1483255	1/82	0.3696167714855899	0.4887494498983007	0	0	2.202980758536314	2.1926015531455243	VAC14	2.0
Reactome_2022	Platelet Homeostasis R-HSA-418346	1/83	0.3731614445236917	0.4914060174797586	0	0	2.176005273566249	2.144984416214149	ATP2A3	2.0
Reactome_2022	Transcriptional Regulation Of White Adipocyte Differentiation R-HSA-381340	1/84	0.3766863626213328	0.4940149017984692	0	0	2.1496798002822097	2.0988234648560606	MED12	2.0
Reactome_2022	Neddylation R-HSA-8951664	2/237	0.3837805091201599	0.5012643384426577	0	0	1.520541586073501	1.4561990791619446	OBSL1;KLHL20	2.0
Reactome_2022	Fcgamma Receptor (FCGR) Dependent Phagocytosis R-HSA-2029480	1/87	0.387143675528799	0.5036015291431531	0	0	2.074376702283679	1.9684992712998064	BRK1	2.0
Reactome_2022	Opioid Signaling R-HSA-111885	1/88	0.3905906590573781	0.5060283842038907	0	0	2.0504297400849123	1.927599105677141	GNAI2	2.0
Reactome_2022	Glucose Metabolism R-HSA-70326	1/89	0.3940184272996229	0.5084108739349973	0	0	2.027027027027027	1.8878870290173215	HOOK2	2.0
Reactome_2022	Collagen Formation R-HSA-1474290	1/90	0.3974270863447697	0.5107496691980977	0	0	2.004150217633364	1.8493171721426336	PPIB	2.0
Reactome_2022	EPH-Ephrin Signaling R-HSA-2682334	1/91	0.4008167418869752	0.5130422980634453	0	0	1.9817817817817815	1.811845894341955	CLTCL1	2.0
Reactome_2022	SLC-mediated Transmembrane Transport R-HSA-425407	2/247	0.4035410180174593	0.5130422980634453	0	0	1.4577365491651206	1.3228625957943754	SLC25A4;SLC7A1	2.0
Reactome_2022	Hemostasis R-HSA-109582	4/576	0.4040208097249631	0.5130422980634453	0	0	1.2507122507122508	1.1335066213188043	CALU;ATP2A3;VTI1B;GNAI2	2.0
Reactome_2022	VEGFA-VEGFR2 Pathway R-HSA-4420097	1/93	0.4075394614933869	0.5154649315331377	0	0	1.9385037211124168	1.7400348890263444	BRK1	2.0
Reactome_2022	EML4 And NUDC In Mitotic Spindle Formation R-HSA-9648025	1/97	0.4207614393368468	0.5300931519204369	0	0	1.8573573573573572	1.6078943131155696	NEK7	2.0
Reactome_2022	Signaling By Nuclear Receptors R-HSA-9006931	2/260	0.428778190873765	0.5380745924690385	0	0	1.383368569415081	1.1714579901682591	PRMT1;GNAI2	2.0
Reactome_2022	TRAF6 Mediated Induction Of NFkB And MAP Kinases Upon TLR7/8 Or 9 Activation R-HSA-975138	1/101	0.4336909170748102	0.5418646053760887	0	0	1.7827027027027027	1.4893111452625565	NDUFA2	2.0
Reactome_2022	MyD88 Dependent Cascade Initiated On Endosome R-HSA-975155	1/102	0.4368783380844716	0.5418646053760887	0	0	1.764962982784765	1.4615667730033788	NDUFA2	2.0
Reactome_2022	Signaling By VEGF R-HSA-194138	1/102	0.4368783380844716	0.5418646053760887	0	0	1.764962982784765	1.4615667730033788	BRK1	2.0
Reactome_2022	Toll Like Receptor 7/8 (TLR7/8) Cascade R-HSA-168181	1/103	0.4400479781330113	0.5436886216315198	0	0	1.747571100512277	1.4345313399986035	NDUFA2	2.0
Reactome_2022	Transport Of Inorganic Cations/Anions And Amino Acids/Oligopeptides R-HSA-425393	1/104	0.4431999356588708	0.545476843887841	0	0	1.730516924691682	1.4081809588372751	SLC7A1	2.0
Reactome_2022	Integration Of Energy Metabolism R-HSA-163685	1/105	0.4463343083529788	0.5468607677409675	0	0	1.7137907137907138	1.3824927537195948	GNAI2	2.0
Reactome_2022	Toll Like Receptor 9 (TLR9) Cascade R-HSA-168138	1/106	0.4494511934871076	0.5468607677409675	0	0	1.6973830973830977	1.357444807572588	NDUFA2	2.0
Reactome_2022	Resolution Of Sister Chromatid Cohesion R-HSA-2500257	1/106	0.4494511934871076	0.5468607677409675	0	0	1.6973830973830977	1.357444807572588	PDS5A	2.0
Reactome_2022	MyD88-independent TLR4 Cascade R-HSA-166166	1/107	0.4525506876780349	0.5485462880945878	0	0	1.6812850586435493	1.3330161144678685	NDUFA2	2.0
Reactome_2022	Degradation Of Extracellular Matrix R-HSA-1474228	1/109	0.458697887580103	0.5538993359457848	0	0	1.649983316649983	1.2859367439318166	CAPN2	2.0
Reactome_2022	Golgi-to-ER Retrograde Transport R-HSA-8856688	1/112	0.4677906427420971	0.5585559913338473	0	0	1.6051456862267672	1.21948443933447	COPB1	2.0
Reactome_2022	Mitotic Prophase R-HSA-68875	1/112	0.4677906427420971	0.5585559913338473	0	0	1.6051456862267672	1.21948443933447	NEK7	2.0
Reactome_2022	MyD88:MAL(TIRAP) Cascade Initiated On Plasma Membrane R-HSA-166058	1/112	0.4677906427420971	0.5585559913338473	0	0	1.6051456862267672	1.21948443933447	NDUFA2	2.0
Reactome_2022	Interleukin-1 Signaling R-HSA-9020702	1/114	0.4737682139296879	0.5615030683611115	0	0	1.576576576576577	1.1777611574875526	TOLLIP	2.0
Reactome_2022	Macroautophagy R-HSA-1632852	1/114	0.4737682139296879	0.5615030683611115	0	0	1.576576576576577	1.1777611574875526	TOMM22	2.0
Reactome_2022	PPARA Activates Gene Expression R-HSA-1989781	1/116	0.4796792399110558	0.5664109105960806	0	0	1.5490011750881316	1.1379545810138116	MED12	2.0
Reactome_2022	Regulation Of Lipid Metabolism By PPARalpha R-HSA-400206	1/118	0.4855244549149919	0.5703811743326364	0	0	1.5223685223685224	1.0999502634501594	MED12	2.0
Reactome_2022	Extracellular Matrix Organization R-HSA-1474244	2/291	0.4866064393525304	0.5703811743326364	0	0	1.2330292544825416	0.8881504977328705	CAPN2;PPIB	2.0
Reactome_2022	Estrogen-dependent Gene Expression R-HSA-9018519	1/119	0.4884226105355102	0.570420567048771	0	0	1.5093907466788823	1.0815905312389338	PRMT1	2.0
Reactome_2022	Cardiac Conduction R-HSA-5576891	1/126	0.5082616100400139	0.5914316916829252	0	0	1.4243603603603603	0.9639486697103504	ATP2A3	2.0
Reactome_2022	Autophagy R-HSA-9612973	1/128	0.5137885052765415	0.5956968177119322	0	0	1.4017876143860395	0.9335114434514526	TOMM22	2.0
Reactome_2022	Host Interactions Of HIV Factors R-HSA-162909	1/130	0.5192538292237739	0.5998600193198832	0	0	1.3799147985194498	0.9043443317300236	SLC25A4	2.0
Reactome_2022	Immune System R-HSA-168256	11/1943	0.5315435998620625	0.6109272632029155	0	0	1.0122173708054034	0.6396910653125752	TOLLIP;COPB1;NDUFA2;GGH;BRK1;STX3;ATP6V0D1;ATP6V0C;KLHL20;VAMP3;ATP6V0A1	2.0
Reactome_2022	Signaling By Hedgehog R-HSA-5358351	1/135	0.532652207605042	0.6109272632029155	0	0	1.328089283313164	0.8365456250525218	SYVN1	2.0
Reactome_2022	Late Phase Of HIV Life Cycle R-HSA-162599	1/136	0.5352871342777427	0.6117567248888487	0	0	1.3181848515181849	0.8238022283134215	PDCD6IP	2.0
Reactome_2022	Toll Like Receptor 4 (TLR4) Cascade R-HSA-166016	1/140	0.5456804141585785	0.6214154182588795	0	0	1.2799922224382656	0.7753191886847814	NDUFA2	2.0
Reactome_2022	HIV Life Cycle R-HSA-162587	1/149	0.5682305360409258	0.644800608273391	0	0	1.2016070124178233	0.6791820116788042	PDCD6IP	2.0
Reactome_2022	Interleukin-1 Family Signaling R-HSA-446652	1/152	0.5754978966337762	0.6507396711053299	0	0	1.177555038482191	0.6506223632806057	TOLLIP	2.0
Reactome_2022	S Phase R-HSA-69242	1/161	0.5965804793354015	0.6722033569976354	0	0	1.1108108108108108	0.5737794684224635	PDS5A	2.0
Reactome_2022	Toll-like Receptor Cascades R-HSA-168898	1/162	0.5988579552275832	0.6724019146414969	0	0	1.1038554082032344	0.5659807167609744	NDUFA2	2.0
Reactome_2022	Separation Of Sister Chromatids R-HSA-2467813	1/170	0.6166248933513925	0.6899299506029567	0	0	1.0511754357908203	0.5082374286162736	PDS5A	2.0
Reactome_2022	mRNA Splicing - Major Pathway R-HSA-72163	1/181	0.639787492096932	0.7131367744201248	0	0	0.9863863863863864	0.4405391001258323	LSM4	2.0
Reactome_2022	Neurotransmitter Receptors And Postsynaptic Signal Transmission R-HSA-112314	1/182	0.6418230969781122	0.7131367744201248	0	0	0.9808869643123788	0.4349670296066179	GNAI2	2.0
Reactome_2022	mRNA Splicing R-HSA-72172	1/189	0.655756612516465	0.7260972872154631	0	0	0.9440291355184972	0.3983477982956184	LSM4	2.0
Reactome_2022	TCF Dependent Signaling In Response To WNT R-HSA-201681	1/198	0.6728844064272897	0.7424931381266645	0	0	0.9004893218091188	0.3567574108246512	TLE1	2.0
Reactome_2022	Ub-specific Processing Proteases R-HSA-5689880	1/201	0.6784038180194889	0.7460110713616374	0	0	0.8868468468468469	0.3441077211760019	SNX3	2.0
Reactome_2022	Transcriptional Regulation By RUNX1 R-HSA-8878171	1/204	0.6838309179378819	0.74940374568535	0	0	0.8736075977455288	0.3320098394844394	PRMT1	2.0
Reactome_2022	Phospholipid Metabolism R-HSA-1483257	1/208	0.6909260960929224	0.7545950537533624	0	0	0.8565522043782914	0.3166865478999592	VAC14	2.0
Reactome_2022	G Alpha (Q) Signaling Events R-HSA-416476	1/212	0.6978634398476761	0.7595792542559741	0	0	0.8401434609965416	0.302226353321896	PPAN-P2RY11	2.0
Reactome_2022	Signaling By Interleukins R-HSA-449147	2/453	0.7245566869098947	0.7859597959700553	0	0	0.7835920177383592	0.2524696475866538	TOLLIP;STX3	2.0
Reactome_2022	Mitotic Anaphase R-HSA-68882	1/232	0.7303018185585306	0.7885035371200481	0	0	0.7666237666237666	0.2409478414538542	PDS5A	2.0
Reactome_2022	Mitotic Metaphase And Anaphase R-HSA-2555396	1/233	0.7318298453895447	0.7885035371200481	0	0	0.7632805219012115	0.2383017079092599	PDS5A	2.0
Reactome_2022	Chromatin Modifying Enzymes R-HSA-3247509	1/238	0.7393422226292682	0.7939245343669994	0	0	0.7469874938229368	0.2255860223892923	PRMT1	2.0
Reactome_2022	Processing Of Capped Intron-Containing Pre-mRNA R-HSA-72203	1/242	0.7452016382907648	0.7975402148931262	0	0	0.7344398340248963	0.2159990796617293	LSM4	2.0
Reactome_2022	Transmission Across Chemical Synapses R-HSA-112315	1/246	0.7509304868193316	0.8009925192739537	0	0	0.7223018937304652	0.2068977379631642	GNAI2	2.0
Reactome_2022	RHO GTPase Effectors R-HSA-195258	1/269	0.7814784270597286	0.829779198757186	0	0	0.6595401371520775	0.1626213171205546	BRK1	2.0
Reactome_2022	Adaptive Immune System R-HSA-1280218	3/733	0.7831041188270942	0.829779198757186	0	0	0.7223074022872942	0.1765966605714266	NDUFA2;KLHL20;VAMP3	2.0
Reactome_2022	Deubiquitination R-HSA-5688426	1/279	0.7935729772080897	0.8380968736191046	0	0	0.6354916067146283	0.146931871077686	SNX3	2.0
Reactome_2022	Metabolism Of Carbohydrates R-HSA-71387	1/285	0.8005087470797952	0.8426407863997845	0	0	0.6218753965232838	0.1383721385337733	HOOK2	2.0
Reactome_2022	Antigen Processing: Ubiquitination And Proteasome Degradation R-HSA-983168	1/307	0.8240205645956489	0.8645461661331398	0	0	0.576517694164753	0.1115906451689373	KLHL20	2.0
Reactome_2022	G Alpha (I) Signaling Events R-HSA-418594	1/312	0.828968655899672	0.8668953264310295	0	0	0.567104081573535	0.1063733765160642	GNAI2	2.0
Reactome_2022	Class A/1 (Rhodopsin-like Receptors) R-HSA-373076	1/327	0.8430005376116647	0.8786976287808883	0	0	0.5405958105344608	0.0923271060527161	PPAN-P2RY11	2.0
Reactome_2022	Developmental Biology R-HSA-1266738	4/1073	0.8576025988850968	0.8910156871533472	0	0	0.6520112254443405	0.1001583511720288	MED12;KRT27;CLTCL1;KRT31	2.0
Reactome_2022	GPCR Downstream Signaling R-HSA-388396	2/619	0.8654161069367802	0.8933602889186525	0	0	0.5678797701488139	0.0820840900810594	PPAN-P2RY11;GNAI2	2.0
Reactome_2022	Transcriptional Regulation By TP53 R-HSA-3700989	1/354	0.8654427798899447	0.8933602889186525	0	0	0.4985580481331189	0.0720486271171117	PRMT1	2.0
Reactome_2022	Metabolism Of Amino Acids And Derivatives R-HSA-71291	1/364	0.8729215018101604	0.8981828957532196	0	0	0.4845754845754845	0.0658584820497619	SBDS	2.0
Reactome_2022	Signaling By GPCR R-HSA-372790	2/689	0.9021457761192988	0.9252777190967166	0	0	0.5081646155881964	0.052330364063224	PPAN-P2RY11;GNAI2	2.0
Reactome_2022	Cytokine Signaling In Immune System R-HSA-1280215	2/702	0.907853474876693	0.928156907222178	0	0	0.4983896103896104	0.0481804622990151	TOLLIP;STX3	2.0
Reactome_2022	Metabolism Of Lipids R-HSA-556833	2/732	0.9198678715005472	0.9374449645865448	0	0	0.4771606475716065	0.0398549562648554	MED12;VAC14	2.0
Reactome_2022	GPCR Ligand Binding R-HSA-500792	1/458	0.9258684175286832	0.94056474161644	0	0	0.3830504465077769	0.0295037528163645	PPAN-P2RY11	2.0
Reactome_2022	Axon Guidance R-HSA-422475	1/519	0.9478199210526652	0.9598176415723192	0	0	0.3368812828272288	0.0180537211017684	CLTCL1	2.0
Reactome_2022	Nervous System Development R-HSA-9675108	1/545	0.955088199779125	0.96412688936694	0	0	0.3203497615262321	0.0147205799296033	CLTCL1	2.0
Reactome_2022	Generic Transcription Pathway R-HSA-212436	2/1190	0.9917259139370056	0.9978958548954192	0	0	0.2861952861952861	0.0023778553408526	MED12;PRMT1	2.0
Reactome_2022	RNA Polymerase II Transcription R-HSA-73857	2/1312	0.9956315865888564	0.9978958548954192	0	0	0.2578487161693268	0.0011288572464279	MED12;PRMT1	2.0
Reactome_2022	Gene Expression (Transcription) R-HSA-74160	2/1449	0.9978958548954192	0.9978958548954192	0	0	0.2317145190676635	0.0004880746411558473	MED12;PRMT1	2.0
Reactome_2022	Metabolism Of RNA R-HSA-8953854	40/666	5.42374146880217e-35	2.023055567863209e-32	0	0	24.15961911921318	1906.1865162725264	PSMD12;PSMD11;SF3B3;PSMD14;RBM8A;SF3B6;DDX1;SRSF1;RPL10L;DDX20;PPP2R2A;PRPF19;RPL6;EFTUD2;PSMD6;PSMD7;PUF60;BMS1;PSMD3;RPL14;RPL38;RPS12;HNRNPA0;PRMT5;SF3A2;NCBP2;PSMA5;HNRNPM;NUDT21;RPS28;PRPF6;SNW1;RPS29;SNRPG;SRSF3;RNPS1;SRSF5;SNRPC;SRSF7;RBMX	5.0
Reactome_2022	mRNA Splicing - Major Pathway R-HSA-72163	21/181	4.788625325679517e-24	8.9307862323923e-22	0	0	37.029375	1988.3218715411888	SF3B3;SF3A2;RBM8A;NCBP2;SF3B6;SRSF1;PRPF19;EFTUD2;HNRNPM;NUDT21;PRPF6;SNW1;PUF60;SNRPG;SRSF3;RNPS1;SRSF5;SNRPC;SRSF7;RBMX;HNRNPA0	5.0
Reactome_2022	mRNA Splicing R-HSA-72172	21/189	1.2190182106333595e-23	1.5156459752208103e-21	0	0	35.25178571428572	1859.9339668752136	SF3B3;SF3A2;RBM8A;NCBP2;SF3B6;SRSF1;PRPF19;EFTUD2;HNRNPM;NUDT21;PRPF6;SNW1;PUF60;SNRPG;SRSF3;RNPS1;SRSF5;SNRPC;SRSF7;RBMX;HNRNPA0	5.0
Reactome_2022	Processing Of Capped Intron-Containing Pre-mRNA R-HSA-72203	21/242	2.375991471564496e-21	2.2156120472338924e-19	0	0	26.72579185520362	1269.1777122731285	SF3B3;SF3A2;RBM8A;NCBP2;SF3B6;SRSF1;PRPF19;EFTUD2;HNRNPM;NUDT21;PRPF6;SNW1;PUF60;SNRPG;SRSF3;RNPS1;SRSF5;SNRPC;SRSF7;RBMX;HNRNPA0	5.0
Reactome_2022	Regulation Of Expression Of SLITs And ROBOs R-HSA-9010553	17/167	1.3703670059576437e-18	1.0222937864444022e-16	0	0	30.26153153153153	1244.700764389787	PSMD12;PSMD11;PSMD14;RBM8A;NCBP2;RPL10L;RPL6;PSMA5;PSMD6;RPS28;PSMD7;RPS29;PSMD3;RPL14;RNPS1;RPL38;RPS12	5.0
Reactome_2022	Signaling By ROBO Receptors R-HSA-376176	17/209	6.37516589393055e-17	3.9632281307268255e-15	0	0	23.59156813063063	879.7658232716485	PSMD12;PSMD11;PSMD14;RBM8A;NCBP2;RPL10L;RPL6;PSMA5;PSMD6;RPS28;PSMD7;RPS29;PSMD3;RPL14;RNPS1;RPL38;RPS12	5.0
Reactome_2022	Formation Of A Pool Of Free 40S Subunits R-HSA-72689	12/98	2.19423336314966e-14	1.1692129206497472e-12	0	0	35.0126582278481	1101.160656156511	RPS28;RPS29;EIF3I;RPL10L;RPL14;EIF3H;EIF3E;RPL38;EIF3C;EIF3D;RPL6;RPS12	5.0
Reactome_2022	L13a-mediated Translational Silencing Of Ceruloplasmin Expression R-HSA-156827	12/108	7.261903228830366e-14	3.369627667467793e-12	0	0	31.3496835443038	948.4391983619626	RPS28;RPS29;EIF3I;RPL10L;RPL14;EIF3H;EIF3E;RPL38;EIF3C;EIF3D;RPL6;RPS12	5.0
Reactome_2022	GTP Hydrolysis And Joining Of 60S Ribosomal Subunit R-HSA-72706	12/109	8.130468902737303e-14	3.369627667467793e-12	0	0	31.02492496411327	935.109006529617	RPS28;RPS29;EIF3I;RPL10L;RPL14;EIF3H;EIF3E;RPL38;EIF3C;EIF3D;RPL6;RPS12	5.0
Reactome_2022	Translation R-HSA-72766	16/281	1.523756466028589e-13	5.683611618286636e-12	0	0	15.814037735849055	466.710643167618	MRPS23;RPL10L;SRP14;RPL6;EEF1A1;EEF1B2;RPS28;RPS29;EIF3I;RPL14;EIF3H;EIF3E;RPL38;EIF3C;EIF3D;RPS12	5.0
Reactome_2022	Cap-dependent Translation Initiation R-HSA-72737	12/116	1.7394264428496917e-13	5.898236938026681e-12	0	0	28.926484907497567	849.8615954860289	RPS28;RPS29;EIF3I;RPL10L;RPL14;EIF3H;EIF3E;RPL38;EIF3C;EIF3D;RPL6;RPS12	5.0
Reactome_2022	Nonsense Mediated Decay (NMD) Enhanced By Exon Junction Complex (EJC) R-HSA-975957	11/112	3.346313021711768e-12	1.0401456309154077e-10	0	0	26.966336633663367	712.535880520379	RPS28;RBM8A;NCBP2;RPS29;RPL10L;RPL14;RNPS1;PPP2R2A;RPL38;RPL6;RPS12	5.0
Reactome_2022	Cellular Responses To Stress R-HSA-2262752	21/722	7.838087852183982e-12	2.2489282837420195e-10	0	0	8.220256776034237	210.2086217109264	PSMD12;PSMD11;PSMD14;RPL10L;H1-1;H1-3;RPL6;EEF1A1;PSMA5;H2AJ;PSMD6;RPS28;PSMD7;H2BC26;RPS29;PSMD3;RPL14;RPL38;TKT;H3-3B;RPS12	5.0
Reactome_2022	Cellular Responses To Stimuli R-HSA-8953897	21/736	1.124227697500876e-11	2.995263794055905e-10	0	0	8.053426573426574	203.0376732054703	PSMD12;PSMD11;PSMD14;RPL10L;H1-1;H1-3;RPL6;EEF1A1;PSMA5;H2AJ;PSMD6;RPS28;PSMD7;H2BC26;RPS29;PSMD3;RPL14;RPL38;TKT;H3-3B;RPS12	5.0
Reactome_2022	RNA Polymerase II Transcription Termination R-HSA-73856	9/67	1.9194102234897396e-11	4.772933422411152e-10	0	0	37.56497056349874	926.9689180120172	NUDT21;RBM8A;NCBP2;SRSF1;SNRPG;SRSF3;RNPS1;SRSF5;SRSF7	5.0
Reactome_2022	RUNX1 Regulates Transcription Of Genes Involved In Differentiation Of HSCs R-HSA-8939236	10/98	2.3093380204709783e-11	5.383644260222969e-10	0	0	27.80723905723906	681.0403032675125	PSMA5;H2AJ;PSMD12;PSMD6;PSMD11;PSMD7;H2BC26;PSMD14;PSMD3;H3-3B	5.0
Reactome_2022	mRNA Splicing - Minor Pathway R-HSA-72165	8/49	5.193363930635932e-11	1.1394851447807071e-09	0	0	46.70702321481046	1106.0715566557712	EFTUD2;PRPF6;SF3B3;NCBP2;SF3B6;SRSF1;SNRPG;SRSF7	5.0
Reactome_2022	Formation Of Ternary Complex, And Subsequently, 43S Complex R-HSA-72695	8/50	6.159785493324567e-11	1.276444438338924e-09	0	0	45.59265633964429	1071.9013171750803	RPS28;RPS29;EIF3I;EIF3H;EIF3E;EIF3C;EIF3D;RPS12	5.0
Reactome_2022	Assembly Of Pre-Replicative Complex R-HSA-68867	10/110	7.397574889129453e-11	1.4522607545501503e-09	0	0	24.45555555555556	570.4816847873311	PSMA5;H2AJ;PSMD12;PSMD6;PSMD11;PSMD7;H2BC26;PSMD14;PSMD3;H3-3B	5.0
Reactome_2022	Axon Guidance R-HSA-422475	17/519	1.6510412671364766e-10	3.0791919632095286e-09	0	0	8.881204910089373	200.0442094890512	PSMD12;PSMD11;PSMD14;RBM8A;NCBP2;RPL10L;RPL6;PSMA5;PSMD6;RPS28;PSMD7;RPS29;PSMD3;RPL14;RNPS1;RPL38;RPS12	5.0
Reactome_2022	Translation Initiation Complex Formation R-HSA-72649	8/57	1.8474784564626003e-10	3.132315746638863e-09	0	0	39.06565035652815	875.5404971748019	RPS28;RPS29;EIF3I;EIF3H;EIF3E;EIF3C;EIF3D;RPS12	5.0
Reactome_2022	Ribosomal Scanning And Start Codon Recognition R-HSA-72702	8/57	1.8474784564626003e-10	3.132315746638863e-09	0	0	39.06565035652815	875.5404971748019	RPS28;RPS29;EIF3I;EIF3H;EIF3E;EIF3C;EIF3D;RPS12	5.0
Reactome_2022	mRNA Activation Upon Binding Of Cap-Binding Complex And eIFs, Subsequent Binding To 43S R-HSA-72662	8/58	2.1351736403689438e-10	3.318415699406733e-09	0	0	38.28240963855421	852.4460133144031	RPS28;RPS29;EIF3I;EIF3H;EIF3E;EIF3C;EIF3D;RPS12	5.0
Reactome_2022	mRNA 3-End Processing R-HSA-72187	8/58	2.1351736403689438e-10	3.318415699406733e-09	0	0	38.28240963855421	852.4460133144031	NUDT21;RBM8A;NCBP2;SRSF1;SRSF3;RNPS1;SRSF5;SRSF7	5.0
Reactome_2022	Eukaryotic Translation Elongation R-HSA-156842	9/90	2.9119096653253206e-10	4.344569220665379e-09	0	0	26.86720867208672	589.9244244429335	EEF1B2;EEF1A1;RPS28;RPS29;RPL10L;RPL14;RPL38;RPL6;RPS12	5.0
Reactome_2022	DNA Replication Pre-Initiation R-HSA-69002	10/127	3.0978995539530675e-10	4.4442943600942086e-09	0	0	20.884246069431256	457.2632118725774	PSMA5;H2AJ;PSMD12;PSMD6;PSMD11;PSMD7;H2BC26;PSMD14;PSMD3;H3-3B	5.0
Reactome_2022	Nervous System Development R-HSA-9675108	17/545	3.4987488285717223e-10	4.833456715026861e-09	0	0	8.4325604013104	183.60589434789816	PSMD12;PSMD11;PSMD14;RBM8A;NCBP2;RPL10L;RPL6;PSMA5;PSMD6;RPS28;PSMD7;RPS29;PSMD3;RPL14;RNPS1;RPL38;RPS12	5.0
Reactome_2022	Metabolism Of Amino Acids And Derivatives R-HSA-71291	14/364	1.0260281892878912e-09	1.3668161235870837e-08	0	0	10.16051948051948	210.2980694395951	PSMD12;PSMD11;PSMD14;RPL10L;RPL6;PSMA5;PSMD6;RPS28;PSMD7;RPS29;PSMD3;RPL14;RPL38;RPS12	5.0
Reactome_2022	Developmental Biology R-HSA-1266738	22/1073	1.8384821451949034e-09	2.364668414336893e-08	0	0	5.7209283084433045	115.07261431179926	PSMD12;PSMD11;PSMD14;RBM8A;NCBP2;RPL10L;RPL6;PSMA5;H2AJ;PSMD6;RPS28;KRT18;PSMD7;SNW1;H2BC26;RPS29;PSMD3;RPL14;RNPS1;RPL38;H3-3B;RPS12	5.0
Reactome_2022	Cross-presentation Of Soluble Exogenous Antigens (Endosomes) R-HSA-1236978	7/48	2.019496930414604e-09	2.5109078501488254e-08	0	0	40.38211382113821	808.4667742298075	PSMA5;PSMD12;PSMD6;PSMD11;PSMD7;PSMD14;PSMD3	5.0
Reactome_2022	Signaling By NOTCH R-HSA-157118	11/203	2.0918802293600422e-09	2.5170042759719226e-08	0	0	14.120247395833331	282.1960041788491	PSMA5;H2AJ;PSMD12;PSMD6;PSMD11;PSMD7;SNW1;H2BC26;PSMD14;PSMD3;H3-3B	5.0
Reactome_2022	DNA Replication R-HSA-69306	10/155	2.190453587128276e-09	2.553247462496397e-08	0	0	16.82758620689655	335.52788662796536	PSMA5;H2AJ;PSMD12;PSMD6;PSMD11;PSMD7;H2BC26;PSMD14;PSMD3;H3-3B	5.0
Reactome_2022	Regulation Of Activated PAK-2p34 By Proteasome Mediated Degradation R-HSA-211733	7/49	2.3474301406599324e-09	2.6533074014125903e-08	0	0	39.41865079365079	783.2464100122409	PSMA5;PSMD6;PSMD12;PSMD7;PSMD11;PSMD14;PSMD3	5.0
Reactome_2022	Nuclear Events Mediated By NFE2L2 R-HSA-9759194	8/78	2.425795466673254e-09	2.6612403207915414e-08	0	0	27.317039586919105	541.8910191483466	PSMA5;PSMD6;PSMD12;PSMD7;PSMD11;PSMD14;PSMD3;TKT	5.0
Reactome_2022	Regulation Of Ornithine Decarboxylase (ODC) R-HSA-350562	7/50	2.7195491004692822e-09	2.898262327071549e-08	0	0	38.5	759.3277900772594	PSMA5;PSMD6;PSMD12;PSMD7;PSMD11;PSMD14;PSMD3	5.0
Reactome_2022	GSK3B And BTRC:CUL1-mediated-degradation Of NFE2L2 R-HSA-9762114	7/51	3.140632164231349e-09	2.9286394931457328e-08	0	0	37.62310606060606	736.616838993045	PSMA5;PSMD6;PSMD12;PSMD7;PSMD11;PSMD14;PSMD3	5.0
Reactome_2022	Autodegradation Of E3 Ubiquitin Ligase COP1 R-HSA-349425	7/51	3.140632164231349e-09	2.9286394931457328e-08	0	0	37.62310606060606	736.616838993045	PSMA5;PSMD6;PSMD12;PSMD7;PSMD11;PSMD14;PSMD3	5.0
Reactome_2022	Ubiquitin Mediated Degradation Of Phosphorylated Cdc25A R-HSA-69601	7/51	3.140632164231349e-09	2.9286394931457328e-08	0	0	37.62310606060606	736.616838993045	PSMA5;PSMD6;PSMD12;PSMD7;PSMD11;PSMD14;PSMD3	5.0
Reactome_2022	Ubiquitin-dependent Degradation Of Cyclin D R-HSA-75815	7/51	3.140632164231349e-09	2.9286394931457328e-08	0	0	37.62310606060606	736.616838993045	PSMA5;PSMD6;PSMD12;PSMD7;PSMD11;PSMD14;PSMD3	5.0
Reactome_2022	Vpu Mediated Degradation Of CD4 R-HSA-180534	7/51	3.140632164231349e-09	2.9286394931457328e-08	0	0	37.62310606060606	736.616838993045	PSMA5;PSMD6;PSMD12;PSMD7;PSMD11;PSMD14;PSMD3	5.0
Reactome_2022	Signaling By NOTCH4 R-HSA-9013694	8/81	3.291007675553648e-09	2.9940142999549046e-08	0	0	26.190460472025087	511.5539605616041	PSMA5;PSMD6;PSMD12;PSMD7;PSMD11;SNW1;PSMD14;PSMD3	5.0
Reactome_2022	Regulation Of Apoptosis R-HSA-169911	7/52	3.6158513430995246e-09	3.21122035946696e-08	0	0	36.78518518518519	715.0281675662358	PSMA5;PSMD6;PSMD12;PSMD7;PSMD11;PSMD14;PSMD3	5.0
Reactome_2022	Vif-mediated Degradation Of APOBEC3G R-HSA-180585	7/53	4.150794789809596e-09	3.5187419468158624e-08	0	0	35.983695652173914	694.4841028364731	PSMA5;PSMD6;PSMD12;PSMD7;PSMD11;PSMD14;PSMD3	5.0
Reactome_2022	Negative Regulation Of NOTCH4 Signaling R-HSA-9604323	7/53	4.150794789809596e-09	3.5187419468158624e-08	0	0	35.983695652173914	694.4841028364731	PSMA5;PSMD6;PSMD12;PSMD7;PSMD11;PSMD14;PSMD3	5.0
Reactome_2022	AUF1 (hnRNP D0) Binds And Destabilizes mRNA R-HSA-450408	7/54	4.7514899900575576e-09	3.6169505434519786e-08	0	0	35.216312056737586	674.9138444548664	PSMA5;PSMD6;PSMD12;PSMD7;PSMD11;PSMD14;PSMD3	5.0
Reactome_2022	Regulation Of RUNX3 Expression And Activity R-HSA-8941858	7/54	4.7514899900575576e-09	3.6169505434519786e-08	0	0	35.216312056737586	674.9138444548664	PSMA5;PSMD6;PSMD12;PSMD7;PSMD11;PSMD14;PSMD3	5.0
Reactome_2022	SCF-beta-TrCP Mediated Degradation Of Emi1 R-HSA-174113	7/54	4.7514899900575576e-09	3.6169505434519786e-08	0	0	35.216312056737586	674.9138444548664	PSMA5;PSMD6;PSMD12;PSMD7;PSMD11;PSMD14;PSMD3	5.0
Reactome_2022	Degradation Of AXIN R-HSA-4641257	7/54	4.7514899900575576e-09	3.6169505434519786e-08	0	0	35.216312056737586	674.9138444548664	PSMA5;PSMD6;PSMD12;PSMD7;PSMD11;PSMD14;PSMD3	5.0
Reactome_2022	FBXL7 Down-Regulates AURKA During Mitotic Entry And In Early Mitosis R-HSA-8854050	7/54	4.7514899900575576e-09	3.6169505434519786e-08	0	0	35.216312056737586	674.9138444548664	PSMA5;PSMD6;PSMD12;PSMD7;PSMD11;PSMD14;PSMD3	5.0
Reactome_2022	Peptide Chain Elongation R-HSA-156902	8/86	5.329698472532167e-09	3.890983689855803e-08	0	0	24.505406240346	466.82728243983934	EEF1A1;RPS28;RPS29;RPL10L;RPL14;RPL38;RPL6;RPS12	5.0
Reactome_2022	Hh Mutants Are Degraded By ERAD R-HSA-5362768	7/55	5.424427664142138e-09	3.890983689855803e-08	0	0	34.48090277777778	656.2527286928936	PSMA5;PSMD6;PSMD12;PSMD7;PSMD11;PSMD14;PSMD3	5.0
Reactome_2022	Degradation Of DVL R-HSA-4641258	7/55	5.424427664142138e-09	3.890983689855803e-08	0	0	34.48090277777778	656.2527286928936	PSMA5;PSMD6;PSMD12;PSMD7;PSMD11;PSMD14;PSMD3	5.0
Reactome_2022	Stabilization Of P53 R-HSA-69541	7/56	6.176586377884234e-09	4.346918337643055e-08	0	0	33.775510204081634	638.4415844740274	PSMA5;PSMD6;PSMD12;PSMD7;PSMD11;PSMD14;PSMD3	5.0
Reactome_2022	Hh Mutants Abrogate Ligand Secretion R-HSA-5387390	7/58	7.949073083780178e-09	5.294650464732154e-08	0	0	32.447712418300654	605.1566671145055	PSMA5;PSMD6;PSMD12;PSMD7;PSMD11;PSMD14;PSMD3	5.0
Reactome_2022	Metabolism Of Polyamines R-HSA-351202	7/58	7.949073083780178e-09	5.294650464732154e-08	0	0	32.447712418300654	605.1566671145055	PSMA5;PSMD6;PSMD12;PSMD7;PSMD11;PSMD14;PSMD3	5.0
Reactome_2022	NIK To Noncanonical NF-kB Signaling R-HSA-5676590	7/58	7.949073083780178e-09	5.294650464732154e-08	0	0	32.447712418300654	605.1566671145055	PSMA5;PSMD6;PSMD12;PSMD7;PSMD11;PSMD14;PSMD3	5.0
Reactome_2022	Apoptosis R-HSA-109581	10/178	8.345063910503032e-09	5.3295933542510744e-08	0	0	14.506907701352146	269.85163077641664	PSMA5;PSMD12;PSMD6;PSMD11;PSMD7;PSMD14;PSMD3;H1-1;H1-3;PLEC	5.0
Reactome_2022	GLI3 Is Processed To GLI3R By Proteasome R-HSA-5610785	7/59	8.986028915950488e-09	5.3295933542510744e-08	0	0	31.822115384615383	589.5872597927712	PSMA5;PSMD6;PSMD12;PSMD7;PSMD11;PSMD14;PSMD3	5.0
Reactome_2022	Role Of GTSE1 In G2/M Progression After G2 Checkpoint R-HSA-8852276	7/59	8.986028915950488e-09	5.3295933542510744e-08	0	0	31.822115384615383	589.5872597927712	PSMA5;PSMD6;PSMD12;PSMD7;PSMD11;PSMD14;PSMD3	5.0
Reactome_2022	SCF(Skp2)-mediated Degradation Of P27/P21 R-HSA-187577	7/59	8.986028915950488e-09	5.3295933542510744e-08	0	0	31.822115384615383	589.5872597927712	PSMA5;PSMD6;PSMD12;PSMD7;PSMD11;PSMD14;PSMD3	5.0
Reactome_2022	Degradation Of GLI1 By Proteasome R-HSA-5610780	7/59	8.986028915950488e-09	5.3295933542510744e-08	0	0	31.822115384615383	589.5872597927712	PSMA5;PSMD6;PSMD12;PSMD7;PSMD11;PSMD14;PSMD3	5.0
Reactome_2022	Degradation Of GLI2 By Proteasome R-HSA-5610783	7/59	8.986028915950488e-09	5.3295933542510744e-08	0	0	31.822115384615383	589.5872597927712	PSMA5;PSMD6;PSMD12;PSMD7;PSMD11;PSMD14;PSMD3	5.0
Reactome_2022	Infectious Disease R-HSA-5663205	20/961	9.018914698342168e-09	5.3295933542510744e-08	0	0	5.678106898564607	105.18092190376824	PSMD12;PSMD11;PSMD14;NCBP2;RPL10L;DDX20;GTF2E2;RPL6;PSMA5;PSMD6;RPS28;PSMD7;H2BC26;RPS29;PSMD3;SNRPG;RPL14;G3BP2;RPL38;RPS12	5.0
Reactome_2022	Nonsense Mediated Decay (NMD) Independent Of Exon Junction Complex (EJC) R-HSA-975956	8/92	9.144610581020609e-09	5.3295933542510744e-08	0	0	22.74813539873781	421.0702869481791	RPS28;NCBP2;RPS29;RPL10L;RPL14;RPL38;RPL6;RPS12	5.0
Reactome_2022	Defective CFTR Causes Cystic Fibrosis R-HSA-5678895	7/60	1.0135515680670412e-08	5.8162266906000986e-08	0	0	31.22012578616352	574.6757293047178	PSMA5;PSMD6;PSMD12;PSMD7;PSMD11;PSMD14;PSMD3	5.0
Reactome_2022	Dectin-1 Mediated Noncanonical NF-kB Signaling R-HSA-5607761	7/61	1.1407345273175585e-08	6.446878464991655e-08	0	0	30.640432098765437	560.383119017424	PSMA5;PSMD6;PSMD12;PSMD7;PSMD11;PSMD14;PSMD3	5.0
Reactome_2022	Transcriptional Regulation By RUNX3 R-HSA-8878159	8/95	1.180997713964071e-08	6.574808168785054e-08	0	0	21.96039329732724	400.8720716631975	PSMA5;PSMD12;PSMD6;PSMD11;PSMD7;SNW1;PSMD14;PSMD3	5.0
Reactome_2022	Asymmetric Localization Of PCP Proteins R-HSA-4608870	7/62	1.2811980057269292e-08	7.027747884355066e-08	0	0	30.081818181818186	546.6734272753444	PSMA5;PSMD6;PSMD12;PSMD7;PSMD11;PSMD14;PSMD3	5.0
Reactome_2022	Autodegradation Of Cdh1 By Cdh1:APC/C R-HSA-174084	7/63	1.4360562446457386e-08	7.763028684824065e-08	0	0	29.543154761904763	533.5133354979135	PSMA5;PSMD6;PSMD12;PSMD7;PSMD11;PSMD14;PSMD3	5.0
Reactome_2022	Oxygen-dependent Proline Hydroxylation Of Hypoxia-inducible Factor Alpha R-HSA-1234176	7/64	1.606494521066252e-08	8.439752906446648e-08	0	0	29.023391812865498	520.8719655139457	PSMA5;PSMD6;PSMD12;PSMD7;PSMD11;PSMD14;PSMD3	5.0
Reactome_2022	Hedgehog Ligand Biogenesis R-HSA-5358346	7/64	1.606494521066252e-08	8.439752906446648e-08	0	0	29.023391812865498	520.8719655139457	PSMA5;PSMD6;PSMD12;PSMD7;PSMD11;PSMD14;PSMD3	5.0
Reactome_2022	KEAP1-NFE2L2 Pathway R-HSA-9755511	8/100	1.7749478702528662e-08	9.04158173029534e-08	0	0	20.761655316919853	370.5313874627844	PSMA5;PSMD12;PSMD6;PSMD11;PSMD7;PSMD14;PSMD3;TKT	5.0
Reactome_2022	p53-Dependent G1 DNA Damage Response R-HSA-69563	7/65	1.7937722467610056e-08	9.04158173029534e-08	0	0	28.52155172413793	508.7206626312242	PSMA5;PSMD6;PSMD12;PSMD7;PSMD11;PSMD14;PSMD3	5.0
Reactome_2022	Regulation Of RAS By GAPs R-HSA-5658442	7/65	1.7937722467610056e-08	9.04158173029534e-08	0	0	28.52155172413793	508.7206626312242	PSMA5;PSMD6;PSMD12;PSMD7;PSMD11;PSMD14;PSMD3	5.0
Reactome_2022	Gene Expression (Transcription) R-HSA-74160	24/1449	1.9135725156042555e-08	9.516833977605165e-08	0	0	4.646410054988217	82.57464656461424	PRMT5;PSMD12;PSMD11;PSMD14;RBM8A;NCBP2;SRSF1;TARBP2;GTF2E2;PSMA5;NUDT21;H2AJ;PSMD6;PSMD7;SNW1;H2BC26;NFIA;PSMD3;SNRPG;SRSF3;RNPS1;SRSF5;SRSF7;H3-3B	5.0
Reactome_2022	Activation Of NF-kappaB In B Cells R-HSA-1169091	7/66	1.9992261396502576e-08	9.81199144854666e-08	0	0	28.03672316384181	497.032801248044	PSMA5;PSMD6;PSMD12;PSMD7;PSMD11;PSMD14;PSMD3	5.0
Reactome_2022	APC/C:Cdc20 Mediated Degradation Of Securin R-HSA-174154	7/67	2.2242734636376264e-08	1.0501949391605505e-07	0	0	27.56805555555556	485.7836103950599	PSMA5;PSMD6;PSMD12;PSMD7;PSMD11;PSMD14;PSMD3	5.0
Reactome_2022	G1/S DNA Damage Checkpoints R-HSA-69615	7/67	2.2242734636376264e-08	1.0501949391605505e-07	0	0	27.56805555555556	485.7836103950599	PSMA5;PSMD6;PSMD12;PSMD7;PSMD11;PSMD14;PSMD3	5.0
Reactome_2022	Regulation Of PTEN Stability And Activity R-HSA-8948751	7/67	2.2242734636376264e-08	1.0501949391605505e-07	0	0	27.56805555555556	485.7836103950599	PSMA5;PSMD6;PSMD12;PSMD7;PSMD11;PSMD14;PSMD3	5.0
Reactome_2022	TCF Dependent Signaling In Response To WNT R-HSA-201681	10/198	2.3080145693926493e-08	1.0761117929793228e-07	0	0	12.950485946939848	227.72514045521493	PSMA5;H2AJ;PSMD12;PSMD6;PSMD11;PSMD7;H2BC26;PSMD14;PSMD3;H3-3B	5.0
Reactome_2022	Orc1 Removal From Chromatin R-HSA-68949	7/69	2.7392401231063633e-08	1.2614031678008314e-07	0	0	26.676075268817204	464.51050370697993	PSMA5;PSMD6;PSMD12;PSMD7;PSMD11;PSMD14;PSMD3	5.0
Reactome_2022	Transcriptional Regulation By RUNX1 R-HSA-8878171	10/204	3.0637106762279094e-08	1.3936147344305e-07	0	0	12.546137202494592	217.06139627012	PSMA5;H2AJ;PSMD12;PSMD6;PSMD11;PSMD7;H2BC26;PSMD14;PSMD3;H3-3B	5.0
Reactome_2022	SRP-dependent Cotranslational Protein Targeting To Membrane R-HSA-1799339	8/108	3.2599012449385975e-08	1.464991764291683e-07	0	0	19.09301204819277	329.1441261938341	RPS28;RPS29;RPL10L;RPL14;RPL38;SRP14;RPL6;RPS12	5.0
Reactome_2022	Programmed Cell Death R-HSA-5357801	10/208	3.681750607422545e-08	1.5859260902319264e-07	0	0	12.290185808704328	210.37470409301687	PSMA5;PSMD12;PSMD6;PSMD11;PSMD7;PSMD14;PSMD3;H1-1;H1-3;PLEC	5.0
Reactome_2022	CDK-mediated Phosphorylation And Removal Of Cdc6 R-HSA-69017	7/72	3.6990769396830455e-08	1.5859260902319264e-07	0	0	25.44102564102564	435.3620300313978	PSMA5;PSMD6;PSMD12;PSMD7;PSMD11;PSMD14;PSMD3	5.0
Reactome_2022	Cdc20:Phospho-APC/C Mediated Degradation Of Cyclin A R-HSA-174184	7/72	3.6990769396830455e-08	1.5859260902319264e-07	0	0	25.44102564102564	435.3620300313978	PSMA5;PSMD6;PSMD12;PSMD7;PSMD11;PSMD14;PSMD3	5.0
Reactome_2022	Regulation Of RUNX2 Expression And Activity R-HSA-8939902	7/72	3.6990769396830455e-08	1.5859260902319264e-07	0	0	25.44102564102564	435.3620300313978	PSMA5;PSMD6;PSMD12;PSMD7;PSMD11;PSMD14;PSMD3	5.0
Reactome_2022	APC/C:Cdh1 Mediated Degradation Of Cdc20 And APC/C:Cdh1 Targets In Late Mitosis/Early G1 R-HSA-174178	7/73	4.0763837976612634e-08	1.6894346183640569e-07	0	0	25.05429292929293	426.3105815516673	PSMA5;PSMD6;PSMD12;PSMD7;PSMD11;PSMD14;PSMD3	5.0
Reactome_2022	APC:Cdc20 Mediated Degradation Of Cell Cycle Proteins Before Cycle Checkpoint Satisfied R-HSA-179419	7/73	4.0763837976612634e-08	1.6894346183640569e-07	0	0	25.05429292929293	426.3105815516673	PSMA5;PSMD6;PSMD12;PSMD7;PSMD11;PSMD14;PSMD3	5.0
Reactome_2022	Cellular Response To Hypoxia R-HSA-1234174	7/73	4.0763837976612634e-08	1.6894346183640569e-07	0	0	25.05429292929293	426.3105815516673	PSMA5;PSMD6;PSMD12;PSMD7;PSMD11;PSMD14;PSMD3	5.0
Reactome_2022	Metabolism Of Proteins R-HSA-392499	27/1890	4.39111267435384e-08	1.79987365663075e-07	0	0	4.086503623188406	69.22985873541282	PSMD12;PSMD11;PSMD14;RPL10L;DCUN1D1;SRP14;RPL6;EEF1B2;PSMD6;PSMD7;H2BC26;PSMD3;RPL14;RPL38;H3-3B;RPS12;VBP1;MRPS23;EEF1A1;PSMA5;RPS28;RPS29;EIF3I;EIF3H;EIF3E;EIF3C;EIF3D	5.0
Reactome_2022	Transport Of Mature mRNA Derived From An Intron-Containing Transcript R-HSA-159236	7/74	4.4857469990882286e-08	1.8186778594129446e-07	0	0	24.67910447761194	417.56491241895	RBM8A;NCBP2;SRSF1;SRSF3;RNPS1;SRSF5;SRSF7	5.0
Reactome_2022	APC/C:Cdc20 Mediated Degradation Of Mitotic Proteins R-HSA-176409	7/75	4.929353134848377e-08	1.9770416336542417e-07	0	0	24.31495098039216	409.110550596308	PSMA5;PSMD6;PSMD12;PSMD7;PSMD11;PSMD14;PSMD3	5.0
Reactome_2022	Activation Of APC/C And APC/C:Cdc20 Mediated Degradation Of Mitotic Proteins R-HSA-176814	7/76	5.4095016065693686e-08	2.1465362757982707e-07	0	0	23.96135265700483	400.933903129904	PSMA5;PSMD6;PSMD12;PSMD7;PSMD11;PSMD14;PSMD3	5.0
Reactome_2022	ABC Transporter Disorders R-HSA-5619084	7/77	5.928608542431457e-08	2.3277589329757202e-07	0	0	23.617857142857144	393.02219122419547	PSMA5;PSMD6;PSMD12;PSMD7;PSMD11;PSMD14;PSMD3	5.0
Reactome_2022	FCERI Mediated NF-kB Activation R-HSA-2871837	7/78	6.489210786738715e-08	2.521328774430771e-07	0	0	23.284037558685448	385.3633909050666	PSMA5;PSMD6;PSMD12;PSMD7;PSMD11;PSMD14;PSMD3	5.0
Reactome_2022	RNA Polymerase II Transcription R-HSA-73857	22/1312	6.96098021163467e-08	2.67674806076261e-07	0	0	4.601932367149758	75.84150415191908	PRMT5;PSMD12;PSMD11;PSMD14;RBM8A;NCBP2;SRSF1;GTF2E2;PSMA5;NUDT21;H2AJ;PSMD6;PSMD7;SNW1;H2BC26;PSMD3;SNRPG;SRSF3;RNPS1;SRSF5;SRSF7;H3-3B	5.0
Reactome_2022	Downstream Signaling Events Of B Cell Receptor (BCR) R-HSA-1168372	7/79	7.093969951958866e-08	2.700051828653732e-07	0	0	22.95949074074074	377.9461787726361	PSMA5;PSMD6;PSMD12;PSMD7;PSMD11;PSMD14;PSMD3	5.0
Reactome_2022	Regulation Of APC/C Activators Between G1/S And Early Anaphase R-HSA-176408	7/80	7.745676534641699e-08	2.918320552950862e-07	0	0	22.64383561643836	370.7598823329638	PSMA5;PSMD6;PSMD12;PSMD7;PSMD11;PSMD14;PSMD3	5.0
Reactome_2022	Cyclin E Associated Events During G1/S Transition R-HSA-69202	7/82	9.201763495736524e-08	3.432257783909723e-07	0	0	22.037777777777777	357.0403316337225	PSMA5;PSMD6;PSMD12;PSMD7;PSMD11;PSMD14;PSMD3	5.0
Reactome_2022	Transport Of Mature Transcript To Cytoplasm R-HSA-72202	7/83	1.0012407221251837e-07	3.697651379729639e-07	0	0	21.74671052631579	350.48859545647736	RBM8A;NCBP2;SRSF1;SRSF3;RNPS1;SRSF5;SRSF7	5.0
Reactome_2022	Cyclin A:Cdk2-associated Events At S Phase Entry R-HSA-69656	7/84	1.0882533729232157e-07	3.940956389323879e-07	0	0	21.463203463203463	344.13073740802696	PSMA5;PSMD6;PSMD12;PSMD7;PSMD11;PSMD14;PSMD3	5.0
Reactome_2022	Degradation Of Beta-Catenin By Destruction Complex R-HSA-195253	7/84	1.0882533729232157e-07	3.940956389323879e-07	0	0	21.463203463203463	344.13073740802696	PSMA5;PSMD6;PSMD12;PSMD7;PSMD11;PSMD14;PSMD3	5.0
Reactome_2022	Hedgehog On State R-HSA-5632684	7/85	1.1815641888965397e-07	4.237725408253936e-07	0	0	21.186965811965813	337.9587262607035	PSMA5;PSMD6;PSMD12;PSMD7;PSMD11;PSMD14;PSMD3	5.0
Reactome_2022	APC/C-mediated Degradation Of Cell Cycle Proteins R-HSA-174143	7/87	1.388557769755935e-07	4.898393998132978e-07	0	0	20.65520833333333	326.1422285735355	PSMA5;PSMD6;PSMD12;PSMD7;PSMD11;PSMD14;PSMD3	5.0
Reactome_2022	Disease R-HSA-1643685	25/1736	1.392036900273715e-07	4.898393998132978e-07	0	0	4.028744487540513	63.60310896325847	PSMD12;PSMD11;PSMD14;RPL10L;DDX20;GTF2E2;RPL6;PSMD6;PSMD7;H2BC26;PSMD3;RPL14;G3BP2;RPL38;H3-3B;RPS12;TPM4;NCBP2;SND1;PSMA5;H2AJ;RPS28;SNW1;RPS29;SNRPG	5.0
Reactome_2022	PCP/CE Pathway R-HSA-4086400	7/88	1.503019584220102e-07	5.190984304760167e-07	0	0	20.39917695473251	320.48370745675334	PSMA5;PSMD6;PSMD12;PSMD7;PSMD11;PSMD14;PSMD3	5.0
Reactome_2022	Regulation Of mRNA Stability By Proteins That Bind AU-rich Elements R-HSA-450531	7/88	1.503019584220102e-07	5.190984304760167e-07	0	0	20.39917695473251	320.48370745675334	PSMA5;PSMD6;PSMD12;PSMD7;PSMD11;PSMD14;PSMD3	5.0
Reactome_2022	ER-Phagosome Pathway R-HSA-1236974	7/89	1.625338590948832e-07	5.561938480953343e-07	0	0	20.14939024390244	314.9829148496775	PSMA5;PSMD6;PSMD12;PSMD7;PSMD11;PSMD14;PSMD3	5.0
Reactome_2022	Switching Of Origins To A Post-Replicative State R-HSA-69052	7/90	1.755946735501289e-07	5.745334494227901e-07	0	0	19.90562248995984	309.63369935559496	PSMA5;PSMD6;PSMD12;PSMD7;PSMD11;PSMD14;PSMD3	5.0
Reactome_2022	Viral mRNA Translation R-HSA-192823	7/90	1.755946735501289e-07	5.745334494227901e-07	0	0	19.90562248995984	309.63369935559496	RPS28;RPS29;RPL10L;RPL14;RPL38;RPL6;RPS12	5.0
Reactome_2022	MAPK6/MAPK4 Signaling R-HSA-5687128	7/90	1.755946735501289e-07	5.745334494227901e-07	0	0	19.90562248995984	309.63369935559496	PSMA5;PSMD6;PSMD12;PSMD7;PSMD11;PSMD14;PSMD3	5.0
Reactome_2022	Selenocysteine Synthesis R-HSA-2408557	7/90	1.755946735501289e-07	5.745334494227901e-07	0	0	19.90562248995984	309.63369935559496	RPS28;RPS29;RPL10L;RPL14;RPL38;RPL6;RPS12	5.0
Reactome_2022	Eukaryotic Translation Termination R-HSA-72764	7/90	1.755946735501289e-07	5.745334494227901e-07	0	0	19.90562248995984	309.63369935559496	RPS28;RPS29;RPL10L;RPL14;RPL38;RPL6;RPS12	5.0
Reactome_2022	Downstream TCR Signaling R-HSA-202424	7/94	2.3705436122829778e-07	7.688806672883049e-07	0	0	18.986590038314176	289.6399819986243	PSMA5;PSMD12;PSMD6;PSMD11;PSMD7;PSMD14;PSMD3	5.0
Reactome_2022	UCH Proteinases R-HSA-5689603	7/95	2.549717491537488e-07	8.198660554685197e-07	0	0	18.769886363636363	284.9665373757955	PSMA5;PSMD12;PSMD6;PSMD11;PSMD7;PSMD14;PSMD3	5.0
Reactome_2022	Hedgehog Off State R-HSA-5610787	7/98	3.157162046016426e-07	9.97984273867904e-07	0	0	18.14835164835165	271.6521881382971	PSMA5;PSMD12;PSMD6;PSMD11;PSMD7;PSMD14;PSMD3	5.0
Reactome_2022	Response Of EIF2AK4 (GCN2) To Amino Acid Deficiency R-HSA-9633012	7/98	3.157162046016426e-07	9.97984273867904e-07	0	0	18.14835164835165	271.6521881382971	RPS28;RPS29;RPL10L;RPL14;RPL38;RPL6;RPS12	5.0
Reactome_2022	CLEC7A (Dectin-1) Signaling R-HSA-5607764	7/99	3.384913002895973e-07	1.060985336201847e-06	0	0	17.95018115942029	267.43557470227427	PSMA5;PSMD12;PSMD6;PSMD11;PSMD7;PSMD14;PSMD3	5.0
Reactome_2022	Mitotic G1 Phase And G1/S Transition R-HSA-453279	8/147	3.57192328784005e-07	1.1102728219702823e-06	0	0	13.708936465285603	203.50904480964772	PSMA5;PSMD12;PSMD6;PSMD11;PSMD7;PSMD14;PSMD3;PPP2R2A	5.0
Reactome_2022	TNFR2 Non-Canonical NF-kB Pathway R-HSA-5668541	7/100	3.626334456056307e-07	1.1178700430652914e-06	0	0	17.75627240143369	263.32327007495604	PSMA5;PSMD12;PSMD6;PSMD11;PSMD7;PSMD14;PSMD3	5.0
Reactome_2022	G2/M Checkpoints R-HSA-69481	8/148	3.762108319004711e-07	1.1502183631055386e-06	0	0	13.610327022375214	201.3391481761113	PSMA5;PSMD12;PSMD6;PSMD11;PSMD7;H2BC26;PSMD14;PSMD3	5.0
Reactome_2022	ABC-family Proteins Mediated Transport R-HSA-382556	7/102	4.152834286482796e-07	1.2593554380960024e-06	0	0	17.380701754385964	255.39732555349255	PSMA5;PSMD12;PSMD6;PSMD11;PSMD7;PSMD14;PSMD3	5.0
Reactome_2022	Antigen processing-Cross Presentation R-HSA-1236975	7/104	4.742190018313334e-07	1.4264813522829623e-06	0	0	17.02061855670103	247.84738118216237	PSMA5;PSMD12;PSMD6;PSMD11;PSMD7;PSMD14;PSMD3	5.0
Reactome_2022	Signaling By B Cell Receptor (BCR) R-HSA-983705	7/109	6.53044304928297e-07	1.9486842059060384e-06	0	0	16.18218954248366	230.46060817604635	PSMA5;PSMD12;PSMD6;PSMD11;PSMD7;PSMD14;PSMD3	5.0
Reactome_2022	Interleukin-1 Signaling R-HSA-9020702	7/114	8.853766647099259e-07	2.6003582357228536e-06	0	0	15.422118380062305	214.9419606103391	PSMA5;PSMD12;PSMD6;PSMD11;PSMD7;PSMD14;PSMD3	5.0
Reactome_2022	Selenoamino Acid Metabolism R-HSA-2408522	7/114	8.853766647099259e-07	2.6003582357228536e-06	0	0	15.422118380062305	214.9419606103391	RPS28;RPS29;RPL10L;RPL14;RPL38;RPL6;RPS12	5.0
Reactome_2022	Signaling By WNT R-HSA-195721	10/294	9.09670418526944e-07	2.6508364539886726e-06	0	0	8.53112502173535	118.66951434725712	PSMA5;H2AJ;PSMD12;PSMD6;PSMD11;PSMD7;H2BC26;PSMD14;PSMD3;H3-3B	5.0
Reactome_2022	TCR Signaling R-HSA-202403	7/116	9.959579680336218e-07	2.878737529192945e-06	0	0	15.137614678899082	209.19518613473284	PSMA5;PSMD12;PSMD6;PSMD11;PSMD7;PSMD14;PSMD3	5.0
Reactome_2022	HIV Infection R-HSA-162906	9/229	1.0033133479760937e-06	2.878737529192945e-06	0	0	9.822671840354769	135.6727343871688	PSMA5;PSMD12;PSMD6;PSMD11;PSMD7;PSMD14;NCBP2;PSMD3;GTF2E2	5.0
Reactome_2022	Synthesis Of DNA R-HSA-69239	7/119	1.1834049993303545e-06	3.344015642047138e-06	0	0	14.729910714285714	201.0207807759012	PSMA5;PSMD12;PSMD6;PSMD11;PSMD7;PSMD14;PSMD3	5.0
Reactome_2022	Transcriptional Regulation By RUNX2 R-HSA-8878166	7/119	1.1834049993303545e-06	3.344015642047138e-06	0	0	14.729910714285714	201.0207807759012	PSMA5;PSMD12;PSMD6;PSMD11;PSMD7;PSMD14;PSMD3	5.0
Reactome_2022	M Phase R-HSA-68886	11/380	1.22485033182517e-06	3.435106569705176e-06	0	0	7.281165311653116	99.11626005710714	PSMA5;H2AJ;PSMD12;PSMD6;PSMD11;PSMD7;H2BC26;PSMD14;PSMD3;PPP2R2A;H3-3B	5.0
Reactome_2022	Major Pathway Of rRNA Processing In Nucleolus And Cytosol R-HSA-6791226	8/179	1.5889509130440604e-06	4.422975302727124e-06	0	0	11.125484393715212	148.552324595445	RPS28;RPS29;BMS1;RPL10L;RPL14;RPL38;RPL6;RPS12	5.0
Reactome_2022	G2/M Transition R-HSA-69275	8/182	1.7996849615602198e-06	4.935900666632074e-06	0	0	10.932003877579282	144.60744239209654	PSMA5;PSMD12;PSMD6;PSMD11;PSMD7;PSMD14;PSMD3;PPP2R2A	5.0
Reactome_2022	Cellular Response To Chemical Stress R-HSA-9711123	8/182	1.7996849615602198e-06	4.935900666632074e-06	0	0	10.932003877579282	144.60744239209654	PSMA5;PSMD12;PSMD6;PSMD11;PSMD7;PSMD14;PSMD3;TKT	5.0
Reactome_2022	Mitotic G2-G2/M Phases R-HSA-453274	8/184	1.953018216523843e-06	5.317341567616011e-06	0	0	10.806681270536693	142.0660863311173	PSMA5;PSMD12;PSMD6;PSMD11;PSMD7;PSMD14;PSMD3;PPP2R2A	5.0
Reactome_2022	G1/S Transition R-HSA-69206	7/129	2.035304909958571e-06	5.50122269140976e-06	0	0	13.515710382513662	177.121558825408	PSMA5;PSMD12;PSMD6;PSMD11;PSMD7;PSMD14;PSMD3	5.0
Reactome_2022	Fc Epsilon Receptor (FCERI) Signaling R-HSA-2454202	7/130	2.1432449307887704e-06	5.710216851315795e-06	0	0	13.405149051490516	174.97995157661967	PSMA5;PSMD12;PSMD6;PSMD11;PSMD7;PSMD14;PSMD3	5.0
Reactome_2022	Host Interactions Of HIV Factors R-HSA-162909	7/130	2.1432449307887704e-06	5.710216851315795e-06	0	0	13.405149051490516	174.97995157661967	PSMA5;PSMD12;PSMD6;PSMD11;PSMD7;PSMD14;PSMD3	5.0
Reactome_2022	SARS-CoV-2 Modulates Host Translation Machinery R-HSA-9754678	5/47	2.30198544262634e-06	6.0896494333306725e-06	0	0	27.50138427464009	357.0157810071481	RPS28;RPS29;DDX20;SNRPG;RPS12	5.0
Reactome_2022	rRNA Processing In Nucleus And Cytosol R-HSA-8868773	8/189	2.3858001467686527e-06	6.2669257376387846e-06	0	0	10.50549157957798	136.00384184251118	RPS28;RPS29;BMS1;RPL10L;RPL14;RPL38;RPL6;RPS12	5.0
Reactome_2022	Signaling By Hedgehog R-HSA-5358351	7/135	2.757478683625129e-06	7.192584258686527e-06	0	0	12.878255208333334	164.85704093603977	PSMA5;PSMD12;PSMD6;PSMD11;PSMD7;PSMD14;PSMD3	5.0
Reactome_2022	Influenza Viral RNA Transcription And Replication R-HSA-168273	7/137	3.0412150211541786e-06	7.877591686739642e-06	0	0	12.678846153846154	161.06259607467214	RPS28;RPS29;RPL10L;RPL14;RPL38;RPL6;RPS12	5.0
Reactome_2022	PTEN Regulation R-HSA-6807070	7/139	3.348917561208293e-06	8.614801726418575e-06	0	0	12.485479797979798	157.40286290664557	PSMA5;PSMD12;PSMD6;PSMD11;PSMD7;PSMD14;PSMD3	5.0
Reactome_2022	rRNA Processing R-HSA-72312	8/199	3.4997944954920863e-06	8.941255800127043e-06	0	0	9.950419478962973	125.00519258528747	RPS28;RPS29;BMS1;RPL10L;RPL14;RPL38;RPL6;RPS12	5.0
Reactome_2022	Diseases Of Signal Transduction By Growth Factor Receptors And Second Messengers R-HSA-5663202	11/424	3.527179443504461e-06	8.94991790766778e-06	0	0	6.490799031476998	81.49205993042746	PSMA5;PSMD12;PSMD6;PSMD11;PSMD7;SNW1;TPM4;PSMD14;NCBP2;PSMD3;SND1	5.0
Reactome_2022	C-type Lectin Receptors (CLRs) R-HSA-5621481	7/141	3.682171031266697e-06	9.280066180151878e-06	0	0	12.297885572139304	153.8712429763872	PSMA5;PSMD12;PSMD6;PSMD11;PSMD7;PSMD14;PSMD3	5.0
Reactome_2022	Ub-specific Processing Proteases R-HSA-5689880	8/201	3.768791007412168e-06	9.434624468219722e-06	0	0	9.846307509832076	122.96813490207236	PSMA5;PSMD12;PSMD6;PSMD11;PSMD7;H2BC26;PSMD14;PSMD3	5.0
Reactome_2022	Beta-catenin Independent WNT Signaling R-HSA-3858494	7/142	3.858895111161763e-06	9.595785843088916e-06	0	0	12.206172839506172	152.15152704913595	PSMA5;PSMD12;PSMD6;PSMD11;PSMD7;PSMD14;PSMD3	5.0
Reactome_2022	Interleukin-1 Family Signaling R-HSA-446652	7/152	6.049928042730018e-06	1.4944524238001963e-05	0	0	11.358620689655172	136.47910002798585	PSMA5;PSMD12;PSMD6;PSMD11;PSMD7;PSMD14;PSMD3	5.0
Reactome_2022	Cellular Response To Starvation R-HSA-9711097	7/153	6.316748269623614e-06	1.5500967793221106e-05	0	0	11.280251141552512	135.05061838418706	RPS28;RPS29;RPL10L;RPL14;RPL38;RPL6;RPS12	5.0
Reactome_2022	Influenza Infection R-HSA-168255	7/157	7.483988772652824e-06	1.8245279818297408e-05	0	0	10.977222222222222	129.56135085226973	RPS28;RPS29;RPL10L;RPL14;RPL38;RPL6;RPS12	5.0
Reactome_2022	S Phase R-HSA-69242	7/161	8.825117498596579e-06	2.1375122253094317e-05	0	0	10.689935064935066	124.40848766334858	PSMA5;PSMD12;PSMD6;PSMD11;PSMD7;PSMD14;PSMD3	5.0
Reactome_2022	Neutrophil Degranulation R-HSA-6798695	11/468	8.989756721886148e-06	2.1633414562990532e-05	0	0	5.852625820568928	68.004145433837	EEF1A1;PSMA5;PSMD12;PSMD6;PSMD11;PSMD7;PSMD14;PSMD3;HUWE1;PA2G4;SRP14	5.0
Reactome_2022	Mitotic Anaphase R-HSA-68882	8/232	1.0791867983037298e-05	2.580363306200585e-05	0	0	8.470309810671257	96.87254189891608	PSMA5;PSMD12;PSMD6;PSMD11;PSMD7;PSMD14;PSMD3;PPP2R2A	5.0
Reactome_2022	Mitotic Metaphase And Anaphase R-HSA-2555396	8/233	1.1134390851176669e-05	2.645304323241336e-05	0	0	8.43223560910308	96.17362683792018	PSMA5;PSMD12;PSMD6;PSMD11;PSMD7;PSMD14;PSMD3;PPP2R2A	5.0
Reactome_2022	Separation Of Sister Chromatids R-HSA-2467813	7/170	1.258370848899248e-05	2.955313129529889e-05	0	0	10.095092024539875	113.90400911763167	PSMA5;PSMD12;PSMD6;PSMD11;PSMD7;PSMD14;PSMD3	5.0
Reactome_2022	Neddylation R-HSA-8951664	8/237	1.259771548512741e-05	2.955313129529889e-05	0	0	8.28326406060925	93.45174430482574	PSMA5;PSMD12;PSMD6;PSMD11;PSMD7;PSMD14;PSMD3;DCUN1D1	5.0
Reactome_2022	Disorders Of Transmembrane Transporters R-HSA-5619115	7/176	1.576027311873205e-05	3.674113670804409e-05	0	0	9.733727810650889	107.63573873714309	PSMA5;PSMD12;PSMD6;PSMD11;PSMD7;PSMD14;PSMD3	5.0
Reactome_2022	Cell Cycle, Mitotic R-HSA-69278	11/523	2.52073704847402e-05	5.83996844149571e-05	0	0	5.2091552734375	55.156484919007205	PSMA5;H2AJ;PSMD12;PSMD6;PSMD11;PSMD7;H2BC26;PSMD14;PSMD3;PPP2R2A;H3-3B	5.0
Reactome_2022	Cell Cycle Checkpoints R-HSA-69620	8/271	3.296986761670568e-05	7.591210259895814e-05	0	0	7.199963351504879	74.3030207068981	PSMA5;PSMD12;PSMD6;PSMD11;PSMD7;H2BC26;PSMD14;PSMD3	5.0
Reactome_2022	Deubiquitination R-HSA-5688426	8/279	4.0521369960603365e-05	9.27268159221169e-05	0	0	6.984572978259903	70.63974350991128	PSMA5;PSMD12;PSMD6;PSMD11;PSMD7;H2BC26;PSMD14;PSMD3	5.0
Reactome_2022	Antigen Processing: Ubiquitination And Proteasome Degradation R-HSA-983168	8/307	7.927410922354121e-05	0.00018030026061207849	0	0	6.321473183704718	59.6911361995027	PSMA5;PSMD12;PSMD6;PSMD11;PSMD7;PSMD14;PSMD3;HUWE1	5.0
Reactome_2022	Metabolism Of Non-Coding RNA R-HSA-194441	4/52	9.18697046873194e-05	0.00020768121120224328	0	0	19.023946360153257	176.83023027669634	PRMT5;NCBP2;SNRPG;DDX20	5.0
Reactome_2022	DNA Damage/Telomere Stress Induced Senescence R-HSA-2559586	4/61	0.00017164999002128293	0.0003856954595056538	0	0	16.01290582778786	138.8327437512858	H2AJ;H2BC26;H1-1;H1-3	5.0
Reactome_2022	Pre-NOTCH Transcription And Translation R-HSA-1912408	4/62	0.00018285327060992148	0.0004084088020209624	0	0	15.736028537455413	135.43726784079834	H2AJ;H2BC26;SNW1;H3-3B	5.0
Reactome_2022	Cell Cycle R-HSA-1640170	11/654	0.00018521740400649823	0.0004112267362763324	0	0	4.119867807153966	35.40606263341721	PSMA5;H2AJ;PSMD12;PSMD6;PSMD11;PSMD7;H2BC26;PSMD14;PSMD3;PPP2R2A;H3-3B	5.0
Reactome_2022	PIP3 Activates AKT Signaling R-HSA-1257604	7/268	0.00022261374557722583	0.0004913309295876049	0	0	6.27330779054917	52.75897252349309	PSMA5;PSMD12;PSMD6;PSMD11;PSMD7;PSMD14;PSMD3	5.0
Reactome_2022	RAF/MAP Kinase Cascade R-HSA-5673001	7/271	0.0002382342368627753	0.0005227139432342071	0	0	6.201073232323233	51.73094149367702	PSMA5;PSMD12;PSMD6;PSMD11;PSMD7;PSMD14;PSMD3	5.0
Reactome_2022	MAPK1/MAPK3 Signaling R-HSA-5684996	7/277	0.0002721291636405766	0.0005935916844323687	0	0	6.06141975308642	49.75961153755587	PSMA5;PSMD12;PSMD6;PSMD11;PSMD7;PSMD14;PSMD3	5.0
Reactome_2022	SARS-CoV-2-host Interactions R-HSA-9705683	6/196	0.0002740128204213274	0.0005942254768439251	0	0	7.32594427244582	60.089853969655344	RPS28;RPS29;SNRPG;DDX20;G3BP2;RPS12	5.0
Reactome_2022	Processing Of Capped Intronless Pre-mRNA R-HSA-75067	3/29	0.0003056040395434321	0.0006589035072237004	0	0	26.070367132867133	210.99322404823937	NUDT21;NCBP2;SNRPG	5.0
Reactome_2022	Class I MHC Mediated Antigen Processing And Presentation R-HSA-983169	8/378	0.0003279500340268074	0.0007030193258160871	0	0	5.089938130901986	40.83478856494877	PSMA5;PSMD12;PSMD6;PSMD11;PSMD7;PSMD14;PSMD3;HUWE1	5.0
Reactome_2022	RNA Polymerase I Promoter Opening R-HSA-73728	3/32	0.0004107591691476826	0.0008755038290976319	0	0	23.36990595611285	182.2269229816393	H2AJ;H2BC26;H3-3B	5.0
Reactome_2022	Pre-NOTCH Expression And Processing R-HSA-1912422	4/78	0.00044236911271772526	0.0009375209036574518	0	0	12.323703013358186	95.1804679569492	H2AJ;H2BC26;SNW1;H3-3B	5.0
Reactome_2022	DNA Methylation R-HSA-5334118	3/34	0.000492313571635662	0.0010371015421035	0	0	21.859970674486803	166.4941648696068	H2AJ;H2BC26;H3-3B	5.0
Reactome_2022	Intracellular Signaling By Second Messengers R-HSA-9006925	7/306	0.0004949170897973819	0.0010371015421035	0	0	5.465440356744705	41.59812407380183	PSMA5;PSMD12;PSMD6;PSMD11;PSMD7;PSMD14;PSMD3	5.0
Reactome_2022	Activated PKN1 Stimulates Transcription Of Androgen Receptor Regulated KLK2 And KLK3 R-HSA-5625886	3/36	0.0005835715305037674	0.0012160457032285	0	0	20.53305785123967	152.89620238017142	H2AJ;H2BC26;H3-3B	5.0
Reactome_2022	MAPK Family Signaling Cascades R-HSA-5683057	7/318	0.0006216528545485648	0.0012882028597034	0	0	5.251339764201501	38.77131749817071	PSMA5;PSMD12;PSMD6;PSMD11;PSMD7;PSMD14;PSMD3	5.0
Reactome_2022	SIRT1 Negatively Regulates rRNA Expression R-HSA-427359	3/37	0.0006329801966031103	0.0013044288029445	0	0	19.928141711229948	146.77218699692983	H2AJ;H2BC26;H3-3B	5.0
Reactome_2022	Assembly Of ORC Complex At Origin Of Replication R-HSA-68616	3/38	0.0006849819924346206	0.0014038367207588	0	0	19.357792207792208	141.04315840930292	H2AJ;H2BC26;H3-3B	5.0
Reactome_2022	SLBP Independent Processing Of Histone Pre-mRNAs R-HSA-111367	2/10	0.0008997797846246235	0.0018339773752184	0	0	55.901685393258425	392.0586726861853	NCBP2;SNRPG	5.0
Reactome_2022	PRC2 Methylates Histones And DNA R-HSA-212300	3/42	0.0009199855527524	0.001854889790144	0	0	17.36888111888112	121.42849824701496	H2AJ;H2BC26;H3-3B	5.0
Reactome_2022	Defective Pyroptosis R-HSA-9710421	3/42	0.0009199855527524	0.001854889790144	0	0	17.36888111888112	121.42849824701496	H2AJ;H2BC26;H3-3B	5.0
Reactome_2022	Cellular Senescence R-HSA-2559583	5/165	0.000944481404833936	0.0018940406666831	0	0	7.176235465116279	49.98157982079648	H2AJ;H2BC26;H1-1;H1-3;H3-3B	5.0
Reactome_2022	Condensation Of Prophase Chromosomes R-HSA-2299718	3/43	0.0009857442763293743	0.0019662171928922	0	0	16.933806818181818	117.21773433426443	H2AJ;H2BC26;H3-3B	5.0
Reactome_2022	SLBP Dependent Processing Of Replication-Dependent Histone Pre-mRNAs R-HSA-77588	2/11	0.001096478131856	0.0021754592722463	0	0	49.68789013732834	338.6553645055418	NCBP2;SNRPG	5.0
Reactome_2022	ERCC6 (CSB) And EHMT2 (G9a) Positively Regulate rRNA Expression R-HSA-427389	3/45	0.0011260215113329	0.0022222540937947	0	0	16.12581168831169	109.47917800897562	H2AJ;H2BC26;H3-3B	5.0
Reactome_2022	Inhibition Of DNA Recombination At Telomere R-HSA-9670095	3/48	0.0013590565742797	0.0026680426431912	0	0	15.048484848484849	99.33451449440032	H2AJ;H2BC26;H3-3B	5.0
Reactome_2022	Gene Silencing By RNA R-HSA-211000	4/108	0.0014984611244589	0.0029263141331056	0	0	8.75552608311229	56.93995824511877	H2AJ;H2BC26;TARBP2;H3-3B	5.0
Reactome_2022	Apoptosis Induced DNA Fragmentation R-HSA-140342	2/13	0.0015458243502584	0.0030030858471167	0	0	40.64964249233912	263.0925328432116	H1-1;H1-3	5.0
Reactome_2022	Apoptotic Execution Phase R-HSA-75153	3/52	0.0017139230050036	0.0033124004189967	0	0	13.817254174397032	88.00168258417777	H1-1;H1-3;PLEC	5.0
Reactome_2022	SARS-CoV-2 Infection R-HSA-9694516	6/283	0.0018566011562257	0.0035696506766608	0	0	5.002845614780208	31.462935084711017	RPS28;RPS29;SNRPG;DDX20;G3BP2;RPS12	5.0
Reactome_2022	Meiotic Recombination R-HSA-912446	3/56	0.0021217966242659	0.0040586161069291	0	0	12.771869639794168	78.6171424773439	H2AJ;H2BC26;H3-3B	5.0
Reactome_2022	B-WICH Complex Positively Regulates rRNA Expression R-HSA-5250924	3/59	0.0024640562129728	0.0046418836739337	0	0	12.08583603896104	72.58688368926816	H2AJ;H2BC26;H3-3B	5.0
Reactome_2022	Transcriptional Regulation Of Granulopoiesis R-HSA-9616222	3/59	0.0024640562129728	0.0046418836739337	0	0	12.08583603896104	72.58688368926816	H2AJ;H2BC26;H3-3B	5.0
Reactome_2022	RNA Polymerase I Promoter Escape R-HSA-73772	3/59	0.0024640562129728	0.0046418836739337	0	0	12.08583603896104	72.58688368926816	H2AJ;H2BC26;H3-3B	5.0
Reactome_2022	Formation Of beta-catenin:TCF Transactivating Complex R-HSA-201722	3/60	0.0025852727930366	0.0048457625718727	0	0	11.873205741626794	70.73966038203203	H2AJ;H2BC26;H3-3B	5.0
Reactome_2022	Formation Of Senescence-Associated Heterochromatin Foci (SAHF) R-HSA-2559584	2/17	0.0026635798098832	0.0049675763454323	0	0	29.80374531835206	176.67911374226674	H1-1;H1-3	5.0
Reactome_2022	RHO GTPases Activate PKNs R-HSA-5625740	3/62	0.0028386212902618	0.005267690255063	0	0	11.469568567026194	67.26256005179015	H2AJ;H2BC26;H3-3B	5.0
Reactome_2022	RUNX1 Regulates Genes Involved In Megakaryocyte Differentiation And Platelet Function R-HSA-8936459	3/66	0.0033899583603205	0.0062596755861365	0	0	10.73917748917749	61.073032693968216	H2AJ;H2BC26;H3-3B	5.0
Reactome_2022	Processing Of Intronless Pre-mRNAs R-HSA-77595	2/20	0.003688337741346	0.0067770934853303	0	0	24.83270911360799	139.12722450187454	NUDT21;NCBP2	5.0
Reactome_2022	Diseases Of Programmed Cell Death R-HSA-9645723	3/71	0.0041655447932893	0.0076164127838084	0	0	9.94702540106952	54.51873317790984	H2AJ;H2BC26;H3-3B	5.0
Reactome_2022	Signaling By Interleukins R-HSA-449147	7/453	0.0046125813613055	0.0083926480378876	0	0	3.6365844544095673	19.56107006571629	PSMA5;PSMD12;PSMD6;PSMD11;PSMD7;PSMD14;PSMD3	5.0
Reactome_2022	Positive Epigenetic Regulation Of rRNA Expression R-HSA-5250913	3/74	0.0046784530503368	0.0084302559795925	0	0	9.5252880921895	51.10114904836328	H2AJ;H2BC26;H3-3B	5.0
Reactome_2022	NoRC Negatively Regulates rRNA Expression R-HSA-427413	3/74	0.0046784530503368	0.0084302559795925	0	0	9.5252880921895	51.10114904836328	H2AJ;H2BC26;H3-3B	5.0
Reactome_2022	Transcriptional Regulation By Small RNAs R-HSA-5578749	3/76	0.0050406794648644	0.0090392953865117	0	0	9.263387297633871	49.005304796242974	H2AJ;H2BC26;H3-3B	5.0
Reactome_2022	Negative Epigenetic Regulation Of rRNA Expression R-HSA-5250941	3/77	0.0052279588424948	0.0093302806136391	0	0	9.1377457002457	48.00728851962951	H2AJ;H2BC26;H3-3B	5.0
Reactome_2022	RNA Polymerase I Promoter Clearance R-HSA-73854	3/78	0.0054193830895469	0.009625856630481	0	0	9.015454545454546	47.04059793462864	H2AJ;H2BC26;H3-3B	5.0
Reactome_2022	RNA Polymerase I Transcription R-HSA-73864	3/79	0.0056149770279872	0.0099260020447358	0	0	8.896381578947368	46.103876451917785	H2AJ;H2BC26;H3-3B	5.0
Reactome_2022	Senescence-Associated Secretory Phenotype (SASP) R-HSA-2559582	3/81	0.006018770310519	0.0105896288953944	0	0	8.667395104895105	44.31528441329418	H2AJ;H2BC26;H3-3B	5.0
Reactome_2022	FGFR2 Alternative Splicing R-HSA-6803529	2/26	0.006198297963868	0.0108542964343791	0	0	18.618913857677903	94.64888639387834	HNRNPM;NCBP2	5.0
Reactome_2022	SARS-CoV Infections R-HSA-9679506	6/369	0.006778929958341	0.0118156115629028	0	0	3.8008750607681088	18.981326845890493	RPS28;RPS29;SNRPG;DDX20;G3BP2;RPS12	5.0
Reactome_2022	Innate Immune System R-HSA-168249	11/1035	0.0072433406987249	0.0125663538633692	0	0	2.53582763671875	12.495728760718157	EEF1A1;PSMA5;PSMD12;PSMD6;PSMD11;PSMD7;PSMD14;PSMD3;HUWE1;PA2G4;SRP14	5.0
Reactome_2022	Meiosis R-HSA-1500620	3/88	0.0075667660576629	0.0130370677790782	0	0	7.9508021390374335	38.83163422625055	H2AJ;H2BC26;H3-3B	5.0
Reactome_2022	Generic Transcription Pathway R-HSA-212436	12/1190	0.0075845675819302	0.0130370677790782	0	0	2.4152930304528164	11.790590290103262	PSMA5;PRMT5;H2AJ;PSMD12;PSMD6;PSMD11;PSMD7;SNW1;H2BC26;PSMD14;PSMD3;H3-3B	5.0
Reactome_2022	Activation Of HOX Genes During Differentiation R-HSA-5619507	3/91	0.0082955857295474	0.0141938232895467	0	0	7.678589876033058	36.7960464463958	H2AJ;H2BC26;H3-3B	5.0
Reactome_2022	Telomere Maintenance R-HSA-157579	3/92	0.0085473833824115	0.0145578721536051	0	0	7.591930541368743	36.15376079645362	H2AJ;H2BC26;H3-3B	5.0
Reactome_2022	Oxidative Stress Induced Senescence R-HSA-2559580	3/93	0.0088036388025638	0.0149261694243469	0	0	7.507196969696969	35.52848637790235	H2AJ;H2BC26;H3-3B	5.0
Reactome_2022	Striated Muscle Contraction R-HSA-390522	2/33	0.009864460788354	0.016574071504757	0	0	14.409568684305908	66.55515792073881	ACTN3;TPM4	5.0
Reactome_2022	Packaging Of Telomere Ends R-HSA-171306	2/33	0.009864460788354	0.016574071504757	0	0	14.409568684305908	66.55515792073881	H2AJ;H2BC26	5.0
Reactome_2022	Cleavage Of Damaged Purine R-HSA-110331	2/37	0.0122972836819531	0.0205689991630875	0	0	12.760192616372391	56.12413618638522	H2AJ;H2BC26	5.0
Reactome_2022	Mitotic Prophase R-HSA-68875	3/112	0.0145385660683967	0.0242093086763927	0	0	6.192660550458716	26.20083982822115	H2AJ;H2BC26;H3-3B	5.0
Reactome_2022	Reproduction R-HSA-1474165	3/113	0.014886811622751	0.0246790254901605	0	0	6.136053719008265	25.816093538162875	H2AJ;H2BC26;H3-3B	5.0
Reactome_2022	Cleavage Of Damaged Pyrimidine R-HSA-110329	2/42	0.0156663367587263	0.0258563876593138	0	0	11.162359550561796	46.39345668997293	H2AJ;H2BC26	5.0
Reactome_2022	Epigenetic Regulation Of Gene Expression R-HSA-212165	3/116	0.0159598116211819	0.026224712487669	0	0	5.972244569589702	24.71124581062369	H2AJ;H2BC26;H3-3B	5.0
Reactome_2022	Chromosome Maintenance R-HSA-73886	3/118	0.0166987625400744	0.0273185895940691	0	0	5.867786561264822	24.01345096177551	H2AJ;H2BC26;H3-3B	5.0
Reactome_2022	Estrogen-dependent Gene Expression R-HSA-9018519	3/119	0.0170753406392121	0.0277518077652124	0	0	5.816908307210031	23.675514398050368	H2AJ;H2BC26;H3-3B	5.0
Reactome_2022	Base-Excision Repair, AP Site Formation R-HSA-73929	2/44	0.017112374761391	0.0277518077652124	0	0	10.629748528624932	43.2413217419331	H2AJ;H2BC26	5.0
Reactome_2022	Adaptive Immune System R-HSA-1280218	8/733	0.0184724450059984	0.0298278008105516	0	0	2.550427918570835	10.179969573096358	PSMA5;PSMD12;PSMD6;PSMD11;PSMD7;PSMD14;PSMD3;HUWE1	5.0
Reactome_2022	RMTs Methylate Histone Arginines R-HSA-3214858	2/49	0.020963865245223	0.0337048350709836	0	0	9.496533588333731	36.70367522158317	PRMT5;H2AJ	5.0
Reactome_2022	Deposition Of New CENPA-containing Nucleosomes At Centromere R-HSA-606279	2/53	0.0242793587898225	0.0388678147150377	0	0	8.74994492178894	32.53342153071924	H2AJ;H2BC26	5.0
Reactome_2022	Signaling By Rho GTPases R-HSA-194315	7/644	0.0274685617909207	0.0437853570427925	0	0	2.521193092621664	9.062965928118762	H2AJ;ACTC1;H2BC26;TPM4;HSPE1;RBMX;H3-3B	5.0
Reactome_2022	Meiotic Synapsis R-HSA-1221632	2/60	0.0305559283822664	0.0484994097301506	0	0	7.691204959318093	26.828434659234368	H2AJ;H2BC26	5.0
Reactome_2022	Signaling By Rho GTPases, Miro GTPases And RHOBTB3 R-HSA-9716542	7/660	0.0308130687380974	0.0487003162682642	0	0	2.4573762123532417	8.551217969319513	H2AJ;ACTC1;H2BC26;TPM4;HSPE1;RBMX;H3-3B	5.0
Reactome_2022	Transcription Of HIV Genome R-HSA-167172	2/69	0.0394533520141674	0.0620932502163901	0	0	6.655039409693107	21.51332175160216	NCBP2;GTF2E2	5.0
Reactome_2022	Small Interfering RNA (siRNA) Biogenesis R-HSA-426486	1/9	0.0402202524791915	0.0627705195595751	0	0	27.64027777777778	88.81884342634399	TARBP2	5.0
Reactome_2022	Type I Hemidesmosome Assembly R-HSA-446107	1/9	0.0402202524791915	0.0627705195595751	0	0	27.64027777777778	88.81884342634399	PLEC	5.0
Reactome_2022	Cytokine Signaling In Immune System R-HSA-1280215	7/702	0.0408756347589909	0.0635275490212651	0	0	2.303836930455636	7.365876092501781	PSMA5;PSMD12;PSMD6;PSMD11;PSMD7;PSMD14;PSMD3	5.0
Reactome_2022	Transport Of Small Molecules R-HSA-382551	7/706	0.0419341061871075	0.064902164347681	0	0	2.290176442536957	7.263651381007047	PSMA5;PSMD12;PSMD6;PSMD11;PSMD7;PSMD14;PSMD3	5.0
Reactome_2022	Base Excision Repair R-HSA-73884	2/72	0.0426124157987979	0.0654091814524758	0	0	6.368860353130016	20.097636982815235	H2AJ;H2BC26	5.0
Reactome_2022	Signaling By FGFR2 R-HSA-5654738	2/72	0.0426124157987979	0.0654091814524758	0	0	6.368860353130016	20.097636982815235	HNRNPM;NCBP2	5.0
Reactome_2022	Metabolism R-HSA-1430728	15/2049	0.043081866028741	0.0658587542160673	0	0	1.7344938674118926	5.45438153825148	PSMD12;PSMD11;PSMD14;RPL10L;RPL6;PSMA5;PSMD6;RPS28;PSMD7;RPS29;PSMD3;RPL14;RPL38;TKT;RPS12	5.0
Reactome_2022	RNA Polymerase II Transcribes snRNA Genes R-HSA-6807505	2/74	0.0447694517782037	0.0681592061766122	0	0	6.191323345817728	19.23166968597553	NCBP2;GTF2E2	5.0
Reactome_2022	Amyloid Fiber Formation R-HSA-977225	2/79	0.050334019027132	0.0763194678744725	0	0	5.787830147380709	17.30025323429962	H2BC26;H3-3B	5.0
Reactome_2022	Signal Transduction R-HSA-162582	17/2465	0.0514704892971708	0.0774208728165705	0	0	1.6386073573573574	4.861332902703614	PSMD12;PSMD11;TPM4;PSMD14;NCBP2;HSPE1;PSMA5;HNRNPM;H2AJ;PSMD6;PSMD7;SNW1;ACTC1;H2BC26;PSMD3;RBMX;H3-3B	5.0
Reactome_2022	RNA Polymerase II Pre-transcription Events R-HSA-674695	2/80	0.0514755401032426	0.0774208728165705	0	0	5.713339095361567	16.949469049146877	NCBP2;GTF2E2	5.0
Reactome_2022	Caspase-mediated Cleavage Of Cytoskeletal Proteins R-HSA-264870	1/12	0.0532681882881208	0.079795318198671	0	0	20.0989898989899	58.93859893285312	PLEC	5.0
Reactome_2022	ESR-mediated Signaling R-HSA-8939211	3/188	0.0544659099088921	0.081263137584067	0	0	3.634643734643735	10.577468518777728	H2AJ;H2BC26;H3-3B	5.0
Reactome_2022	Signaling By FGFR R-HSA-190236	2/86	0.0585159662229931	0.0869579896461213	0	0	5.303638309256287	15.054142045405325	HNRNPM;NCBP2	5.0
Reactome_2022	Pentose Phosphate Pathway R-HSA-71336	1/14	0.061869192229165	0.0912142636422077	0	0	17.005128205128205	47.32073015810725	TKT	5.0
Reactome_2022	RUNX3 Regulates NOTCH Signaling R-HSA-8941856	1/14	0.061869192229165	0.0912142636422077	0	0	17.005128205128205	47.32073015810725	SNW1	5.0
Reactome_2022	Regulation Of Gene Expression In Late Stage (Branching Morphogenesis) Pancreatic Bud Precursor Cells R-HSA-210744	1/16	0.0703929089335409	0.1033722639063416	0	0	14.736296296296295	39.10516049943563	SNW1	5.0
Reactome_2022	Protein Methylation R-HSA-8876725	1/17	0.0746259993488433	0.1091588147337982	0	0	13.814583333333331	35.852522791117856	EEF1A1	5.0
Reactome_2022	Initiation Of Nuclear Envelope (NE) Reformation R-HSA-2995383	1/19	0.0830350705457495	0.1200468267967618	0	0	12.278395061728396	30.55469063103589	PPP2R2A	5.0
Reactome_2022	Regulation Of TP53 Activity Thru Methylation R-HSA-6804760	1/19	0.0830350705457495	0.1200468267967618	0	0	12.278395061728396	30.55469063103589	PRMT5	5.0
Reactome_2022	Signaling By FGFR2 IIIa TM R-HSA-8851708	1/19	0.0830350705457495	0.1200468267967618	0	0	12.278395061728396	30.55469063103589	NCBP2	5.0
Reactome_2022	Chaperone Mediated Autophagy R-HSA-9613829	1/20	0.0872112207421384	0.1246351928613702	0	0	11.63157894736842	28.37433281380585	EEF1A1	5.0
Reactome_2022	Class I Peroxisomal Membrane Protein Import R-HSA-9603798	1/20	0.0872112207421384	0.1246351928613702	0	0	11.63157894736842	28.37433281380585	FIS1	5.0
Reactome_2022	NOTCH4 Intracellular Domain Regulates Transcription R-HSA-9013695	1/20	0.0872112207421384	0.1246351928613702	0	0	11.63157894736842	28.37433281380585	SNW1	5.0
Reactome_2022	Chromatin Modifying Enzymes R-HSA-3247509	3/238	0.094648101565118	0.1347471064266756	0	0	2.8540618955512573	6.728706240139053	PRMT5;H2AJ;H2BC26	5.0
Reactome_2022	RNA Polymerase III Transcription Termination R-HSA-73980	1/22	0.0955071710697484	0.1349400560947582	0	0	10.522751322751322	24.71324912687108	NFIA	5.0
Reactome_2022	Nephrin Family Interactions R-HSA-373753	1/22	0.0955071710697484	0.1349400560947582	0	0	10.522751322751322	24.71324912687108	ACTN3	5.0
Reactome_2022	Post-translational Protein Modification R-HSA-597592	10/1383	0.0973619569110988	0.1370415468975089	0	0	1.666711625439472	3.8823042746242766	EEF1A1;PSMA5;PSMD12;PSMD6;PSMD11;PSMD7;H2BC26;PSMD14;PSMD3;DCUN1D1	5.0
Reactome_2022	Abortive Elongation Of HIV-1 Transcript In Absence Of Tat R-HSA-167242	1/23	0.0996271383895574	0.1386601590272571	0	0	10.043939393939391	23.16454510995958	NCBP2	5.0
Reactome_2022	RHOBTB1 GTPase Cycle R-HSA-9013422	1/23	0.0996271383895574	0.1386601590272571	0	0	10.043939393939391	23.16454510995958	RBMX	5.0
Reactome_2022	RHOBTB2 GTPase Cycle R-HSA-9013418	1/23	0.0996271383895574	0.1386601590272571	0	0	10.043939393939391	23.16454510995958	RBMX	5.0
Reactome_2022	Cell-Cell Communication R-HSA-1500931	2/120	0.1036929251678962	0.1432990635499322	0	0	3.768996381641592	8.541757118946	ACTN3;PLEC	5.0
Reactome_2022	MicroRNA (miRNA) Biogenesis R-HSA-203927	1/24	0.1037285446608088	0.1432990635499322	0	0	9.606763285024154	21.76871367585296	TARBP2	5.0
Reactome_2022	Cyclin A/B1/B2 Associated Events During G2/M Transition R-HSA-69273	1/25	0.1078114725710848	0.1478444090772597	0	0	9.20601851851852	20.505220529335578	PPP2R2A	5.0
Reactome_2022	NOTCH3 Intracellular Domain Regulates Transcription R-HSA-9013508	1/25	0.1078114725710848	0.1478444090772597	0	0	9.20601851851852	20.505220529335578	SNW1	5.0
Reactome_2022	Signaling By Nuclear Receptors R-HSA-9006931	3/260	0.1152873804525072	0.1575171901420703	0	0	2.606827025114963	5.631599607950842	H2AJ;H2BC26;H3-3B	5.0
Reactome_2022	Prefoldin Mediated Transfer Of Substrate To CCT/TriC R-HSA-389957	1/28	0.1199502075259735	0.1626960996625023	0	0	8.181893004115226	17.351165070718814	VBP1	5.0
Reactome_2022	Notch-HLH Transcription Pathway R-HSA-350054	1/28	0.1199502075259735	0.1626960996625023	0	0	8.181893004115226	17.351165070718814	SNW1	5.0
Reactome_2022	HSF1 Activation R-HSA-3371511	1/29	0.1239600415911738	0.1666215657504275	0	0	7.889285714285714	16.47121924030951	EEF1A1	5.0
Reactome_2022	mRNA Capping R-HSA-72086	1/29	0.1239600415911738	0.1666215657504275	0	0	7.889285714285714	16.47121924030951	NCBP2	5.0
Reactome_2022	RHO GTPase Effectors R-HSA-195258	3/269	0.1241844377442864	0.1666215657504275	0	0	2.517472658920027	5.251416289901289	H2AJ;H2BC26;H3-3B	5.0
Reactome_2022	Late Phase Of HIV Life Cycle R-HSA-162599	2/136	0.1273969805517062	0.1703192607375857	0	0	3.316283749790374	6.833027688239336	NCBP2;GTF2E2	5.0
Reactome_2022	Metalloprotease DUBs R-HSA-5689901	1/31	0.1319255791544341	0.1751182954612239	0	0	7.362592592592593	14.91305874036	PSMD14	5.0
Reactome_2022	Downregulation Of SMAD2/3:SMAD4 Transcriptional Activity R-HSA-2173795	1/31	0.1319255791544341	0.1751182954612239	0	0	7.362592592592593	14.91305874036	SNW1	5.0
Reactome_2022	FGFR2 Mutant Receptor Activation R-HSA-1839126	1/33	0.139819477714127	0.1836361450259485	0	0	6.901736111111111	13.578497250356977	NCBP2	5.0
Reactome_2022	Formation Of Early Elongation Complex R-HSA-113418	1/33	0.139819477714127	0.1836361450259485	0	0	6.901736111111111	13.578497250356977	NCBP2	5.0
Reactome_2022	Cooperation Of Prefoldin And TriC/CCT In Actin And Tubulin Folding R-HSA-389958	1/33	0.139819477714127	0.1836361450259485	0	0	6.901736111111111	13.578497250356977	VBP1	5.0
Reactome_2022	RHO GTPase Cycle R-HSA-9012999	4/441	0.1416160879686595	0.1853431607449473	0	0	2.048659880586023	4.004383306620234	ACTC1;TPM4;HSPE1;RBMX	5.0
Reactome_2022	HIV Life Cycle R-HSA-162587	2/149	0.147499411323902	0.1912173807500744	0	0	3.0210196438125814	5.782023432586494	NCBP2;GTF2E2	5.0
Reactome_2022	RHOBTB GTPase Cycle R-HSA-9706574	1/35	0.1476423744129261	0.1912173807500744	0	0	6.495098039215686	12.42487780398028	RBMX	5.0
Reactome_2022	Transport Of SLBP Independent Mature mRNA R-HSA-159227	1/35	0.1476423744129261	0.1912173807500744	0	0	6.495098039215686	12.42487780398028	NCBP2	5.0
Reactome_2022	Transport Of SLBP Dependant Mature mRNA R-HSA-159230	1/36	0.1515273946369231	0.1955699591680703	0	0	6.309206349206349	11.90540201874753	NCBP2	5.0
Reactome_2022	RHOV GTPase Cycle R-HSA-9013424	1/37	0.1553949008269251	0.1998699931325623	0	0	6.133641975308642	11.419526641299596	TPM4	5.0
Reactome_2022	Apoptotic Cleavage Of Cellular Proteins R-HSA-111465	1/38	0.1592449710043435	0.2041181243457737	0	0	5.967567567567568	10.964280902508728	PLEC	5.0
Reactome_2022	RNA Polymerase III Abortive And Retractive Initiation R-HSA-749476	1/40	0.1668931140336256	0.2131888066251451	0	0	5.660968660968661	10.135407955018016	NFIA	5.0
Reactome_2022	DNA Repair R-HSA-73894	3/310	0.1675795755577109	0.2133350910683487	0	0	2.17671009771987	3.88825063596189	H2AJ;H2BC26;PRPF19	5.0
Reactome_2022	Regulation Of Beta-Cell Development R-HSA-186712	1/41	0.170691341323327	0.2165573820190509	0	0	5.519166666666667	9.757325781325308	SNW1	5.0
Reactome_2022	Transport Of Mature mRNA Derived From An Intronless Transcript R-HSA-159231	1/42	0.174472441534073	0.2183832909134538	0	0	5.384281842818428	9.400894059774712	NCBP2	5.0
Reactome_2022	RND1 GTPase Cycle R-HSA-9696273	1/42	0.174472441534073	0.2183832909134538	0	0	5.384281842818428	9.400894059774712	RBMX	5.0
Reactome_2022	RND3 GTPase Cycle R-HSA-9696264	1/42	0.174472441534073	0.2183832909134538	0	0	5.384281842818428	9.400894059774712	RBMX	5.0
Reactome_2022	Signaling By FGFR2 In Disease R-HSA-5655253	1/42	0.174472441534073	0.2183832909134538	0	0	5.384281842818428	9.400894059774712	NCBP2	5.0
Reactome_2022	Smooth Muscle Contraction R-HSA-445355	1/43	0.1782364909946805	0.2201397719901186	0	0	5.2558201058201055	9.064418660017266	TPM4	5.0
Reactome_2022	Formation Of HIV-1 Elongation Complex Containing HIV-1 Tat R-HSA-167200	1/43	0.1782364909946805	0.2201397719901186	0	0	5.2558201058201055	9.064418660017266	NCBP2	5.0
Reactome_2022	Transport Of Mature mRNAs Derived From Intronless Transcripts R-HSA-159234	1/43	0.1782364909946805	0.2201397719901186	0	0	5.2558201058201055	9.064418660017266	NCBP2	5.0
Reactome_2022	RND2 GTPase Cycle R-HSA-9696270	1/43	0.1782364909946805	0.2201397719901186	0	0	5.2558201058201055	9.064418660017266	RBMX	5.0
Reactome_2022	Formation Of HIV Elongation Complex In Absence Of HIV Tat R-HSA-167152	1/45	0.1857137415681219	0.2286179062868299	0	0	5.016414141414141	8.445378081370217	NCBP2	5.0
Reactome_2022	HIV Transcription Initiation R-HSA-167161	1/46	0.1894270937743082	0.2324220591375558	0	0	4.904691358024691	8.160185435636516	GTF2E2	5.0
Reactome_2022	Cyclin D Associated Events In G1 R-HSA-69231	1/47	0.1931236973708322	0.2361807839977718	0	0	4.797826086956522	7.889662170918938	PPP2R2A	5.0
Reactome_2022	NOTCH1 Intracellular Domain Regulates Transcription R-HSA-2122947	1/48	0.1968036270868368	0.2398946173313403	0	0	4.695508274231679	7.63277814208722	SNW1	5.0
Reactome_2022	Signaling By NOTCH3 R-HSA-9012852	1/49	0.2004669573314919	0.2435640882236042	0	0	4.597453703703704	7.388594729250947	SNW1	5.0
Reactome_2022	Transcriptional Activity Of SMAD2/SMAD3:SMAD4 Heterotrimer R-HSA-2173793	1/51	0.2077441151626174	0.2507720225102146	0	0	4.413111111111111	6.934975389189486	SNW1	5.0
Reactome_2022	Nonhomologous End-Joining (NHEJ) R-HSA-5693571	1/51	0.2077441151626174	0.2507720225102146	0	0	4.413111111111111	6.934975389189486	H2BC26	5.0
Reactome_2022	Formation Of TC-NER Pre-Incision Complex R-HSA-6781823	1/52	0.2113580898786739	0.2543115081443399	0	0	4.326361655773421	6.724037669112319	PRPF19	5.0
Reactome_2022	Sensory Processing Of Sound By Outer Hair Cells Of Cochlea R-HSA-9662361	1/53	0.2149557593339884	0.2578086759857803	0	0	4.2429487179487175	6.522782832535751	EPS8	5.0
Reactome_2022	Signaling By ALK Fusions And Activated Point Mutants R-HSA-9725370	1/55	0.2221024731436683	0.2655263541108598	0	0	4.0853909465020575	6.146946271109125	TPM4	5.0
Reactome_2022	Muscle Contraction R-HSA-397014	2/196	0.2242197868334667	0.2672012156194348	0	0	2.2836789065214878	3.414393456719678	TPM4;ACTN3	5.0
Reactome_2022	Assembly Of Collagen Fibrils And Other Multimeric Structures R-HSA-2022090	1/57	0.2291848347206408	0.2713839471453938	0	0	3.9390873015873016	5.803167650681655	PLEC	5.0
Reactome_2022	tRNA Processing In Nucleus R-HSA-6784531	1/57	0.2291848347206408	0.2713839471453938	0	0	3.9390873015873016	5.803167650681655	DDX1	5.0
Reactome_2022	Formation Of RNA Pol II Elongation Complex R-HSA-112382	1/58	0.2327020627321415	0.2738103135617943	0	0	3.869785575048733	5.642133221925396	NCBP2	5.0
Reactome_2022	Constitutive Signaling By NOTCH1 HD+PEST Domain Mutants R-HSA-2894862	1/58	0.2327020627321415	0.2738103135617943	0	0	3.869785575048733	5.642133221925396	SNW1	5.0
Reactome_2022	HDACs Deacetylate Histones R-HSA-3214815	1/60	0.2396889689588318	0.2793874544426383	0	0	3.738229755178908	5.339736572906059	H2BC26	5.0
Reactome_2022	Recruitment And ATM-mediated Phosphorylation Of Repair And Signal Proteins At DNA Double Strand Breaks R-HSA-5693565	1/60	0.2396889689588318	0.2793874544426383	0	0	3.738229755178908	5.339736572906059	H2BC26	5.0
Reactome_2022	rRNA Modification In Nucleus And Cytosol R-HSA-6790901	1/60	0.2396889689588318	0.2793874544426383	0	0	3.738229755178908	5.339736572906059	BMS1	5.0
Reactome_2022	DNA Double Strand Break Response R-HSA-5693606	1/61	0.2431587885228242	0.2816715158975573	0	0	3.675740740740741	5.197646636366268	H2BC26	5.0
Reactome_2022	Signaling By FGFR In Disease R-HSA-1226099	1/61	0.2431587885228242	0.2816715158975573	0	0	3.675740740740741	5.197646636366268	NCBP2	5.0
Reactome_2022	Signaling By BRAF And RAF1 Fusions R-HSA-6802952	1/62	0.2466129461728016	0.2847883248373219	0	0	3.615300546448088	5.061186460857805	SND1	5.0
Reactome_2022	Gap-filling DNA Repair Synthesis And Ligation In TC-NER R-HSA-6782210	1/64	0.2534745549364011	0.2918086697261654	0	0	3.500176366843033	4.8039634880282005	PRPF19	5.0
Reactome_2022	Dual Incision In TC-NER R-HSA-6782135	1/65	0.2568821449606544	0.2948216617548434	0	0	3.4453125	4.682654724384663	PRPF19	5.0
Reactome_2022	Sensory Processing Of Sound By Inner Hair Cells Of Cochlea R-HSA-9662360	1/67	0.2636512412512848	0.301662309775243	0	0	3.3405723905723907	4.453410940878656	EPS8	5.0
Reactome_2022	Immune System R-HSA-168256	11/1943	0.2677809479704952	0.3054504391223079	0	0	1.2794189958592133	1.6857445455758855	EEF1A1;PSMA5;PSMD12;PSMD6;PSMD11;PSMD7;PSMD14;PSMD3;HUWE1;PA2G4;SRP14	5.0
Reactome_2022	RHOB GTPase Cycle R-HSA-9013026	1/69	0.2703593489278758	0.307451332774688	0	0	3.241993464052288	4.240538094186325	ACTC1	5.0
Reactome_2022	RHOG GTPase Cycle R-HSA-9013408	1/74	0.286866347500591	0.3242459018718802	0	0	3.0191780821917806	3.7701649960105934	HSPE1	5.0
Reactome_2022	Signaling By NOTCH1 R-HSA-1980143	1/74	0.286866347500591	0.3242459018718802	0	0	3.0191780821917806	3.7701649960105934	SNW1	5.0
Reactome_2022	Sensory Processing Of Sound R-HSA-9659379	1/75	0.2901231508061497	0.3259516122008851	0	0	2.9782282282282284	3.685407890205616	EPS8	5.0
Reactome_2022	Nuclear Envelope (NE) Reassembly R-HSA-2995410	1/75	0.2901231508061497	0.3259516122008851	0	0	2.9782282282282284	3.685407890205616	PPP2R2A	5.0
Reactome_2022	G2/M DNA Damage Checkpoint R-HSA-69473	1/77	0.2965926907692667	0.3312247714279535	0	0	2.899561403508772	3.5241138614323195	H2BC26	5.0
Reactome_2022	Transcription-Coupled Nucleotide Excision Repair (TC-NER) R-HSA-6781827	1/77	0.2965926907692667	0.3312247714279535	0	0	2.899561403508772	3.5241138614323195	PRPF19	5.0
Reactome_2022	Oncogenic MAPK Signaling R-HSA-6802957	1/78	0.2998055585733353	0.3338133532771764	0	0	2.8617604617604617	3.447337185759639	SND1	5.0
Reactome_2022	Processing Of DNA Double-Strand Break Ends R-HSA-5693607	1/80	0.3061878155088421	0.3399049261452325	0	0	2.789029535864979	3.300974284480818	H2BC26	5.0
Reactome_2022	Mitochondrial Translation Elongation R-HSA-5389840	1/82	0.3125125317289567	0.3438559714893831	0	0	2.7198902606310016	3.163533489654325	MRPS23	5.0
Reactome_2022	Mitochondrial Translation Initiation R-HSA-5368286	1/82	0.3125125317289567	0.3438559714893831	0	0	2.7198902606310016	3.163533489654325	MRPS23	5.0
Reactome_2022	Mitochondrial Translation Termination R-HSA-5419276	1/82	0.3125125317289567	0.3438559714893831	0	0	2.7198902606310016	3.163533489654325	MRPS23	5.0
Reactome_2022	Cell Junction Organization R-HSA-446728	1/86	0.3249913897203026	0.3565346716637438	0	0	2.591372549019608	2.9125902540604933	PLEC	5.0
Reactome_2022	Mitochondrial Translation R-HSA-5368287	1/88	0.3311465440950161	0.3622218796112639	0	0	2.53154533844189	2.797849402738823	MRPS23	5.0
Reactome_2022	Chaperonin-mediated Protein Folding R-HSA-390466	1/90	0.3372461830168844	0.3667429337180696	0	0	2.474406991260924	2.689537136090647	VBP1	5.0
Reactome_2022	Collagen Formation R-HSA-1474290	1/90	0.3372461830168844	0.3667429337180696	0	0	2.474406991260924	2.689537136090647	PLEC	5.0
Reactome_2022	HCMV Late Events R-HSA-9610379	1/91	0.3402753390653056	0.3678918883227797	0	0	2.44679012345679	2.6376401649290213	H2BC26	5.0
Reactome_2022	Signaling By TGF-beta Receptor Complex R-HSA-170834	1/91	0.3402753390653056	0.3678918883227797	0	0	2.44679012345679	2.6376401649290213	SNW1	5.0
Reactome_2022	HCMV Early Events R-HSA-9609690	1/96	0.3552169370160284	0.3818326152938864	0	0	2.3174269005847954	2.398598453124844	H2BC26	5.0
Reactome_2022	Protein Folding R-HSA-391251	1/96	0.3552169370160284	0.3818326152938864	0	0	2.3174269005847954	2.398598453124844	VBP1	5.0
Reactome_2022	Cellular Response To Heat Stress R-HSA-3371556	1/99	0.3640207295484168	0.3901716440274698	0	0	2.2461451247165534	2.269829520354966	EEF1A1	5.0
Reactome_2022	Integration Of Energy Metabolism R-HSA-163685	1/105	0.3812731935210421	0.406328289095282	0	0	2.1159188034188032	2.040251679595708	TKT	5.0
Reactome_2022	tRNA Processing R-HSA-72306	1/105	0.3812731935210421	0.406328289095282	0	0	2.1159188034188032	2.040251679595708	DDX1	5.0
Reactome_2022	HATs Acetylate Histones R-HSA-3214847	1/106	0.3841032532502064	0.4081781010322706	0	0	2.095661375661376	2.0052207489993443	H2BC26	5.0
Reactome_2022	Nucleotide Excision Repair R-HSA-5696398	1/108	0.3897250206119661	0.4129756610462027	0	0	2.056282450674974	1.9376634613548205	PRPF19	5.0
Reactome_2022	HDR Thru Homologous Recombination (HRR) Or Single Strand Annealing (SSA) R-HSA-5693567	1/114	0.4062875981541143	0.4293067255282851	0	0	1.9465093411996064	1.7532092851817729	H2BC26	5.0
Reactome_2022	Homology Directed Repair R-HSA-5693538	1/119	0.4197495434318189	0.4410326188734322	0	0	1.8635593220338984	1.6177503886071494	H2BC26	5.0
Reactome_2022	Signaling By TGFB Family Members R-HSA-9006936	1/119	0.4197495434318189	0.4410326188734322	0	0	1.8635593220338984	1.6177503886071494	SNW1	5.0
Reactome_2022	HCMV Infection R-HSA-9609646	1/121	0.425049394095492	0.4440992268840855	0	0	1.8323148148148147	1.5676367481725435	H2BC26	5.0
Reactome_2022	SARS-CoV-2 Activates/Modulates Innate And Adaptive Immune Responses R-HSA-9705671	1/121	0.425049394095492	0.4440992268840855	0	0	1.8323148148148147	1.5676367481725435	G3BP2	5.0
Reactome_2022	Platelet Degranulation R-HSA-114608	1/125	0.4355058821259023	0.4537533352876021	0	0	1.7728494623655917	1.4736757548086197	TAGLN2	5.0
Reactome_2022	Autophagy R-HSA-9612973	1/128	0.4432246116506438	0.4605091368960728	0	0	1.7307086614173228	1.4082406238009513	EEF1A1	5.0
Reactome_2022	Response To Elevated Platelet Cytosolic Ca2+ R-HSA-76005	1/130	0.4483123448376989	0.4645014017346159	0	0	1.7037037037037035	1.3668220072271482	TAGLN2	5.0
Reactome_2022	Factors Involved In Megakaryocyte Development And Platelet Production R-HSA-983231	1/136	0.4633012760172331	0.4787018724499389	0	0	1.6274897119341565	1.2521543440252865	H3-3B	5.0
Reactome_2022	RHOA GTPase Cycle R-HSA-8980692	1/147	0.4897423397306892	0.5046240130374229	0	0	1.5040334855403348	1.0736932031668935	ACTC1	5.0
Reactome_2022	DNA Double-Strand Break Repair R-HSA-5693532	1/149	0.4944094516680405	0.5080295467553144	0	0	1.4835585585585584	1.0450056757744657	H2BC26	5.0
Reactome_2022	Regulation Of TP53 Activity R-HSA-5633007	1/157	0.5126594267133968	0.5253350718793873	0	0	1.406908831908832	0.9400170471695106	PRMT5	5.0
Reactome_2022	Protein Localization R-HSA-9609507	1/164	0.5280926969223674	0.5396673313754603	0	0	1.3460122699386503	0.8594065556078457	FIS1	5.0
Reactome_2022	Keratinization R-HSA-6805567	1/208	0.614614783938285	0.626369711499946	0	0	1.057541599570585	0.5147684995579006	KRT18	5.0
Reactome_2022	Signaling By Receptor Tyrosine Kinases R-HSA-9006934	2/496	0.663457037414655	0.6743037464732052	0	0	0.8831824591729973	0.3623619722287097	HNRNPM;NCBP2	5.0
Reactome_2022	Platelet Activation, Signaling And Aggregation R-HSA-76002	1/254	0.6883081676165442	0.6976601807635081	0	0	0.8632411067193676	0.3224366297464211	TAGLN2	5.0
Reactome_2022	Metabolism Of Carbohydrates R-HSA-71387	1/285	0.7299216913447085	0.7378341216031878	0	0	0.7678012519561815	0.2417176719860894	TKT	5.0
Reactome_2022	Extracellular Matrix Organization R-HSA-1474244	1/291	0.737316520077526	0.7432947621322086	0	0	0.7516858237547893	0.229067240615099	PLEC	5.0
Reactome_2022	Hemostasis R-HSA-109582	2/576	0.7418056331672329	0.7458045853675954	0	0	0.7569588536976862	0.2260794020848914	TAGLN2;H3-3B	5.0
Reactome_2022	Transcriptional Regulation By TP53 R-HSA-3700989	1/354	0.8038391051812622	0.8059999629908893	0	0	0.6155492603084671	0.1344089652394377	PRMT5	5.0
Reactome_2022	Sensory Perception R-HSA-9709957	1/616	0.9423501814005266	0.9423501814005266	0	0	0.3485817524841915	0.020698202687054	EPS8	5.0
Reactome_2022	Signal Transduction R-HSA-162582	29/2465	1.960426786280172e-09	1.13900796282878e-06	0	0	4.842746400885936	97.09756723663688	ALK;CCNT1;TNKS;CXCR4;TANK;THBS1;SOX2;CDH5;MAPK8;CASP8;SOCS1;ERBB3;ERBB4;MYB;CAMK2G;USP7;CAV1;PLK1;PML;NFKB1;TNFRSF1A;CYLD;RARA;BAX;AMOTL2;PPARG;TP53;FGFR1;EIF4G1	12.0
Reactome_2022	Generic Transcription Pathway R-HSA-212436	20/1190	4.229591418542356e-09	1.2286963070865543e-06	0	0	6.166337935568705	118.89415106243206	USP7;CCNT1;CAV1;UBE2E1;THBS1;PML;NFKB1;SOX2;CDK7;RAD51;MYB;RARA;BAX;PPARG;CDK12;TP53;E2F6;CAMK2G;TP63;TAF1	12.0
Reactome_2022	RNA Polymerase II Transcription R-HSA-73857	20/1312	2.1983646437185173e-08	3.4080591466238028e-06	0	0	5.547749464158133	97.82328324667958	USP7;CCNT1;CAV1;UBE2E1;THBS1;PML;NFKB1;SOX2;CDK7;RAD51;MYB;RARA;BAX;PPARG;CDK12;TP53;E2F6;CAMK2G;TP63;TAF1	12.0
Reactome_2022	Cytokine Signaling In Immune System R-HSA-1280215	15/702	2.3463402042160432e-08	3.4080591466238028e-06	0	0	7.370336321152226	129.4807712345256	UBE2E1;MSN;SAMHD1;TANK;PML;NFKB1;TNFRSF1A;SOD1;SOX2;MAPK8;CASP8;SOCS1;TP53;CAMK2G;EIF4G1	12.0
Reactome_2022	TNFR1-induced Proapoptotic Signaling R-HSA-5357786	4/13	1.0768511474954489e-07	1.0977552076967689e-05	0	0	130.18954248366012	2088.768111376785	CYLD;CASP8;TANK;TNFRSF1A	12.0
Reactome_2022	Gene Expression (Transcription) R-HSA-74160	20/1449	1.1336542592393481e-07	1.0977552076967689e-05	0	0	4.979006298110567	79.62750197739379	USP7;CCNT1;CAV1;UBE2E1;THBS1;PML;NFKB1;SOX2;CDK7;RAD51;MYB;RARA;BAX;PPARG;CDK12;TP53;E2F6;CAMK2G;TP63;TAF1	12.0
Reactome_2022	Disease R-HSA-1643685	21/1736	4.604306556447539e-07	3.821574441851457e-05	0	0	4.372869147659063	63.80498666438776	ALK;CCNT1;TNKS;CAV1;UBE2E1;MSN;CXCR4;TANK;THBS1;PML;NFKB1;CDK7;MAPK8;CASP8;RAD51;ERBB3;ERBB4;TP53;CAMK2G;TAF1;FGFR1	12.0
Reactome_2022	Immune System R-HSA-168256	22/1943	6.985512648421727e-07	5.073228560916279e-05	0	0	4.124456012493493	58.46110061238901	UBE2D4;UBE2E3;UBE2E1;MSN;SAMHD1;TANK;PPL;PML;NFKB1;TNFRSF1A;SOD1;DCAF1;SOX2;CYLD;MAPK8;CASP8;SOCS1;FTH1;REL;TP53;CAMK2G;EIF4G1	12.0
Reactome_2022	Developmental Biology R-HSA-1266738	16/1073	1.0113778611660695e-06	6.529005970416516e-05	0	0	5.100959589133667	70.41465074034444	MSN;CXCR4;KRT75;PPL;PML;NFKB1;TGM1;SOX2;MAPK8;MED21;MYB;RARA;PPARG;TP63;FGFR1;EIF4G1	12.0
Reactome_2022	Intracellular Signaling By Second Messengers R-HSA-9006925	9/306	1.4935075007646616e-06	8.387275638951505e-05	0	0	9.442520442520442	126.66558737290715	USP7;ERBB3;TNKS;ERBB4;PPARG;TP53;CAMK2G;PML;FGFR1	12.0
Reactome_2022	Intrinsic Pathway For Apoptosis R-HSA-109606	5/55	1.5879523584934004e-06	8.387275638951505e-05	0	0	29.66865671641791	396.1675074280366	MAPK8;CASP8;BAX;TP53;TP63	12.0
Reactome_2022	Regulated Necrosis R-HSA-5218859	5/57	1.900656959630859e-06	9.202347446212742e-05	0	0	28.52468427095293	375.7645360320473	CASP8;BAX;TP53;TANK;TP63	12.0
Reactome_2022	MyD88:MAL(TIRAP) Cascade Initiated On Plasma Membrane R-HSA-166058	6/112	3.117065600362728e-06	0.00013930885490851886	0	0	17.0	215.53651469391423	MAPK8;CASP8;SOCS1;TP53;TANK;NFKB1	12.0
Reactome_2022	Transcriptional Regulation By TP53 R-HSA-3700989	9/354	4.912732466810632e-06	0.0001905029227983496	0	0	8.108902691511387	99.12063376373504	USP7;CDK7;CCNT1;BAX;CDK12;TP53;PML;TP63;TAF1	12.0
Reactome_2022	Signaling By Interleukins R-HSA-449147	10/453	4.918319865706099e-06	0.0001905029227983496	0	0	7.094225587999709	86.70948139078699	SOX2;MAPK8;CASP8;SOCS1;MSN;TP53;TANK;NFKB1;TNFRSF1A;SOD1	12.0
Reactome_2022	PIP3 Activates AKT Signaling R-HSA-1257604	8/268	5.340566593156744e-06	0.00019392932441400425	0	0	9.455769230769231	114.79472921958268	USP7;ERBB3;TNKS;ERBB4;PPARG;TP53;PML;FGFR1	12.0
Reactome_2022	Regulation Of TNFR1 Signaling R-HSA-5357905	4/35	7.4281669304435475e-06	0.000253868528622806	0	0	37.75521821631879	445.8978652625264	CYLD;CASP8;TANK;TNFRSF1A	12.0
Reactome_2022	Death Receptor Signaling R-HSA-73887	6/139	1.0839827464662273e-05	0.0003453351321590097	0	0	13.530416951469585	154.68356217317324	CYLD;MAPK8;CASP8;TANK;NFKB1;TNFRSF1A	12.0
Reactome_2022	Toll Like Receptor 4 (TLR4) Cascade R-HSA-166016	6/140	1.129323151638758e-05	0.0003453351321590097	0	0	13.42876526458616	152.9711876598913	MAPK8;CASP8;SOCS1;TP53;TANK;NFKB1	12.0
Reactome_2022	TNF Signaling R-HSA-75893	4/44	1.879354157329729e-05	0.0005459523827042863	0	0	29.24705882352941	318.2664145798235	CYLD;CASP8;TANK;TNFRSF1A	12.0
Reactome_2022	TAK1-dependent IKK And NF-kappa-B Activation R-HSA-445989	4/45	2.057112535198096e-05	0.0005691344680714732	0	0	28.532281205164992	307.9095977691175	CASP8;TANK;TP53;NFKB1	12.0
Reactome_2022	MyD88 Cascade Initiated On Plasma Membrane R-HSA-975871	5/96	2.488771674267869e-05	0.0006532358766336752	0	0	16.26783664097097	172.45755158028575	MAPK8;CASP8;TP53;TANK;NFKB1	12.0
Reactome_2022	Toll-like Receptor Cascades R-HSA-168898	6/162	2.585959580477544e-05	0.0006532358766336752	0	0	11.522144522144522	121.70644016766391	MAPK8;CASP8;SOCS1;TP53;TANK;NFKB1	12.0
Reactome_2022	TRAF6 Mediated Induction Of NFkB And MAP Kinases Upon TLR7/8 Or 9 Activation R-HSA-975138	5/101	3.180515881917056e-05	0.000728593910540044	0	0	15.416666666666666	159.65318167072937	MAPK8;CASP8;TP53;TANK;NFKB1	12.0
Reactome_2022	MyD88 Dependent Cascade Initiated On Endosome R-HSA-975155	5/102	3.335158464175789e-05	0.000728593910540044	0	0	15.256962609632252	157.27495378819094	MAPK8;CASP8;TP53;TANK;NFKB1	12.0
Reactome_2022	Toll Like Receptor 3 (TLR3) Cascade R-HSA-168164	5/103	3.495571092383986e-05	0.000728593910540044	0	0	15.100517819067926	154.95288693266352	MAPK8;CASP8;TP53;TANK;NFKB1	12.0
Reactome_2022	Toll Like Receptor 7/8 (TLR7/8) Cascade R-HSA-168181	5/103	3.495571092383986e-05	0.000728593910540044	0	0	15.100517819067926	154.95288693266352	MAPK8;CASP8;TP53;TANK;NFKB1	12.0
Reactome_2022	Regulation Of NF-kappa B Signaling R-HSA-9758274	3/18	3.511295954409851e-05	0.000728593910540044	0	0	57.71884057971015	592.0187007331773	CASP8;TANK;TP53	12.0
Reactome_2022	Toll Like Receptor 9 (TLR9) Cascade R-HSA-168138	5/106	4.012933121769153e-05	0.0008039703943958199	0	0	14.649770947243978	148.30553573119914	MAPK8;CASP8;TP53;TANK;NFKB1	12.0
Reactome_2022	MyD88-independent TLR4 Cascade R-HSA-166166	5/107	4.197940157433783e-05	0.0008130010771563427	0	0	14.505414105940885	146.1903718854687	MAPK8;CASP8;TP53;TANK;NFKB1	12.0
Reactome_2022	Apoptosis R-HSA-109581	6/178	4.386524873486868e-05	0.0008221196617728614	0	0	10.44186046511628	104.77768093534002	MAPK8;CASP8;BAX;TP53;TANK;TP63	12.0
Reactome_2022	TP53 Regulates Transcription Of Genes Involved In Cytochrome C Release R-HSA-6803204	3/20	4.880197900504531e-05	0.0008860609313103539	0	0	50.923273657289	505.5530051618177	BAX;TP53;TP63	12.0
Reactome_2022	Signaling By Receptor Tyrosine Kinases R-HSA-9006934	9/496	7.020059379145188e-05	0.0012359559088737	0	0	5.702845409210912	54.54289052516747	ALK;CDH5;SOCS1;ERBB3;ERBB4;CAV1;BAX;THBS1;FGFR1	12.0
Reactome_2022	TP53 Regulates Transcription Of DNA Repair Genes R-HSA-6796648	4/62	7.354703375907516e-05	0.0012567890180594	0	0	20.15212981744422	191.79961736198453	CDK7;CCNT1;CDK12;TP53	12.0
Reactome_2022	Interferon Signaling R-HSA-913531	6/200	8.373603081935455e-05	0.0013900181116012	0	0	9.24742268041237	86.81333560855745	SOCS1;UBE2E1;SAMHD1;CAMK2G;PML;EIF4G1	12.0
Reactome_2022	Programmed Cell Death R-HSA-5357801	6/208	0.00010389216631871924	0.0016755875033731	0	0	8.877587758775878	81.42662922904978	MAPK8;CASP8;BAX;TP53;TANK;TP63	12.0
Reactome_2022	Pyroptosis R-HSA-5620971	3/26	0.00010959092104678184	0.0016755875033731	0	0	37.62759924385633	343.11689727530154	BAX;TP53;TP63	12.0
Reactome_2022	TNFR1-induced NFkappaB Signaling Pathway R-HSA-5357956	3/26	0.00010959092104678184	0.0016755875033731	0	0	37.62759924385633	343.11689727530154	CYLD;TANK;TNFRSF1A	12.0
Reactome_2022	Defective RIPK1-mediated Regulated Necrosis R-HSA-9693928	2/5	0.0001269090658981553	0.0018906196740212	0	0	189.7619047619048	1702.5513515192338	CASP8;TANK	12.0
Reactome_2022	PTEN Regulation R-HSA-6807070	5/139	0.00014524589280642884	0.0021096965930133	0	0	11.023613276899086	97.41657930749231	USP7;TNKS;PPARG;TP53;PML	12.0
Reactome_2022	Activation Of BH3-only Proteins R-HSA-114452	3/30	0.0001693722427413636	0.0023429826912555	0	0	32.04669887278583	278.2746781911583	MAPK8;TP53;TP63	12.0
Reactome_2022	Synthesis Of Active Ubiquitin: Roles Of E1 And E2 Enzymes R-HSA-8866652	3/30	0.0001693722427413636	0.0023429826912555	0	0	32.04669887278583	278.2746781911583	USP7;UBE2E3;UBE2E1	12.0
Reactome_2022	CLEC7A/inflammasome Pathway R-HSA-5660668	2/6	0.00018992034263440923	0.0025661330016416	0	0	142.31428571428572	1219.477711554072	CASP8;NFKB1	12.0
Reactome_2022	DDX58/IFIH1-mediated Induction Of Interferon-Alpha/Beta R-HSA-168928	4/81	0.00020834087489778416	0.0027510465526275	0	0	15.165011459129106	128.54371737672108	CYLD;CASP8;TANK;NFKB1	12.0
Reactome_2022	Interleukin-1 Family Signaling R-HSA-446652	5/152	0.0002204359090179384	0.0028460725142093	0	0	10.04213625748807	84.55381889851915	MAPK8;CASP8;TP53;TANK;NFKB1	12.0
Reactome_2022	Regulation Of TP53 Activity R-HSA-5633007	5/157	0.0002561279152626513	0.0032350069297304	0	0	9.709347996857815	80.29469200026507	USP7;TP53;PML;TP63;TAF1	12.0
Reactome_2022	Transcriptional Regulation By VENTX R-HSA-8853884	3/39	0.00037250464522740033	0.0046047914654706	0	0	24.02415458937198	189.67697198416167	UBE2E1;TP53;NFKB1	12.0
Reactome_2022	Activation Of PUMA And Translocation To Mitochondria R-HSA-139915	2/9	0.00045263232550293614	0.0053669261452491	0	0	81.31020408163265	626.123567789527	TP53;TP63	12.0
Reactome_2022	Regulation Of PTEN Localization R-HSA-8948747	2/9	0.00045263232550293614	0.0053669261452491	0	0	81.31020408163265	626.123567789527	USP7;PML	12.0
Reactome_2022	TP53 Regulates Transcription Of Cell Death Genes R-HSA-5633008	3/44	0.0005329119798910035	0.0061924372063334	0	0	21.08907741251325	158.9516302571355	BAX;TP53;TP63	12.0
Reactome_2022	CASP8 Activity Is Inhibited R-HSA-5218900	2/11	0.0006883061323478026	0.0076904973633475	0	0	63.23492063492064	460.4309643116587	CASP8;TANK	12.0
Reactome_2022	Dimerization Of Procaspase-8 R-HSA-69416	2/11	0.0006883061323478026	0.0076904973633475	0	0	63.23492063492064	460.4309643116587	CASP8;TANK	12.0
Reactome_2022	Interleukin-1 Signaling R-HSA-9020702	4/114	0.0007642577319262898	0.0083779951367768	0	0	10.597860962566845	76.0566670627012	CASP8;TP53;TANK;NFKB1	12.0
Reactome_2022	Ub-specific Processing Proteases R-HSA-5689880	5/201	0.0007907943853883268	0.0084013666638575	0	0	7.512945476698142	53.66100696172773	CYLD;USP7;TNKS;TP53;TANK	12.0
Reactome_2022	TP53 Regulates Transcription Of Caspase Activators And Caspases R-HSA-6803207	2/12	0.0008240453340764276	0.0084013666638575	0	0	56.90857142857143	404.12398536765454	TP53;TP63	12.0
Reactome_2022	TP53 Regulates Transcription Of Death Receptors And Ligands R-HSA-6803211	2/12	0.0008240453340764276	0.0084013666638575	0	0	56.90857142857143	404.12398536765454	TP53;TP63	12.0
Reactome_2022	Diseases Of Signal Transduction By Growth Factor Receptors And Second Messengers R-HSA-5663202	7/424	0.0008242304644404136	0.0084013666638575	0	0	5.038812027301236	35.78090843576096	ALK;ERBB3;TNKS;ERBB4;MSN;CAMK2G;FGFR1	12.0
Reactome_2022	Nucleotide-binding Domain, Leucine Rich Repeat Containing NLR Signaling Pathways R-HSA-168643	3/53	0.0009210215770968808	0.0092260954533325	0	0	17.285217391304347	120.82413789232052	CYLD;CASP8;NFKB1	12.0
Reactome_2022	ERBB2 Activates PTK6 Signaling R-HSA-8847993	2/13	0.0009716060173043886	0.0095678490856584	0	0	51.73246753246753	358.8453736607072	ERBB3;ERBB4	12.0
Reactome_2022	Platelet Degranulation R-HSA-114608	4/125	0.0010774926259484	0.0104337202612671	0	0	9.629071463296064	65.79658712088741	ANXA5;ALB;THBS1;SOD1	12.0
Reactome_2022	Regulation Of TP53 Activity Thru Association With Co-factors R-HSA-6804759	2/14	0.0011309036960398	0.010597662054825	0	0	47.41904761904762	321.7258254417712	TP53;TP63	12.0
Reactome_2022	TP53 Regulates Transcription Of Additional Cell Death Genes With Uncertain Roles In P53-Dependent Apoptosis R-HSA-6803205	2/14	0.0011309036960398	0.010597662054825	0	0	47.41904761904762	321.7258254417712	TP53;TP63	12.0
Reactome_2022	Response To Elevated Platelet Cytosolic Ca2+ R-HSA-76005	4/130	0.0012459643603946	0.0114253240648278	0	0	9.244631185807656	61.82666472609073	ANXA5;ALB;THBS1;SOD1	12.0
Reactome_2022	Transcriptional Regulation Of Granulopoiesis R-HSA-9616222	3/59	0.0012585554907899	0.0114253240648278	0	0	15.428571428571429	103.02877005264035	MYB;RARA;PML	12.0
Reactome_2022	ERBB2 Regulates Cell Motility R-HSA-6785631	2/15	0.0013018543244986	0.0116322666368325	0	0	43.76923076923077	290.8012647685607	ERBB3;ERBB4	12.0
Reactome_2022	Transcriptional Regulation By MECP2 R-HSA-8986944	3/60	0.0013213934561634	0.0116322666368325	0	0	15.157131960335622	100.47766527954433	SOX2;PPARG;CAMK2G	12.0
Reactome_2022	PI3K Events In ERBB2 Signaling R-HSA-1963642	2/16	0.001484374293688	0.0126826685975403	0	0	40.64081632653061	264.6839620490753	ERBB3;ERBB4	12.0
Reactome_2022	Caspase Activation Via Death Receptors In Presence Of Ligand R-HSA-140534	2/16	0.001484374293688	0.0126826685975403	0	0	40.64081632653061	264.6839620490753	CASP8;TANK	12.0
Reactome_2022	Gastrulation R-HSA-9758941	2/17	0.0016783804310391	0.014132449716431	0	0	37.92952380952381	242.3668495875679	SOX2;TP63	12.0
Reactome_2022	TP53 Regulates Transcription Of Genes Involved In G2 Cell Cycle Arrest R-HSA-6804114	2/18	0.0018837899979258	0.0156354569827847	0	0	35.55714285714286	223.10221103497707	BAX;TP53	12.0
Reactome_2022	Transcription Of HIV Genome R-HSA-167172	3/69	0.0019769295896178	0.0161774097403938	0	0	13.084321475625824	81.46573779673794	CDK7;CCNT1;TAF1	12.0
Reactome_2022	HIV Life Cycle R-HSA-162587	4/149	0.0020551144875965	0.016583632184633	0	0	8.025557809330628	49.65752676258539	CDK7;CCNT1;CXCR4;TAF1	12.0
Reactome_2022	Diseases Of Programmed Cell Death R-HSA-9645723	3/71	0.0021455267399678	0.0170760415879635	0	0	12.698209718670077	78.02250126595587	CASP8;TP53;TANK	12.0
Reactome_2022	Phosphorylation Of APC/C R-HSA-176412	2/20	0.0023284906232039	0.0182817980011011	0	0	31.603174603174605	191.59535285451057	PLK1;UBE2E1	12.0
Reactome_2022	Signaling By Nuclear Receptors R-HSA-9006931	5/260	0.0024602839261847	0.019058999481511	0	0	5.7573895229733685	34.58739388218531	CCNT1;ERBB4;CAV1;MYB;RARA	12.0
Reactome_2022	SHC1 Events In ERBB2 Signaling R-HSA-1250196	2/21	0.0025676183567925	0.0193738476012527	0	0	29.93834586466165	178.57554243587194	ERBB3;ERBB4	12.0
Reactome_2022	Signaling By ERBB2 TMD/JMD Mutants R-HSA-9665686	2/21	0.0025676183567925	0.0193738476012527	0	0	29.93834586466165	178.57554243587194	ERBB3;ERBB4	12.0
Reactome_2022	Protein Ubiquitination R-HSA-8852135	3/76	0.0026053311498374	0.0193897367443787	0	0	11.825491363907089	70.36398539234469	USP7;UBE2E3;UBE2E1	12.0
Reactome_2022	Metabolism Of Proteins R-HSA-392499	15/1890	0.0026364702285816	0.0193897367443787	0	0	2.533754385964912	15.046229880263096	USP7;TNKS;UBE2E3;UBE2E1;TANK;THBS1;PML;CYLD;ALB;RARA;PPARG;KIFC3;TP53;SNCA;EIF4G1	12.0
Reactome_2022	Constitutive Signaling By Aberrant PI3K In Cancer R-HSA-2219530	3/78	0.0028049656577441	0.0203710630893671	0	0	11.508985507246376	67.63098791922951	ERBB3;ERBB4;FGFR1	12.0
Reactome_2022	Cellular Senescence R-HSA-2559583	4/165	0.0029719874943403	0.0213175893112561	0	0	7.222141030325173	42.022203516026174	MAPK8;UBE2E1;TP53;NFKB1	12.0
Reactome_2022	RNA Polymerase II Pre-transcription Events R-HSA-674695	3/80	0.0030137915966939	0.0213538160692582	0	0	11.20892151326934	65.06281628040004	CDK7;CCNT1;TAF1	12.0
Reactome_2022	Long-term Potentiation R-HSA-9620244	2/23	0.0030790235529667	0.0215531648707673	0	0	27.0843537414966	156.63268426345226	ERBB4;CAMK2G	12.0
Reactome_2022	SUMO E3 Ligases SUMOylate Target Proteins R-HSA-3108232	4/168	0.0031705218897466	0.0219294430707473	0	0	7.088952654232425	40.78883453099319	RARA;PPARG;TP53;PML	12.0
Reactome_2022	Deubiquitination R-HSA-5688426	5/279	0.0033303813867345	0.0226396800092197	0	0	5.352979627410393	30.53697399931769	CYLD;USP7;TNKS;TP53;TANK	12.0
Reactome_2022	Signaling By ERBB2 KD Mutants R-HSA-9664565	2/24	0.0033511402423285	0.0226396800092197	0	0	25.851948051948053	147.3161528181512	ERBB3;ERBB4	12.0
Reactome_2022	Transcriptional Regulation Of White Adipocyte Differentiation R-HSA-381340	3/84	0.0034595570821097	0.0230739288555518	0	0	10.6532474503489	60.36784870137689	MED21;PPARG;NFKB1	12.0
Reactome_2022	SUMOylation R-HSA-2990846	4/174	0.0035944169845619	0.0230739288555518	0	0	6.836678200692042	38.479378241442575	RARA;PPARG;TP53;PML	12.0
Reactome_2022	Cyclin A/B1/B2 Associated Events During G2/M Transition R-HSA-69273	2/25	0.0036340931800572	0.0230739288555518	0	0	24.72670807453416	138.89970282560614	CDK7;PLK1	12.0
Reactome_2022	Signaling By ERBB2 In Cancer R-HSA-1227990	2/25	0.0036340931800572	0.0230739288555518	0	0	24.72670807453416	138.89970282560614	ERBB3;ERBB4	12.0
Reactome_2022	TRAF6 Mediated NF-kB Activation R-HSA-933542	2/25	0.0036340931800572	0.0230739288555518	0	0	24.72670807453416	138.89970282560614	TANK;NFKB1	12.0
Reactome_2022	Post-translational Protein Modification R-HSA-597592	12/1383	0.0036537030201562	0.0230739288555518	0	0	2.7070751276440554	15.192143785018445	CYLD;USP7;TNKS;UBE2E3;ALB;RARA;UBE2E1;PPARG;TP53;TANK;THBS1;PML	12.0
Reactome_2022	Caspase Activation Via Extrinsic Apoptotic Signaling Pathway R-HSA-5357769	2/26	0.00392780303035	0.0245382103293908	0	0	23.695238095238096	131.26391891912468	CASP8;TANK	12.0
Reactome_2022	Interferon Gamma Signaling R-HSA-877300	3/89	0.0040707972981787	0.0251609918110835	0	0	10.03134479271992	55.21168314232362	SOCS1;CAMK2G;PML	12.0
Reactome_2022	VEGFR2 Mediated Vascular Permeability R-HSA-5218920	2/27	0.0042321908736682	0.0258831883958027	0	0	22.746285714285715	124.3092585343366	CDH5;CAV1	12.0
Reactome_2022	Hemostasis R-HSA-109582	7/576	0.0046340382637496	0.0277552069512724	0	0	3.663998918480465	19.691526834685178	CAV1;ANXA5;ALB;MYB;TP53;THBS1;SOD1	12.0
Reactome_2022	ESR-mediated Signaling R-HSA-8939211	4/188	0.0047300258641986	0.0277552069512724	0	0	6.312020460358056	33.79345046923228	CCNT1;ERBB4;CAV1;MYB	12.0
Reactome_2022	Adaptive Immune System R-HSA-1280218	8/733	0.0047448677136086	0.0277552069512724	0	0	3.310862068965517	17.71540227973794	DCAF1;SOCS1;UBE2D4;UBE2E3;REL;UBE2E1;PPL;NFKB1	12.0
Reactome_2022	Regulation Of TP53 Activity Thru Acetylation R-HSA-6804758	2/29	0.0048726869346467	0.0277552069512724	0	0	21.05925925925926	112.12180780429958	TP53;PML	12.0
Reactome_2022	Regulation Of Necroptotic Cell Death R-HSA-5675482	2/29	0.0048726869346467	0.0277552069512724	0	0	21.05925925925926	112.12180780429958	CASP8;TANK	12.0
Reactome_2022	SUMOylation Of Intracellular Receptors R-HSA-4090294	2/29	0.0048726869346467	0.0277552069512724	0	0	21.05925925925926	112.12180780429958	RARA;PPARG	12.0
Reactome_2022	Downregulation Of ERBB2 Signaling R-HSA-8863795	2/29	0.0048726869346467	0.0277552069512724	0	0	21.05925925925926	112.12180780429958	ERBB3;ERBB4	12.0
Reactome_2022	Antigen Processing: Ubiquitination And Proteasome Degradation R-HSA-983168	5/307	0.0049894107473124	0.0281441518853254	0	0	4.849757833349807	25.705838105891832	DCAF1;SOCS1;UBE2D4;UBE2E3;UBE2E1	12.0
Reactome_2022	DNA Repair R-HSA-73894	5/310	0.0051965202565283	0.0290305602792591	0	0	4.80132126253976	25.253826614262007	USP7;CDK7;MAPK8;RAD51;TP53	12.0
Reactome_2022	RIPK1-mediated Regulated Necrosis R-HSA-5213460	2/31	0.0055549582759753	0.0307374357937301	0	0	19.604926108374386	101.8096431909553	CASP8;TANK	12.0
Reactome_2022	NOD1/2 Signaling Pathway R-HSA-168638	2/33	0.0062783883557449	0.0341986259790367	0	0	18.338248847926263	92.98669413051476	CYLD;CASP8	12.0
Reactome_2022	Transcriptional Regulation By RUNX1 R-HSA-8878171	4/204	0.0062981978997537	0.0341986259790367	0	0	5.802352941176471	29.4033755681036	CDK7;MYB;THBS1;PML	12.0
Reactome_2022	PI3K/AKT Signaling In Cancer R-HSA-2219528	3/105	0.0064502582792012	0.0347000005575547	0	0	8.450980392156863	42.62366138337307	ERBB3;ERBB4;FGFR1	12.0
Reactome_2022	PI5P, PP2A And IER3 Regulate PI3K/AKT Signaling R-HSA-6811558	3/106	0.006621196690417	0.035152332947301	0	0	8.368509919797383	41.98882409291737	ERBB3;ERBB4;FGFR1	12.0
Reactome_2022	Transcriptional Regulation By E2F6 R-HSA-8953750	2/34	0.0066553470296094	0.035152332947301	0	0	17.764285714285716	89.04054540085103	RAD51;E2F6	12.0
Reactome_2022	Interleukin-4 And Interleukin-13 Signaling R-HSA-6785807	3/107	0.0067948181143409	0.035565669589478	0	0	8.2876254180602	41.36846959294681	SOX2;SOCS1;TP53	12.0
Reactome_2022	Gene And Protein Expression By JAK-STAT Signaling After Interleukin-12 Stimulation R-HSA-8950505	2/35	0.0070423671222071	0.0365322794464493	0	0	17.225108225108226	85.36437955003423	MSN;SOD1	12.0
Reactome_2022	Regulation Of TP53 Degradation R-HSA-6804757	2/36	0.0074393733819704	0.0382502295126089	0	0	16.71764705882353	81.93266424635078	USP7;TP53	12.0
Reactome_2022	Regulation Of TP53 Expression And Degradation R-HSA-6806003	2/37	0.0078462909535423	0.0398791176151156	0	0	16.239183673469388	78.72292370734189	USP7;TP53	12.0
Reactome_2022	Negative Regulation Of PI3K/AKT Network R-HSA-199418	3/113	0.00789345701504	0.0398791176151156	0	0	7.833201581027668	37.92617728628928	ERBB3;ERBB4;FGFR1	12.0
Reactome_2022	Association Of TriC/CCT With Target Proteins During Biosynthesis R-HSA-390471	2/38	0.008263045380087	0.0413864600502634	0	0	15.787301587301588	75.7152995895438	KIFC3;TP53	12.0
Reactome_2022	Cell Cycle R-HSA-1640170	7/654	0.009080402707393	0.0447622209451334	0	0	3.2092973487100225	15.088950312462796	CDK7;RAD51;PLK1;GMNN;UBE2E1;TP53;E2F6	12.0
Reactome_2022	Estrogen-dependent Gene Expression R-HSA-9018519	3/119	0.009091122326206	0.0447622209451334	0	0	7.425787106446776	34.904592318059166	CCNT1;ERBB4;MYB	12.0
Reactome_2022	HIV Infection R-HSA-162906	4/229	0.0093838773386926	0.0458154011242052	0	0	5.151111111111111	24.04931304465857	CDK7;CCNT1;CXCR4;TAF1	12.0
Reactome_2022	Binding And Uptake Of Ligands By Scavenger Receptors R-HSA-2173782	2/41	0.0095715911190633	0.0463424536681317	0	0	14.57069597069597	67.73852192478473	FTH1;ALB	12.0
Reactome_2022	Formation Of HIV-1 Elongation Complex Containing HIV-1 Tat R-HSA-167200	2/43	0.0104917918327347	0.0503779426018089	0	0	13.858536585365854	63.1555971026974	CDK7;CCNT1	12.0
Reactome_2022	Interleukin-12 Signaling R-HSA-9020591	2/44	0.0109660257445891	0.0522234504721829	0	0	13.527891156462584	61.05074177156073	MSN;SOD1	12.0
Reactome_2022	G1/S Transition R-HSA-69206	3/129	0.0113121248297969	0.0530646755825137	0	0	6.832988267770877	30.624634378116838	CDK7;GMNN;E2F6	12.0
Reactome_2022	Cell Cycle, Mitotic R-HSA-69278	6/523	0.0113253352361991	0.0530646755825137	0	0	3.413223140495868	15.293673320118812	CDK7;PLK1;GMNN;UBE2E1;TP53;E2F6	12.0
Reactome_2022	Formation Of HIV Elongation Complex In Absence Of HIV Tat R-HSA-167152	2/45	0.011449586253038	0.0532176769041206	0	0	13.212624584717608	59.05781162861619	CDK7;CCNT1	12.0
Reactome_2022	Class I MHC Mediated Antigen Processing And Presentation R-HSA-983169	5/378	0.0116861371863563	0.0538860770259765	0	0	3.912408467048137	17.407682420236345	DCAF1;SOCS1;UBE2D4;UBE2E3;UBE2E1	12.0
Reactome_2022	HIV Transcription Initiation R-HSA-167161	2/46	0.0119424020077895	0.0546341383191003	0	0	12.911688311688312	57.16856610342583	CDK7;TAF1	12.0
Reactome_2022	Late Phase Of HIV Life Cycle R-HSA-162599	3/136	0.0130372183573308	0.0591767489500722	0	0	6.471068976789801	28.08409678989913	CDK7;CCNT1;TAF1	12.0
Reactome_2022	Platelet Activation, Signaling And Aggregation R-HSA-76002	4/254	0.0133201711526752	0.0597661524485562	0	0	4.630117647058824	19.995050846313397	ANXA5;ALB;THBS1;SOD1	12.0
Reactome_2022	Signaling By ERBB2 R-HSA-1227986	2/49	0.0134756729272992	0.0597661524485562	0	0	12.085714285714284	52.05159091309592	ERBB3;ERBB4	12.0
Reactome_2022	TP53 Regulates Transcription Of Cell Cycle Genes R-HSA-6791312	2/49	0.0134756729272992	0.0597661524485562	0	0	12.085714285714284	52.05159091309592	BAX;TP53	12.0
Reactome_2022	Cellular Responses To Stress R-HSA-2262752	7/722	0.015022433936286	0.0654262743499283	0	0	2.893835395373857	12.14893042982656	MAPK8;ALB;UBE2E1;TP53;CAMK2G;NFKB1;SOD1	12.0
Reactome_2022	Signaling By Non-Receptor Tyrosine Kinases R-HSA-9006927	2/52	0.015089708714097	0.0654262743499283	0	0	11.358857142857143	47.63611978903658	ERBB3;ERBB4	12.0
Reactome_2022	Formation Of TC-NER Pre-Incision Complex R-HSA-6781823	2/52	0.015089708714097	0.0654262743499283	0	0	11.358857142857143	47.63611978903658	USP7;CDK7	12.0
Reactome_2022	Ion Transport By P-type ATPases R-HSA-936837	2/53	0.0156453450710385	0.0668378344578926	0	0	11.135574229691876	46.2970612598155	ATP12A;CAMK2G	12.0
Reactome_2022	Nuclear Receptor Transcription Pathway R-HSA-383280	2/53	0.0156453450710385	0.0668378344578926	0	0	11.135574229691876	46.2970612598155	RARA;PPARG	12.0
Reactome_2022	Mitotic G1 Phase And G1/S Transition R-HSA-453279	3/147	0.016036517758378	0.0680088818804209	0	0	5.973429951690822	24.687509782959555	CDK7;GMNN;E2F6	12.0
Reactome_2022	Interleukin-12 Family Signaling R-HSA-447115	2/54	0.0162096794094039	0.0682450995424905	0	0	10.92087912087912	45.0174660560013	MSN;SOD1	12.0
Reactome_2022	RAF/MAP Kinase Cascade R-HSA-5673001	4/271	0.0165205314119578	0.0684841329521882	0	0	4.331570830579423	17.77309067344518	ERBB3;ERBB4;CAMK2G;FGFR1	12.0
Reactome_2022	Cellular Responses To Stimuli R-HSA-8953897	7/736	0.0165277861209538	0.0684841329521882	0	0	2.83619288804474	11.63608346707799	MAPK8;ALB;UBE2E1;TP53;CAMK2G;NFKB1;SOD1	12.0
Reactome_2022	DNA Double-Strand Break Repair R-HSA-5693532	3/149	0.0166200735735947	0.0684841329521882	0	0	5.891006551518761	24.1363025161993	MAPK8;RAD51;TP53	12.0
Reactome_2022	Signaling By ALK Fusions And Activated Point Mutants R-HSA-9725370	2/55	0.0167826437326019	0.0686670141453641	0	0	10.714285714285714	43.79367897594362	ALK;MSN	12.0
Reactome_2022	MAPK1/MAPK3 Signaling R-HSA-5684996	4/277	0.0177557453160065	0.0700092997821379	0	0	4.235078646843353	17.071797413568547	ERBB3;ERBB4;CAMK2G;FGFR1	12.0
Reactome_2022	Activation Of NOXA And Translocation To Mitochondria R-HSA-111448	1/5	0.0178724977648702	0.0700092997821379	0	0	70.15492957746478	282.3379658506009	TP53	12.0
Reactome_2022	FasL/ CD95L Signaling R-HSA-75157	1/5	0.0178724977648702	0.0700092997821379	0	0	70.15492957746478	282.3379658506009	CASP8	12.0
Reactome_2022	GRB7 Events In ERBB2 Signaling R-HSA-1306955	1/5	0.0178724977648702	0.0700092997821379	0	0	70.15492957746478	282.3379658506009	ERBB3	12.0
Reactome_2022	MECP2 Regulates Transcription Factors R-HSA-9022707	1/5	0.0178724977648702	0.0700092997821379	0	0	70.15492957746478	282.3379658506009	PPARG	12.0
Reactome_2022	NOSTRIN Mediated eNOS Trafficking R-HSA-203641	1/5	0.0178724977648702	0.0700092997821379	0	0	70.15492957746478	282.3379658506009	CAV1	12.0
Reactome_2022	Signaling By ERBB4 R-HSA-1236394	2/57	0.0179541921988615	0.0700092997821379	0	0	10.323636363636364	41.50031248521854	ERBB3;ERBB4	12.0
Reactome_2022	Formation Of RNA Pol II Elongation Complex R-HSA-112382	2/58	0.0185526421777734	0.0718605673685758	0	0	10.138775510204082	40.42474845916997	CDK7;CCNT1	12.0
Reactome_2022	Role Of GTSE1 In G2/M Progression After G2 Checkpoint R-HSA-8852276	2/59	0.0191594538086279	0.0737194878331976	0	0	9.960401002506266	39.39297772495188	PLK1;TP53	12.0
Reactome_2022	Recruitment And ATM-mediated Phosphorylation Of Repair And Signal Proteins At DNA Double Strand Breaks R-HSA-5693565	2/60	0.0197745609108739	0.0755856571659063	0	0	9.78817733990148	38.4025333647804	MAPK8;TP53	12.0
Reactome_2022	S Phase R-HSA-69242	3/161	0.0203703984226462	0.0759690931917882	0	0	5.440286186020914	21.182692658328047	CDK7;GMNN;UBE2E1	12.0
Reactome_2022	Post NMDA Receptor Activation Events R-HSA-438064	2/61	0.0203978976556264	0.0759690931917882	0	0	9.62179176755448	37.45112562721908	ERBB4;CAMK2G	12.0
Reactome_2022	Regulation Of PTEN Gene Transcription R-HSA-8943724	2/61	0.0203978976556264	0.0759690931917882	0	0	9.62179176755448	37.45112562721908	PPARG;TP53	12.0
Reactome_2022	DNA Double Strand Break Response R-HSA-5693606	2/61	0.0203978976556264	0.0759690931917882	0	0	9.62179176755448	37.45112562721908	MAPK8;TP53	12.0
Reactome_2022	MAP Kinase Activation R-HSA-450294	2/62	0.0210293985683685	0.0763106997976165	0	0	9.46095238095238	36.536626521514656	MAPK8;NFKB1	12.0
Reactome_2022	Phosphorylation Of Emi1 R-HSA-176417	1/6	0.0214090259328941	0.0763106997976165	0	0	56.12112676056338	215.7263940291824	PLK1	12.0
Reactome_2022	Binding And Entry Of HIV Virion R-HSA-173107	1/6	0.0214090259328941	0.0763106997976165	0	0	56.12112676056338	215.7263940291824	CXCR4	12.0
Reactome_2022	FGFR1b Ligand Binding And Activation R-HSA-190370	1/6	0.0214090259328941	0.0763106997976165	0	0	56.12112676056338	215.7263940291824	FGFR1	12.0
Reactome_2022	TLR3-mediated TICAM1-dependent Programmed Cell Death R-HSA-9013957	1/6	0.0214090259328941	0.0763106997976165	0	0	56.12112676056338	215.7263940291824	CASP8	12.0
Reactome_2022	TNFR1-mediated Ceramide Production R-HSA-5626978	1/6	0.0214090259328941	0.0763106997976165	0	0	56.12112676056338	215.7263940291824	TNFRSF1A	12.0
Reactome_2022	Microbial Modulation Of RIPK1-mediated Regulated Necrosis R-HSA-9686347	1/6	0.0214090259328941	0.0763106997976165	0	0	56.12112676056338	215.7263940291824	CASP8	12.0
Reactome_2022	Infectious Disease R-HSA-5663205	8/961	0.0218474968031899	0.0773987539186179	0	0	2.488850996852046	9.516542220064586	CDK7;MAPK8;CCNT1;CAV1;CXCR4;PML;NFKB1;TAF1	12.0
Reactome_2022	Gap-filling DNA Repair Synthesis And Ligation In TC-NER R-HSA-6782210	2/64	0.0223166327749906	0.0785815978319367	0	0	9.15483870967742	34.81056940083176	USP7;CDK7	12.0
Reactome_2022	Dual Incision In TC-NER R-HSA-6782135	2/65	0.0229722368815129	0.0804028290852954	0	0	9.00907029478458	33.9954464336933	USP7;CDK7	12.0
Reactome_2022	Activation Of NF-kappaB In B Cells R-HSA-1169091	2/66	0.0236357467854419	0.0822297537864775	0	0	8.867857142857142	33.21008082605125	REL;NFKB1	12.0
Reactome_2022	Activation Of NIMA Kinases NEK9, NEK6, NEK7 R-HSA-2980767	1/7	0.024932997075323	0.084221344771876	0	0	46.76525821596244	172.63690482090692	PLK1	12.0
Reactome_2022	RUNX3 Regulates CDKN1A Transcription R-HSA-8941855	1/7	0.024932997075323	0.084221344771876	0	0	46.76525821596244	172.63690482090692	TP53	12.0
Reactome_2022	Release Of Apoptotic Factors From Mitochondria R-HSA-111457	1/7	0.024932997075323	0.084221344771876	0	0	46.76525821596244	172.63690482090692	BAX	12.0
Reactome_2022	DEx/H-box Helicases Activate Type I IFN And Inflammatory Cytokines Production R-HSA-3134963	1/7	0.024932997075323	0.084221344771876	0	0	46.76525821596244	172.63690482090692	NFKB1	12.0
Reactome_2022	IkBA Variant Leads To EDA-ID R-HSA-5603029	1/7	0.024932997075323	0.084221344771876	0	0	46.76525821596244	172.63690482090692	NFKB1	12.0
Reactome_2022	Interleukin-17 Signaling R-HSA-448424	2/69	0.0256730757510352	0.086219982724575	0	0	8.469509594882728	31.017990624296136	MAPK8;NFKB1	12.0
Reactome_2022	MAPK Family Signaling Cascades R-HSA-5683057	4/318	0.0277370337654806	0.091795770246642	0	0	3.674409891345073	13.172710957086348	ERBB3;ERBB4;CAMK2G;FGFR1	12.0
Reactome_2022	Interferon Alpha/Beta Signaling R-HSA-909733	2/72	0.0277792834485965	0.091795770246642	0	0	8.10530612244898	29.045078662462203	SOCS1;SAMHD1	12.0
Reactome_2022	G2/M Transition R-HSA-69275	3/182	0.0279653207119718	0.091795770246642	0	0	4.796939519067282	17.15764569786404	CDK7;PLK1;TP53	12.0
Reactome_2022	Neurotransmitter Receptors And Postsynaptic Signal Transmission R-HSA-112314	3/182	0.0279653207119718	0.091795770246642	0	0	4.796939519067282	17.15764569786404	ERBB4;CAMK2G;KCNJ2	12.0
Reactome_2022	CREB1 Phosphorylation Thru Activation Of CaMKII/CaMKK/CaMKIV Cascasde R-HSA-442729	1/8	0.0284444548765881	0.0919799461907083	0	0	40.08249496981891	142.68574756562285	CAMK2G	12.0
Reactome_2022	TRAIL Signaling R-HSA-75158	1/8	0.0284444548765881	0.0919799461907083	0	0	40.08249496981891	142.68574756562285	CASP8	12.0
Reactome_2022	APC/C:Cdh1 Mediated Degradation Of Cdc20 And APC/C:Cdh1 Targets In Late Mitosis/Early G1 R-HSA-174178	2/73	0.0284963688714758	0.0919799461907083	0	0	7.990744466800804	28.430897873617184	PLK1;UBE2E1	12.0
Reactome_2022	Mitotic G2-G2/M Phases R-HSA-453274	3/184	0.0287571312709937	0.0922680412598107	0	0	4.743454239730963	16.833900067906956	CDK7;PLK1;TP53	12.0
Reactome_2022	Activation Of NMDA Receptors And Postsynaptic Events R-HSA-442755	2/74	0.029220859882625	0.0922680412598107	0	0	7.87936507936508	27.83679177466677	ERBB4;CAMK2G	12.0
Reactome_2022	RNA Polymerase II Transcribes snRNA Genes R-HSA-6807505	2/74	0.029220859882625	0.0922680412598107	0	0	7.87936507936508	27.83679177466677	CDK7;CCNT1	12.0
Reactome_2022	Formation Of Cornified Envelope R-HSA-6809371	2/74	0.029220859882625	0.0922680412598107	0	0	7.87936507936508	27.83679177466677	TGM1;PPL	12.0
Reactome_2022	ISG15 Antiviral Mechanism R-HSA-1169408	2/75	0.0299526954634574	0.0940676544014528	0	0	7.771037181996086	27.261854982251965	UBE2E1;EIF4G1	12.0
Reactome_2022	Activation Of APC/C And APC/C:Cdc20 Mediated Degradation Of Mitotic Proteins R-HSA-176814	2/76	0.0306918149431216	0.0958706692578154	0	0	7.665637065637066	26.705234219814837	PLK1;UBE2E1	12.0
Reactome_2022	Transcription-Coupled Nucleotide Excision Repair (TC-NER) R-HSA-6781827	2/77	0.0314381579844935	0.0966621892885832	0	0	7.5630476190476195	26.16612468260224	USP7;CDK7	12.0
Reactome_2022	PI5P Regulates TP53 Acetylation R-HSA-6811555	1/9	0.0319434429318554	0.0966621892885832	0	0	35.070422535211264	120.77511249569656	TP53	12.0
Reactome_2022	POU5F1 (OCT4), SOX2, NANOG Repress Genes Related To Differentiation R-HSA-2892245	1/9	0.0319434429318554	0.0966621892885832	0	0	35.070422535211264	120.77511249569656	SOX2	12.0
Reactome_2022	Downregulation Of ERBB4 Signaling R-HSA-1253288	1/9	0.0319434429318554	0.0966621892885832	0	0	35.070422535211264	120.77511249569656	ERBB4	12.0
Reactome_2022	TRIF-mediated Programmed Cell Death R-HSA-2562578	1/9	0.0319434429318554	0.0966621892885832	0	0	35.070422535211264	120.77511249569656	CASP8	12.0
Reactome_2022	Interleukin-1 Processing R-HSA-448706	1/9	0.0319434429318554	0.0966621892885832	0	0	35.070422535211264	120.77511249569656	NFKB1	12.0
Reactome_2022	Innate Immune System R-HSA-168249	8/1035	0.0321257901463773	0.0967102801815814	0	0	2.3005111976630963	7.9093786688803185	CYLD;MAPK8;CASP8;SOCS1;FTH1;TP53;TANK;NFKB1	12.0
Reactome_2022	Downstream Signaling Events Of B Cell Receptor (BCR) R-HSA-1168372	2/79	0.0329522749978185	0.098686967905838	0	0	7.365862708719852	25.13744266346882	REL;NFKB1	12.0
Reactome_2022	Regulation Of APC/C Activators Between G1/S And Early Anaphase R-HSA-176408	2/80	0.0337199299235671	0.1004680989004744	0	0	7.271062271062271	24.64647419308714	PLK1;UBE2E1	12.0
Reactome_2022	Senescence-Associated Secretory Phenotype (SASP) R-HSA-2559582	2/81	0.0344945703154634	0.1016199616791917	0	0	7.178661844484629	24.17021954215202	UBE2E1;NFKB1	12.0
Reactome_2022	TP53 Regulates Metabolic Genes R-HSA-5628897	2/81	0.0344945703154634	0.1016199616791917	0	0	7.178661844484629	24.17021954215202	TP53;TP63	12.0
Reactome_2022	TCF Dependent Signaling In Response To WNT R-HSA-201681	3/198	0.0346312433949741	0.1016199616791917	0	0	4.399777034559643	14.796445838164995	SOX2;TNKS;CAV1	12.0
Reactome_2022	PI3K Events In ERBB4 Signaling R-HSA-1250342	1/10	0.0354300047601861	0.1019051127013276	0	0	31.172143974960875	104.12107765370268	ERBB4	12.0
Reactome_2022	Activation Of AP-1 Family Of Transcription Factors R-HSA-450341	1/10	0.0354300047601861	0.1019051127013276	0	0	31.172143974960875	104.12107765370268	MAPK8	12.0
Reactome_2022	CaMK IV-mediated Phosphorylation Of CREB R-HSA-111932	1/10	0.0354300047601861	0.1019051127013276	0	0	31.172143974960875	104.12107765370268	CAMK2G	12.0
Reactome_2022	HDL Remodeling R-HSA-8964058	1/10	0.0354300047601861	0.1019051127013276	0	0	31.172143974960875	104.12107765370268	ALB	12.0
Reactome_2022	Antiviral Mechanism By IFN-stimulated Genes R-HSA-1169410	2/83	0.0360645729424755	0.1032192949732921	0	0	7.000705467372134	23.259453656995348	UBE2E1;EIF4G1	12.0
Reactome_2022	Cell Junction Organization R-HSA-446728	2/86	0.0384705104335523	0.1071599723075277	0	0	6.7496598639455785	21.98946911741363	CDH5;ILK	12.0
Reactome_2022	Beta-oxidation Of Very Long Chain Fatty Acids R-HSA-390247	1/11	0.0389041837581843	0.1071599723075277	0	0	28.053521126760565	91.0800620630536	ECI2	12.0
Reactome_2022	Regulated Proteolysis Of p75NTR R-HSA-193692	1/11	0.0389041837581843	0.1071599723075277	0	0	28.053521126760565	91.0800620630536	NFKB1	12.0
Reactome_2022	DSCAM Interactions R-HSA-376172	1/11	0.0389041837581843	0.1071599723075277	0	0	28.053521126760565	91.0800620630536	MAPK8	12.0
Reactome_2022	Signaling By Activated Point Mutants Of FGFR1 R-HSA-1839122	1/11	0.0389041837581843	0.1071599723075277	0	0	28.053521126760565	91.0800620630536	FGFR1	12.0
Reactome_2022	eNOS Activation R-HSA-203615	1/11	0.0389041837581843	0.1071599723075277	0	0	28.053521126760565	91.0800620630536	CAV1	12.0
Reactome_2022	Killing Mechanisms R-HSA-9664420	1/11	0.0389041837581843	0.1071599723075277	0	0	28.053521126760565	91.0800620630536	MAPK8	12.0
Reactome_2022	Axon Guidance R-HSA-422475	5/519	0.0390745484806533	0.1071599723075277	0	0	2.8186886578779253	9.138989017862125	MAPK8;MSN;CXCR4;FGFR1;EIF4G1	12.0
Reactome_2022	Keratinization R-HSA-6805567	3/208	0.039179308817124	0.1071599723075277	0	0	4.183032873806999	13.551380520486257	TGM1;KRT75;PPL	12.0
Reactome_2022	APC/C-mediated Degradation Of Cell Cycle Proteins R-HSA-174143	2/87	0.0392858418270282	0.1071599723075277	0	0	6.669915966386554	21.589791521758627	PLK1;UBE2E1	12.0
Reactome_2022	Chaperonin-mediated Protein Folding R-HSA-390466	2/90	0.0417710974047371	0.110379638901244	0	0	6.441558441558442	20.45549495606713	KIFC3;TP53	12.0
Reactome_2022	Regulation Of TP53 Activity Thru Phosphorylation R-HSA-6804756	2/90	0.0417710974047371	0.110379638901244	0	0	6.441558441558442	20.45549495606713	TP53;TAF1	12.0
Reactome_2022	Switching Of Origins To A Post-Replicative State R-HSA-69052	2/90	0.0417710974047371	0.110379638901244	0	0	6.441558441558442	20.45549495606713	GMNN;UBE2E1	12.0
Reactome_2022	ALK Mutants Bind TKIs R-HSA-9700645	1/12	0.0423660231927322	0.110379638901244	0	0	25.50192061459667	80.62199058091778	ALK	12.0
Reactome_2022	POU5F1 (OCT4), SOX2, NANOG Activate Genes Related To Proliferation R-HSA-2892247	1/12	0.0423660231927322	0.110379638901244	0	0	25.50192061459667	80.62199058091778	SOX2	12.0
Reactome_2022	Butyrophilin (BTN) Family Interactions R-HSA-8851680	1/12	0.0423660231927322	0.110379638901244	0	0	25.50192061459667	80.62199058091778	PPL	12.0
Reactome_2022	Caspase-mediated Cleavage Of Cytoskeletal Proteins R-HSA-264870	1/12	0.0423660231927322	0.110379638901244	0	0	25.50192061459667	80.62199058091778	CASP8	12.0
Reactome_2022	Scavenging Of Heme From Plasma R-HSA-2168880	1/12	0.0423660231927322	0.110379638901244	0	0	25.50192061459667	80.62199058091778	ALB	12.0
Reactome_2022	FGFR1c Ligand Binding And Activation R-HSA-190373	1/12	0.0423660231927322	0.110379638901244	0	0	25.50192061459667	80.62199058091778	FGFR1	12.0
Reactome_2022	TICAM1-dependent Activation Of IRF3/IRF7 R-HSA-9013973	1/12	0.0423660231927322	0.110379638901244	0	0	25.50192061459667	80.62199058091778	TANK	12.0
Reactome_2022	Oxidative Stress Induced Senescence R-HSA-2559580	2/93	0.0443140685423609	0.1144287725471631	0	0	6.228257456828885	19.41007212208172	MAPK8;TP53	12.0
Reactome_2022	VEGFA-VEGFR2 Pathway R-HSA-4420097	2/93	0.0443140685423609	0.1144287725471631	0	0	6.228257456828885	19.41007212208172	CDH5;CAV1	12.0
Reactome_2022	SARS-CoV-2 Targets Host Intracellular Signaling And Regulatory Pathways R-HSA-9755779	1/13	0.0458155662055763	0.1152330907594798	0	0	23.37558685446009	72.0700051727417	CAV1	12.0
Reactome_2022	SHC1 Events In ERBB4 Signaling R-HSA-1250347	1/13	0.0458155662055763	0.1152330907594798	0	0	23.37558685446009	72.0700051727417	ERBB4	12.0
Reactome_2022	Downregulation Of ERBB2:ERBB3 Signaling R-HSA-1358803	1/13	0.0458155662055763	0.1152330907594798	0	0	23.37558685446009	72.0700051727417	ERBB3	12.0
Reactome_2022	Mitotic Telophase/Cytokinesis R-HSA-68884	1/13	0.0458155662055763	0.1152330907594798	0	0	23.37558685446009	72.0700051727417	PLK1	12.0
Reactome_2022	NF-kB Activation Thru FADD/RIP-1 Pathway Mediated By Caspase-8 And -10 R-HSA-933543	1/13	0.0458155662055763	0.1152330907594798	0	0	23.37558685446009	72.0700051727417	CASP8	12.0
Reactome_2022	NF-kB Is Activated And Signals Survival R-HSA-209560	1/13	0.0458155662055763	0.1152330907594798	0	0	23.37558685446009	72.0700051727417	NFKB1	12.0
Reactome_2022	P75 NTR Receptor-Mediated Signaling R-HSA-193704	2/95	0.0460407090706988	0.1153002240089484	0	0	6.093701996927804	18.757811996208872	MAPK8;NFKB1	12.0
Reactome_2022	Nervous System Development R-HSA-9675108	5/545	0.0465346833120335	0.1159855574166699	0	0	2.6793808734107243	8.21915453653118	MAPK8;MSN;CXCR4;FGFR1;EIF4G1	12.0
Reactome_2022	Protein Folding R-HSA-391251	2/96	0.0469132633268802	0.1159855574166699	0	0	6.0285714285714285	18.444142055706436	KIFC3;TP53	12.0
Reactome_2022	HCMV Early Events R-HSA-9609690	2/96	0.0469132633268802	0.1159855574166699	0	0	6.0285714285714285	18.444142055706436	PML;NFKB1	12.0
Reactome_2022	RUNX1 Regulates Transcription Of Genes Involved In Differentiation Of HSCs R-HSA-8939236	2/98	0.048676569626179	0.119002279376788	0	0	5.902380952380953	17.840285704351114	CDK7;MYB	12.0
Reactome_2022	Regulation Of IFNG Signaling R-HSA-877312	1/14	0.0492528558004378	0.119002279376788	0	0	21.57638136511376	64.9619085278147	SOCS1	12.0
Reactome_2022	TP53 Regulates Transcription Of Genes Involved In G1 Cell Cycle Arrest R-HSA-6804116	1/14	0.0492528558004378	0.119002279376788	0	0	21.57638136511376	64.9619085278147	TP53	12.0
Reactome_2022	Golgi Cisternae Pericentriolar Stack Reorganization R-HSA-162658	1/14	0.0492528558004378	0.119002279376788	0	0	21.57638136511376	64.9619085278147	PLK1	12.0
Reactome_2022	Heme Biosynthesis R-HSA-189451	1/14	0.0492528558004378	0.119002279376788	0	0	21.57638136511376	64.9619085278147	ALB	12.0
Reactome_2022	CLEC7A (Dectin-1) Signaling R-HSA-5607764	2/99	0.0495672144736363	0.119002279376788	0	0	5.8412371134020615	17.549562683215672	CASP8;NFKB1	12.0
Reactome_2022	L1CAM Interactions R-HSA-373760	2/99	0.0495672144736363	0.119002279376788	0	0	5.8412371134020615	17.549562683215672	MSN;FGFR1	12.0
Reactome_2022	TNFR2 Non-Canonical NF-kB Pathway R-HSA-5668541	2/100	0.0504637828415356	0.1206562050655647	0	0	5.78134110787172	17.265971584773993	TANK;TNFRSF1A	12.0
Reactome_2022	Signaling By VEGF R-HSA-194138	2/102	0.0522744789860183	0.1244141469453816	0	0	5.6651428571428575	16.719235864590853	CDH5;CAV1	12.0
Reactome_2022	GRB2 Events In ERBB2 Signaling R-HSA-1963640	1/15	0.0526779348512287	0.1244141469453816	0	0	20.03420523138833	58.9718571959067	ERBB4	12.0
Reactome_2022	Metabolism Of Nitric Oxide: NOS3 Activation And Regulation R-HSA-202131	1/15	0.0526779348512287	0.1244141469453816	0	0	20.03420523138833	58.9718571959067	CAV1	12.0
Reactome_2022	Phospholipase C-mediated Cascade: FGFR1 R-HSA-5654219	1/16	0.0560908460725308	0.1263131068532574	0	0	18.697652582159623	53.86387318021709	FGFR1	12.0
Reactome_2022	Polo-like Kinase Mediated Events R-HSA-156711	1/16	0.0560908460725308	0.1263131068532574	0	0	18.697652582159623	53.86387318021709	PLK1	12.0
Reactome_2022	Cell-extracellular Matrix Interactions R-HSA-446353	1/16	0.0560908460725308	0.1263131068532574	0	0	18.697652582159623	53.86387318021709	ILK	12.0
Reactome_2022	Regulation Of KIT Signaling R-HSA-1433559	1/16	0.0560908460725308	0.1263131068532574	0	0	18.697652582159623	53.86387318021709	SOCS1	12.0
Reactome_2022	Early Phase Of HIV Life Cycle R-HSA-162594	1/16	0.0560908460725308	0.1263131068532574	0	0	18.697652582159623	53.86387318021709	CXCR4	12.0
Reactome_2022	Signaling By NTRK3 (TRKC) R-HSA-9034015	1/16	0.0560908460725308	0.1263131068532574	0	0	18.697652582159623	53.86387318021709	BAX	12.0
Reactome_2022	FGFR1 Ligand Binding And Activation R-HSA-190242	1/16	0.0560908460725308	0.1263131068532574	0	0	18.697652582159623	53.86387318021709	FGFR1	12.0
Reactome_2022	NLRP3 Inflammasome R-HSA-844456	1/16	0.0560908460725308	0.1263131068532574	0	0	18.697652582159623	53.86387318021709	NFKB1	12.0
Reactome_2022	Heme Degradation R-HSA-189483	1/16	0.0560908460725308	0.1263131068532574	0	0	18.697652582159623	53.86387318021709	ALB	12.0
Reactome_2022	p75NTR Signals Via NF-kB R-HSA-193639	1/16	0.0560908460725308	0.1263131068532574	0	0	18.697652582159623	53.86387318021709	NFKB1	12.0
Reactome_2022	MAP3K8 (TPL2)-dependent MAPK1/3 Activation R-HSA-5684264	1/16	0.0560908460725308	0.1263131068532574	0	0	18.697652582159623	53.86387318021709	NFKB1	12.0
Reactome_2022	NRIF Signals Cell Death From Nucleus R-HSA-205043	1/16	0.0560908460725308	0.1263131068532574	0	0	18.697652582159623	53.86387318021709	MAPK8	12.0
Reactome_2022	Nucleotide Excision Repair R-HSA-5696398	2/108	0.0578432955406648	0.1290376746392909	0	0	5.342857142857143	15.227237564150975	USP7;CDK7	12.0
Reactome_2022	Signaling By B Cell Receptor (BCR) R-HSA-983705	2/109	0.0587908322638145	0.1290376746392909	0	0	5.292656875834446	14.998168835410269	REL;NFKB1	12.0
Reactome_2022	Transmission Across Chemical Synapses R-HSA-112315	3/246	0.0590607493496886	0.1290376746392909	0	0	3.5220969762032563	9.964677017532434	ERBB4;CAMK2G;KCNJ2	12.0
Reactome_2022	Activation Of IRF3/IRF7 Mediated By TBK1/IKK Epsilon R-HSA-936964	1/17	0.0594916320576284	0.1290376746392909	0	0	17.528169014084508	49.46308393849017	TANK	12.0
Reactome_2022	RIP-mediated NFkB Activation Via ZBP1 R-HSA-1810476	1/17	0.0594916320576284	0.1290376746392909	0	0	17.528169014084508	49.46308393849017	NFKB1	12.0
Reactome_2022	Regulation Of RUNX1 Expression And Activity R-HSA-8934593	1/17	0.0594916320576284	0.1290376746392909	0	0	17.528169014084508	49.46308393849017	PML	12.0
Reactome_2022	FOXO-mediated Transcription Of Cell Cycle Genes R-HSA-9617828	1/17	0.0594916320576284	0.1290376746392909	0	0	17.528169014084508	49.46308393849017	CAV1	12.0
Reactome_2022	Formation Of Senescence-Associated Heterochromatin Foci (SAHF) R-HSA-2559584	1/17	0.0594916320576284	0.1290376746392909	0	0	17.528169014084508	49.46308393849017	TP53	12.0
Reactome_2022	TNF Receptor Superfamily (TNFSF) Members Mediating Non-Canonical NF-kB Pathway R-HSA-5676594	1/17	0.0594916320576284	0.1290376746392909	0	0	17.528169014084508	49.46308393849017	TANK	12.0
Reactome_2022	Assembly Of Pre-Replicative Complex R-HSA-68867	2/110	0.059743777070515	0.1290376746392909	0	0	5.243386243386244	14.774238258489508	GMNN;UBE2E1	12.0
Reactome_2022	Mitotic Spindle Checkpoint R-HSA-69618	2/110	0.059743777070515	0.1290376746392909	0	0	5.243386243386244	14.774238258489508	PLK1;UBE2E1	12.0
Reactome_2022	Recycling Of Bile Acids And Salts R-HSA-159418	1/18	0.0628803352568931	0.1348098700526011	0	0	16.496271748135875	45.63729539644487	ALB	12.0
Reactome_2022	JNK (c-Jun Kinases) Phosphorylation And Activation Mediated By Activated Human TAK1 R-HSA-450321	1/18	0.0628803352568931	0.1348098700526011	0	0	16.496271748135875	45.63729539644487	MAPK8	12.0
Reactome_2022	PPARA Activates Gene Expression R-HSA-1989781	2/116	0.0655722370282933	0.1384723590671246	0	0	4.965914786967419	13.530145773338278	MED21;PPARG	12.0
Reactome_2022	Phase 4 - Resting Membrane Potential R-HSA-5576886	1/19	0.066256997970156	0.1384723590671246	0	0	15.579029733959311	42.28482356965927	KCNJ2	12.0
Reactome_2022	Ras Activation Upon Ca2+ Influx Thru NMDA Receptor R-HSA-442982	1/19	0.066256997970156	0.1384723590671246	0	0	15.579029733959311	42.28482356965927	CAMK2G	12.0
Reactome_2022	Regulation Of TP53 Activity Thru Methylation R-HSA-6804760	1/19	0.066256997970156	0.1384723590671246	0	0	15.579029733959311	42.28482356965927	TP53	12.0
Reactome_2022	SUMOylation Of Transcription Factors R-HSA-3232118	1/19	0.066256997970156	0.1384723590671246	0	0	15.579029733959311	42.28482356965927	TP53	12.0
Reactome_2022	Scavenging By Class A Receptors R-HSA-3000480	1/19	0.066256997970156	0.1384723590671246	0	0	15.579029733959311	42.28482356965927	FTH1	12.0
Reactome_2022	Nuclear Events Stimulated By ALK Signaling In Cancer R-HSA-9725371	1/19	0.066256997970156	0.1384723590671246	0	0	15.579029733959311	42.28482356965927	ALK	12.0
Reactome_2022	Regulation Of Lipid Metabolism By PPARalpha R-HSA-400206	2/118	0.0675560889441407	0.1399660409173924	0	0	4.879802955665024	13.150078750185497	MED21;PPARG	12.0
Reactome_2022	Synthesis Of DNA R-HSA-69239	2/119	0.0685554913270446	0.1399660409173924	0	0	4.8378510378510375	12.965981504645736	GMNN;UBE2E1	12.0
Reactome_2022	Cell-Cell Communication R-HSA-1500931	2/120	0.0695598145643984	0.1399660409173924	0	0	4.796610169491525	12.785691801019968	CDH5;ILK	12.0
Reactome_2022	Aberrant Regulation Of Mitotic Exit In Cancer Due To RB1 Defects R-HSA-9687136	1/20	0.0696216623496152	0.1399660409173924	0	0	14.758339510748703	39.32624503481652	UBE2E1	12.0
Reactome_2022	Apoptotic Factor-Mediated Response R-HSA-111471	1/20	0.0696216623496152	0.1399660409173924	0	0	14.758339510748703	39.32624503481652	BAX	12.0
Reactome_2022	CD209 (DC-SIGN) Signaling R-HSA-5621575	1/20	0.0696216623496152	0.1399660409173924	0	0	14.758339510748703	39.32624503481652	NFKB1	12.0
Reactome_2022	Conversion From APC/C:Cdc20 To APC/C:Cdh1 In Late Anaphase R-HSA-176407	1/20	0.0696216623496152	0.1399660409173924	0	0	14.758339510748703	39.32624503481652	UBE2E1	12.0
Reactome_2022	SHC-mediated cascade:FGFR1 R-HSA-5654688	1/20	0.0696216623496152	0.1399660409173924	0	0	14.758339510748703	39.32624503481652	FGFR1	12.0
Reactome_2022	Signal Transduction By L1 R-HSA-445144	1/20	0.0696216623496152	0.1399660409173924	0	0	14.758339510748703	39.32624503481652	FGFR1	12.0
Reactome_2022	Signaling By Hippo R-HSA-2028269	1/20	0.0696216623496152	0.1399660409173924	0	0	14.758339510748703	39.32624503481652	AMOTL2	12.0
Reactome_2022	Syndecan Interactions R-HSA-3000170	1/20	0.0696216623496152	0.1399660409173924	0	0	14.758339510748703	39.32624503481652	THBS1	12.0
Reactome_2022	HCMV Infection R-HSA-9609646	2/121	0.070569011453418	0.141381364325641	0	0	4.756062424969988	12.609102253772605	PML;NFKB1	12.0
Reactome_2022	PI-3K cascade:FGFR1 R-HSA-5654689	1/21	0.0729743704052392	0.1427545764493063	0	0	14.019718309859154	36.69867343192122	FGFR1	12.0
Reactome_2022	TP53 Regulates Transcription Of Additional Cell Cycle Genes With Uncertain Roles In P53 Pathway R-HSA-6804115	1/21	0.0729743704052392	0.1427545764493063	0	0	14.019718309859154	36.69867343192122	TP53	12.0
Reactome_2022	Inactivation Of APC/C Via Direct Inhibition Of APC/C Complex R-HSA-141430	1/21	0.0729743704052392	0.1427545764493063	0	0	14.019718309859154	36.69867343192122	UBE2E1	12.0
Reactome_2022	Unblocking Of NMDA Receptors, Glutamate Binding And Activation R-HSA-438066	1/21	0.0729743704052392	0.1427545764493063	0	0	14.019718309859154	36.69867343192122	CAMK2G	12.0
Reactome_2022	Inflammasomes R-HSA-622312	1/21	0.0729743704052392	0.1427545764493063	0	0	14.019718309859154	36.69867343192122	NFKB1	12.0
Reactome_2022	ZBP1(DAI) Mediated Induction Of Type I IFNs R-HSA-1606322	1/21	0.0729743704052392	0.1427545764493063	0	0	14.019718309859154	36.69867343192122	NFKB1	12.0
Reactome_2022	Negative Regulation Of NMDA Receptor-Mediated Neuronal Transmission R-HSA-9617324	1/21	0.0729743704052392	0.1427545764493063	0	0	14.019718309859154	36.69867343192122	CAMK2G	12.0
Reactome_2022	Cell Cycle Checkpoints R-HSA-69620	3/271	0.0742740362723226	0.1448094465577833	0	0	3.189487345879299	8.292647429227337	PLK1;UBE2E1;TP53	12.0
Reactome_2022	Cardiac Conduction R-HSA-5576891	2/126	0.0756864665196877	0.1470696891235403	0	0	4.563133640552995	11.778159375077376	CAMK2G;KCNJ2	12.0
Reactome_2022	FRS-mediated FGFR1 Signaling R-HSA-5654693	1/22	0.0763151640250253	0.1477970343284658	0	0	13.351441985244804	34.35170636454176	FGFR1	12.0
Reactome_2022	DNA Replication Pre-Initiation R-HSA-69002	2/127	0.0767239285407503	0.1480950248577274	0	0	4.5264	11.621720495155545	GMNN;UBE2E1	12.0
Reactome_2022	Triglyceride Catabolism R-HSA-163560	1/23	0.0796440849468236	0.1531374825126651	0	0	12.74391805377721	32.24450226836904	CAV1	12.0
Reactome_2022	Fc Epsilon Receptor (FCERI) Signaling R-HSA-2454202	2/130	0.0798634375238167	0.1531374825126651	0	0	4.419642857142857	11.170369475710254	MAPK8;NFKB1	12.0
Reactome_2022	APC/C:Cdc20 Mediated Degradation Of Cyclin B R-HSA-174048	1/24	0.0829611747365632	0.1564949432530624	0	0	12.189222290263318	30.343637326988627	UBE2E1	12.0
Reactome_2022	Defective Intrinsic Pathway For Apoptosis R-HSA-9734009	1/24	0.0829611747365632	0.1564949432530624	0	0	12.189222290263318	30.343637326988627	TP53	12.0
Reactome_2022	Growth Hormone Receptor Signaling R-HSA-982772	1/24	0.0829611747365632	0.1564949432530624	0	0	12.189222290263318	30.343637326988627	SOCS1	12.0
Reactome_2022	Impaired BRCA2 Binding To PALB2 R-HSA-9709603	1/24	0.0829611747365632	0.1564949432530624	0	0	12.189222290263318	30.343637326988627	RAD51	12.0
Reactome_2022	mTORC1-mediated Signaling R-HSA-166208	1/24	0.0829611747365632	0.1564949432530624	0	0	12.189222290263318	30.343637326988627	EIF4G1	12.0
Reactome_2022	Factors Involved In Megakaryocyte Development And Platelet Production R-HSA-983231	2/136	0.0862605001260271	0.1581098482361676	0	0	4.22046908315565	10.341767760950862	MYB;TP53	12.0
Reactome_2022	Assembly And Cell Surface Presentation Of NMDA Receptors R-HSA-9609736	1/25	0.0862664748551896	0.1581098482361676	0	0	11.68075117370892	28.621510800477843	CAMK2G	12.0
Reactome_2022	Basigin Interactions R-HSA-210991	1/25	0.0862664748551896	0.1581098482361676	0	0	11.68075117370892	28.621510800477843	CAV1	12.0
Reactome_2022	Cell Recruitment (Pro-Inflammatory Response) R-HSA-9664424	1/25	0.0862664748551896	0.1581098482361676	0	0	11.68075117370892	28.621510800477843	NFKB1	12.0
Reactome_2022	Regulation Of IFNA/IFNB Signaling R-HSA-912694	1/25	0.0862664748551896	0.1581098482361676	0	0	11.68075117370892	28.621510800477843	SOCS1	12.0
Reactome_2022	Deadenylation Of mRNA R-HSA-429947	1/25	0.0862664748551896	0.1581098482361676	0	0	11.68075117370892	28.621510800477843	EIF4G1	12.0
Reactome_2022	Defective HDR Thru Homologous Recombination (HRR) Due To BRCA1 Loss-Of-Function R-HSA-9701192	1/25	0.0862664748551896	0.1581098482361676	0	0	11.68075117370892	28.621510800477843	RAD51	12.0
Reactome_2022	Inactivation Of CSF3 (G-CSF) Signaling R-HSA-9705462	1/25	0.0862664748551896	0.1581098482361676	0	0	11.68075117370892	28.621510800477843	SOCS1	12.0
Reactome_2022	Interleukin-7 Signaling R-HSA-1266695	1/25	0.0862664748551896	0.1581098482361676	0	0	11.68075117370892	28.621510800477843	SOCS1	12.0
Reactome_2022	APC-Cdc20 Mediated Degradation Of Nek2A R-HSA-179409	1/26	0.0895600265977508	0.1627754614980233	0	0	11.212957746478873	27.05514238024048	UBE2E1	12.0
Reactome_2022	Signaling By ALK R-HSA-201556	1/26	0.0895600265977508	0.1627754614980233	0	0	11.212957746478873	27.05514238024048	ALK	12.0
Reactome_2022	Signaling By WNT R-HSA-195721	3/294	0.0896525777613897	0.1627754614980233	0	0	2.9339608546242344	7.076165886357448	SOX2;TNKS;CAV1	12.0
Reactome_2022	C-type Lectin Receptors (CLRs) R-HSA-5621481	2/141	0.0917060221212223	0.1659850431539881	0	0	4.067625899280576	9.7182385020084	CASP8;NFKB1	12.0
Reactome_2022	CREB1 Phosphorylation Thru NMDA Receptor-Mediated Activation Of RAS Signaling R-HSA-442742	1/27	0.0928418711410691	0.1664849602869172	0	0	10.781148429035753	25.62525396907896	CAMK2G	12.0
Reactome_2022	RNA Pol II CTD Phosphorylation And Interaction With CE R-HSA-77075	1/27	0.0928418711410691	0.1664849602869172	0	0	10.781148429035753	25.62525396907896	CDK7	12.0
Reactome_2022	Resolution Of D-loop Structures Thru Synthesis-Dependent Strand Annealing (SDSA) R-HSA-5693554	1/27	0.0928418711410691	0.1664849602869172	0	0	10.781148429035753	25.62525396907896	RAD51	12.0
Reactome_2022	Recycling Pathway Of L1 R-HSA-437239	1/28	0.0961120494930951	0.1707678922186185	0	0	10.38132498695879	24.315560720102795	MSN	12.0
Reactome_2022	TRAF6 Mediated IRF7 Activation R-HSA-933541	1/28	0.0961120494930951	0.1707678922186185	0	0	10.38132498695879	24.315560720102795	TANK	12.0
Reactome_2022	Metabolism Of Porphyrins R-HSA-189445	1/28	0.0961120494930951	0.1707678922186185	0	0	10.38132498695879	24.315560720102795	ALB	12.0
Reactome_2022	Activation Of G Protein Gated Potassium Channels R-HSA-1296041	1/29	0.0993706025424171	0.1723412539616249	0	0	10.010060362173038	23.112217941062152	KCNJ2	12.0
Reactome_2022	Peroxisomal Lipid Metabolism R-HSA-390918	1/29	0.0993706025424171	0.1723412539616249	0	0	10.010060362173038	23.112217941062152	ECI2	12.0
Reactome_2022	Adherens Junctions Interactions R-HSA-418990	1/29	0.0993706025424171	0.1723412539616249	0	0	10.010060362173038	23.112217941062152	CDH5	12.0
Reactome_2022	Disassembly Of Destruction Complex And Recruitment Of AXIN To Membrane R-HSA-4641262	1/29	0.0993706025424171	0.1723412539616249	0	0	10.010060362173038	23.112217941062152	CAV1	12.0
Reactome_2022	FCERI Mediated MAPK Activation R-HSA-2871796	1/29	0.0993706025424171	0.1723412539616249	0	0	10.010060362173038	23.112217941062152	MAPK8	12.0
Reactome_2022	G1/S-Specific Transcription R-HSA-69205	1/29	0.0993706025424171	0.1723412539616249	0	0	10.010060362173038	23.112217941062152	E2F6	12.0
Reactome_2022	TNFs Bind Their Physiological Receptors R-HSA-5669034	1/29	0.0993706025424171	0.1723412539616249	0	0	10.010060362173038	23.112217941062152	TNFRSF1A	12.0
Reactome_2022	mRNA Capping R-HSA-72086	1/29	0.0993706025424171	0.1723412539616249	0	0	10.010060362173038	23.112217941062152	CDK7	12.0
Reactome_2022	RNA Polymerase I Transcription Termination R-HSA-73863	1/30	0.1026175710295397	0.1748410814315618	0	0	9.664400194269062	22.00338548313555	CDK7	12.0
Reactome_2022	Downstream Signaling Of Activated FGFR1 R-HSA-5654687	1/30	0.1026175710295397	0.1748410814315618	0	0	9.664400194269062	22.00338548313555	FGFR1	12.0
Reactome_2022	Signaling By CSF3 (G-CSF) R-HSA-9674555	1/30	0.1026175710295397	0.1748410814315618	0	0	9.664400194269062	22.00338548313555	SOCS1	12.0
Reactome_2022	FGFR1 Mutant Receptor Activation R-HSA-1839124	1/30	0.1026175710295397	0.1748410814315618	0	0	9.664400194269062	22.00338548313555	FGFR1	12.0
Reactome_2022	Transcriptional Regulation Of Pluripotent Stem Cells R-HSA-452723	1/30	0.1026175710295397	0.1748410814315618	0	0	9.664400194269062	22.00338548313555	SOX2	12.0
Reactome_2022	MAPK Targets/ Nuclear Events Mediated By MAP Kinases R-HSA-450282	1/30	0.1026175710295397	0.1748410814315618	0	0	9.664400194269062	22.00338548313555	MAPK8	12.0
Reactome_2022	Pausing And Recovery Of Tat-mediated HIV Elongation R-HSA-167238	1/31	0.1058529955609793	0.1782625809302289	0	0	9.341784037558686	20.97888160974941	CCNT1	12.0
Reactome_2022	Regulation Of MECP2 Expression And Activity R-HSA-9022692	1/31	0.1058529955609793	0.1782625809302289	0	0	9.341784037558686	20.97888160974941	CAMK2G	12.0
Reactome_2022	Diseases Associated With TLR Signaling Cascade R-HSA-5602358	1/31	0.1058529955609793	0.1782625809302289	0	0	9.341784037558686	20.97888160974941	NFKB1	12.0
Reactome_2022	Glutamate Binding, Activation Of AMPA Receptors And Synaptic Plasticity R-HSA-399721	1/31	0.1058529955609793	0.1782625809302289	0	0	9.341784037558686	20.97888160974941	CAMK2G	12.0
Reactome_2022	DNA Replication R-HSA-69306	2/155	0.1074615017700934	0.1804483599087407	0	0	3.69281045751634	8.237266532829768	GMNN;UBE2E1	12.0
Reactome_2022	Phase 0 - Rapid Depolarisation R-HSA-5576892	1/32	0.1090769165778529	0.1810676815192359	0	0	9.039981826442526	20.02990571277638	CAMK2G	12.0
Reactome_2022	Activation Of Pre-Replicative Complex R-HSA-68962	1/32	0.1090769165778529	0.1810676815192359	0	0	9.039981826442526	20.02990571277638	GMNN	12.0
Reactome_2022	RAF Activation R-HSA-5673000	1/32	0.1090769165778529	0.1810676815192359	0	0	9.039981826442526	20.02990571277638	CAMK2G	12.0
Reactome_2022	Nuclear Signaling By ERBB4 R-HSA-1251985	1/32	0.1090769165778529	0.1810676815192359	0	0	9.039981826442526	20.02990571277638	ERBB4	12.0
Reactome_2022	Oncogene Induced Senescence R-HSA-2559585	1/33	0.1122893744143964	0.1822349903205708	0	0	8.757042253521126	19.148814473308494	TP53	12.0
Reactome_2022	Plasma Lipoprotein Remodeling R-HSA-8963899	1/33	0.1122893744143964	0.1822349903205708	0	0	8.757042253521126	19.148814473308494	ALB	12.0
Reactome_2022	CaM Pathway R-HSA-111997	1/33	0.1122893744143964	0.1822349903205708	0	0	8.757042253521126	19.148814473308494	CAMK2G	12.0
Reactome_2022	Resolution Of D-loop Structures Thru Holliday Junction Intermediates R-HSA-5693568	1/33	0.1122893744143964	0.1822349903205708	0	0	8.757042253521126	19.148814473308494	RAD51	12.0
Reactome_2022	Signaling By WNT In Cancer R-HSA-4791275	1/33	0.1122893744143964	0.1822349903205708	0	0	8.757042253521126	19.148814473308494	TNKS	12.0
Reactome_2022	Formation Of Early Elongation Complex R-HSA-113418	1/33	0.1122893744143964	0.1822349903205708	0	0	8.757042253521126	19.148814473308494	CDK7	12.0
Reactome_2022	HIV Elongation Arrest And Recovery R-HSA-167287	1/33	0.1122893744143964	0.1822349903205708	0	0	8.757042253521126	19.148814473308494	CCNT1	12.0
Reactome_2022	Negative Regulation Of FGFR1 Signaling R-HSA-5654726	1/33	0.1122893744143964	0.1822349903205708	0	0	8.757042253521126	19.148814473308494	FGFR1	12.0
Reactome_2022	Resolution Of D-Loop Structures R-HSA-5693537	1/34	0.1154904092558252	0.1863886882712068	0	0	8.491250533504054	18.328939891769167	RAD51	12.0
Reactome_2022	Detoxification Of Reactive Oxygen Species R-HSA-3299685	1/34	0.1154904092558252	0.1863886882712068	0	0	8.491250533504054	18.328939891769167	SOD1	12.0
Reactome_2022	Nucleotide Catabolism R-HSA-8956319	1/35	0.11868006112791	0.1889126452474404	0	0	8.24109362054681	17.56444036008005	SAMHD1	12.0
Reactome_2022	Ca-dependent Events R-HSA-111996	1/35	0.11868006112791	0.1889126452474404	0	0	8.24109362054681	17.56444036008005	CAMK2G	12.0
Reactome_2022	Impaired BRCA2 Binding To RAD51 R-HSA-9709570	1/35	0.11868006112791	0.1889126452474404	0	0	8.24109362054681	17.56444036008005	RAD51	12.0
Reactome_2022	Inwardly Rectifying K+ Channels R-HSA-1296065	1/35	0.11868006112791	0.1889126452474404	0	0	8.24109362054681	17.56444036008005	KCNJ2	12.0
Reactome_2022	Negative Regulators Of DDX58/IFIH1 Signaling R-HSA-936440	1/35	0.11868006112791	0.1889126452474404	0	0	8.24109362054681	17.56444036008005	CYLD	12.0
Reactome_2022	Aberrant Regulation Of Mitotic Cell Cycle Due To RB1 Defects R-HSA-9687139	1/36	0.1218583699637631	0.191350575537693	0	0	8.00523138832998	16.8501780118101	UBE2E1	12.0
Reactome_2022	RHOH GTPase Cycle R-HSA-9013407	1/36	0.1218583699637631	0.191350575537693	0	0	8.00523138832998	16.8501780118101	CAV1	12.0
Reactome_2022	SMAD2/SMAD3:SMAD4 Heterotrimer Regulates Transcription R-HSA-2173796	1/36	0.1218583699637631	0.191350575537693	0	0	8.00523138832998	16.8501780118101	CCNT1	12.0
Reactome_2022	Signaling By FGFR1 In Disease R-HSA-5655302	1/36	0.1218583699637631	0.191350575537693	0	0	8.00523138832998	16.8501780118101	FGFR1	12.0
Reactome_2022	HSF1-dependent Transactivation R-HSA-3371571	1/36	0.1218583699637631	0.191350575537693	0	0	8.00523138832998	16.8501780118101	CAMK2G	12.0
Reactome_2022	Metabolism Of Lipids R-HSA-556833	5/732	0.1235312398694682	0.1934545831918088	0	0	1.9709909872918765	4.121856978244947	CAV1;MED21;ALB;ECI2;PPARG	12.0
Reactome_2022	Defective B3GALTL Causes PpS R-HSA-5083635	1/37	0.1250253755206387	0.1937840479713078	0	0	7.782472613458529	16.181617135394756	THBS1	12.0
Reactome_2022	HDR Thru Single Strand Annealing (SSA) R-HSA-5685938	1/37	0.1250253755206387	0.1937840479713078	0	0	7.782472613458529	16.181617135394756	RAD51	12.0
Reactome_2022	Triglyceride Metabolism R-HSA-8979227	1/37	0.1250253755206387	0.1937840479713078	0	0	7.782472613458529	16.181617135394756	CAV1	12.0
Reactome_2022	Separation Of Sister Chromatids R-HSA-2467813	2/170	0.1250757624599663	0.1937840479713078	0	0	3.360544217687075	6.9860190411465295	PLK1;UBE2E1	12.0
Reactome_2022	O-glycosylation Of TSR Domain-Containing Proteins R-HSA-5173214	1/38	0.1281811174180782	0.1964992855406424	0	0	7.571754853444994	15.554739552581722	THBS1	12.0
Reactome_2022	Apoptotic Cleavage Of Cellular Proteins R-HSA-111465	1/38	0.1281811174180782	0.1964992855406424	0	0	7.571754853444994	15.554739552581722	CASP8	12.0
Reactome_2022	Diseases Of Mitotic Cell Cycle R-HSA-9675126	1/38	0.1281811174180782	0.1964992855406424	0	0	7.571754853444994	15.554739552581722	UBE2E1	12.0
Reactome_2022	Signaling By RAF1 Mutants R-HSA-9656223	1/38	0.1281811174180782	0.1964992855406424	0	0	7.571754853444994	15.554739552581722	CAMK2G	12.0
Reactome_2022	Ion Channel Transport R-HSA-983712	2/175	0.1310946375774093	0.1992172167849915	0	0	3.262592898431049	6.629053026895042	ATP12A;CAMK2G	12.0
Reactome_2022	Ovarian Tumor Domain Proteases R-HSA-5689896	1/39	0.1313256351611906	0.1992172167849915	0	0	7.372127501853225	14.96597377004026	TP53	12.0
Reactome_2022	DAG And IP3 Signaling R-HSA-1489509	1/39	0.1313256351611906	0.1992172167849915	0	0	7.372127501853225	14.96597377004026	CAMK2G	12.0
Reactome_2022	SUMOylation Of Ubiquitinylation Proteins R-HSA-3232142	1/39	0.1313256351611906	0.1992172167849915	0	0	7.372127501853225	14.96597377004026	PML	12.0
Reactome_2022	Presynaptic Phase Of Homologous DNA Pairing And Strand Exchange R-HSA-5693616	1/40	0.1344589680989366	0.2034392199621932	0	0	7.182737450343084	14.412135373708946	RAD51	12.0
Reactome_2022	Paradoxical Activation Of RAF Signaling By Kinase Inactive BRAF R-HSA-6802955	1/41	0.1375811554896087	0.2054875355770249	0	0	7.002816901408451	13.890376640038554	CAMK2G	12.0
Reactome_2022	Defective Homologous Recombination Repair (HRR) Due To BRCA2 Loss Of Function R-HSA-9701190	1/41	0.1375811554896087	0.2054875355770249	0	0	7.002816901408451	13.890376640038554	RAD51	12.0
Reactome_2022	Signaling By Retinoic Acid R-HSA-5362517	1/41	0.1375811554896087	0.2054875355770249	0	0	7.002816901408451	13.890376640038554	RARA	12.0
Reactome_2022	MTOR Signaling R-HSA-165159	1/41	0.1375811554896087	0.2054875355770249	0	0	7.002816901408451	13.890376640038554	EIF4G1	12.0
Reactome_2022	Non-integrin membrane-ECM Interactions R-HSA-3000171	1/41	0.1375811554896087	0.2054875355770249	0	0	7.002816901408451	13.890376640038554	THBS1	12.0
Reactome_2022	Cellular Response To Chemical Stress R-HSA-9711123	2/182	0.1396316602804947	0.2058997212384508	0	0	3.1346031746031744	6.171241604050826	ALB;SOD1	12.0
Reactome_2022	Activation Of GABAB Receptors R-HSA-991365	1/42	0.1406922363711961	0.2058997212384508	0	0	6.8316729646169705	13.398143766307117	KCNJ2	12.0
Reactome_2022	RHOF GTPase Cycle R-HSA-9035034	1/42	0.1406922363711961	0.2058997212384508	0	0	6.8316729646169705	13.398143766307117	CAV1	12.0
Reactome_2022	RND1 GTPase Cycle R-HSA-9696273	1/42	0.1406922363711961	0.2058997212384508	0	0	6.8316729646169705	13.398143766307117	CAV1	12.0
Reactome_2022	RND3 GTPase Cycle R-HSA-9696264	1/42	0.1406922363711961	0.2058997212384508	0	0	6.8316729646169705	13.398143766307117	CAV1	12.0
Reactome_2022	Deactivation Of Beta-Catenin Transactivating Complex R-HSA-3769402	1/42	0.1406922363711961	0.2058997212384508	0	0	6.8316729646169705	13.398143766307117	SOX2	12.0
Reactome_2022	Signaling By SCF-KIT R-HSA-1433557	1/42	0.1406922363711961	0.2058997212384508	0	0	6.8316729646169705	13.398143766307117	SOCS1	12.0
Reactome_2022	Formation Of Incision Complex In GG-NER R-HSA-5696395	1/42	0.1406922363711961	0.2058997212384508	0	0	6.8316729646169705	13.398143766307117	CDK7	12.0
Reactome_2022	RND2 GTPase Cycle R-HSA-9696270	1/43	0.1437922497074726	0.208858242700104	0	0	6.668678739101274	12.933140394434057	CAV1	12.0
Reactome_2022	Condensation Of Prophase Chromosomes R-HSA-2299718	1/43	0.1437922497074726	0.208858242700104	0	0	6.668678739101274	12.933140394434057	PLK1	12.0
Reactome_2022	Homologous DNA Pairing And Strand Exchange R-HSA-5693579	1/43	0.1437922497074726	0.208858242700104	0	0	6.668678739101274	12.933140394434057	RAD51	12.0
Reactome_2022	PI3K Cascade R-HSA-109704	1/44	0.1468812343517973	0.2122835750208812	0	0	6.51326564035375	12.493296399483071	FGFR1	12.0
Reactome_2022	Aspirin ADME R-HSA-9749641	1/44	0.1468812343517973	0.2122835750208812	0	0	6.51326564035375	12.493296399483071	ALB	12.0
Reactome_2022	Bile Acid And Bile Salt Metabolism R-HSA-194068	1/45	0.1499592289221544	0.2156591881281478	0	0	6.364916773367478	12.076741078165709	ALB	12.0
Reactome_2022	Interleukin-10 Signaling R-HSA-6783783	1/45	0.1499592289221544	0.2156591881281478	0	0	6.364916773367478	12.076741078165709	TNFRSF1A	12.0
Reactome_2022	RNA Polymerase I Transcription Initiation R-HSA-73762	1/46	0.1530262720346209	0.2195265779064562	0	0	6.223161189358373	11.68178001613074	CDK7	12.0
Reactome_2022	PKMTs Methylate Histone Lysines R-HSA-3214841	1/47	0.1560824020654359	0.2211801843902884	0	0	6.087568891610533	11.306875093600627	NFKB1	12.0
Reactome_2022	PLC Beta Mediated Events R-HSA-112043	1/47	0.1560824020654359	0.2211801843902884	0	0	6.087568891610533	11.306875093600627	CAMK2G	12.0
Reactome_2022	Cyclin D Associated Events In G1 R-HSA-69231	1/47	0.1560824020654359	0.2211801843902884	0	0	6.087568891610533	11.306875093600627	CDK7	12.0
Reactome_2022	Sensory Perception Of Taste R-HSA-9717189	1/47	0.1560824020654359	0.2211801843902884	0	0	6.087568891610533	11.306875093600627	KCNJ2	12.0
Reactome_2022	IRS-mediated Signaling R-HSA-112399	1/47	0.1560824020654359	0.2211801843902884	0	0	6.087568891610533	11.306875093600627	FGFR1	12.0
Reactome_2022	Muscle Contraction R-HSA-397014	2/196	0.157050765329921	0.2220109359043408	0	0	2.9063328424153165	5.380163191918882	CAMK2G;KCNJ2	12.0
Reactome_2022	Signaling By FGFR1 R-HSA-5654736	1/49	0.1621620759393262	0.2277287489279661	0	0	5.833333333333333	10.611760688222162	FGFR1	12.0
Reactome_2022	Netrin-1 Signaling R-HSA-373752	1/49	0.1621620759393262	0.2277287489279661	0	0	5.833333333333333	10.611760688222162	MAPK8	12.0
Reactome_2022	Neuronal System R-HSA-112316	3/386	0.1622714321104612	0.2277287489279661	0	0	2.2187535475082303	4.034769687600627	ERBB4;CAMK2G;KCNJ2	12.0
Reactome_2022	Ion Homeostasis R-HSA-5578775	1/50	0.1651856959101235	0.231259974274173	0	0	5.713998275366484	10.28911103101624	CAMK2G	12.0
Reactome_2022	Autodegradation Of E3 Ubiquitin Ligase COP1 R-HSA-349425	1/51	0.1681985552019509	0.2332299774996026	0	0	5.599436619718309	9.981612391566651	TP53	12.0
Reactome_2022	Diseases Of DNA Repair R-HSA-9675135	1/51	0.1681985552019509	0.2332299774996026	0	0	5.599436619718309	9.981612391566651	RAD51	12.0
Reactome_2022	Transcriptional Activity Of SMAD2/SMAD3:SMAD4 Heterotrimer R-HSA-2173793	1/51	0.1681985552019509	0.2332299774996026	0	0	5.599436619718309	9.981612391566651	CCNT1	12.0
Reactome_2022	IRS-related Events Triggered By IGF1R R-HSA-2428928	1/51	0.1681985552019509	0.2332299774996026	0	0	5.599436619718309	9.981612391566651	FGFR1	12.0
Reactome_2022	Apoptotic Execution Phase R-HSA-75153	1/52	0.1712006915092137	0.2340414159220074	0	0	5.489367578017123	9.688287907320335	CASP8	12.0
Reactome_2022	RHOD GTPase Cycle R-HSA-9013405	1/52	0.1712006915092137	0.2340414159220074	0	0	5.489367578017123	9.688287907320335	CAV1	12.0
Reactome_2022	SARS-CoV-1 Infection R-HSA-9678108	1/52	0.1712006915092137	0.2340414159220074	0	0	5.489367578017123	9.688287907320335	CAV1	12.0
Reactome_2022	Signaling By PDGF R-HSA-186797	1/52	0.1712006915092137	0.2340414159220074	0	0	5.489367578017123	9.688287907320335	THBS1	12.0
Reactome_2022	G-protein Mediated Events R-HSA-112040	1/52	0.1712006915092137	0.2340414159220074	0	0	5.489367578017123	9.688287907320335	CAMK2G	12.0
Reactome_2022	IGF1R Signaling Cascade R-HSA-2428924	1/52	0.1712006915092137	0.2340414159220074	0	0	5.489367578017123	9.688287907320335	FGFR1	12.0
Reactome_2022	Signaling By ROBO Receptors R-HSA-376176	2/209	0.1735757545539225	0.2353619413477365	0	0	2.722015182884748	4.7666327955441465	CXCR4;EIF4G1	12.0
Reactome_2022	Sensory Processing Of Sound By Outer Hair Cells Of Cochlea R-HSA-9662361	1/53	0.1741921424776707	0.2353619413477365	0	0	5.383531960996749	9.408240653917506	MSN	12.0
Reactome_2022	Signaling By Type 1 Insulin-like Growth Factor 1 Receptor (IGF1R) R-HSA-2404192	1/53	0.1741921424776707	0.2353619413477365	0	0	5.383531960996749	9.408240653917506	FGFR1	12.0
Reactome_2022	Insulin Receptor Signaling Cascade R-HSA-74751	1/53	0.1741921424776707	0.2353619413477365	0	0	5.383531960996749	9.408240653917506	FGFR1	12.0
Reactome_2022	Nuclear Envelope Breakdown R-HSA-2980766	1/53	0.1741921424776707	0.2353619413477365	0	0	5.383531960996749	9.408240653917506	PLK1	12.0
Reactome_2022	AUF1 (hnRNP D0) Binds And Destabilizes mRNA R-HSA-450408	1/54	0.1771729455832538	0.2377309038888463	0	0	5.28169014084507	9.140645755790116	EIF4G1	12.0
Reactome_2022	RHOJ GTPase Cycle R-HSA-9013409	1/54	0.1771729455832538	0.2377309038888463	0	0	5.28169014084507	9.140645755790116	CAV1	12.0
Reactome_2022	Degradation Of AXIN R-HSA-4641257	1/54	0.1771729455832538	0.2377309038888463	0	0	5.28169014084507	9.140645755790116	TNKS	12.0
Reactome_2022	Golgi Associated Vesicle Biogenesis R-HSA-432722	1/55	0.1801431382358356	0.2411593624770057	0	0	5.183620239958268	8.884743398199696	FTH1	12.0
Reactome_2022	Chemokine Receptors Bind Chemokines R-HSA-380108	1/56	0.1831027576288948	0.2423296177275351	0	0	5.089116517285532	8.639832636704401	CXCR4	12.0
Reactome_2022	Deadenylation-dependent mRNA Decay R-HSA-429914	1/56	0.1831027576288948	0.2423296177275351	0	0	5.089116517285532	8.639832636704401	EIF4G1	12.0
Reactome_2022	E3 Ubiquitin Ligases Ubiquitinate Target Proteins R-HSA-8866654	1/56	0.1831027576288948	0.2423296177275351	0	0	5.089116517285532	8.639832636704401	UBE2E1	12.0
Reactome_2022	Stabilization Of P53 R-HSA-69541	1/56	0.1831027576288948	0.2423296177275351	0	0	5.089116517285532	8.639832636704401	TP53	12.0
Reactome_2022	Meiotic Recombination R-HSA-912446	1/56	0.1831027576288948	0.2423296177275351	0	0	5.089116517285532	8.639832636704401	RAD51	12.0
Reactome_2022	Cytoprotection By HMOX1 R-HSA-9707564	1/57	0.1860518408996662	0.2434597287448336	0	0	4.997987927565393	8.4052658855076	ALB	12.0
Reactome_2022	Ribosomal Scanning And Start Codon Recognition R-HSA-72702	1/57	0.1860518408996662	0.2434597287448336	0	0	4.997987927565393	8.4052658855076	EIF4G1	12.0
Reactome_2022	Translation Initiation Complex Formation R-HSA-72649	1/57	0.1860518408996662	0.2434597287448336	0	0	4.997987927565393	8.4052658855076	EIF4G1	12.0
Reactome_2022	NCAM Signaling For Neurite Out-Growth R-HSA-375165	1/57	0.1860518408996662	0.2434597287448336	0	0	4.997987927565393	8.4052658855076	FGFR1	12.0
Reactome_2022	NRAGE Signals Death Thru JNK R-HSA-193648	1/57	0.1860518408996662	0.2434597287448336	0	0	4.997987927565393	8.4052658855076	MAPK8	12.0
Reactome_2022	mRNA Activation Upon Binding Of Cap-Binding Complex And eIFs, Subsequent Binding To 43S R-HSA-72662	1/58	0.1889904250257408	0.2467492964942818	0	0	4.910056832221398	8.180444014676121	EIF4G1	12.0
Reactome_2022	RHOQ GTPase Cycle R-HSA-9013406	1/59	0.1919185468550104	0.2483400350172852	0	0	4.825157843613405	7.964811969835143	CAV1	12.0
Reactome_2022	RNA Polymerase I Promoter Escape R-HSA-73772	1/59	0.1919185468550104	0.2483400350172852	0	0	4.825157843613405	7.964811969835143	CDK7	12.0
Reactome_2022	GABA Receptor Activation R-HSA-977443	1/59	0.1919185468550104	0.2483400350172852	0	0	4.825157843613405	7.964811969835143	KCNJ2	12.0
Reactome_2022	Iron Uptake And Transport R-HSA-917937	1/59	0.1919185468550104	0.2483400350172852	0	0	4.825157843613405	7.964811969835143	FTH1	12.0
Reactome_2022	Cell-cell Junction Organization R-HSA-421270	1/61	0.197743550393761	0.2541792096875556	0	0	4.663849765258216	7.559094420263122	CDH5	12.0
Reactome_2022	DNA Damage/Telomere Stress Induced Senescence R-HSA-2559586	1/61	0.197743550393761	0.2541792096875556	0	0	4.663849765258216	7.559094420263122	TP53	12.0
Reactome_2022	Signaling By FGFR In Disease R-HSA-1226099	1/61	0.197743550393761	0.2541792096875556	0	0	4.663849765258216	7.559094420263122	FGFR1	12.0
Reactome_2022	Pre-NOTCH Transcription And Translation R-HSA-1912408	1/62	0.2006405051722728	0.2567668138878646	0	0	4.587162318171323	7.368085912659957	TP53	12.0
Reactome_2022	Signaling By BRAF And RAF1 Fusions R-HSA-6802952	1/62	0.2006405051722728	0.2567668138878646	0	0	4.587162318171323	7.368085912659957	CAMK2G	12.0
Reactome_2022	Mitotic Anaphase R-HSA-68882	2/232	0.2034415712172579	0.2581861802324827	0	0	2.4469565217391303	3.89647590183455	PLK1;UBE2E1	12.0
Reactome_2022	Peroxisomal Protein Import R-HSA-9033241	1/63	0.203527143797723	0.2581861802324827	0	0	4.512948659700136	7.184415237259634	ECI2	12.0
Reactome_2022	Autodegradation Of Cdh1 By Cdh1:APC/C R-HSA-174084	1/63	0.203527143797723	0.2581861802324827	0	0	4.512948659700136	7.184415237259634	UBE2E1	12.0
Reactome_2022	Cytosolic Sensors Of Pathogen-Associated DNA R-HSA-1834949	1/63	0.203527143797723	0.2581861802324827	0	0	4.512948659700136	7.184415237259634	NFKB1	12.0
Reactome_2022	Mitotic Metaphase And Anaphase R-HSA-2555396	2/233	0.204754434485422	0.2591771817778435	0	0	2.436239950525665	3.8637398846598408	PLK1;UBE2E1	12.0
Reactome_2022	FOXO-mediated Transcription R-HSA-9614085	1/65	0.2092696173349877	0.2637432704373706	0	0	4.371478873239437	6.837569220526326	CAV1	12.0
Reactome_2022	p53-Dependent G1 DNA Damage Response R-HSA-69563	1/65	0.2092696173349877	0.2637432704373706	0	0	4.371478873239437	6.837569220526326	TP53	12.0
Reactome_2022	RUNX1 Regulates Genes Involved In Megakaryocyte Differentiation And Platelet Function R-HSA-8936459	1/66	0.2121255243121104	0.2661877529704885	0	0	4.304008667388949	6.673697207776293	THBS1	12.0
Reactome_2022	Integrin Cell Surface Interactions R-HSA-216083	1/66	0.2121255243121104	0.2661877529704885	0	0	4.304008667388949	6.673697207776293	THBS1	12.0
Reactome_2022	APC/C:Cdc20 Mediated Degradation Of Securin R-HSA-174154	1/67	0.2149712592475344	0.2668767128692682	0	0	4.2385830132309	6.5157657116449785	UBE2E1	12.0
Reactome_2022	Regulation Of PTEN Stability And Activity R-HSA-8948751	1/67	0.2149712592475344	0.2668767128692682	0	0	4.2385830132309	6.5157657116449785	TNKS	12.0
Reactome_2022	Sensory Processing Of Sound By Inner Hair Cells Of Cochlea R-HSA-9662360	1/67	0.2149712592475344	0.2668767128692682	0	0	4.2385830132309	6.5157657116449785	MSN	12.0
Reactome_2022	G1/S DNA Damage Checkpoints R-HSA-69615	1/67	0.2149712592475344	0.2668767128692682	0	0	4.2385830132309	6.5157657116449785	TP53	12.0
Reactome_2022	HDR Thru Homologous Recombination (HRR) R-HSA-5685942	1/67	0.2149712592475344	0.2668767128692682	0	0	4.2385830132309	6.5157657116449785	RAD51	12.0
Reactome_2022	RHOB GTPase Cycle R-HSA-9013026	1/69	0.2206323558440396	0.2715834719181929	0	0	4.113504556752279	6.216564657571732	CAV1	12.0
Reactome_2022	Circadian Clock R-HSA-400253	1/69	0.2206323558440396	0.2715834719181929	0	0	4.113504556752279	6.216564657571732	PER1	12.0
Reactome_2022	Diseases Associated With O-glycosylation Of Proteins R-HSA-3906995	1/69	0.2206323558440396	0.2715834719181929	0	0	4.113504556752279	6.216564657571732	THBS1	12.0
Reactome_2022	Loss Of Nlp From Mitotic Centrosomes R-HSA-380259	1/69	0.2206323558440396	0.2715834719181929	0	0	4.113504556752279	6.216564657571732	PLK1	12.0
Reactome_2022	Leishmania Infection R-HSA-9658195	2/247	0.2232278548458914	0.2741974284682091	0	0	2.2953935860058308	3.4420855901263336	MAPK8;NFKB1	12.0
Reactome_2022	Plasma Lipoprotein Assembly, Remodeling, And Clearance R-HSA-174824	1/71	0.2262531913516949	0.276743377211231	0	0	3.995573440643863	5.937824051843299	ALB	12.0
Reactome_2022	trans-Golgi Network Vesicle Budding R-HSA-199992	1/71	0.2262531913516949	0.276743377211231	0	0	3.995573440643863	5.937824051843299	FTH1	12.0
Reactome_2022	AURKA Activation By TPX2 R-HSA-8854518	1/72	0.2290485995370204	0.2784042601067131	0	0	3.9390993850426494	5.805527681891608	PLK1	12.0
Reactome_2022	CDK-mediated Phosphorylation And Removal Of Cdc6 R-HSA-69017	1/72	0.2290485995370204	0.2784042601067131	0	0	3.9390993850426494	5.805527681891608	UBE2E1	12.0
Reactome_2022	Cdc20:Phospho-APC/C Mediated Degradation Of Cyclin A R-HSA-174184	1/72	0.2290485995370204	0.2784042601067131	0	0	3.9390993850426494	5.805527681891608	UBE2E1	12.0
Reactome_2022	APC:Cdc20 Mediated Degradation Of Cell Cycle Proteins Before Cycle Checkpoint Satisfied R-HSA-179419	1/73	0.2318340481314367	0.2800323949363092	0	0	3.884194053208138	5.677656463396951	UBE2E1	12.0
Reactome_2022	RHOC GTPase Cycle R-HSA-9013106	1/73	0.2318340481314367	0.2800323949363092	0	0	3.884194053208138	5.677656463396951	CAV1	12.0
Reactome_2022	Extra-nuclear Estrogen Signaling R-HSA-9009391	1/73	0.2318340481314367	0.2800323949363092	0	0	3.884194053208138	5.677656463396951	CAV1	12.0
Reactome_2022	RHOG GTPase Cycle R-HSA-9013408	1/74	0.2346095722180042	0.2816284327658274	0	0	3.830792977040324	5.554008317103728	CAV1	12.0
Reactome_2022	Cell Death Signaling Via NRAGE, NRIF And NADE R-HSA-204998	1/74	0.2346095722180042	0.2816284327658274	0	0	3.830792977040324	5.554008317103728	MAPK8	12.0
Reactome_2022	NoRC Negatively Regulates rRNA Expression R-HSA-427413	1/74	0.2346095722180042	0.2816284327658274	0	0	3.830792977040324	5.554008317103728	CDK7	12.0
Reactome_2022	APC/C:Cdc20 Mediated Degradation Of Mitotic Proteins R-HSA-176409	1/75	0.2373752065922487	0.2837757099384702	0	0	3.7788351732013705	5.4343928925821645	UBE2E1	12.0
Reactome_2022	Sensory Processing Of Sound R-HSA-9659379	1/75	0.2373752065922487	0.2837757099384702	0	0	3.7788351732013705	5.4343928925821645	MSN	12.0
Reactome_2022	SUMOylation Of DNA Damage Response And Repair Proteins R-HSA-3108214	1/76	0.2401309860024339	0.2864807040398647	0	0	3.728262910798122	5.318630740466146	PML	12.0
Reactome_2022	Signaling By Insulin Receptor R-HSA-74752	1/77	0.2428769450992916	0.2879826634748743	0	0	3.679021497405485	5.206552557410358	FGFR1	12.0
Reactome_2022	G2/M DNA Damage Checkpoint R-HSA-69473	1/77	0.2428769450992916	0.2879826634748743	0	0	3.679021497405485	5.206552557410358	TP53	12.0
Reactome_2022	Negative Epigenetic Regulation Of rRNA Expression R-HSA-5250941	1/77	0.2428769450992916	0.2879826634748743	0	0	3.679021497405485	5.206552557410358	CDK7	12.0
Reactome_2022	Oncogenic MAPK Signaling R-HSA-6802957	1/78	0.245613118346404	0.2888688699580177	0	0	3.6310590817633073	5.097998492871873	CAMK2G	12.0
Reactome_2022	Pre-NOTCH Expression And Processing R-HSA-1912422	1/78	0.245613118346404	0.2888688699580177	0	0	3.6310590817633073	5.097998492871873	TP53	12.0
Reactome_2022	RNA Polymerase I Promoter Clearance R-HSA-73854	1/78	0.245613118346404	0.2888688699580177	0	0	3.6310590817633073	5.097998492871873	CDK7	12.0
Reactome_2022	FCERI Mediated NF-kB Activation R-HSA-2871837	1/78	0.245613118346404	0.2888688699580177	0	0	3.6310590817633073	5.097998492871873	NFKB1	12.0
Reactome_2022	Amyloid Fiber Formation R-HSA-977225	1/79	0.2483395401774341	0.2908977275062283	0	0	3.5843264716504155	4.992817507811817	SNCA	12.0
Reactome_2022	RNA Polymerase I Transcription R-HSA-73864	1/79	0.2483395401774341	0.2908977275062283	0	0	3.5843264716504155	4.992817507811817	CDK7	12.0
Reactome_2022	Transport Of Small Molecules R-HSA-382551	4/706	0.2493388130654308	0.2914805842877571	0	0	1.6110273169096698	2.237624490167477	FTH1;ALB;ATP12A;CAMK2G	12.0
Reactome_2022	Recruitment Of NuMA To Mitotic Centrosomes R-HSA-380320	1/80	0.2510562448216857	0.2928989522919666	0	0	3.538776965591014	4.890866788979064	PLK1	12.0
Reactome_2022	Centrosome Maturation R-HSA-380287	1/81	0.2537632664938791	0.2954638433525927	0	0	3.4943661971830986	4.7920112038199125	PLK1	12.0
Reactome_2022	Cyclin E Associated Events During G1/S Transition R-HSA-69202	1/82	0.2564606390908813	0.2974124377481078	0	0	3.4510519909580943	4.696122804282405	CDK7	12.0
Reactome_2022	Global Genome Nucleotide Excision Repair (GG-NER) R-HSA-5696399	1/82	0.2564606390908813	0.2974124377481078	0	0	3.4510519909580943	4.696122804282405	CDK7	12.0
Reactome_2022	Cyclin A:Cdk2-associated Events At S Phase Entry R-HSA-69656	1/84	0.2618265728542429	0.3030303562317034	0	0	3.3675547259460377	4.512768928762884	CDK7	12.0
Reactome_2022	Signaling By FGFR R-HSA-190236	1/86	0.2671543160230924	0.3085818242731942	0	0	3.287986743993372	4.3399084793012666	FGFR1	12.0
Reactome_2022	RAC2 GTPase Cycle R-HSA-9013404	1/87	0.2698039499235737	0.3104081087239531	0	0	3.2495905666557485	4.257157627032457	CAV1	12.0
Reactome_2022	Regulation Of PLK1 Activity At G2/M Transition R-HSA-2565942	1/87	0.2698039499235737	0.3104081087239531	0	0	3.2495905666557485	4.257157627032457	PLK1	12.0
Reactome_2022	Opioid Signaling R-HSA-111885	1/88	0.272444136572168	0.3115945735205307	0	0	3.2120770600615187	4.176733468900318	CAMK2G	12.0
Reactome_2022	Regulation Of mRNA Stability By Proteins That Bind AU-rich Elements R-HSA-450531	1/88	0.272444136572168	0.3115945735205307	0	0	3.2120770600615187	4.176733468900318	EIF4G1	12.0
Reactome_2022	Meiosis R-HSA-1500620	1/88	0.272444136572168	0.3115945735205307	0	0	3.2120770600615187	4.176733468900318	RAD51	12.0
Reactome_2022	Activation Of HOX Genes During Differentiation R-HSA-5619507	1/91	0.2803083442643711	0.319331662779607	0	0	3.1045383411580594	3.9485538193516256	RARA	12.0
Reactome_2022	Signaling By TGF-beta Receptor Complex R-HSA-170834	1/91	0.2803083442643711	0.319331662779607	0	0	3.1045383411580594	3.9485538193516256	CCNT1	12.0
Reactome_2022	Nonsense Mediated Decay (NMD) Independent Of Exon Junction Complex (EJC) R-HSA-975956	1/92	0.2829110726622836	0.3216660141228705	0	0	3.0702677604086053	3.876589651456705	EIF4G1	12.0
Reactome_2022	Unattached Kinetochores Signal Amplification Via A MAD2 Inhibitory Signal R-HSA-141444	1/93	0.2855045187228002	0.3233491722766996	0	0	3.03674219228414	3.806548511162165	PLK1	12.0
Reactome_2022	RAC3 GTPase Cycle R-HSA-9013423	1/93	0.2855045187228002	0.3233491722766996	0	0	3.03674219228414	3.806548511162165	CAV1	12.0
Reactome_2022	Downstream TCR Signaling R-HSA-202424	1/94	0.2880887150253619	0.3256411350773059	0	0	3.0039376041193395	3.738360720374842	NFKB1	12.0
Reactome_2022	Drug ADME R-HSA-9748784	1/95	0.2906636941012361	0.3266452732549675	0	0	2.971830985915493	3.671959805316938	ALB	12.0
Reactome_2022	Transcriptional Regulation By RUNX3 R-HSA-8878159	1/95	0.2906636941012361	0.3266452732549675	0	0	2.971830985915493	3.671959805316938	TP53	12.0
Reactome_2022	Metabolism Of Nucleotides R-HSA-15869	1/95	0.2906636941012361	0.3266452732549675	0	0	2.971830985915493	3.671959805316938	SAMHD1	12.0
Reactome_2022	Anchoring Of Basal Body To Plasma Membrane R-HSA-5620912	1/97	0.2957861301616106	0.3311208894487394	0	0	2.90962441314554	3.5442676720915807	PLK1	12.0
Reactome_2022	EML4 And NUDC In Mitotic Spindle Formation R-HSA-9648025	1/97	0.2957861301616106	0.3311208894487394	0	0	2.90962441314554	3.5442676720915807	PLK1	12.0
Reactome_2022	Cellular Response To Heat Stress R-HSA-3371556	1/99	0.3008720848743497	0.3361666948307638	0	0	2.849956884162116	3.4229979193514453	CAMK2G	12.0
Reactome_2022	Potassium Channels R-HSA-1296071	1/102	0.3084331743263414	0.3439533095654594	0	0	2.7648863477897088	3.2521977709861485	KCNJ2	12.0
Reactome_2022	G Alpha (I) Signaling Events R-HSA-418594	2/312	0.3098749502654246	0.3448991304678386	0	0	1.808110599078341	2.1183578764006032	CXCR4;CAMK2G	12.0
Reactome_2022	Post-translational Protein Phosphorylation R-HSA-8957275	1/106	0.3183893182917479	0.3530232708540182	0	0	2.659020791415158	3.043197108910819	ALB	12.0
Reactome_2022	Resolution Of Sister Chromatid Cohesion R-HSA-2500257	1/106	0.3183893182917479	0.3530232708540182	0	0	2.659020791415158	3.043197108910819	PLK1	12.0
Reactome_2022	O-linked Glycosylation R-HSA-5173105	1/107	0.3208561872599088	0.3550808472342991	0	0	2.6338028169014085	2.994007671526429	THBS1	12.0
Reactome_2022	L13a-mediated Translational Silencing Of Ceruloplasmin Expression R-HSA-156827	1/108	0.3233142516743479	0.3571208749482816	0	0	2.609056206397262	2.9459649736477966	EIF4G1	12.0
Reactome_2022	GTP Hydrolysis And Joining Of 60S Ribosomal Subunit R-HSA-72706	1/109	0.3257635425626013	0.3591434881003252	0	0	2.5847678664580074	2.899032965423962	EIF4G1	12.0
Reactome_2022	Mitotic Prophase R-HSA-68875	1/112	0.3330590825527741	0.3657983496468087	0	0	2.5145286131201625	2.7645617204222845	PLK1	12.0
Reactome_2022	Nonsense Mediated Decay (NMD) Enhanced By Exon Junction Complex (EJC) R-HSA-975957	1/112	0.3330590825527741	0.3657983496468087	0	0	2.5145286131201625	2.7645617204222845	EIF4G1	12.0
Reactome_2022	Reproduction R-HSA-1474165	1/113	0.3354735871207825	0.3677550077682541	0	0	2.4919517102615694	2.721739692400628	RAD51	12.0
Reactome_2022	HDR Thru Homologous Recombination (HRR) Or Single Strand Annealing (SSA) R-HSA-5693567	1/114	0.3378794715200135	0.3696948643185082	0	0	2.469774398604013	2.6798683269537578	RAD51	12.0
Reactome_2022	Cap-dependent Translation Initiation R-HSA-72737	1/116	0.3426655009541705	0.3728251986036949	0	0	2.426576852418861	2.598865079315797	EIF4G1	12.0
Reactome_2022	Epigenetic Regulation Of Gene Expression R-HSA-212165	1/116	0.3426655009541705	0.3728251986036949	0	0	2.426576852418861	2.598865079315797	CDK7	12.0
Reactome_2022	TCR Signaling R-HSA-202403	1/116	0.3426655009541705	0.3728251986036949	0	0	2.426576852418861	2.598865079315797	NFKB1	12.0
Reactome_2022	RHO GTPases Activate Formins R-HSA-5663220	1/119	0.3497806488626593	0.3777370947754742	0	0	2.3645261398901884	2.483814210163952	PLK1	12.0
Reactome_2022	Signaling By TGFB Family Members R-HSA-9006936	1/119	0.3497806488626593	0.3777370947754742	0	0	2.3645261398901884	2.483814210163952	CCNT1	12.0
Reactome_2022	Transcriptional Regulation By RUNX2 R-HSA-8878166	1/119	0.3497806488626593	0.3777370947754742	0	0	2.3645261398901884	2.483814210163952	BAX	12.0
Reactome_2022	Homology Directed Repair R-HSA-5693538	1/119	0.3497806488626593	0.3777370947754742	0	0	2.3645261398901884	2.483814210163952	RAD51	12.0
Reactome_2022	Regulation Of IGF Transport And Uptake By IGFBPs R-HSA-381426	1/123	0.3591494942509342	0.3871351691276303	0	0	2.2865389055645347	2.3414537012857264	ALB	12.0
Reactome_2022	Host Interactions Of HIV Factors R-HSA-162909	1/130	0.3752257161781965	0.4037150761102448	0	0	2.161698875423081	2.1189567368910525	CCNT1	12.0
Reactome_2022	Signaling By NTRKs R-HSA-166520	1/132	0.3797454238611881	0.4078227195256013	0	0	2.1284808085152136	2.060910456874192	BAX	12.0
Reactome_2022	Cell Surface Interactions At Vascular Wall R-HSA-202733	1/134	0.3842328862136682	0.4118806400187108	0	0	2.096261781213597	2.0050878846658007	CAV1	12.0
Reactome_2022	M Phase R-HSA-68886	2/380	0.3985172389407505	0.4264061064909319	0	0	1.4777021919879063	1.3594926989640612	PLK1;UBE2E1	12.0
Reactome_2022	Diseases Of Glycosylation R-HSA-3781865	1/143	0.4040334748047722	0.4315136927602439	0	0	1.9625074390001984	1.778537175725899	THBS1	12.0
Reactome_2022	RHOA GTPase Cycle R-HSA-8980692	1/147	0.4126309264208407	0.4398872811935935	0	0	1.9083542349990352	1.689278462990622	CAV1	12.0
Reactome_2022	G2/M Checkpoints R-HSA-69481	1/148	0.4147611079174867	0.4413483584250179	0	0	1.8952764204273256	1.6679428809998338	TP53	12.0
Reactome_2022	CDC42 GTPase Cycle R-HSA-9013148	1/149	0.4168836708620906	0.4427960014092772	0	0	1.8823753330795585	1.6469806512522325	CAV1	12.0
Reactome_2022	Metabolism Of Steroids R-HSA-8957322	1/153	0.4252982732461347	0.4509093006496428	0	0	1.832468495181616	1.5666955782112515	ALB	12.0
Reactome_2022	Metabolism Of RNA R-HSA-8953854	3/666	0.4315900367961978	0.4567464688134625	0	0	1.2633615319037317	1.061576329169806	CDK7;PHF5A;EIF4G1	12.0
Reactome_2022	Protein Localization R-HSA-9609507	1/164	0.4478259397790708	0.473067038202982	0	0	1.7078544888965697	1.372006012637205	ECI2	12.0
Reactome_2022	Regulation Of Expression Of SLITs And ROBOs R-HSA-9010553	1/167	0.4538172144282317	0.4785259556856672	0	0	1.676735109451892	1.3247226373639762	EIF4G1	12.0
Reactome_2022	Fatty Acid Metabolism R-HSA-8978868	1/173	0.4656080973516879	0.4900693923212512	0	0	1.6177530298067475	1.236628197511647	ECI2	12.0
Reactome_2022	RAC1 GTPase Cycle R-HSA-9013149	1/178	0.4752418107745217	0.4993046872694342	0	0	1.5716559242460413	1.1692043950496611	CAV1	12.0
Reactome_2022	mRNA Splicing - Major Pathway R-HSA-72163	1/181	0.4809396202380429	0.504378915809211	0	0	1.545226917057903	1.1311270355583696	PHF5A	12.0
Reactome_2022	Cilium Assembly R-HSA-5617833	1/186	0.490300694996258	0.5123465895554422	0	0	1.503083365055196	1.0713022458000423	PLK1	12.0
Reactome_2022	Mitotic Prometaphase R-HSA-68877	1/186	0.490300694996258	0.5123465895554422	0	0	1.503083365055196	1.0713022458000423	PLK1	12.0
Reactome_2022	mRNA Splicing R-HSA-72172	1/189	0.4958372214681416	0.517201841423681	0	0	1.4788732394366195	1.0374408001084885	PHF5A	12.0
Reactome_2022	Neutrophil Degranulation R-HSA-6798695	2/468	0.5049296861596428	0.5257422001052912	0	0	1.1932556713672593	0.8153946704845646	FTH1;NFKB1	12.0
Reactome_2022	Peptide Ligand-Binding Receptors R-HSA-375276	1/196	0.50852620181802	0.5275959343861958	0	0	1.425279884434814	0.9638291840870796	CXCR4	12.0
Reactome_2022	SARS-CoV-2-host Interactions R-HSA-9705683	1/196	0.50852620181802	0.5275959343861958	0	0	1.425279884434814	0.9638291840870796	CAV1	12.0
Reactome_2022	Signaling By NOTCH R-HSA-157118	1/203	0.5209001448412919	0.539470559987149	0	0	1.3754009203737274	0.8970322387669694	TP53	12.0
Reactome_2022	Chromatin Modifying Enzymes R-HSA-3247509	1/238	0.5783078688154185	0.5978592024586444	0	0	1.1702026505021692	0.6408602026393386	NFKB1	12.0
Reactome_2022	Processing Of Capped Intron-Containing Pre-mRNA R-HSA-72203	1/242	0.5844203064933406	0.6031051475535185	0	0	1.150546432119689	0.6179985876695352	PHF5A	12.0
Reactome_2022	Diseases Of Metabolism R-HSA-5668914	1/247	0.5919381098426689	0.609780215990409	0	0	1.126875071567617	0.5908805427314144	THBS1	12.0
Reactome_2022	RHO GTPase Effectors R-HSA-195258	1/269	0.6234542900512902	0.6411096327784064	0	0	1.033214210636956	0.488172872958626	PLK1	12.0
Reactome_2022	Organelle Biogenesis And Maintenance R-HSA-1852241	1/275	0.6316247155772848	0.64836388648481	0	0	1.0102806620746376	0.4641834172891424	PLK1	12.0
Reactome_2022	Translation R-HSA-72766	1/281	0.6396202648861615	0.6554133578463137	0	0	0.9883299798792756	0.4416655090706103	EIF4G1	12.0
Reactome_2022	SARS-CoV-2 Infection R-HSA-9694516	1/283	0.6422472268115027	0.6569465471434561	0	0	0.9812206572769951	0.4344668067324456	CAV1	12.0
Reactome_2022	Extracellular Matrix Organization R-HSA-1474244	1/291	0.6525675577208062	0.6663299666709814	0	0	0.953763963088878	0.4071051902824618	THBS1	12.0
Reactome_2022	Sensory Perception R-HSA-9709957	2/616	0.6548168583488639	0.6674536749134912	0	0	0.8987436016751977	0.380527760557511	MSN;KCNJ2	12.0
Reactome_2022	GPCR Downstream Signaling R-HSA-388396	2/619	0.6574539755133548	0.6689680556449372	0	0	0.8942347765686501	0.3750246425586073	CXCR4;CAMK2G	12.0
Reactome_2022	Vesicle-mediated Transport R-HSA-5653656	2/637	0.6729462087013426	0.6835345231739163	0	0	0.8680764904386952	0.343836313073863	FTH1;ALB	12.0
Reactome_2022	Signaling By Rho GTPases R-HSA-194315	2/644	0.6788189505876642	0.6882963530391499	0	0	0.8582999554962172	0.332506113632287	CAV1;PLK1	12.0
Reactome_2022	Signaling By Rho GTPases, Miro GTPases And RHOBTB3 R-HSA-9716542	2/660	0.6919260772026764	0.700364200095392	0	0	0.8367346938775511	0.3081494349145541	CAV1;PLK1	12.0
Reactome_2022	Class A/1 (Rhodopsin-like Receptors) R-HSA-373076	1/327	0.6954914656943164	0.7027487679450397	0	0	0.8468849909271581	0.3075348840642573	CXCR4	12.0
Reactome_2022	Signaling By GPCR R-HSA-372790	2/689	0.7145786838197578	0.720781623783471	0	0	0.8002079434393845	0.2689196126141643	CXCR4;CAMK2G	12.0
Reactome_2022	SARS-CoV Infections R-HSA-9679506	1/369	0.7389939158014603	0.7441169238832729	0	0	0.7486221677893448	0.2264324464785718	CAV1	12.0
Reactome_2022	Metabolism R-HSA-1430728	6/2049	0.759840331449603	0.7637841393983033	0	0	0.7958439015707738	0.2185761065867327	CAV1;MED21;ALB;ECI2;PPARG;SAMHD1	12.0
Reactome_2022	RHO GTPase Cycle R-HSA-9012999	1/441	0.7997618457193133	0.8025244082261157	0	0	0.6238156209987196	0.139386166132638	CAV1	12.0
Reactome_2022	GPCR Ligand Binding R-HSA-500792	1/458	0.8119351436964468	0.8133350318752337	0	0	0.6000862945726878	0.1250188667470386	CXCR4	12.0
Reactome_2022	Membrane Trafficking R-HSA-199991	1/599	0.8884513771737831	0.8884513771737831	0	0	0.4552734467002685	0.0538476296716423	FTH1	12.0
Reactome_2022	Cristae Formation R-HSA-8949613	3/29	8.872018830307839e-05	0.0169684918064829	0	0	40.311740890688256	376.1094734082781	ATP5PF;DNAJC11;ATP5PO	6.0
Reactome_2022	Signaling By Receptor Tyrosine Kinases R-HSA-9006934	8/496	0.00011152447622486964	0.0169684918064829	0	0	6.132408575031526	55.81268456538727	ATP6V1A;MAP2K2;COPS2;CTNNA1;ADAM10;ATP6V1H;PTPN12;PTPRK	6.0
Reactome_2022	Mitochondrial Biogenesis R-HSA-1592230	4/89	0.0001476951810446358	0.0169684918064829	0	0	16.68487394957983	147.16659471656106	ATP5PF;PRKAA2;DNAJC11;ATP5PO	6.0
Reactome_2022	Signal Transduction R-HSA-162582	18/2465	0.00022193041268532475	0.0169684918064829	0	0	3.063751532488762	25.77579103881125	ATP6V1A;DYNC1H1;PRKAA2;MAP2K2;USP9X;MAGED1;FN1;ADAM10;ATP2A2;KLHL12;PTPN12;PTPRK;RPS27;COPS2;FASN;CTNNA1;ATP6V1H;TAB1	6.0
Reactome_2022	Cellular Response To Heat Stress R-HSA-3371556	4/99	0.00022268361950765063	0.0169684918064829	0	0	14.921052631578949	125.48244980138006	DNAJC7;DNAJB6;BAG3;CRYAB	6.0
Reactome_2022	Cellular Responses To Stress R-HSA-2262752	9/722	0.00028157722601044146	0.01765012659808	0	0	4.758765778401122	38.903404248252095	ATP6V1A;DYNC1H1;RPS27;DNAJC7;DNAJB6;BAG3;ATP6V1H;ELOC;CRYAB	6.0
Reactome_2022	Cellular Responses To Stimuli R-HSA-8953897	9/736	0.00032428054117207447	0.01765012659808	0	0	4.663726838740998	37.46792227389371	ATP6V1A;DYNC1H1;RPS27;DNAJC7;DNAJB6;BAG3;ATP6V1H;ELOC;CRYAB	6.0
Reactome_2022	Signaling By EGFR R-HSA-177929	3/49	0.0004286704614008092	0.0204154307242135	0	0	22.76201372997712	176.51536687385337	ADAM10;PTPRK;PTPN12	6.0
Reactome_2022	ALK Mutants Bind TKIs R-HSA-9700645	2/12	0.0005729274139905555	0.0242539271922668	0	0	68.72413793103448	513.0086135231461	PPM1B;FN1	6.0
Reactome_2022	Iron Uptake And Transport R-HSA-917937	3/59	0.0007404571468612479	0.0282114172954135	0	0	18.68796992481203	134.7074245912907	ATP6V1A;CAND1;ATP6V1H	6.0
Reactome_2022	Formation Of ATP By Chemiosmotic Coupling R-HSA-163210	2/16	0.0010336760126706	0.0358027782570454	0	0	49.07881773399015	337.3989034774104	ATP5PF;ATP5PO	6.0
Reactome_2022	Metabolism Of Proteins R-HSA-392499	14/1890	0.0011599590012855	0.0368286982908155	0	0	2.930564568462038	19.808772038823232	DYNC1H1;COPA;USP9X;FN1;ADAM10;CCT6B;COPS6;MAVS;RPS27;CAND1;COPS2;SEC61B;TAB1;ELOC	6.0
Reactome_2022	Organelle Biogenesis And Maintenance R-HSA-1852241	5/275	0.0013964438411811	0.0409265464223093	0	0	6.622895622895623	43.53776600655287	ATP5PF;DYNC1H1;PRKAA2;DNAJC11;ATP5PO	6.0
Reactome_2022	Disease R-HSA-1643685	13/1736	0.0016316108262701	0.0444031232006377	0	0	2.924402020226967	18.769360535566257	DYNC1H1;MAP2K2;FN1;ADAM10;PTPN12;SUPT5H;IPO5;PPM1B;MAVS;RPS27;ATP6V1H;TAB1;ELOC	6.0
Reactome_2022	Regulation Of HSF1-mediated Heat Shock Response R-HSA-3371453	3/81	0.0018545828499496	0.0471064043887217	0	0	13.402159244264508	84.30086137766746	DNAJC7;DNAJB6;BAG3	6.0
Reactome_2022	Infectious Disease R-HSA-5663205	9/961	0.0021413825409456	0.0509916717562681	0	0	3.5197726149283244	21.63359113435684	DYNC1H1;MAVS;MAP2K2;RPS27;ATP6V1H;TAB1;ELOC;SUPT5H;IPO5	6.0
Reactome_2022	Post-translational Protein Modification R-HSA-597592	11/1383	0.0024585135179419	0.0550664582299675	0	0	3.038138870708633	18.25374101895625	DYNC1H1;COPS6;MAVS;COPA;CAND1;USP9X;COPS2;FN1;ADAM10;TAB1;ELOC	6.0
Reactome_2022	Insulin Receptor Recycling R-HSA-77387	2/26	0.0027460963421768	0.0550664582299675	0	0	28.614942528735632	168.75876647047502	ATP6V1A;ATP6V1H	6.0
Reactome_2022	Caspase Activation Via Extrinsic Apoptotic Signaling Pathway R-HSA-5357769	2/26	0.0027460963421768	0.0550664582299675	0	0	28.614942528735632	168.75876647047502	MAGED1;FASN	6.0
Reactome_2022	Pausing And Recovery Of Tat-mediated HIV Elongation R-HSA-167238	2/31	0.0038914016768272	0.0670812977670373	0	0	23.67538644470868	131.3743845648751	ELOC;SUPT5H	6.0
Reactome_2022	Transferrin Endocytosis And Recycling R-HSA-917977	2/31	0.0038914016768272	0.0670812977670373	0	0	23.67538644470868	131.3743845648751	ATP6V1A;ATP6V1H	6.0
Reactome_2022	EGFR Downregulation R-HSA-182971	2/31	0.0038914016768272	0.0670812977670373	0	0	23.67538644470868	131.3743845648751	PTPRK;PTPN12	6.0
Reactome_2022	Immune System R-HSA-168256	13/1943	0.0043914248352734	0.0670812977670373	0	0	2.581082570830118	14.01037827942499	ATP6V1A;DYNC1H1;FN1;NME2;ADAM10;PTPN12;PPM1B;MAVS;CAND1;ATP6V1H;SEC61B;TAB1;ELOC	6.0
Reactome_2022	Signaling By High-Kinase Activity BRAF Mutants R-HSA-6802948	2/33	0.004401659958467	0.0670812977670373	0	0	22.14571746384872	120.15764797067736	MAP2K2;FN1	6.0
Reactome_2022	HIV Elongation Arrest And Recovery R-HSA-167287	2/33	0.004401659958467	0.0670812977670373	0	0	22.14571746384872	120.15764797067736	ELOC;SUPT5H	6.0
Reactome_2022	Respiratory Electron Transport, ATP Synthesis By Chemiosmotic Coupling, Heat Production By Uncoupling Proteins R-HSA-163200	3/112	0.0046393270884969	0.0679839854122053	0	0	9.575567358763882	51.45130396945618	ATP5PF;ATP5PO;ETFA	6.0
Reactome_2022	HSF1-dependent Transactivation R-HSA-3371571	2/36	0.0052217800953762	0.0685702942341129	0	0	20.188640973630832	106.0896310598831	DNAJB6;CRYAB	6.0
Reactome_2022	ROS And RNS Production In Phagocytes R-HSA-1222556	2/36	0.0052217800953762	0.0685702942341129	0	0	20.188640973630832	106.0896310598831	ATP6V1A;ATP6V1H	6.0
Reactome_2022	MAP2K And MAPK Activation R-HSA-5674135	2/37	0.0055095706256965	0.0685702942341129	0	0	19.610837438423644	102.00123269841929	MAP2K2;FN1	6.0
Reactome_2022	DNA Damage Recognition In GG-NER R-HSA-5696394	2/37	0.0055095706256965	0.0685702942341129	0	0	19.610837438423644	102.00123269841929	COPS6;COPS2	6.0
Reactome_2022	Neddylation R-HSA-8951664	4/237	0.0055792102920144	0.0685702942341129	0	0	6.041385652973636	31.346986294213075	COPS6;CAND1;COPS2;ELOC	6.0
Reactome_2022	Signaling By RAF1 Mutants R-HSA-9656223	2/38	0.0058044960309319	0.0691097808682839	0	0	19.06513409961686	98.1687106523921	MAP2K2;FN1	6.0
Reactome_2022	Paradoxical Activation Of RAF Signaling By Kinase Inactive BRAF R-HSA-6802955	2/41	0.0067316431325877	0.0777198798035126	0	0	17.595932802829356	87.99613406532231	MAP2K2;FN1	6.0
Reactome_2022	Formation Of HIV-1 Elongation Complex Containing HIV-1 Tat R-HSA-167200	2/43	0.0073846152576013	0.082751129798415	0	0	16.735912531539107	82.14582442458652	ELOC;SUPT5H	6.0
Reactome_2022	Formation Of HIV Elongation Complex In Absence Of HIV Tat R-HSA-167152	2/45	0.0080650841516313	0.0877942017649016	0	0	15.95589414595028	76.91077860379713	ELOC;SUPT5H	6.0
Reactome_2022	Death Receptor Signaling R-HSA-73887	3/139	0.0084212181978104	0.0891245592601607	0	0	7.664086687306502	36.61134809948357	MAGED1;FASN;TAB1	6.0
Reactome_2022	Diseases Of Signal Transduction By Growth Factor Receptors And Second Messengers R-HSA-5663202	5/424	0.0087872648772619	0.0904850788712648	0	0	4.235408982425689	20.05233959037856	PPM1B;MAP2K2;FN1;ADAM10;PTPN12	6.0
Reactome_2022	Formation Of TC-NER Pre-Incision Complex R-HSA-6781823	2/52	0.0106583575032669	0.1067393321933318	0	0	13.717241379310344	62.29563023788037	COPS6;COPS2	6.0
Reactome_2022	Cellular Response To Starvation R-HSA-9711097	3/153	0.0109260733741205	0.1067393321933318	0	0	6.943859649122807	31.362659360685484	ATP6V1A;RPS27;ATP6V1H	6.0
Reactome_2022	Innate Immune System R-HSA-168249	8/1035	0.0117551900334501	0.1076599730604775	0	0	2.8331960152797544	12.589194386993642	ATP6V1A;DYNC1H1;MAVS;CAND1;NME2;ADAM10;ATP6V1H;TAB1	6.0
Reactome_2022	Amino Acids Regulate mTORC1 R-HSA-9639288	2/55	0.0118680285263518	0.1076599730604775	0	0	12.938841899804814	57.36962390882845	ATP6V1A;ATP6V1H	6.0
Reactome_2022	Signaling By ALK Fusions And Activated Point Mutants R-HSA-9725370	2/55	0.0118680285263518	0.1076599730604775	0	0	12.938841899804814	57.36962390882845	PPM1B;FN1	6.0
Reactome_2022	Citric Acid (TCA) Cycle And Respiratory Electron Transport R-HSA-1428517	3/163	0.0129522390097718	0.1112202339543145	0	0	6.506578947368421	28.280758266920916	ATP5PF;ATP5PO;ETFA	6.0
Reactome_2022	Formation Of RNA Pol II Elongation Complex R-HSA-112382	2/58	0.0131350562642909	0.1112202339543145	0	0	12.24384236453202	53.0460867363906	ELOC;SUPT5H	6.0
Reactome_2022	Protein Localization R-HSA-9609507	3/164	0.0131658785136529	0.1112202339543145	0	0	6.46583850931677	27.99790033729783	CHCHD2;USP9X;SEC61B	6.0
Reactome_2022	Regulation Of Expression Of SLITs And ROBOs R-HSA-9010553	3/167	0.0138189040689428	0.1112202339543145	0	0	6.346598202824134	27.17434226697349	RPS27;ELOC;MAGOHB	6.0
Reactome_2022	Selective Autophagy R-HSA-9663891	2/61	0.0144583495977944	0.1112202339543145	0	0	11.619520748100523	49.22590449325299	DYNC1H1;PRKAA2	6.0
Reactome_2022	FasL/ CD95L Signaling R-HSA-75157	1/5	0.014911622845291	0.1112202339543145	0	0	84.47457627118644	355.26748708331087	FASN	6.0
Reactome_2022	vRNP Assembly R-HSA-192905	1/5	0.014911622845291	0.1112202339543145	0	0	84.47457627118644	355.26748708331087	IPO5	6.0
Reactome_2022	TP53 Regulates Transcription Of DNA Repair Genes R-HSA-6796648	2/62	0.0149117643295702	0.1112202339543145	0	0	11.42528735632184	48.05024363553536	ELOC;SUPT5H	6.0
Reactome_2022	Signaling By BRAF And RAF1 Fusions R-HSA-6802952	2/62	0.0149117643295702	0.1112202339543145	0	0	11.42528735632184	48.05024363553536	MAP2K2;FN1	6.0
Reactome_2022	Fatty Acid Metabolism R-HSA-8978868	3/173	0.0151796644767043	0.1112202339543145	0	0	6.120743034055727	25.632439171672065	PRKAA2;PON2;FASN	6.0
Reactome_2022	Ion Channel Transport R-HSA-983712	3/175	0.0156495287922376	0.1124994428272178	0	0	6.048959608323133	25.147427317632985	ATP6V1A;ATP2A2;ATP6V1H	6.0
Reactome_2022	Fibronectin Matrix Formation R-HSA-1566977	1/6	0.0178676130920248	0.1237738288738445	0	0	67.57627118644068	271.9786468771055	FN1	6.0
Reactome_2022	Negative Feedback Regulation Of MAPK Pathway R-HSA-5674499	1/6	0.0178676130920248	0.1237738288738445	0	0	67.57627118644068	271.9786468771055	MAP2K2	6.0
Reactome_2022	Transcription Of HIV Genome R-HSA-167172	2/69	0.0182540646638675	0.1241928328023845	0	0	10.227997941327844	40.946434573381495	ELOC;SUPT5H	6.0
Reactome_2022	Axon Guidance R-HSA-422475	5/519	0.019567831278736	0.1292050207258583	0	0	3.4357976653696496	13.515975597903038	MAP2K2;RPS27;ADAM10;ELOC;MAGOHB	6.0
Reactome_2022	ChREBP Activates Metabolic Gene Expression R-HSA-163765	1/7	0.0208148818369865	0.1292050207258583	0	0	56.31073446327684	218.040067108672	FASN	6.0
Reactome_2022	Constitutive Signaling By NOTCH1 t(7;9)(NOTCH1:M1580 K2555) Translocation Mutant R-HSA-2660826	1/7	0.0208148818369865	0.1292050207258583	0	0	56.31073446327684	218.040067108672	ADAM10	6.0
Reactome_2022	Nef Mediated CD8 Down-regulation R-HSA-182218	1/7	0.0208148818369865	0.1292050207258583	0	0	56.31073446327684	218.040067108672	ATP6V1H	6.0
Reactome_2022	SARS-CoV-2-host Interactions R-HSA-9705683	3/196	0.0210784586019687	0.1292050207258583	0	0	5.385055904008727	20.783643074925894	MAVS;RPS27;TAB1	6.0
Reactome_2022	Transcriptional Regulation By TP53 R-HSA-3700989	4/354	0.0216435172483634	0.1292050207258583	0	0	3.9979591836734696	15.324374664915783	PRKAA2;FASN;ELOC;SUPT5H	6.0
Reactome_2022	Transcription-Coupled Nucleotide Excision Repair (TC-NER) R-HSA-6781827	2/77	0.0224223576027386	0.1292050207258583	0	0	9.133333333333333	34.685629957122806	COPS6;COPS2	6.0
Reactome_2022	Signaling By Insulin Receptor R-HSA-74752	2/77	0.0224223576027386	0.1292050207258583	0	0	9.133333333333333	34.685629957122806	ATP6V1A;ATP6V1H	6.0
Reactome_2022	Oncogenic MAPK Signaling R-HSA-6802957	2/78	0.022968625903609	0.1292050207258583	0	0	9.012704174228675	34.01057557204025	MAP2K2;FN1	6.0
Reactome_2022	Amyloid Fiber Formation R-HSA-977225	2/79	0.0235203775963582	0.1292050207258583	0	0	8.895208240035826	33.35603554246505	USP9X;ADAM10	6.0
Reactome_2022	Nervous System Development R-HSA-9675108	5/545	0.0235859562006043	0.1292050207258583	0	0	3.265993265993266	12.238015844156775	MAP2K2;RPS27;ADAM10;ELOC;MAGOHB	6.0
Reactome_2022	AMPK Inhibits chREBP Transcriptional Activity R-HSA-163680	1/8	0.0237534541210961	0.1292050207258583	0	0	48.26392251815981	180.50838890404887	PRKAA2	6.0
Reactome_2022	Nef Mediated CD4 Down-regulation R-HSA-167590	1/8	0.0237534541210961	0.1292050207258583	0	0	48.26392251815981	180.50838890404887	ATP6V1H	6.0
Reactome_2022	COPI-mediated Anterograde Transport R-HSA-6807878	2/80	0.0240775760407767	0.1292050207258583	0	0	8.780725022104333	32.72114636175829	DYNC1H1;COPA	6.0
Reactome_2022	RNA Polymerase II Pre-transcription Events R-HSA-674695	2/80	0.0240775760407767	0.1292050207258583	0	0	8.780725022104333	32.72114636175829	ELOC;SUPT5H	6.0
Reactome_2022	Signaling By ROBO Receptors R-HSA-376176	3/209	0.0248951160735493	0.1315659150151925	0	0	5.041900868676546	18.620161594330632	RPS27;ELOC;MAGOHB	6.0
Reactome_2022	Global Genome Nucleotide Excision Repair (GG-NER) R-HSA-5696399	2/82	0.0252081674438557	0.1315659150151925	0	0	8.560344827586206	31.50709587444893	COPS6;COPS2	6.0
Reactome_2022	Synthesis Of 5-Eicosatetraenoic Acids R-HSA-2142688	1/9	0.0266833549945496	0.1317986107442279	0	0	42.22881355932204	153.0251984891433	PON2	6.0
Reactome_2022	Lipophagy R-HSA-9613354	1/9	0.0266833549945496	0.1317986107442279	0	0	42.22881355932204	153.0251984891433	PRKAA2	6.0
Reactome_2022	MAPK1 (ERK2) Activation R-HSA-112411	1/9	0.0266833549945496	0.1317986107442279	0	0	42.22881355932204	153.0251984891433	MAP2K2	6.0
Reactome_2022	NR1H2 And NR1H3 Regulate Gene Expression Linked To Lipogenesis R-HSA-9029558	1/9	0.0266833549945496	0.1317986107442279	0	0	42.22881355932204	153.0251984891433	FASN	6.0
Reactome_2022	Folding Of Actin By CCT/TriC R-HSA-390450	1/10	0.0296046094730556	0.1317986107442279	0	0	37.53483992467044	132.1160756075347	CCT6B	6.0
Reactome_2022	Activation Of AMPK Downstream Of NMDARs R-HSA-9619483	1/10	0.0296046094730556	0.1317986107442279	0	0	37.53483992467044	132.1160756075347	PRKAA2	6.0
Reactome_2022	Activation Of PPARGC1A (PGC-1alpha) By Phosphorylation R-HSA-2151209	1/10	0.0296046094730556	0.1317986107442279	0	0	37.53483992467044	132.1160756075347	PRKAA2	6.0
Reactome_2022	IRAK2 Mediated Activation Of TAK1 Complex R-HSA-937042	1/10	0.0296046094730556	0.1317986107442279	0	0	37.53483992467044	132.1160756075347	TAB1	6.0
Reactome_2022	Caspase Activation Via Dependence Receptors In Absence Of Ligand R-HSA-418889	1/10	0.0296046094730556	0.1317986107442279	0	0	37.53483992467044	132.1160756075347	MAGED1	6.0
Reactome_2022	Constitutive Signaling By Overexpressed ERBB2 R-HSA-9634285	1/10	0.0296046094730556	0.1317986107442279	0	0	37.53483992467044	132.1160756075347	PTPN12	6.0
Reactome_2022	HIV Infection R-HSA-162906	3/229	0.0314481653015815	0.1317986107442279	0	0	4.591057289240801	15.882370774365228	ATP6V1H;ELOC;SUPT5H	6.0
Reactome_2022	Unattached Kinetochores Signal Amplification Via A MAD2 Inhibitory Signal R-HSA-141444	2/93	0.0318004347384267	0.1317986107442279	0	0	7.521409624857901	25.935891167994004	DYNC1H1;RPS27	6.0
Reactome_2022	TICAM1,TRAF6-dependent Induction Of TAK1 Complex R-HSA-9014325	1/11	0.03251724254582	0.1317986107442279	0	0	33.77966101694916	115.72860487101576	TAB1	6.0
Reactome_2022	Alpha-protein Kinase 1 Signaling Pathway R-HSA-9645460	1/11	0.03251724254582	0.1317986107442279	0	0	33.77966101694916	115.72860487101576	TAB1	6.0
Reactome_2022	RHO GTPases Activate IQGAPs R-HSA-5626467	1/11	0.03251724254582	0.1317986107442279	0	0	33.77966101694916	115.72860487101576	CTNNA1	6.0
Reactome_2022	CASP8 Activity Is Inhibited R-HSA-5218900	1/11	0.03251724254582	0.1317986107442279	0	0	33.77966101694916	115.72860487101576	FASN	6.0
Reactome_2022	Uptake And Function Of Anthrax Toxins R-HSA-5210891	1/11	0.03251724254582	0.1317986107442279	0	0	33.77966101694916	115.72860487101576	MAP2K2	6.0
Reactome_2022	Carnitine Metabolism R-HSA-200425	1/11	0.03251724254582	0.1317986107442279	0	0	33.77966101694916	115.72860487101576	PRKAA2	6.0
Reactome_2022	Reduction Of Cytosolic Ca++ Levels R-HSA-418359	1/11	0.03251724254582	0.1317986107442279	0	0	33.77966101694916	115.72860487101576	ATP2A2	6.0
Reactome_2022	Dimerization Of Procaspase-8 R-HSA-69416	1/11	0.03251724254582	0.1317986107442279	0	0	33.77966101694916	115.72860487101576	FASN	6.0
Reactome_2022	NOTCH4 Activation And Transmission Of Signal To Nucleus R-HSA-9013700	1/11	0.03251724254582	0.1317986107442279	0	0	33.77966101694916	115.72860487101576	ADAM10	6.0
Reactome_2022	Membrane Trafficking R-HSA-199991	5/599	0.0335586394860059	0.1345878067807187	0	0	2.960820324456688	10.05038893566974	DYNC1H1;COPS6;COPA;PRKAA2;COPS2	6.0
Reactome_2022	EML4 And NUDC In Mitotic Spindle Formation R-HSA-9648025	2/97	0.0343485833311685	0.1363209400955753	0	0	7.203266787658802	24.283613400666805	DYNC1H1;RPS27	6.0
Reactome_2022	Frs2-mediated Activation R-HSA-170968	1/12	0.0354212791446134	0.137709258715283	0	0	30.70724191063174	102.57577696947943	MAP2K2	6.0
Reactome_2022	TP53 Regulates Transcription Of Death Receptors And Ligands R-HSA-6803211	1/12	0.0354212791446134	0.137709258715283	0	0	30.70724191063174	102.57577696947943	FASN	6.0
Reactome_2022	Suppression Of Phagosomal Maturation R-HSA-9637687	1/13	0.038316744140727	0.1439177270513773	0	0	28.146892655367232	91.81145674128096	ATP6V1H	6.0
Reactome_2022	NF-kB Activation Thru FADD/RIP-1 Pathway Mediated By Caspase-8 And -10 R-HSA-933543	1/13	0.038316744140727	0.1439177270513773	0	0	28.146892655367232	91.81145674128096	MAVS	6.0
Reactome_2022	Cargo Recognition For Clathrin-Mediated Endocytosis R-HSA-8856825	2/104	0.0389919283697526	0.1439177270513773	0	0	6.706558485463151	21.758762502607787	COPS6;COPS2	6.0
Reactome_2022	Integration Of Energy Metabolism R-HSA-163685	2/105	0.0396738564820509	0.1439177270513773	0	0	6.641111483093405	21.43128405093656	PRKAA2;FASN	6.0
Reactome_2022	Post-translational Protein Phosphorylation R-HSA-8957275	2/106	0.0403603344703366	0.1439177270513773	0	0	6.576923076923077	21.111316660657067	FN1;ADAM10	6.0
Reactome_2022	Resolution Of Sister Chromatid Cohesion R-HSA-2500257	2/106	0.0403603344703366	0.1439177270513773	0	0	6.576923076923077	21.111316660657067	DYNC1H1;RPS27	6.0
Reactome_2022	Developmental Biology R-HSA-1266738	7/1073	0.0408463248320701	0.1439177270513773	0	0	2.3384544585649047	7.478233377779125	MAP2K2;RPS27;KRT15;CTNNA1;ADAM10;ELOC;MAGOHB	6.0
Reactome_2022	Prolonged ERK Activation Events R-HSA-169893	1/14	0.0412036623612398	0.1439177270513773	0	0	25.980443285528036	82.85756066816143	MAP2K2	6.0
Reactome_2022	Nucleotide Excision Repair R-HSA-5696398	2/108	0.0417468105256925	0.1439177270513773	0	0	6.452179570592063	20.492975456919577	COPS6;COPS2	6.0
Reactome_2022	SRP-dependent Cotranslational Protein Targeting To Membrane R-HSA-1799339	2/108	0.0417468105256925	0.1439177270513773	0	0	6.452179570592063	20.492975456919577	RPS27;SEC61B	6.0
Reactome_2022	Vesicle-mediated Transport R-HSA-5653656	5/637	0.0419556848258824	0.1439177270513773	0	0	2.777330264672037	8.807306819707506	DYNC1H1;COPS6;COPA;PRKAA2;COPS2	6.0
Reactome_2022	Mitotic Spindle Checkpoint R-HSA-69618	2/110	0.0431510989068159	0.1439177270513773	0	0	6.33205619412516	19.90195272368041	DYNC1H1;RPS27	6.0
Reactome_2022	Signaling By Rho GTPases R-HSA-194315	5/644	0.0436302808358128	0.1439177270513773	0	0	2.7459098022478305	8.600200086418857	DYNC1H1;RPS27;USP9X;COPS2;CTNNA1	6.0
Reactome_2022	GRB2:SOS Provides Linkage To MAPK Signaling For Integrins R-HSA-354194	1/15	0.0440820585634856	0.1439177270513773	0	0	24.12348668280872	75.30634662640054	FN1	6.0
Reactome_2022	TRAF3-dependent IRF Activation Pathway R-HSA-918233	1/15	0.0440820585634856	0.1439177270513773	0	0	24.12348668280872	75.30634662640054	MAVS	6.0
Reactome_2022	IRAK2 Mediated Activation Of TAK1 Complex Upon TLR7/8 Or 9 Stimulation R-HSA-975163	1/15	0.0440820585634856	0.1439177270513773	0	0	24.12348668280872	75.30634662640054	TAB1	6.0
Reactome_2022	p130Cas Linkage To MAPK Signaling For Integrins R-HSA-372708	1/15	0.0440820585634856	0.1439177270513773	0	0	24.12348668280872	75.30634662640054	FN1	6.0
Reactome_2022	Constitutive Signaling By NOTCH1 HD Domain Mutants R-HSA-2691232	1/15	0.0440820585634856	0.1439177270513773	0	0	24.12348668280872	75.30634662640054	ADAM10	6.0
Reactome_2022	Golgi-to-ER Retrograde Transport R-HSA-8856688	2/112	0.0445729443361221	0.1439177270513773	0	0	6.216300940438871	19.336601211800986	DYNC1H1;COPA	6.0
Reactome_2022	Nonsense Mediated Decay (NMD) Enhanced By Exon Junction Complex (EJC) R-HSA-975957	2/112	0.0445729443361221	0.1439177270513773	0	0	6.216300940438871	19.336601211800986	RPS27;MAGOHB	6.0
Reactome_2022	Macroautophagy R-HSA-1632852	2/114	0.046012093837942	0.1467682172567196	0	0	6.104679802955665	18.79539956196108	DYNC1H1;PRKAA2	6.0
Reactome_2022	TRAF6-mediated Induction Of TAK1 Complex Within TLR4 Complex R-HSA-937072	1/16	0.0469519574385199	0.1467682172567196	0	0	22.51412429378531	68.86238459395226	TAB1	6.0
Reactome_2022	Caspase Activation Via Death Receptors In Presence Of Ligand R-HSA-140534	1/16	0.0469519574385199	0.1467682172567196	0	0	22.51412429378531	68.86238459395226	FASN	6.0
Reactome_2022	RHO GTPase Effectors R-HSA-195258	3/269	0.04699664699559	0.1467682172567196	0	0	3.892758211317768	11.902805113988183	DYNC1H1;RPS27;CTNNA1	6.0
Reactome_2022	Signaling By Rho GTPases, Miro GTPases And RHOBTB3 R-HSA-9716542	5/660	0.0476089074059669	0.1474714936721415	0	0	2.676613462873005	8.149579775571866	DYNC1H1;RPS27;USP9X;COPS2;CTNNA1	6.0
Reactome_2022	RHO GTPases Activate Formins R-HSA-5663220	2/119	0.0496840336802172	0.1518311932549126	0	0	5.842322428529325	17.539070541095334	DYNC1H1;RPS27	6.0
Reactome_2022	Vitamin B5 (Pantothenate) Metabolism R-HSA-199220	1/17	0.0498133836138164	0.1518311932549126	0	0	21.10593220338983	63.30664389351284	FASN	6.0
Reactome_2022	SARS-CoV-2 Activates/Modulates Innate And Adaptive Immune Responses R-HSA-9705671	2/121	0.0511817885933386	0.1532601223162525	0	0	5.743552593451174	17.07197204755514	MAVS;TAB1	6.0
Reactome_2022	Deubiquitination R-HSA-5688426	3/279	0.0513800201490211	0.1532601223162525	0	0	3.749809305873379	11.131331030149395	MAVS;USP9X;TAB1	6.0
Reactome_2022	Neutrophil Degranulation R-HSA-6798695	4/468	0.0517616994754161	0.1532601223162525	0	0	2.998152709359606	8.877844365531528	DYNC1H1;CAND1;NME2;ADAM10	6.0
Reactome_2022	Pre-NOTCH Processing In Golgi R-HSA-1912420	1/18	0.0526663616642541	0.1532601223162525	0	0	19.863409770687937	58.47347515993359	ATP2A2	6.0
Reactome_2022	JNK (c-Jun Kinases) Phosphorylation And Activation Mediated By Activated Human TAK1 R-HSA-450321	1/18	0.0526663616642541	0.1532601223162525	0	0	19.863409770687937	58.47347515993359	TAB1	6.0
Reactome_2022	Regulation Of IGF Transport And Uptake By IGFBPs R-HSA-381426	2/123	0.052695737594302	0.1532601223162525	0	0	5.648047876888002	16.6234514669055	FN1;ADAM10	6.0
Reactome_2022	SARS-CoV-2 Infection R-HSA-9694516	3/283	0.0531874922464382	0.1535184435294921	0	0	3.695488721804512	10.84231268463609	MAVS;RPS27;TAB1	6.0
Reactome_2022	Activated TAK1 Mediates P38 MAPK Activation R-HSA-450302	1/19	0.0555109160756712	0.1578332763047069	0	0	18.75894538606403	54.2354050228785	TAB1	6.0
Reactome_2022	Nuclear Events Stimulated By ALK Signaling In Cancer R-HSA-9725371	1/19	0.0555109160756712	0.1578332763047069	0	0	18.75894538606403	54.2354050228785	FN1	6.0
Reactome_2022	Autophagy R-HSA-9612973	2/128	0.0565498866029161	0.1595963466348968	0	0	5.422550629447181	15.576992902659592	DYNC1H1;PRKAA2	6.0
Reactome_2022	Host Interactions Of HIV Factors R-HSA-162909	2/130	0.0581186356964668	0.161088653325699	0	0	5.337284482758621	15.186009626441905	ATP6V1H;ELOC	6.0
Reactome_2022	Signal Transduction By L1 R-HSA-445144	1/20	0.058347071283324	0.161088653325699	0	0	17.770740410347905	50.492824203227855	MAP2K2	6.0
Reactome_2022	Nef-mediated Downmodulation Of Cell Surface Receptors By Recruitment To Clathrin Adapters R-HSA-164938	1/20	0.058347071283324	0.161088653325699	0	0	17.770740410347905	50.492824203227855	ATP6V1H	6.0
Reactome_2022	Cytokine Signaling In Immune System R-HSA-1280215	5/702	0.0590591770429549	0.1618584616936931	0	0	2.50984739793922	7.100898751823124	PPM1B;FN1;PTPN12;TAB1;ELOC	6.0
Reactome_2022	ER To Golgi Anterograde Transport R-HSA-199977	2/133	0.0605000546260963	0.1618584616936931	0	0	5.214266912345354	14.626597530295763	DYNC1H1;COPA	6.0
Reactome_2022	Azathioprine ADME R-HSA-9748787	1/21	0.061174851663758	0.1618584616936931	0	0	16.88135593220339	47.16683081464229	NME2	6.0
Reactome_2022	Interleukin-37 Signaling R-HSA-9008059	1/21	0.061174851663758	0.1618584616936931	0	0	16.88135593220339	47.16683081464229	PTPN12	6.0
Reactome_2022	SHC1 Events In ERBB2 Signaling R-HSA-1250196	1/21	0.061174851663758	0.1618584616936931	0	0	16.88135593220339	47.16683081464229	PTPN12	6.0
Reactome_2022	NOTCH2 Activation And Transmission Of Signal To Nucleus R-HSA-2979096	1/21	0.061174851663758	0.1618584616936931	0	0	16.88135593220339	47.16683081464229	ADAM10	6.0
Reactome_2022	Late Phase Of HIV Life Cycle R-HSA-162599	2/136	0.0629147383516389	0.1647420354519468	0	0	5.096757591353577	14.09750320570259	ELOC;SUPT5H	6.0
Reactome_2022	Influenza Viral RNA Transcription And Replication R-HSA-168273	2/137	0.0637268924280344	0.1647420354519468	0	0	5.05874840357599	13.927486248806424	RPS27;IPO5	6.0
Reactome_2022	Insertion Of Tail-Anchored Proteins Into Endoplasmic Reticulum Membrane R-HSA-9609523	1/22	0.0639942814878953	0.1647420354519468	0	0	16.076674737691686	44.19416072773483	SEC61B	6.0
Reactome_2022	Response Of Mtb To Phagocytosis R-HSA-9637690	1/22	0.0639942814878953	0.1647420354519468	0	0	16.076674737691686	44.19416072773483	ATP6V1H	6.0
Reactome_2022	Abortive Elongation Of HIV-1 Transcript In Absence Of Tat R-HSA-167242	1/23	0.0668053849974009	0.1685619316821837	0	0	15.345146379044683	41.52353011470704	SUPT5H	6.0
Reactome_2022	RAF-independent MAPK1/3 Activation R-HSA-112409	1/23	0.0668053849974009	0.1685619316821837	0	0	15.345146379044683	41.52353011470704	MAP2K2	6.0
Reactome_2022	RHOBTB1 GTPase Cycle R-HSA-9013422	1/23	0.0668053849974009	0.1685619316821837	0	0	15.345146379044683	41.52353011470704	COPS2	6.0
Reactome_2022	Clathrin-mediated Endocytosis R-HSA-8856828	2/142	0.0678408475256864	0.1700484401795167	0	0	4.876847290640394	13.121600426711796	COPS6;COPS2	6.0
Reactome_2022	Aggrephagy R-HSA-9646399	1/24	0.0696081863665755	0.1733380327167665	0	0	14.67722918201916	39.11295320546662	DYNC1H1	6.0
Reactome_2022	TRAF6 Mediated NF-kB Activation R-HSA-933542	1/25	0.0724027096697759	0.1757033909820676	0	0	14.064971751412427	36.927745838789015	MAVS	6.0
Reactome_2022	Inactivation Of CSF3 (G-CSF) Signaling R-HSA-9705462	1/25	0.0724027096697759	0.1757033909820676	0	0	14.064971751412427	36.927745838789015	ELOC	6.0
Reactome_2022	NOTCH3 Activation And Transmission Of Signal To Nucleus R-HSA-9013507	1/25	0.0724027096697759	0.1757033909820676	0	0	14.064971751412427	36.927745838789015	ADAM10	6.0
Reactome_2022	Signaling By ERBB2 In Cancer R-HSA-1227990	1/25	0.0724027096697759	0.1757033909820676	0	0	14.064971751412427	36.927745838789015	PTPN12	6.0
Reactome_2022	HIV Life Cycle R-HSA-162587	2/149	0.0737442939186581	0.1757484722514335	0	0	4.642974431151771	12.104938483210702	ELOC;SUPT5H	6.0
Reactome_2022	Formation Of Tubulin Folding Intermediates By CCT/TriC R-HSA-389960	1/26	0.0751889789422143	0.1757484722514335	0	0	13.501694915254236	34.93901932570728	CCT6B	6.0
Reactome_2022	TNFR1-induced NFkappaB Signaling Pathway R-HSA-5357956	1/26	0.0751889789422143	0.1757484722514335	0	0	13.501694915254236	34.93901932570728	TAB1	6.0
Reactome_2022	Platelet Calcium Homeostasis R-HSA-418360	1/26	0.0751889789422143	0.1757484722514335	0	0	13.501694915254236	34.93901932570728	ATP2A2	6.0
Reactome_2022	Attenuation Phase R-HSA-3371568	1/26	0.0751889789422143	0.1757484722514335	0	0	13.501694915254236	34.93901932570728	DNAJB6	6.0
Reactome_2022	Infection With Mycobacterium Tuberculosis R-HSA-9635486	1/26	0.0751889789422143	0.1757484722514335	0	0	13.501694915254236	34.93901932570728	ATP6V1H	6.0
Reactome_2022	Interleukin-1 Family Signaling R-HSA-446652	2/152	0.076323713214089	0.1767384955207789	0	0	4.549425287356322	11.704632174727754	PTPN12;TAB1	6.0
Reactome_2022	Role Of Nef In HIV-1 Replication And Disease Pathogenesis R-HSA-164952	1/27	0.0779670181418841	0.1767384955207789	0	0	12.98174706649283	33.12253021761694	ATP6V1H	6.0
Reactome_2022	RNA Pol II CTD Phosphorylation And Interaction With CE R-HSA-77075	1/27	0.0779670181418841	0.1767384955207789	0	0	12.98174706649283	33.12253021761694	SUPT5H	6.0
Reactome_2022	VEGFR2 Mediated Vascular Permeability R-HSA-5218920	1/27	0.0779670181418841	0.1767384955207789	0	0	12.98174706649283	33.12253021761694	CTNNA1	6.0
Reactome_2022	Integrin Signaling R-HSA-354192	1/27	0.0779670181418841	0.1767384955207789	0	0	12.98174706649283	33.12253021761694	FN1	6.0
Reactome_2022	Influenza Infection R-HSA-168255	2/157	0.0806859356224209	0.1767384955207789	0	0	4.401557285873192	11.079560380114748	RPS27;IPO5	6.0
Reactome_2022	TRAF6 Mediated IRF7 Activation R-HSA-933541	1/28	0.0807368511574007	0.1767384955207789	0	0	12.500313873195228	31.45779193205892	MAVS	6.0
Reactome_2022	Prefoldin Mediated Transfer Of Substrate To CCT/TriC R-HSA-389957	1/28	0.0807368511574007	0.1767384955207789	0	0	12.500313873195228	31.45779193205892	CCT6B	6.0
Reactome_2022	Interconversion Of Nucleotide Di- And Triphosphates R-HSA-499943	1/28	0.0807368511574007	0.1767384955207789	0	0	12.500313873195228	31.45779193205892	NME2	6.0
Reactome_2022	Adherens Junctions Interactions R-HSA-418990	1/29	0.0834985018208404	0.1767384955207789	0	0	12.053268765133172	29.927381507961847	CTNNA1	6.0
Reactome_2022	HSF1 Activation R-HSA-3371511	1/29	0.0834985018208404	0.1767384955207789	0	0	12.053268765133172	29.927381507961847	DNAJB6	6.0
Reactome_2022	Uptake And Actions Of Bacterial Toxins R-HSA-5339562	1/29	0.0834985018208404	0.1767384955207789	0	0	12.053268765133172	29.927381507961847	MAP2K2	6.0
Reactome_2022	mRNA Capping R-HSA-72086	1/29	0.0834985018208404	0.1767384955207789	0	0	12.053268765133172	29.927381507961847	SUPT5H	6.0
Reactome_2022	Regulation Of Necroptotic Cell Death R-HSA-5675482	1/29	0.0834985018208404	0.1767384955207789	0	0	12.053268765133172	29.927381507961847	FASN	6.0
Reactome_2022	Myogenesis R-HSA-525793	1/29	0.0834985018208404	0.1767384955207789	0	0	12.053268765133172	29.927381507961847	CTNNA1	6.0
Reactome_2022	Downregulation Of ERBB2 Signaling R-HSA-8863795	1/29	0.0834985018208404	0.1767384955207789	0	0	12.053268765133172	29.927381507961847	PTPN12	6.0
Reactome_2022	Energy Dependent Regulation Of mTOR By LKB1-AMPK R-HSA-380972	1/29	0.0834985018208404	0.1767384955207789	0	0	12.053268765133172	29.927381507961847	PRKAA2	6.0
Reactome_2022	Synthesis Of Active Ubiquitin: Roles Of E1 And E2 Enzymes R-HSA-8866652	1/30	0.0862519938757385	0.1805604926739361	0	0	11.637054354178844	28.516393460743195	USP9X	6.0
Reactome_2022	Signaling By CSF3 (G-CSF) R-HSA-9674555	1/30	0.0862519938757385	0.1805604926739361	0	0	11.637054354178844	28.516393460743195	ELOC	6.0
Reactome_2022	Transport To Golgi And Subsequent Modification R-HSA-948021	2/164	0.0869203499635597	0.1809653187765916	0	0	4.209876543209877	10.283731064068448	DYNC1H1;COPA	6.0
Reactome_2022	Activated NOTCH1 Transmits Signal To Nucleus R-HSA-2122948	1/31	0.0889973510131811	0.1823010254624838	0	0	11.248587570621469	27.21200570122755	ADAM10	6.0
Reactome_2022	RIPK1-mediated Regulated Necrosis R-HSA-5213460	1/31	0.0889973510131811	0.1823010254624838	0	0	11.248587570621469	27.21200570122755	FASN	6.0
Reactome_2022	Downregulation Of SMAD2/3:SMAD4 Transcriptional Activity R-HSA-2173795	1/31	0.0889973510131811	0.1823010254624838	0	0	11.248587570621469	27.21200570122755	USP9X	6.0
Reactome_2022	RAF Activation R-HSA-5673000	1/32	0.0917345968770788	0.1849252984664921	0	0	10.88518316019683	26.003131702693533	MAP2K2	6.0
Reactome_2022	Signaling By NOTCH2 R-HSA-1980145	1/32	0.0917345968770788	0.1849252984664921	0	0	10.88518316019683	26.003131702693533	ADAM10	6.0
Reactome_2022	Nuclear Signaling By ERBB4 R-HSA-1251985	1/32	0.0917345968770788	0.1849252984664921	0	0	10.88518316019683	26.003131702693533	COPS2	6.0
Reactome_2022	Separation Of Sister Chromatids R-HSA-2467813	2/170	0.0923764782624712	0.1852391485157976	0	0	4.058292282430213	9.666376978549438	DYNC1H1;RPS27	6.0
Reactome_2022	Signaling To ERKs R-HSA-187687	1/33	0.09446375498836	0.1855190239719855	0	0	10.544491525423728	24.880139655306092	MAP2K2	6.0
Reactome_2022	Formation Of Early Elongation Complex R-HSA-113418	1/33	0.09446375498836	0.1855190239719855	0	0	10.544491525423728	24.880139655306092	SUPT5H	6.0
Reactome_2022	Cooperation Of Prefoldin And TriC/CCT In Actin And Tubulin Folding R-HSA-389958	1/33	0.09446375498836	0.1855190239719855	0	0	10.544491525423728	24.880139655306092	CCT6B	6.0
Reactome_2022	NOD1/2 Signaling Pathway R-HSA-168638	1/33	0.09446375498836	0.1855190239719855	0	0	10.544491525423728	24.880139655306092	TAB1	6.0
Reactome_2022	COPI-independent Golgi-to-ER Retrograde Traffic R-HSA-6811436	1/34	0.0971848488620792	0.1898842431612932	0	0	10.224447868515664	23.834624062165258	DYNC1H1	6.0
Reactome_2022	SARS-CoV Infections R-HSA-9679506	3/369	0.0990218056723979	0.1912618121833879	0	0	2.81478285878631	6.508946649859997	MAVS;RPS27;TAB1	6.0
Reactome_2022	Apoptosis R-HSA-109581	2/178	0.0998031056440007	0.1912618121833879	0	0	3.872257053291536	8.923833138469313	MAGED1;FASN	6.0
Reactome_2022	RHOBTB GTPase Cycle R-HSA-9706574	1/35	0.0998979019015595	0.1912618121833879	0	0	9.923230309072782	22.85921878898856	COPS2	6.0
Reactome_2022	Negative Regulators Of DDX58/IFIH1 Signaling R-HSA-936440	1/35	0.0998979019015595	0.1912618121833879	0	0	9.923230309072782	22.85921878898856	MAVS	6.0
Reactome_2022	Platelet Aggregation (Plug Formation) R-HSA-76009	1/36	0.1026029374863953	0.194538613546204	0	0	9.639225181598064	21.947443048733657	FN1	6.0
Reactome_2022	Intra-Golgi And Retrograde Golgi-to-ER Traffic R-HSA-6811442	2/181	0.1026306071464226	0.194538613546204	0	0	3.80678096705837	8.666590165723491	DYNC1H1;COPA	6.0
Reactome_2022	Fatty acyl-CoA Biosynthesis R-HSA-75105	1/37	0.1052999788759501	0.1966631958418481	0	0	9.370998116760829	21.09357380941926	FASN	6.0
Reactome_2022	RHOV GTPase Cycle R-HSA-9013424	1/37	0.1052999788759501	0.1966631958418481	0	0	9.370998116760829	21.09357380941926	USP9X	6.0
Reactome_2022	Cooperation Of PDCL (PhLP1) And TRiC/CCT In G-protein Beta Folding R-HSA-6814122	1/37	0.1052999788759501	0.1966631958418481	0	0	9.370998116760829	21.09357380941926	CCT6B	6.0
Reactome_2022	Mitotic Prometaphase R-HSA-68877	2/186	0.1073921921036923	0.1987624530843187	0	0	3.7023988005997	8.261043221985856	DYNC1H1;RPS27	6.0
Reactome_2022	Association Of TriC/CCT With Target Proteins During Biosynthesis R-HSA-390471	1/38	0.1079890493135275	0.1987624530843187	0	0	9.117269812185066	20.292539475955067	CCT6B	6.0
Reactome_2022	HSP90 Chaperone Cycle For Steroid Hormone Receptors (SHR) In Presence Of Ligand R-HSA-3371497	1/38	0.1079890493135275	0.1987624530843187	0	0	9.117269812185066	20.292539475955067	DYNC1H1	6.0
Reactome_2022	Ovarian Tumor Domain Proteases R-HSA-5689896	1/39	0.1106701719388892	0.2017480167881187	0	0	8.876895628902766	19.539830870257344	MAVS	6.0
Reactome_2022	RHOU GTPase Cycle R-HSA-9013420	1/39	0.1106701719388892	0.2017480167881187	0	0	8.876895628902766	19.539830870257344	USP9X	6.0
Reactome_2022	Collagen Degradation R-HSA-1442490	1/40	0.1133433698574306	0.2056372567413385	0	0	8.648848326814429	18.83142630233209	ADAM10	6.0
Reactome_2022	MTOR Signaling R-HSA-165159	1/41	0.1160086660925291	0.208487272553083	0	0	8.432203389830509	18.163728229298105	PRKAA2	6.0
Reactome_2022	Negative Regulation Of MAPK Pathway R-HSA-5675221	1/41	0.1160086660925291	0.208487272553083	0	0	8.432203389830509	18.163728229298105	MAP2K2	6.0
Reactome_2022	Activation Of Gene Expression By SREBF (SREBP) R-HSA-2426168	1/42	0.1186660835892662	0.2122618678286874	0	0	8.226126498553121	17.533509462955344	FASN	6.0
Reactome_2022	Ub-specific Processing Proteases R-HSA-5689880	2/201	0.1220195989839061	0.2172405009947113	0	0	3.4207243112112287	7.195745353060354	USP9X;TAB1	6.0
Reactome_2022	TNF Signaling R-HSA-75893	1/44	0.123957373940928	0.217724953673584	0	0	7.842727631060307	16.374184239115326	TAB1	6.0
Reactome_2022	TP53 Regulates Transcription Of Cell Death Genes R-HSA-5633008	1/44	0.123957373940928	0.217724953673584	0	0	7.842727631060307	16.374184239115326	FASN	6.0
Reactome_2022	Signaling By NOTCH R-HSA-157118	2/203	0.1240060759768182	0.217724953673584	0	0	3.3863441413621547	7.068738453377337	ADAM10;ATP2A2	6.0
Reactome_2022	TAK1-dependent IKK And NF-kappa-B Activation R-HSA-445989	1/45	0.1265912923641668	0.2212444146364567	0	0	7.664098613251156	15.840094270101874	TAB1	6.0
Reactome_2022	Programmed Cell Death R-HSA-5357801	2/208	0.1290068213023993	0.2237810829836189	0	0	3.3033143622363577	6.7648244417001	MAGED1;FASN	6.0
Reactome_2022	NR1H2 And NR1H3-mediated Signaling R-HSA-9024446	1/46	0.1292174232451343	0.2237810829836189	0	0	7.493408662900189	15.333453732333885	FASN	6.0
Reactome_2022	SARS-CoV-2 Modulates Host Translation Machinery R-HSA-9754678	1/47	0.1318357892142466	0.2272825144372307	0	0	7.330140014738394	14.852316151299132	RPS27	6.0
Reactome_2022	Signaling By ERBB2 R-HSA-1227986	1/49	0.1370493166479286	0.2331062037627714	0	0	7.0240112994350286	13.95962150005924	PTPN12	6.0
Reactome_2022	EPH-ephrin Mediated Repulsion Of Cells R-HSA-3928665	1/49	0.1370493166479286	0.2331062037627714	0	0	7.0240112994350286	13.95962150005924	ADAM10	6.0
Reactome_2022	Signaling By NOTCH3 R-HSA-9012852	1/49	0.1370493166479286	0.2331062037627714	0	0	7.0240112994350286	13.95962150005924	ADAM10	6.0
Reactome_2022	Formation Of Ternary Complex, And Subsequently, 43S Complex R-HSA-72695	1/50	0.1396445230534406	0.2354184216077915	0	0	6.88031822898651	13.544974303558986	RPS27	6.0
Reactome_2022	Ion Homeostasis R-HSA-5578775	1/50	0.1396445230534406	0.2354184216077915	0	0	6.88031822898651	13.544974303558986	ATP2A2	6.0
Reactome_2022	Transcriptional Activity Of SMAD2/SMAD3:SMAD4 Heterotrimer R-HSA-2173793	1/51	0.1422320544478961	0.237677248880037	0	0	6.742372881355932	13.14961860629303	USP9X	6.0
Reactome_2022	Translocation Of SLC2A4 (GLUT4) To Plasma Membrane R-HSA-1445148	1/51	0.1422320544478961	0.237677248880037	0	0	6.742372881355932	13.14961860629303	PRKAA2	6.0
Reactome_2022	Signaling By PDGF R-HSA-186797	1/52	0.1448119331189623	0.2409316441848238	0	0	6.609837155201063	12.772316508882604	PTPN12	6.0
Reactome_2022	Nucleotide-binding Domain, Leucine Rich Repeat Containing NLR Signaling Pathways R-HSA-168643	1/53	0.1473841813494661	0.2420404012678731	0	0	6.482398956975228	12.41193110915411	TAB1	6.0
Reactome_2022	Vif-mediated Degradation Of APOBEC3G R-HSA-180585	1/53	0.1473841813494661	0.2420404012678731	0	0	6.482398956975228	12.41193110915411	ELOC	6.0
Reactome_2022	Ion Transport By P-type ATPases R-HSA-936837	1/53	0.1473841813494661	0.2420404012678731	0	0	6.482398956975228	12.41193110915411	ATP2A2	6.0
Reactome_2022	Regulation Of Cholesterol Biosynthesis By SREBP (SREBF) R-HSA-1655829	1/55	0.1525058751374526	0.2470970208466995	0	0	6.241682360326428	11.73780923341877	FASN	6.0
Reactome_2022	Degradation Of DVL R-HSA-4641258	1/55	0.1525058751374526	0.2470970208466995	0	0	6.241682360326428	11.73780923341877	KLHL12	6.0
Reactome_2022	Mitotic Anaphase R-HSA-68882	2/232	0.1536269096616243	0.2470970208466995	0	0	2.9550224887556222	5.535431695461023	DYNC1H1;RPS27	6.0
Reactome_2022	Mitotic Metaphase And Anaphase R-HSA-2555396	2/233	0.1546725334194738	0.2470970208466995	0	0	2.942080907598149	5.491232448340706	DYNC1H1;RPS27	6.0
Reactome_2022	Signaling By Interleukins R-HSA-449147	3/453	0.1546793699374069	0.2470970208466995	0	0	2.27953216374269	4.254520849119151	FN1;PTPN12;TAB1	6.0
Reactome_2022	Metabolism R-HSA-1430728	9/2049	0.1568622732242212	0.2470970208466995	0	0	1.5484429065743943	2.8683156640552268	ATP5PF;PRKAA2;RPS27;PON2;FASN;NME2;ATP5PO;FHL2;ETFA	6.0
Reactome_2022	Translation Initiation Complex Formation R-HSA-72649	1/57	0.1575973125085249	0.2470970208466995	0	0	6.018159806295399	11.119827020699836	RPS27	6.0
Reactome_2022	Regulated Necrosis R-HSA-5218859	1/57	0.1575973125085249	0.2470970208466995	0	0	6.018159806295399	11.119827020699836	FASN	6.0
Reactome_2022	Ribosomal Scanning And Start Codon Recognition R-HSA-72702	1/57	0.1575973125085249	0.2470970208466995	0	0	6.018159806295399	11.119827020699836	RPS27	6.0
Reactome_2022	NRAGE Signals Death Thru JNK R-HSA-193648	1/57	0.1575973125085249	0.2470970208466995	0	0	6.018159806295399	11.119827020699836	MAGED1	6.0
Reactome_2022	Signaling By ERBB4 R-HSA-1236394	1/57	0.1575973125085249	0.2470970208466995	0	0	6.018159806295399	11.119827020699836	COPS2	6.0
Reactome_2022	mRNA Activation Upon Binding Of Cap-Binding Complex And eIFs, Subsequent Binding To 43S R-HSA-72662	1/58	0.1601317399952158	0.2480089143828343	0	0	5.912280701754386	10.829870001571042	RPS27	6.0
Reactome_2022	mRNA 3-End Processing R-HSA-72187	1/58	0.1601317399952158	0.2480089143828343	0	0	5.912280701754386	10.829870001571042	MAGOHB	6.0
Reactome_2022	Constitutive Signaling By NOTCH1 HD+PEST Domain Mutants R-HSA-2894862	1/58	0.1601317399952158	0.2480089143828343	0	0	5.912280701754386	10.829870001571042	ADAM10	6.0
Reactome_2022	Transport Of Small Molecules R-HSA-382551	4/706	0.1614395416964988	0.249022127070308	0	0	1.957468457468457	3.56968755686881	ATP6V1A;CAND1;ATP2A2;ATP6V1H	6.0
Reactome_2022	Arachidonic Acid Metabolism R-HSA-2142753	1/59	0.1626586692032377	0.2498909393807806	0	0	5.810052600818235	10.551644242584764	PON2	6.0
Reactome_2022	Post NMDA Receptor Activation Events R-HSA-438064	1/61	0.1676901199083657	0.2555597427403493	0	0	5.6158192090395485	10.027817525427489	PRKAA2	6.0
Reactome_2022	Cell-cell Junction Organization R-HSA-421270	1/61	0.1676901199083657	0.2555597427403493	0	0	5.6158192090395485	10.027817525427489	CTNNA1	6.0
Reactome_2022	MAP Kinase Activation R-HSA-450294	1/62	0.1701946848493095	0.2583433264047288	0	0	5.523478744095582	9.78104405565578	TAB1	6.0
Reactome_2022	Peroxisomal Protein Import R-HSA-9033241	1/63	0.1726918383694235	0.2610936127728188	0	0	5.434117003827228	9.543649261752437	USP9X	6.0
Reactome_2022	Oxygen-dependent Proline Hydroxylation Of Hypoxia-inducible Factor Alpha R-HSA-1234176	1/64	0.1751816020210316	0.2638110291304864	0	0	5.347592144202314	9.315142506150496	ELOC	6.0
Reactome_2022	Metabolism Of Lipids R-HSA-556833	4/732	0.1766140576499611	0.2649210864749416	0	0	1.885007849293564	3.2682047285719737	PRKAA2;PON2;FASN;FHL2	6.0
Reactome_2022	Mitochondrial Protein Import R-HSA-1268020	1/65	0.17766399732423	0.2654509136491437	0	0	5.263771186440678	9.09506583049212	CHCHD2	6.0
Reactome_2022	Integrin Cell Surface Interactions R-HSA-216083	1/66	0.1801390456585259	0.268097564046478	0	0	5.182529335071708	8.88299132386989	FN1	6.0
Reactome_2022	RNA Polymerase II Transcription Termination R-HSA-73856	1/67	0.1826067684788564	0.2707127579394719	0	0	5.103749357986646	8.678518729968271	MAGOHB	6.0
Reactome_2022	Interleukin-17 Signaling R-HSA-448424	1/69	0.1875203226168755	0.2758503587530099	0	0	4.953140578265204	8.290903771791394	TAB1	6.0
Reactome_2022	Loss Of Nlp From Mitotic Centrosomes R-HSA-380259	1/69	0.1875203226168755	0.2758503587530099	0	0	4.953140578265204	8.290903771791394	DYNC1H1	6.0
Reactome_2022	AURKA Activation By TPX2 R-HSA-8854518	1/72	0.1948362431059409	0.2828145938946472	0	0	4.743136786822631	7.757854854821752	DYNC1H1	6.0
Reactome_2022	RAF/MAP Kinase Cascade R-HSA-5673001	2/271	0.1953096584057631	0.2828145938946472	0	0	2.52159979489809	4.118198585476674	MAP2K2;FN1	6.0
Reactome_2022	Cell Cycle Checkpoints R-HSA-69620	2/271	0.1953096584057631	0.2828145938946472	0	0	2.52159979489809	4.118198585476674	DYNC1H1;RPS27	6.0
Reactome_2022	Cellular Response To Hypoxia R-HSA-1234174	1/73	0.1972604581015887	0.2828145938946472	0	0	4.677024482109228	7.591887858510897	ELOC	6.0
Reactome_2022	RNA Polymerase II Transcription R-HSA-73857	6/1312	0.1989835849397962	0.2828145938946472	0	0	1.5853326527139695	2.559571797224546	PRKAA2;USP9X;FASN;ELOC;MAGOHB;SUPT5H	6.0
Reactome_2022	Activation Of NMDA Receptors And Postsynaptic Events R-HSA-442755	1/74	0.1996774954269293	0.2828145938946472	0	0	4.61272347341537	7.431336163287547	PRKAA2	6.0
Reactome_2022	Transport Of Mature mRNA Derived From An Intron-Containing Transcript R-HSA-159236	1/74	0.1996774954269293	0.2828145938946472	0	0	4.61272347341537	7.431336163287547	MAGOHB	6.0
Reactome_2022	RNA Polymerase II Transcribes snRNA Genes R-HSA-6807505	1/74	0.1996774954269293	0.2828145938946472	0	0	4.61272347341537	7.431336163287547	SUPT5H	6.0
Reactome_2022	Cell Death Signaling Via NRAGE, NRIF And NADE R-HSA-204998	1/74	0.1996774954269293	0.2828145938946472	0	0	4.61272347341537	7.431336163287547	MAGED1	6.0
Reactome_2022	Signaling By NOTCH1 R-HSA-1980143	1/74	0.1996774954269293	0.2828145938946472	0	0	4.61272347341537	7.431336163287547	ADAM10	6.0
Reactome_2022	MAPK1/MAPK3 Signaling R-HSA-5684996	2/277	0.2018556027432821	0.2841154622781868	0	0	2.465830721003135	3.945828916102633	MAP2K2;FN1	6.0
Reactome_2022	ISG15 Antiviral Mechanism R-HSA-1169408	1/75	0.2020873760561381	0.2841154622781868	0	0	4.550160329821347	7.275957173916217	PPM1B	6.0
Reactome_2022	Protein Ubiquitination R-HSA-8852135	1/76	0.2044901207943848	0.2864365294950758	0	0	4.489265536723164	7.125522139423135	USP9X	6.0
Reactome_2022	Translation R-HSA-72766	2/281	0.2062344397556637	0.2878216906480141	0	0	2.4299839327648005	3.83631696552588	RPS27;SEC61B	6.0
Reactome_2022	Asparagine N-linked Glycosylation R-HSA-446203	2/282	0.207330880705257	0.2878465805211695	0	0	2.4211822660098523	3.809583340400233	DYNC1H1;COPA	6.0
Reactome_2022	Pre-NOTCH Expression And Processing R-HSA-1912422	1/78	0.2092742855757584	0.2878465805211695	0	0	4.372220999339644	6.838632472205606	ATP2A2	6.0
Reactome_2022	COPI-dependent Golgi-to-ER Retrograde Traffic R-HSA-6811434	1/78	0.2092742855757584	0.2878465805211695	0	0	4.372220999339644	6.838632472205606	COPA	6.0
Reactome_2022	FCERI Mediated NF-kB Activation R-HSA-2871837	1/78	0.2092742855757584	0.2878465805211695	0	0	4.372220999339644	6.838632472205606	TAB1	6.0
Reactome_2022	Recruitment Of NuMA To Mitotic Centrosomes R-HSA-380320	1/80	0.2140301552862125	0.2923668768730363	0	0	4.261102767646428	6.569079488195031	DYNC1H1	6.0
Reactome_2022	TP53 Regulates Metabolic Genes R-HSA-5628897	1/81	0.2163975309139009	0.2923668768730363	0	0	4.207627118644068	6.440354554688398	PRKAA2	6.0
Reactome_2022	Centrosome Maturation R-HSA-380287	1/81	0.2163975309139009	0.2923668768730363	0	0	4.207627118644068	6.440354554688398	DYNC1H1	6.0
Reactome_2022	DDX58/IFIH1-mediated Induction Of Interferon-Alpha/Beta R-HSA-168928	1/81	0.2163975309139009	0.2923668768730363	0	0	4.207627118644068	6.440354554688398	MAVS	6.0
Reactome_2022	Signaling By NOTCH4 R-HSA-9013694	1/81	0.2163975309139009	0.2923668768730363	0	0	4.207627118644068	6.440354554688398	ADAM10	6.0
Reactome_2022	Extracellular Matrix Organization R-HSA-1474244	2/291	0.2172271752089775	0.2924507199809909	0	0	2.3447082687030187	3.5799277426737333	FN1;ADAM10	6.0
Reactome_2022	Platelet Homeostasis R-HSA-418346	1/83	0.2211112661510016	0.2945573160962643	0	0	4.104588673005374	6.194190590446407	ATP2A2	6.0
Reactome_2022	Antiviral Mechanism By IFN-stimulated Genes R-HSA-1169410	1/83	0.2211112661510016	0.2945573160962643	0	0	4.104588673005374	6.194190590446407	PPM1B	6.0
Reactome_2022	Transport Of Mature Transcript To Cytoplasm R-HSA-72202	1/83	0.2211112661510016	0.2945573160962643	0	0	4.104588673005374	6.194190590446407	MAGOHB	6.0
Reactome_2022	Peptide Chain Elongation R-HSA-156902	1/86	0.228129634375795	0.3017964954763122	0	0	3.9591226321036888	5.850954699068187	RPS27	6.0
Reactome_2022	Cell Junction Organization R-HSA-446728	1/86	0.228129634375795	0.3017964954763122	0	0	3.9591226321036888	5.850954699068187	CTNNA1	6.0
Reactome_2022	Regulation Of PLK1 Activity At G2/M Transition R-HSA-2565942	1/87	0.2304552422279682	0.3038181567088439	0	0	3.912889239258967	5.742942106486769	DYNC1H1	6.0
Reactome_2022	ER-Phagosome Pathway R-HSA-1236974	1/89	0.2350858064592527	0.3044049905777164	0	0	3.823574730354392	5.535789456285142	SEC61B	6.0
Reactome_2022	Viral mRNA Translation R-HSA-192823	1/90	0.2373908029451353	0.3044049905777164	0	0	3.780422776613978	5.436427667682463	RPS27	6.0
Reactome_2022	Chaperonin-mediated Protein Folding R-HSA-390466	1/90	0.2373908029451353	0.3044049905777164	0	0	3.780422776613978	5.436427667682463	CCT6B	6.0
Reactome_2022	Regulation Of TP53 Activity Thru Phosphorylation R-HSA-6804756	1/90	0.2373908029451353	0.3044049905777164	0	0	3.780422776613978	5.436427667682463	PRKAA2	6.0
Reactome_2022	Respiratory Electron Transport R-HSA-611105	1/90	0.2373908029451353	0.3044049905777164	0	0	3.780422776613978	5.436427667682463	ETFA	6.0
Reactome_2022	Selenocysteine Synthesis R-HSA-2408557	1/90	0.2373908029451353	0.3044049905777164	0	0	3.780422776613978	5.436427667682463	RPS27	6.0
Reactome_2022	Eukaryotic Translation Elongation R-HSA-156842	1/90	0.2373908029451353	0.3044049905777164	0	0	3.780422776613978	5.436427667682463	RPS27	6.0
Reactome_2022	Eukaryotic Translation Termination R-HSA-72764	1/90	0.2373908029451353	0.3044049905777164	0	0	3.780422776613978	5.436427667682463	RPS27	6.0
Reactome_2022	DNA Repair R-HSA-73894	2/310	0.2382534656606133	0.3044049905777164	0	0	2.197939991043439	3.1527695000757845	COPS6;COPS2	6.0
Reactome_2022	EPH-Ephrin Signaling R-HSA-2682334	1/91	0.2396889689588318	0.3044049905777164	0	0	3.738229755178908	5.339736572906059	ADAM10	6.0
Reactome_2022	Signaling By TGF-beta Receptor Complex R-HSA-170834	1/91	0.2396889689588318	0.3044049905777164	0	0	3.738229755178908	5.339736572906059	USP9X	6.0
Reactome_2022	Nonsense Mediated Decay (NMD) Independent Of Exon Junction Complex (EJC) R-HSA-975956	1/92	0.2419803243702508	0.3062940318440716	0	0	3.696964052896256	5.245618081542441	RPS27	6.0
Reactome_2022	VEGFA-VEGFR2 Pathway R-HSA-4420097	1/93	0.2442648890533911	0.3081619957925233	0	0	3.6565954310980096	5.153978689104962	CTNNA1	6.0
Reactome_2022	MAPK Family Signaling Cascades R-HSA-5683057	2/318	0.2471451219098231	0.309581656425997	0	0	2.141422959406373	2.993237277928802	MAP2K2;FN1	6.0
Reactome_2022	P75 NTR Receptor-Mediated Signaling R-HSA-193704	1/95	0.2488137253437684	0.309581656425997	0	0	3.578434908041832	4.977784575060654	MAGED1	6.0
Reactome_2022	Metabolism Of Nucleotides R-HSA-15869	1/95	0.2488137253437684	0.309581656425997	0	0	3.578434908041832	4.977784575060654	NME2	6.0
Reactome_2022	Drug ADME R-HSA-9748784	1/95	0.2488137253437684	0.309581656425997	0	0	3.578434908041832	4.977784575060654	NME2	6.0
Reactome_2022	HCMV Early Events R-HSA-9609690	1/96	0.2510780363139976	0.309581656425997	0	0	3.5405887600356825	4.893063523640772	DYNC1H1	6.0
Reactome_2022	Protein Folding R-HSA-391251	1/96	0.2510780363139976	0.309581656425997	0	0	3.5405887600356825	4.893063523640772	CCT6B	6.0
Reactome_2022	MyD88 Cascade Initiated On Plasma Membrane R-HSA-975871	1/96	0.2510780363139976	0.309581656425997	0	0	3.5405887600356825	4.893063523640772	TAB1	6.0
Reactome_2022	Anchoring Of Basal Body To Plasma Membrane R-HSA-5620912	1/97	0.2533356353700229	0.3113576679870281	0	0	3.503531073446328	4.810488471236988	DYNC1H1	6.0
Reactome_2022	Formation Of A Pool Of Free 40S Subunits R-HSA-72689	1/98	0.2555865420581644	0.3121104888594893	0	0	3.4672374628691247	4.729985272302349	RPS27	6.0
Reactome_2022	Response Of EIF2AK4 (GCN2) To Amino Acid Deficiency R-HSA-9633012	1/98	0.2555865420581644	0.3121104888594893	0	0	3.4672374628691247	4.729985272302349	RPS27	6.0
Reactome_2022	CLEC7A (Dectin-1) Signaling R-HSA-5607764	1/99	0.25783077585673	0.3128456229344399	0	0	3.4316845382220684	4.65148304199707	TAB1	6.0
Reactome_2022	L1CAM Interactions R-HSA-373760	1/99	0.25783077585673	0.3128456229344399	0	0	3.4316845382220684	4.65148304199707	MAP2K2	6.0
Reactome_2022	TRAF6 Mediated Induction Of NFkB And MAP Kinases Upon TLR7/8 Or 9 Activation R-HSA-975138	1/101	0.262299302604677	0.3172572517218474	0	0	3.3627118644067795	4.500213215171523	TAB1	6.0
Reactome_2022	MyD88 Dependent Cascade Initiated On Endosome R-HSA-975155	1/102	0.264523634281119	0.31758894432104	0	0	3.3292498741399563	4.427318638915545	TAB1	6.0
Reactome_2022	Signaling By VEGF R-HSA-194138	1/102	0.264523634281119	0.31758894432104	0	0	3.3292498741399563	4.427318638915545	CTNNA1	6.0
Reactome_2022	Gene Expression (Transcription) R-HSA-74160	6/1449	0.2667130319232573	0.31758894432104	0	0	1.4242704242704245	1.8822901350305792	PRKAA2;USP9X;FASN;ELOC;MAGOHB;SUPT5H	6.0
Reactome_2022	Toll Like Receptor 3 (TLR3) Cascade R-HSA-168164	1/103	0.2667413705583538	0.31758894432104	0	0	3.296444001329345	4.356170774773472	TAB1	6.0
Reactome_2022	Toll Like Receptor 7/8 (TLR7/8) Cascade R-HSA-168181	1/103	0.2667413705583538	0.31758894432104	0	0	3.296444001329345	4.356170774773472	TAB1	6.0
Reactome_2022	Antigen processing-Cross Presentation R-HSA-1236975	1/104	0.2689525306168844	0.3182326526864377	0	0	3.2642751357577757	4.286712637666174	SEC61B	6.0
Reactome_2022	MHC Class II Antigen Presentation R-HSA-2132295	1/104	0.2689525306168844	0.3182326526864377	0	0	3.2642751357577757	4.286712637666174	DYNC1H1	6.0
Reactome_2022	Toll Like Receptor 9 (TLR9) Cascade R-HSA-168138	1/106	0.2733551988363283	0.3224406524973408	0	0	3.201775625504439	4.152649308026699	TAB1	6.0
Reactome_2022	Interleukin-4 And Interleukin-13 Signaling R-HSA-6785807	1/107	0.2755467451161427	0.3230255688900011	0	0	3.1714102974096576	4.087941502122476	FN1	6.0
Reactome_2022	MyD88-independent TLR4 Cascade R-HSA-166166	1/107	0.2755467451161427	0.3230255688900011	0	0	3.1714102974096576	4.087941502122476	TAB1	6.0
Reactome_2022	L13a-mediated Translational Silencing Of Ceruloplasmin Expression R-HSA-156827	1/108	0.277731791604688	0.3245883822128408	0	0	3.141612545540948	4.024717976625157	RPS27	6.0
Reactome_2022	GTP Hydrolysis And Joining Of 60S Ribosomal Subunit R-HSA-72706	1/109	0.2799103572332033	0.3251397747129587	0	0	3.112366603892028	3.962932449531894	RPS27	6.0
Reactome_2022	Degradation Of Extracellular Matrix R-HSA-1474228	1/109	0.2799103572332033	0.3251397747129587	0	0	3.112366603892028	3.962932449531894	ADAM10	6.0
Reactome_2022	Generic Transcription Pathway R-HSA-212436	5/1190	0.2850709189918111	0.3301277207777508	0	0	1.438818565400844	1.805742178335064	PRKAA2;USP9X;FASN;ELOC;SUPT5H	6.0
Reactome_2022	MyD88:MAL(TIRAP) Cascade Initiated On Plasma Membrane R-HSA-166058	1/112	0.2864073574165455	0.330670312653648	0	0	3.027790502366773	3.785768045800723	TAB1	6.0
Reactome_2022	Interleukin-1 Signaling R-HSA-9020702	1/114	0.2907066314543067	0.3326102900423149	0	0	2.973901304934753	3.6740785899239343	TAB1	6.0
Reactome_2022	Selenoamino Acid Metabolism R-HSA-2408522	1/114	0.2907066314543067	0.3326102900423149	0	0	2.973901304934753	3.6740785899239343	RPS27	6.0
Reactome_2022	Signaling By NTRK1 (TRKA) R-HSA-187037	1/114	0.2907066314543067	0.3326102900423149	0	0	2.973901304934753	3.6740785899239343	MAP2K2	6.0
Reactome_2022	PPARA Activates Gene Expression R-HSA-1989781	1/116	0.2949804322427853	0.3354852080134365	0	0	2.921886514369933	3.5671742121762127	FHL2	6.0
Reactome_2022	Cap-dependent Translation Initiation R-HSA-72737	1/116	0.2949804322427853	0.3354852080134365	0	0	2.921886514369933	3.5671742121762127	RPS27	6.0
Reactome_2022	Regulation Of Lipid Metabolism By PPARalpha R-HSA-400206	1/118	0.299228908133737	0.3393042083302197	0	0	2.871650007243228	3.4647790341672446	FHL2	6.0
Reactome_2022	Signaling By TGFB Family Members R-HSA-9006936	1/119	0.3013436953684434	0.3406882728052729	0	0	2.84717035334674	3.4151917166377954	USP9X	6.0
Reactome_2022	Cell-Cell Communication R-HSA-1500931	1/120	0.3034522066694303	0.3420570731983815	0	0	2.8231021222048143	3.366637233880824	CTNNA1	6.0
Reactome_2022	HCMV Infection R-HSA-9609646	1/121	0.3055544602876434	0.3434107651020417	0	0	2.799435028248588	3.319086454592471	DYNC1H1	6.0
Reactome_2022	Metabolism Of Water-Soluble Vitamins And Cofactors R-HSA-196849	1/122	0.3076504745162243	0.3447495023255337	0	0	2.776159125928001	3.2725112906238585	FASN	6.0
Reactome_2022	Platelet Degranulation R-HSA-114608	1/125	0.3139012626235478	0.3497185323537387	0	0	2.708583925642428	3.138373335904178	FN1	6.0
Reactome_2022	Class I MHC Mediated Antigen Processing And Presentation R-HSA-983169	2/378	0.3139205723490253	0.3497185323537387	0	0	1.7942039618488628	2.07879212451269	SEC61B;ELOC	6.0
Reactome_2022	Cardiac Conduction R-HSA-5576891	1/126	0.3159725007922475	0.3501382867930799	0	0	2.686779661016949	3.095439094617908	ATP2A2	6.0
Reactome_2022	M Phase R-HSA-68886	2/380	0.3161353560546443	0.3501382867930799	0	0	1.7845283707352673	2.055035773965179	DYNC1H1;RPS27	6.0
Reactome_2022	Metabolism Of RNA R-HSA-8953854	3/666	0.3227314354894483	0.3559617601872075	0	0	1.5302849884893228	1.7306525025544608	RPS27;MAGOHB;SUPT5H	6.0
Reactome_2022	Fc Epsilon Receptor (FCERI) Signaling R-HSA-2454202	1/130	0.3241961437925486	0.3559617601872075	0	0	2.6029431086585206	2.931972204050363	TAB1	6.0
Reactome_2022	Response To Elevated Platelet Cytosolic Ca2+ R-HSA-76005	1/130	0.3241961437925486	0.3559617601872075	0	0	2.6029431086585206	2.931972204050363	FN1	6.0
Reactome_2022	Signaling By NTRKs R-HSA-166520	1/132	0.3282714294480748	0.3594006167233233	0	0	2.562944753525682	2.854901282659619	MAP2K2	6.0
Reactome_2022	Cell Surface Interactions At Vascular Wall R-HSA-202733	1/134	0.3323225471053945	0.3627933823700725	0	0	2.5241493564419524	2.780727256183032	FN1	6.0
Reactome_2022	Toll Like Receptor 4 (TLR4) Cascade R-HSA-166016	1/140	0.3443322971648213	0.3748303006279912	0	0	2.4144616510181685	2.574173720436597	TAB1	6.0
Reactome_2022	C-type Lectin Receptors (CLRs) R-HSA-5621481	1/141	0.3463131630538026	0.3759125786994268	0	0	2.397094430992736	2.541907262875828	TAB1	6.0
Reactome_2022	Metabolism Of Steroids R-HSA-8957322	1/153	0.3696294009732855	0.4000818232125618	0	0	2.206512042818912	2.19604080667042	FASN	6.0
Reactome_2022	Regulation Of TP53 Activity R-HSA-5633007	1/157	0.3772182227315091	0.406895795254417	0	0	2.1495002172968274	2.0956152966908568	PRKAA2	6.0
Reactome_2022	Adaptive Immune System R-HSA-1280218	3/733	0.3780606601576473	0.406895795254417	0	0	1.3850036049026675	1.3471938646786228	DYNC1H1;SEC61B;ELOC	6.0
Reactome_2022	RHO GTPase Cycle R-HSA-9012999	2/441	0.3827278346439629	0.4107586056319714	0	0	1.531772837954599	1.4711623588866074	USP9X;COPS2	6.0
Reactome_2022	Toll-like Receptor Cascades R-HSA-168898	1/162	0.3865780143824839	0.413725346853164	0	0	2.0822191809664177	1.9789860500972725	TAB1	6.0
Reactome_2022	Major Pathway Of rRNA Processing In Nucleolus And Cytosol R-HSA-6791226	1/179	0.4173783556062544	0.4454374047226412	0	0	1.881736812035803	1.6441903856137925	RPS27	6.0
Reactome_2022	mRNA Splicing - Major Pathway R-HSA-72163	1/181	0.420900398041526	0.4473083505500608	0	0	1.8606403013182675	1.6101219375224978	MAGOHB	6.0
Reactome_2022	G2/M Transition R-HSA-69275	1/182	0.4226535595748606	0.4473083505500608	0	0	1.8502668789212475	1.5934543574455675	DYNC1H1	6.0
Reactome_2022	Neurotransmitter Receptors And Postsynaptic Signal Transmission R-HSA-112314	1/182	0.4226535595748606	0.4473083505500608	0	0	1.8502668789212475	1.5934543574455675	PRKAA2	6.0
Reactome_2022	Mitotic G2-G2/M Phases R-HSA-453274	1/184	0.4261442399641206	0.4497533391311079	0	0	1.8298601463369453	1.5608293473453425	DYNC1H1	6.0
Reactome_2022	Cilium Assembly R-HSA-5617833	1/186	0.4296141650482644	0.4509173467861949	0	0	1.8098946404031149	1.5291216373448957	DYNC1H1	6.0
Reactome_2022	Metabolism Of Vitamins And Cofactors R-HSA-196854	1/186	0.4296141650482644	0.4509173467861949	0	0	1.8098946404031149	1.5291216373448957	FASN	6.0
Reactome_2022	mRNA Splicing R-HSA-72172	1/189	0.4347804016993901	0.453839268623199	0	0	1.7807428777497296	1.4832060277160146	MAGOHB	6.0
Reactome_2022	rRNA Processing In Nucleus And Cytosol R-HSA-8868773	1/189	0.4347804016993901	0.453839268623199	0	0	1.7807428777497296	1.4832060277160146	RPS27	6.0
Reactome_2022	Muscle Contraction R-HSA-397014	1/196	0.4466566830124624	0.4649622847752682	0	0	1.7162103433289877	1.3832055147029507	ATP2A2	6.0
Reactome_2022	TCF Dependent Signaling In Response To WNT R-HSA-201681	1/198	0.4500045999121734	0.4671709879197223	0	0	1.6986148154521208	1.356339639850197	KLHL12	6.0
Reactome_2022	rRNA Processing R-HSA-72312	1/199	0.4516710808360887	0.4676268527134505	0	0	1.6899503509673002	1.343174332519093	RPS27	6.0
Reactome_2022	Interferon Signaling R-HSA-913531	1/200	0.4533325962584122	0.4680751197139703	0	0	1.681372966527553	1.330183274831934	PPM1B	6.0
Reactome_2022	Keratinization R-HSA-6805567	1/208	0.4664476972565128	0.4803150612290037	0	0	1.6157373290755752	1.2321764465334306	KRT15	6.0
Reactome_2022	Cell Cycle, Mitotic R-HSA-69278	2/523	0.4677289698150167	0.4803362196752598	0	0	1.285260440796876	0.9766260637442238	DYNC1H1;RPS27	6.0
Reactome_2022	Processing Of Capped Intron-Containing Pre-mRNA R-HSA-72203	1/242	0.5188194532507087	0.5301236464961151	0	0	1.3853998171460722	0.9090984326448864	MAGOHB	6.0
Reactome_2022	Hemostasis R-HSA-109582	2/576	0.5189924413203436	0.5301236464961151	0	0	1.1634026192478673	0.7630361755676559	FN1;ATP2A2	6.0
Reactome_2022	Transmission Across Chemical Synapses R-HSA-112315	1/246	0.524638198101331	0.5344576296165966	0	0	1.3625043237634036	0.8788785096203708	PRKAA2	6.0
Reactome_2022	Platelet Activation, Signaling And Aggregation R-HSA-76002	1/254	0.5360688806767021	0.5446459827675294	0	0	1.3188852415086756	0.8223152113347698	FN1	6.0
Reactome_2022	Signaling By Nuclear Receptors R-HSA-9006931	1/260	0.544464100225264	0.5517043143240042	0	0	1.2879392709901183	0.783006891896607	FASN	6.0
Reactome_2022	Cell Cycle R-HSA-1640170	2/654	0.5884126345113317	0.5939669592709784	0	0	1.020097313306537	0.5409849620412263	DYNC1H1;RPS27	6.0
Reactome_2022	Signaling By WNT R-HSA-195721	1/294	0.5892900540798683	0.5939669592709784	0	0	1.136518771331058	0.601032910161342	KLHL12	6.0
Reactome_2022	Antigen Processing: Ubiquitination And Proteasome Degradation R-HSA-983168	1/307	0.6052577447866007	0.6084517170546039	0	0	1.0875152320815331	0.5460423629078438	ELOC	6.0
Reactome_2022	Metabolism Of Amino Acids And Derivatives R-HSA-71291	1/364	0.668358475234637	0.6701173133273597	0	0	0.9140869402810852	0.368313608268829	RPS27	6.0
Reactome_2022	Neuronal System R-HSA-112316	1/386	0.6899627470298336	0.6899627470298336	0	0	0.8608848778340303	0.3194895922900998	PRKAA2	6.0
Reactome_2022	Signaling By FGFR2 IIIa TM R-HSA-8851708	6/19	1.788919173315225e-13	4.6869682340858886e-11	0	0	383.7884615384616	11264.956844950397	POLR2A;POLR2C;POLR2D;POLR2G;POLR2J;POLR2L	8.0
Reactome_2022	Inhibition Of DNA Recombination At Telomere R-HSA-9670095	7/48	5.666998149504231e-13	5.373982060832123e-11	0	0	147.93531283138918	4171.619995407425	POLR2A;POLR2C;POLR2D;H2BC1;POLR2G;POLR2J;POLR2L	8.0
Reactome_2022	Abortive Elongation Of HIV-1 Transcript In Absence Of Tat R-HSA-167242	6/23	6.628709804903626e-13	5.373982060832123e-11	0	0	293.4264705882353	8228.322606638014	POLR2A;POLR2C;POLR2D;POLR2G;POLR2J;POLR2L	8.0
Reactome_2022	MicroRNA (miRNA) Biogenesis R-HSA-203927	6/24	8.829249906443666e-13	5.373982060832123e-11	0	0	277.1111111111111	7691.367460964369	POLR2A;POLR2C;POLR2D;POLR2G;POLR2J;POLR2L	8.0
Reactome_2022	Formation Of TC-NER Pre-Incision Complex R-HSA-6781823	7/52	1.0255690955786497e-12	5.373982060832123e-11	0	0	134.7584541062802	3720.111353481021	DDB1;POLR2A;POLR2C;POLR2D;POLR2G;POLR2J;POLR2L	8.0
Reactome_2022	FGFR2 Alternative Splicing R-HSA-6803529	6/26	1.5071800470653388e-12	6.581352872185312e-11	0	0	249.375	6788.182194441077	POLR2A;POLR2C;POLR2D;POLR2G;POLR2J;POLR2L	8.0
Reactome_2022	RNA Pol II CTD Phosphorylation And Interaction With CE R-HSA-77075	6/27	1.9358207422362376e-12	7.245500492369919e-11	0	0	237.48809523809524	6405.17023199692	POLR2A;POLR2C;POLR2D;POLR2G;POLR2J;POLR2L	8.0
Reactome_2022	Formation Of RNA Pol II Elongation Complex R-HSA-112382	7/58	2.291058174971524e-12	7.426038671048779e-11	0	0	118.8687127024723	3185.9201079647505	POLR2A;POLR2C;POLR2D;POLR2G;DMAP1;POLR2J;POLR2L	8.0
Reactome_2022	PIWI-interacting RNA (piRNA) Biogenesis R-HSA-5601884	6/29	3.1001398517165598e-12	7.426038671048779e-11	0	0	216.81521739130437	5745.510874170495	POLR2A;POLR2C;POLR2D;POLR2G;POLR2J;POLR2L	8.0
Reactome_2022	mRNA Capping R-HSA-72086	6/29	3.1001398517165598e-12	7.426038671048779e-11	0	0	216.81521739130437	5745.510874170495	POLR2A;POLR2C;POLR2D;POLR2G;POLR2J;POLR2L	8.0
Reactome_2022	Cell Cycle R-HSA-1640170	13/654	3.117802495478496e-12	7.426038671048779e-11	0	0	23.05928237129485	610.9301526681417	MCM7;H2BC1;SMC1A;LMNB1;TUBB6;POLR2A;POLR2C;LMNA;POLR2D;POLR2G;MCM6;POLR2J;POLR2L	8.0
Reactome_2022	Gap-filling DNA Repair Synthesis And Ligation In TC-NER R-HSA-6782210	7/64	4.705030539727633e-12	9.664536985804732e-11	0	0	106.32418001525554	2773.188607528272	DDB1;POLR2A;POLR2C;POLR2D;POLR2G;POLR2J;POLR2L	8.0
Reactome_2022	Pausing And Recovery Of Tat-mediated HIV Elongation R-HSA-167238	6/31	4.79538094715502e-12	9.664536985804732e-11	0	0	199.45	5198.338740420042	POLR2A;POLR2C;POLR2D;POLR2G;POLR2J;POLR2L	8.0
Reactome_2022	Dual Incision In TC-NER R-HSA-6782135	7/65	5.267577468554646e-12	9.857894976866551e-11	0	0	104.48575712143928	2713.4377019554813	DDB1;POLR2A;POLR2C;POLR2D;POLR2G;POLR2J;POLR2L	8.0
Reactome_2022	ESR-mediated Signaling R-HSA-8939211	9/188	5.70340756447424e-12	9.926754999975962e-11	0	0	47.38467677573823	1226.7872584636227	POLR2A;POLR2C;POLR2D;H2BC1;POLR2G;SMC1A;PRKCZ;POLR2J;POLR2L	8.0
Reactome_2022	Estrogen-dependent Gene Expression R-HSA-9018519	8/119	6.491012267339199e-12	9.926754999975962e-11	0	0	65.05814905814906	1675.9371253385889	POLR2A;POLR2C;POLR2D;H2BC1;POLR2G;SMC1A;POLR2J;POLR2L	8.0
Reactome_2022	FGFR2 Mutant Receptor Activation R-HSA-1839126	6/33	7.198791793875698e-12	9.926754999975962e-11	0	0	184.65740740740745	4737.7750283053965	POLR2A;POLR2C;POLR2D;POLR2G;POLR2J;POLR2L	8.0
Reactome_2022	Formation Of Early Elongation Complex R-HSA-113418	6/33	7.198791793875698e-12	9.926754999975962e-11	0	0	184.65740740740745	4737.7750283053965	POLR2A;POLR2C;POLR2D;POLR2G;POLR2J;POLR2L	8.0
Reactome_2022	HIV Elongation Arrest And Recovery R-HSA-167287	6/33	7.198791793875698e-12	9.926754999975962e-11	0	0	184.65740740740745	4737.7750283053965	POLR2A;POLR2C;POLR2D;POLR2G;POLR2J;POLR2L	8.0
Reactome_2022	Transcriptional Regulation By Small RNAs R-HSA-5578749	7/76	1.635922177999684e-11	2.1430580531795857e-10	0	0	87.78008821676119	2180.1264036961365	POLR2A;POLR2C;POLR2D;H2BC1;POLR2G;POLR2J;POLR2L	8.0
Reactome_2022	Transcription-Coupled Nucleotide Excision Repair (TC-NER) R-HSA-6781827	7/77	1.7977034410496246e-11	2.2428490550238172e-10	0	0	86.52173913043478	2140.7144703071644	DDB1;POLR2A;POLR2C;POLR2D;POLR2G;POLR2J;POLR2L	8.0
Reactome_2022	RNA Polymerase II Pre-transcription Events R-HSA-674695	7/80	2.3675765296439405e-11	2.8195684125759646e-10	0	0	82.95354377605717	2029.588615224556	POLR2A;POLR2C;POLR2D;POLR2G;DMAP1;POLR2J;POLR2L	8.0
Reactome_2022	Signaling By FGFR2 In Disease R-HSA-5655253	6/42	3.378230455107686e-11	3.8482451271226686e-10	0	0	138.43055555555554	3337.710751024198	POLR2A;POLR2C;POLR2D;POLR2G;POLR2J;POLR2L	8.0
Reactome_2022	Formation Of HIV-1 Elongation Complex Containing HIV-1 Tat R-HSA-167200	6/43	3.9220222994533455e-11	4.2815410102365687e-10	0	0	134.68243243243242	3227.2373626486096	POLR2A;POLR2C;POLR2D;POLR2G;POLR2J;POLR2L	8.0
Reactome_2022	Formation Of HIV Elongation Complex In Absence Of HIV Tat R-HSA-167152	6/45	5.2291968425587566e-11	5.480198291001578e-10	0	0	127.76282051282053	3024.6797960026665	POLR2A;POLR2C;POLR2D;POLR2G;POLR2J;POLR2L	8.0
Reactome_2022	Activation Of HOX Genes During Differentiation R-HSA-5619507	7/91	5.965894108111326e-11	5.829405322491623e-10	0	0	72.05072463768116	1696.245328756162	POLR2A;POLR2C;POLR2D;H2BC1;POLR2G;POLR2J;POLR2L	8.0
Reactome_2022	HIV Transcription Initiation R-HSA-167161	6/46	6.007402431575338e-11	5.829405322491623e-10	0	0	124.5625	2931.6336903782803	POLR2A;POLR2C;POLR2D;POLR2G;POLR2J;POLR2L	8.0
Reactome_2022	Telomere Maintenance R-HSA-157579	7/92	6.450698949092459e-11	6.036011159507945e-10	0	0	71.1994884910486	1670.6424222337246	POLR2A;POLR2C;POLR2D;H2BC1;POLR2G;POLR2J;POLR2L	8.0
Reactome_2022	Viral Messenger RNA Synthesis R-HSA-168325	6/47	6.879463549835473e-11	6.215239482954808e-10	0	0	121.51829268292684	2843.515331458176	POLR2A;POLR2C;POLR2D;POLR2G;POLR2J;POLR2L	8.0
Reactome_2022	mRNA Splicing - Minor Pathway R-HSA-72165	6/49	8.940909529458252e-11	7.808394322393538e-10	0	0	115.8546511627907	2680.6215972774803	POLR2A;POLR2C;POLR2D;POLR2G;POLR2J;POLR2L	8.0
Reactome_2022	Signaling By Nuclear Receptors R-HSA-9006931	9/260	1.0407443907929209e-10	8.795968722185331e-10	0	0	33.669322709163346	773.9201802185712	POLR2A;POLR2C;POLR2D;H2BC1;POLR2G;SMC1A;PRKCZ;POLR2J;POLR2L	8.0
Reactome_2022	Nucleotide Excision Repair R-HSA-5696398	7/108	2.0202838206720228e-10	1.603982912169909e-09	0	0	59.872148084373656	1336.5027865628408	DDB1;POLR2A;POLR2C;POLR2D;POLR2G;POLR2J;POLR2L	8.0
Reactome_2022	Gene Silencing By RNA R-HSA-211000	7/108	2.0202838206720228e-10	1.603982912169909e-09	0	0	59.872148084373656	1336.5027865628408	POLR2A;POLR2C;POLR2D;H2BC1;POLR2G;POLR2J;POLR2L	8.0
Reactome_2022	Signaling By FGFR In Disease R-HSA-1226099	6/61	3.506626720425537e-10	2.702165296327914e-09	0	0	90.52272727272728	1970.7880743786625	POLR2A;POLR2C;POLR2D;POLR2G;POLR2J;POLR2L	8.0
Reactome_2022	Chromosome Maintenance R-HSA-73886	7/118	3.7816623437815403e-10	2.8225736287739797e-09	0	0	54.45084214649432	1181.3484413551914	POLR2A;POLR2C;POLR2D;H2BC1;POLR2G;POLR2J;POLR2L	8.0
Reactome_2022	TP53 Regulates Transcription Of DNA Repair Genes R-HSA-6796648	6/62	3.878345444116919e-10	2.8225736287739797e-09	0	0	88.90178571428571	1926.541017615658	POLR2A;POLR2C;POLR2D;POLR2G;POLR2J;POLR2L	8.0
Reactome_2022	Transcription Of HIV Genome R-HSA-167172	6/69	7.508638005842122e-10	5.316927452785503e-09	0	0	78.99603174603175	1659.6905779941285	POLR2A;POLR2C;POLR2D;POLR2G;POLR2J;POLR2L	8.0
Reactome_2022	Signaling By FGFR2 R-HSA-5654738	6/72	9.756003185544326e-10	6.726507459506877e-09	0	0	75.39393939393939	1564.27105121777	POLR2A;POLR2C;POLR2D;POLR2G;POLR2J;POLR2L	8.0
Reactome_2022	RNA Polymerase II Transcribes snRNA Genes R-HSA-6807505	6/74	1.1543799571613975e-09	7.755065353238107e-09	0	0	73.16911764705883	1505.798671223475	POLR2A;POLR2C;POLR2D;POLR2G;POLR2J;POLR2L	8.0
Reactome_2022	Signaling By FGFR R-HSA-190236	6/86	2.893769436800257e-09	1.8954189811041683e-08	0	0	62.15625	1222.035749934288	POLR2A;POLR2C;POLR2D;POLR2G;POLR2J;POLR2L	8.0
Reactome_2022	Diseases Of Signal Transduction By Growth Factor Receptors And Second Messengers R-HSA-5663202	9/424	7.663277271343561e-09	4.897021085590277e-08	0	0	20.19449225473322	377.37096499208576	TCF7L2;POLR2A;CDC37;POLR2C;LMNA;POLR2D;POLR2G;POLR2J;POLR2L	8.0
Reactome_2022	DNA Repair R-HSA-73894	8/310	1.3244337515114e-08	8.261943878475876e-08	0	0	23.68211920529801	429.5864367016497	DDB1;POLR2A;POLR2C;POLR2D;H2BC1;POLR2G;POLR2J;POLR2L	8.0
Reactome_2022	Signaling By Receptor Tyrosine Kinases R-HSA-9006934	9/496	2.9705069083086186e-08	1.809936767388042e-07	0	0	17.14549721325902	297.1648683547452	POLR2A;CDC37;POLR2C;POLR2D;ATP6V1B2;POLR2G;PRKCZ;POLR2J;POLR2L	8.0
Reactome_2022	Late Phase Of HIV Life Cycle R-HSA-162599	6/136	4.593889838452949e-08	2.735452585624256e-07	0	0	38.15384615384615	644.6456150176	POLR2A;POLR2C;POLR2D;POLR2G;POLR2J;POLR2L	8.0
Reactome_2022	Influenza Viral RNA Transcription And Replication R-HSA-168273	6/137	4.799343197322165e-08	2.794284261552016e-07	0	0	37.86068702290076	638.0359330478833	POLR2A;POLR2C;POLR2D;POLR2G;POLR2J;POLR2L	8.0
Reactome_2022	HIV Life Cycle R-HSA-162587	6/149	7.916430258556015e-08	4.508923321177557e-07	0	0	34.66258741258741	566.7936297380597	POLR2A;POLR2C;POLR2D;POLR2G;POLR2J;POLR2L	8.0
Reactome_2022	Influenza Infection R-HSA-168255	6/157	1.0802056650172821e-07	6.021572004989956e-07	0	0	32.812913907284766	526.3501209401968	POLR2A;POLR2C;POLR2D;POLR2G;POLR2J;POLR2L	8.0
Reactome_2022	mRNA Splicing - Major Pathway R-HSA-72163	6/181	2.506354182273163e-07	1.3680516578241014e-06	0	0	28.27857142857143	429.8135425553551	POLR2A;POLR2C;POLR2D;POLR2G;POLR2J;POLR2L	8.0
Reactome_2022	mRNA Splicing R-HSA-72172	6/189	3.233756009309263e-07	1.7290695396714835e-06	0	0	27.031420765027324	403.9697522235261	POLR2A;POLR2C;POLR2D;POLR2G;POLR2J;POLR2L	8.0
Reactome_2022	HIV Infection R-HSA-162906	6/229	9.956891647383816e-07	5.21741122322912e-06	0	0	22.137892376681613	305.9419249588219	POLR2A;POLR2C;POLR2D;POLR2G;POLR2J;POLR2L	8.0
Reactome_2022	Processing Of Capped Intron-Containing Pre-mRNA R-HSA-72203	6/242	1.3731454095522135e-06	7.054197986327058e-06	0	0	20.904661016949152	282.17961278570493	POLR2A;POLR2C;POLR2D;POLR2G;POLR2J;POLR2L	8.0
Reactome_2022	RNA Polymerase II Transcription R-HSA-73857	11/1312	1.5871816048313874e-06	7.996953470496605e-06	0	0	8.307738986204944	110.93781367308006	LMO1;TCF7L2;POLR2A;POLR2C;LMO2;POLR2D;H2BC1;POLR2G;DMAP1;POLR2J;POLR2L	8.0
Reactome_2022	Meiotic Synapsis R-HSA-1221632	4/60	1.8914708221769103e-06	9.350289724723594e-06	0	0	54.70879120879121	720.9609752049805	LMNA;H2BC1;SMC1A;LMNB1	8.0
Reactome_2022	Disease R-HSA-1643685	12/1736	3.4544271336432677e-06	1.676036868545437e-05	0	0	7.05568445475638	88.73125702563745	TCF7L2;POLR2A;CDC37;POLR2C;LMNA;POLR2D;H2BC1;POLR2G;POLR2J;H2BC18;LMNB1;POLR2L	8.0
Reactome_2022	Gene Expression (Transcription) R-HSA-74160	11/1449	4.188312741354358e-06	1.995159887699712e-05	0	0	7.461093624185638	92.39230851828552	LMO1;TCF7L2;POLR2A;POLR2C;LMO2;POLR2D;H2BC1;POLR2G;DMAP1;POLR2J;POLR2L	8.0
Reactome_2022	Metabolism Of RNA R-HSA-8953854	8/666	4.431174699709452e-06	2.073156734506922e-05	0	0	10.67256148107212	131.55902009321693	RBM28;POLR2A;POLR2C;POLR2D;POLR2G;POLR2J;FTSJ3;POLR2L	8.0
Reactome_2022	Generic Transcription Pathway R-HSA-212436	10/1190	5.37580247421368e-06	2.4709828916561127e-05	0	0	7.961864406779661	96.60609944375793	LMO1;TCF7L2;POLR2A;POLR2C;LMO2;POLR2D;H2BC1;POLR2G;POLR2J;POLR2L	8.0
Reactome_2022	Meiosis R-HSA-1500620	4/88	8.785507242472942e-06	3.96862568539295e-05	0	0	36.42124542124542	424.03096622422737	LMNA;H2BC1;SMC1A;LMNB1	8.0
Reactome_2022	Cell Cycle, Mitotic R-HSA-69278	7/523	9.697007468265703e-06	4.306128740145109e-05	0	0	11.47438490057297	132.45677927771354	TUBB6;MCM7;LMNA;H2BC1;MCM6;SMC1A;LMNB1	8.0
Reactome_2022	Transcriptional Regulation By TP53 R-HSA-3700989	6/354	1.2220716650722676e-05	5.336379604148901e-05	0	0	14.096264367816092	159.46227035589516	POLR2A;POLR2C;POLR2D;POLR2G;POLR2J;POLR2L	8.0
Reactome_2022	Signal Transduction R-HSA-162582	13/2465	2.2832922889561424e-05	9.806927536172284e-05	0	0	5.46334324920833	58.38842697224807	TCF7L2;H2BC1;SMC1A;PRKCZ;LMNB1;POLR2A;CDC37;POLR2C;POLR2D;ATP6V1B2;POLR2G;POLR2J;POLR2L	8.0
Reactome_2022	Reproduction R-HSA-1474165	4/113	2.363562253924268e-05	9.987956621421906e-05	0	0	28.032462949894143	298.622975391529	LMNA;H2BC1;SMC1A;LMNB1	8.0
Reactome_2022	Infectious Disease R-HSA-5663205	8/961	6.273711639797793e-05	0.0002609067380360352	0	0	7.256319755795097	70.21619403033	POLR2A;POLR2C;POLR2D;H2BC1;POLR2G;POLR2J;H2BC18;POLR2L	8.0
Reactome_2022	Unwinding Of DNA R-HSA-176974	2/11	0.00011862538453320848	0.0004856226679328222	0	0	158.4206349206349	1432.0496756090347	MCM7;MCM6	8.0
Reactome_2022	Developmental Biology R-HSA-1266738	8/1073	0.0001357442444841669	0.0005471537239207959	0	0	6.45497225778916	57.47983673968525	TCF7L2;POLR2A;POLR2C;POLR2D;H2BC1;POLR2G;POLR2J;POLR2L	8.0
Reactome_2022	Diseases Of Programmed Cell Death R-HSA-9645723	3/71	0.00016247922795874684	0.0006449932988665405	0	0	32.51960784313726	283.7322904048699	LMNA;H2BC1;LMNB1	8.0
Reactome_2022	Nuclear Envelope (NE) Reassembly R-HSA-2995410	3/75	0.00019118429543333877	0.0007476162000527574	0	0	30.70679012345679	262.9199107042494	TUBB6;LMNA;LMNB1	8.0
Reactome_2022	Depolymerisation Of Nuclear Lamina R-HSA-4419969	2/15	0.0002256241583974691	0.000869316610296131	0	0	109.65384615384616	920.7238662710552	LMNA;LMNB1	8.0
Reactome_2022	M Phase R-HSA-68886	5/380	0.00023236697082588392	0.0008823209616866897	0	0	10.450666666666669	87.4427414795592	TUBB6;LMNA;H2BC1;SMC1A;LMNB1	8.0
Reactome_2022	Initiation Of Nuclear Envelope (NE) Reformation R-HSA-2995383	2/19	0.0003660779772984416	0.0013701775721741	0	0	83.83613445378151	663.3671793000248	LMNA;LMNB1	8.0
Reactome_2022	Mitotic Anaphase R-HSA-68882	4/232	0.0003814780996076104	0.0014077079168618	0	0	13.32118758434548	104.85715678966628	TUBB6;LMNA;SMC1A;LMNB1	8.0
Reactome_2022	Mitotic Metaphase And Anaphase R-HSA-2555396	4/233	0.0003877380953350093	0.0014109358469135	0	0	13.262344642257306	104.17811046493168	TUBB6;LMNA;SMC1A;LMNB1	8.0
Reactome_2022	RUNX1 Regulates Transcription Of Genes Involved In Differentiation Of HSCs R-HSA-8939236	3/98	0.0004207380707903588	0.0015100462266722	0	0	23.24561403508772	180.69978250436736	LMO1;LMO2;H2BC1	8.0
Reactome_2022	Deregulated CDK5 Triggers Neurodegenerative Pathways In Alzheimers Disease Models R-HSA-8862803	2/21	0.0004487323925980029	0.0015887552278469	0	0	75.00375939849624	578.2102706794014	LMNA;LMNB1	8.0
Reactome_2022	HATs Acetylate Histones R-HSA-3214847	3/106	0.0005293731230241498	0.001849276776431	0	0	21.431499460625677	161.67531078544127	H2BC1;DMAP1;H2BC18	8.0
Reactome_2022	Defective Intrinsic Pathway For Apoptosis R-HSA-9734009	2/24	0.0005881163648560729	0.0020069312129	0	0	64.76623376623377	481.769182294251	LMNA;LMNB1	8.0
Reactome_2022	Assembly Of Pre-Replicative Complex R-HSA-68867	3/110	0.0005898232953942797	0.0020069312129	0	0	20.626168224299064	153.36974258428083	MCM7;H2BC1;MCM6	8.0
Reactome_2022	Mitotic Prophase R-HSA-68875	3/112	0.0006216351196870161	0.0020880564276666	0	0	20.245667686034658	149.47694839317748	LMNA;H2BC1;LMNB1	8.0
Reactome_2022	DNA Replication Pre-Initiation R-HSA-69002	3/127	0.0008955900807594031	0.002970184824797	0	0	17.7831541218638	124.80266908889784	MCM7;H2BC1;MCM6	8.0
Reactome_2022	DNA Strand Elongation R-HSA-69190	2/31	0.0009844083630700538	0.0032239373890544	0	0	49.11576354679803	340.05150286391984	MCM7;MCM6	8.0
Reactome_2022	Activation Of Pre-Replicative Complex R-HSA-68962	2/32	0.0010490581524956	0.0033932498265907	0	0	47.47619047619048	325.6801394016241	MCM7;MCM6	8.0
Reactome_2022	Activation Of ATR In Response To Replication Stress R-HSA-176187	2/36	0.00132751939454	0.0042415863581645	0	0	41.88235294117647	277.4472679372888	MCM7;MCM6	8.0
Reactome_2022	G2/M Checkpoints R-HSA-69481	3/148	0.0013923683734629	0.0043951869138229	0	0	15.191570881226054	99.91115036332026	MCM7;H2BC1;MCM6	8.0
Reactome_2022	Apoptotic Cleavage Of Cellular Proteins R-HSA-111465	2/38	0.0014785875016258	0.0046117848264997	0	0	39.5515873015873	257.74456480935885	LMNA;LMNB1	8.0
Reactome_2022	DNA Replication R-HSA-69306	3/155	0.0015896437267174	0.0048998430164701	0	0	14.486842105263158	93.3567650049236	MCM7;H2BC1;MCM6	8.0
Reactome_2022	S Phase R-HSA-69242	3/161	0.0017720305485992	0.0053985116713138	0	0	13.932489451476794	88.2710868209722	MCM7;MCM6;SMC1A	8.0
Reactome_2022	Apoptotic Execution Phase R-HSA-75153	2/52	0.0027528219402575	0.0082901074522699	0	0	28.457142857142856	167.75852052625558	LMNA;LMNB1	8.0
Reactome_2022	Nuclear Envelope Breakdown R-HSA-2980766	2/53	0.0028581167144899	0.0085093929454133	0	0	27.89775910364145	163.41370065602462	LMNA;LMNB1	8.0
Reactome_2022	Transcriptional Regulation By RUNX1 R-HSA-8878171	3/204	0.0034656778669152	0.0101605722997294	0	0	10.928137092316195	61.90622498238376	LMO1;LMO2;H2BC1	8.0
Reactome_2022	B-WICH Complex Positively Regulates rRNA Expression R-HSA-5250924	2/59	0.0035290537376922	0.0101605722997294	0	0	24.953634085213032	140.90632208004251	H2BC1;POLR2L	8.0
Reactome_2022	RNA Polymerase I Promoter Escape R-HSA-73772	2/59	0.0035290537376922	0.0101605722997294	0	0	24.953634085213032	140.90632208004251	H2BC1;POLR2L	8.0
Reactome_2022	Formation Of beta-catenin:TCF Transactivating Complex R-HSA-201722	2/60	0.0036473537827288	0.0102008367696908	0	0	24.52216748768473	137.66140025976537	TCF7L2;H2BC1	8.0
Reactome_2022	HDACs Deacetylate Histones R-HSA-3214815	2/60	0.0036473537827288	0.0102008367696908	0	0	24.52216748768473	137.66140025976537	H2BC1;H2BC18	8.0
Reactome_2022	Programmed Cell Death R-HSA-5357801	3/208	0.0036598421998127	0.0102008367696908	0	0	10.712737127371271	60.10204670078888	CDC37;LMNA;LMNB1	8.0
Reactome_2022	DNA Damage/Telomere Stress Induced Senescence R-HSA-2559586	2/61	0.0037674899954355	0.0103903408295168	0	0	24.10532687651332	134.54017656173255	H2BC1;LMNB1	8.0
Reactome_2022	Orc1 Removal From Chromatin R-HSA-68949	2/69	0.0047940362554891	0.0130837239472725	0	0	21.218550106609808	113.31517536894962	MCM7;MCM6	8.0
Reactome_2022	Chromatin Modifying Enzymes R-HSA-3247509	3/238	0.0053295116396036	0.0143951757688264	0	0	9.33096926713948	48.84291822427068	H2BC1;DMAP1;H2BC18	8.0
Reactome_2022	Positive Epigenetic Regulation Of rRNA Expression R-HSA-5250913	2/74	0.0054939108610287	0.0145394408645406	0	0	19.740079365079364	102.72964147129716	H2BC1;POLR2L	8.0
Reactome_2022	NoRC Negatively Regulates rRNA Expression R-HSA-427413	2/74	0.0054939108610287	0.0145394408645406	0	0	19.740079365079364	102.72964147129716	H2BC1;POLR2L	8.0
Reactome_2022	Negative Epigenetic Regulation Of rRNA Expression R-HSA-5250941	2/77	0.0059350169562527	0.015549744425382	0	0	18.94761904761905	97.14227134502042	H2BC1;POLR2L	8.0
Reactome_2022	RNA Polymerase I Promoter Clearance R-HSA-73854	2/78	0.0060855510763654	0.0157862810099776	0	0	18.69736842105263	95.3909445901031	H2BC1;POLR2L	8.0
Reactome_2022	RNA Polymerase I Transcription R-HSA-73864	2/79	0.0062378258777614	0.0160226507840538	0	0	18.45361781076067	93.69129801882784	H2BC1;POLR2L	8.0
Reactome_2022	Estrogen-stimulated Signaling Thru PRKCZ R-HSA-9634635	1/5	0.0074781928285412	0.0190221992337651	0	0	172.1206896551724	842.6622961465415	PRKCZ	8.0
Reactome_2022	Cell Cycle Checkpoints R-HSA-69620	3/271	0.0076230406183099	0.0192041984807424	0	0	8.16832504145937	39.83349018435203	MCM7;H2BC1;MCM6	8.0
Reactome_2022	Switching Of Origins To A Post-Replicative State R-HSA-69052	2/90	0.0080262538558438	0.0200274143831531	0	0	16.13798701298701	77.86639055063492	MCM7;MCM6	8.0
Reactome_2022	HCMV Late Events R-HSA-9610379	2/91	0.0081990142194101	0.020265487976278	0	0	15.95585874799358	76.64781842787546	H2BC1;H2BC18	8.0
Reactome_2022	HCMV Early Events R-HSA-9609690	2/96	0.009087823485852	0.0222524276008713	0	0	15.103343465045592	70.99809661026983	H2BC1;H2BC18	8.0
Reactome_2022	Binding Of TCF/LEF:CTNNB1 To Target Gene Promoters R-HSA-4411364	1/8	0.0119391531667426	0.0286977810062989	0	0	98.33990147783253	435.442406227662	TCF7L2	8.0
Reactome_2022	RUNX3 Regulates WNT Signaling R-HSA-8951430	1/8	0.0119391531667426	0.0286977810062989	0	0	98.33990147783253	435.442406227662	TCF7L2	8.0
Reactome_2022	Epigenetic Regulation Of Gene Expression R-HSA-212165	2/116	0.0130490355426017	0.0310804301105605	0	0	12.441102756892231	53.982455603338025	H2BC1;POLR2L	8.0
Reactome_2022	Synthesis Of DNA R-HSA-69239	2/119	0.0136976586666234	0.0323314105464444	0	0	12.12026862026862	52.00238049873368	MCM7;MCM6	8.0
Reactome_2022	HCMV Infection R-HSA-9609646	2/121	0.0141377624566896	0.033072265746899	0	0	11.915366146458584	50.746422861723886	H2BC1;H2BC18	8.0
Reactome_2022	Cohesin Loading Onto Chromatin R-HSA-2470946	1/10	0.0149023554252653	0.0342087041782324	0	0	76.47892720306514	321.6884165593148	SMC1A	8.0
Reactome_2022	Constitutive Signaling By Overexpressed ERBB2 R-HSA-9634285	1/10	0.0149023554252653	0.0342087041782324	0	0	76.47892720306514	321.6884165593148	CDC37	8.0
Reactome_2022	Signaling By Rho GTPases R-HSA-194315	4/644	0.0150152709179264	0.0342087041782324	0	0	4.646634615384615	19.50976683725958	CDC37;H2BC1;PRKCZ;LMNB1	8.0
Reactome_2022	G1/S Transition R-HSA-69206	2/129	0.0159588600959687	0.0360450115960674	0	0	11.16029246344207	46.17840094870402	MCM7;MCM6	8.0
Reactome_2022	Signaling By Rho GTPases, Miro GTPases And RHOBTB3 R-HSA-9716542	4/660	0.0162954251676305	0.0363707821613704	0	0	4.529549718574109	18.647571313831243	CDC37;H2BC1;PRKCZ;LMNB1	8.0
Reactome_2022	Establishment Of Sister Chromatid Cohesion R-HSA-2468052	1/11	0.0163807339505408	0.0363707821613704	0	0	68.82758620689656	282.994903106762	SMC1A	8.0
Reactome_2022	Mitotic Telophase/Cytokinesis R-HSA-68884	1/13	0.0193310605643026	0.0425608224188849	0	0	57.35057471264368	226.30778348154325	SMC1A	8.0
Reactome_2022	Mitotic G1 Phase And G1/S Transition R-HSA-453279	2/147	0.0204011012789602	0.0445424044590631	0	0	9.766009852216747	38.01093536322369	MCM7;MCM6	8.0
Reactome_2022	Constitutive Signaling By EGFRvIII R-HSA-5637810	1/14	0.02080301457834	0.0446753263895498	0	0	52.93633952254642	205.00430545239047	CDC37	8.0
Reactome_2022	Repression Of WNT Target Genes R-HSA-4641265	1/14	0.02080301457834	0.0446753263895498	0	0	52.93633952254642	205.00430545239047	TCF7L2	8.0
Reactome_2022	Cellular Responses To Stress R-HSA-2262752	4/722	0.021902852421554	0.0466548563776192	0	0	4.125133919005785	15.762707635767558	LMNA;H2BC1;ATP6V1B2;LMNB1	8.0
Reactome_2022	Signaling By ERBB2 ECD Mutants R-HSA-9665348	1/15	0.0222728330244505	0.04706034074521	0	0	49.15270935960592	186.9959576603662	CDC37	8.0
Reactome_2022	Cellular Responses To Stimuli R-HSA-8953897	4/736	0.023315262919595	0.0488687910794711	0	0	4.043295502311896	15.197320800762547	LMNA;H2BC1;ATP6V1B2;LMNB1	8.0
Reactome_2022	TGF-beta Receptor Signaling In EMT (Epithelial To Mesenchymal Transition) R-HSA-2173791	1/16	0.0237405188646141	0.0493652058930866	0	0	45.87356321839081	171.5933676703201	PRKCZ	8.0
Reactome_2022	Formation Of Senescence-Associated Heterochromatin Foci (SAHF) R-HSA-2559584	1/17	0.0252060750668781	0.0513824892634518	0	0	43.00431034482759	158.28468525367578	LMNB1	8.0
Reactome_2022	RNA Polymerase III Chain Elongation R-HSA-73780	1/17	0.0252060750668781	0.0513824892634518	0	0	43.00431034482759	158.28468525367578	POLR2L	8.0
Reactome_2022	Cellular Senescence R-HSA-2559583	2/165	0.0252990118892568	0.0513824892634518	0	0	8.679666958808063	31.91504808810831	H2BC1;LMNB1	8.0
Reactome_2022	VEGFR2 Mediated Cell Proliferation R-HSA-5218921	1/18	0.0266695046006179	0.0533390092012358	0	0	40.47261663286004	146.68225415832842	PRKCZ	8.0
Reactome_2022	Constitutive Signaling By Ligand-Responsive EGFR Cancer Variants R-HSA-1236382	1/18	0.0266695046006179	0.0533390092012358	0	0	40.47261663286004	146.68225415832842	CDC37	8.0
Reactome_2022	Apoptosis R-HSA-109581	2/178	0.0291051928134293	0.0577693978569582	0	0	8.033279220779221	28.41241262329771	LMNA;LMNB1	8.0
Reactome_2022	Major Pathway Of rRNA Processing In Nucleolus And Cytosol R-HSA-6791226	2/179	0.0294069917761477	0.0579295627469978	0	0	7.987489911218723	28.16806542563237	RBM28;FTSJ3	8.0
Reactome_2022	Synthesis, Secretion, And Inactivation Of Glucagon-like Peptide-1 (GLP-1) R-HSA-381771	1/21	0.0310470628007074	0.0602542996576692	0	0	34.39655172413793	119.43346355828848	TCF7L2	8.0
Reactome_2022	Signaling By ERBB2 TMD/JMD Mutants R-HSA-9665686	1/21	0.0310470628007074	0.0602542996576692	0	0	34.39655172413793	119.43346355828848	CDC37	8.0
Reactome_2022	rRNA Processing In Nucleus And Cytosol R-HSA-8868773	2/189	0.0324939636407943	0.0621571386894727	0	0	7.556531703590527	25.893974299590774	RBM28;FTSJ3	8.0
Reactome_2022	RNA Polymerase III Transcription Termination R-HSA-73980	1/22	0.0325020152689227	0.0621571386894727	0	0	32.756978653530375	112.24025378249362	POLR2L	8.0
Reactome_2022	Post-chaperonin Tubulin Folding Pathway R-HSA-389977	1/23	0.0339548558617346	0.0640012391062911	0	0	31.266457680250785	105.76577819907342	TUBB6	8.0
Reactome_2022	RHOBTB2 GTPase Cycle R-HSA-9013418	1/23	0.0339548558617346	0.0640012391062911	0	0	31.266457680250785	105.76577819907342	CDC37	8.0
Reactome_2022	TCF Dependent Signaling In Response To WNT R-HSA-201681	2/198	0.0353771118003213	0.0644184995375054	0	0	7.206268221574344	24.081116091085143	TCF7L2;H2BC1	8.0
Reactome_2022	RHO GTPases Activate NADPH Oxidases R-HSA-5668599	1/24	0.035405587532064	0.0644184995375054	0	0	29.90554722638681	99.91101302805887	PRKCZ	8.0
Reactome_2022	Incretin Synthesis, Secretion, And Inactivation R-HSA-400508	1/24	0.035405587532064	0.0644184995375054	0	0	29.90554722638681	99.91101302805887	TCF7L2	8.0
Reactome_2022	Signaling By EGFR In Cancer R-HSA-1643713	1/24	0.035405587532064	0.0644184995375054	0	0	29.90554722638681	99.91101302805887	CDC37	8.0
Reactome_2022	Signaling By ERBB2 KD Mutants R-HSA-9664565	1/24	0.035405587532064	0.0644184995375054	0	0	29.90554722638681	99.91101302805887	CDC37	8.0
Reactome_2022	rRNA Processing R-HSA-72312	2/199	0.0357034579455029	0.064512455046357	0	0	7.169325598259609	23.891833001389266	RBM28;FTSJ3	8.0
Reactome_2022	Ub-specific Processing Proteases R-HSA-5689880	2/201	0.0363596994395351	0.0652482277613575	0	0	7.096554199569275	23.520068962576065	H2BC1;H2BC18	8.0
Reactome_2022	Signaling By ERBB2 In Cancer R-HSA-1227990	1/25	0.0368542132262458	0.0656857405801116	0	0	28.658045977011493	94.59405781572389	CDC37	8.0
Reactome_2022	Formation Of Tubulin Folding Intermediates By CCT/TriC R-HSA-389960	1/26	0.0383007358905153	0.0668986186887668	0	0	27.51034482758621	89.74661743899148	TUBB6	8.0
Reactome_2022	RNA Polymerase III Transcription Initiation From Type 2 Promoter R-HSA-76066	1/26	0.0383007358905153	0.0668986186887668	0	0	27.51034482758621	89.74661743899148	POLR2L	8.0
Reactome_2022	Insulin Receptor Recycling R-HSA-77387	1/26	0.0383007358905153	0.0668986186887668	0	0	27.51034482758621	89.74661743899148	ATP6V1B2	8.0
Reactome_2022	RNA Polymerase III Transcription Initiation From Type 1 Promoter R-HSA-76061	1/27	0.0397451584744871	0.0685081021073397	0	0	26.450928381962864	85.31131290182489	POLR2L	8.0
Reactome_2022	RNA Polymerase III Transcription Initiation From Type 3 Promoter R-HSA-76071	1/27	0.0397451584744871	0.0685081021073397	0	0	26.450928381962864	85.31131290182489	POLR2L	8.0
Reactome_2022	Prefoldin Mediated Transfer Of Substrate To CCT/TriC R-HSA-389957	1/28	0.0411874839013458	0.0705302011905399	0	0	25.46998722860792	81.2396025067177	TUBB6	8.0
Reactome_2022	Regulation Of Necroptotic Cell Death R-HSA-5675482	1/29	0.0426277151111442	0.0715927010199986	0	0	24.55911330049261	77.49015815040234	CDC37	8.0
Reactome_2022	Myogenesis R-HSA-525793	1/29	0.0426277151111442	0.0715927010199986	0	0	24.55911330049261	77.49015815040234	TCF7L2	8.0
Reactome_2022	Downregulation Of ERBB2 Signaling R-HSA-8863795	1/29	0.0426277151111442	0.0715927010199986	0	0	24.55911330049261	77.49015815040234	CDC37	8.0
Reactome_2022	RNA Polymerase I Transcription Termination R-HSA-73863	1/30	0.0440658550450575	0.073071227986108	0	0	23.711058263971463	74.02758505991471	POLR2L	8.0
Reactome_2022	Recognition Of DNA Damage By PCNA-containing Replication Complex R-HSA-110314	1/30	0.0440658550450575	0.073071227986108	0	0	23.711058263971463	74.02758505991471	DDB1	8.0
Reactome_2022	Transferrin Endocytosis And Recycling R-HSA-917977	1/31	0.0455019066193127	0.0740465809581362	0	0	22.919540229885055	70.82140338003367	ATP6V1B2	8.0
Reactome_2022	RIPK1-mediated Regulated Necrosis R-HSA-5213460	1/31	0.0455019066193127	0.0740465809581362	0	0	22.919540229885055	70.82140338003367	CDC37	8.0
Reactome_2022	Sealing Of Nuclear Envelope (NE) By ESCRT-III R-HSA-9668328	1/31	0.0455019066193127	0.0740465809581362	0	0	22.919540229885055	70.82140338003367	TUBB6	8.0
Reactome_2022	GPVI-mediated Activation Cascade R-HSA-114604	1/32	0.0469358727577943	0.075442936580013	0	0	22.17908787541713	67.84523138217664	PRKCZ	8.0
Reactome_2022	RNA Polymerase I Promoter Opening R-HSA-73728	1/32	0.0469358727577943	0.075442936580013	0	0	22.17908787541713	67.84523138217664	H2BC1	8.0
Reactome_2022	Packaging Of Telomere Ends R-HSA-171306	1/33	0.0483677563907074	0.0763394709299117	0	0	21.48491379310345	65.07612542493897	H2BC1	8.0
Reactome_2022	Cooperation Of Prefoldin And TriC/CCT In Actin And Tubulin Folding R-HSA-389958	1/33	0.0483677563907074	0.0763394709299117	0	0	21.48491379310345	65.07612542493897	TUBB6	8.0
Reactome_2022	Signaling By WNT In Cancer R-HSA-4791275	1/33	0.0483677563907074	0.0763394709299117	0	0	21.48491379310345	65.07612542493897	TCF7L2	8.0
Reactome_2022	DNA Methylation R-HSA-5334118	1/34	0.0497975604232894	0.078125513957496	0	0	20.832810867293627	62.494042787714754	H2BC1	8.0
Reactome_2022	Gene And Protein Expression By JAK-STAT Signaling After Interleukin-12 Stimulation R-HSA-8950505	1/35	0.0512252877849629	0.0789472082332958	0	0	20.219066937119678	60.081401552176	LMNB1	8.0
Reactome_2022	RHOBTB GTPase Cycle R-HSA-9706574	1/35	0.0512252877849629	0.0789472082332958	0	0	20.219066937119678	60.081401552176	CDC37	8.0
Reactome_2022	RNA Polymerase III Transcription Initiation R-HSA-76046	1/35	0.0512252877849629	0.0789472082332958	0	0	20.219066937119678	60.081401552176	POLR2L	8.0
Reactome_2022	Activated PKN1 Stimulates Transcription Of Androgen Receptor Regulated KLK2 And KLK3 R-HSA-5625886	1/36	0.0526509413652038	0.0799424759180876	0	0	19.64039408866995	57.82271782479102	H2BC1	8.0
Reactome_2022	ROS And RNS Production In Phagocytes R-HSA-1222556	1/36	0.0526509413652038	0.0799424759180876	0	0	19.64039408866995	57.82271782479102	ATP6V1B2	8.0
Reactome_2022	Post-translational Protein Modification R-HSA-597592	5/1383	0.0527864440222487	0.0799424759180876	0	0	2.698403483309144	7.937356175514647	DDB1;TUBB6;H2BC1;SMC1A;H2BC18	8.0
Reactome_2022	Cleavage Of Damaged Purine R-HSA-110331	1/37	0.0540745240778647	0.0804973028886395	0	0	19.09386973180077	55.70430487305193	H2BC1	8.0
Reactome_2022	DNA Damage Recognition In GG-NER R-HSA-5696394	1/37	0.0540745240778647	0.0804973028886395	0	0	19.09386973180077	55.70430487305193	DDB1	8.0
Reactome_2022	SIRT1 Negatively Regulates rRNA Expression R-HSA-427359	1/37	0.0540745240778647	0.0804973028886395	0	0	19.09386973180077	55.70430487305193	H2BC1	8.0
Reactome_2022	Assembly Of ORC Complex At Origin Of Replication R-HSA-68616	1/38	0.0554960388319167	0.0821466789489389	0	0	18.576887232059647	53.71402231134463	H2BC1	8.0
Reactome_2022	Transcriptional Regulation By VENTX R-HSA-8853884	1/39	0.0569154885110809	0.0837744830893438	0	0	18.087114337568057	51.84106589215322	TCF7L2	8.0
Reactome_2022	RNA Polymerase III Abortive And Retractive Initiation R-HSA-749476	1/40	0.058332876023497	0.0849338974031082	0	0	17.622458001768347	50.075790447561154	POLR2L	8.0
Reactome_2022	Metabolism Of Proteins R-HSA-392499	6/1890	0.058419875860132	0.0849338974031082	0	0	2.399946921443737	6.816087108391145	DDB1;TCF7L2;TUBB6;H2BC1;SMC1A;H2BC18	8.0
Reactome_2022	Carboxyterminal Post-Translational Modifications Of Tubulin R-HSA-8955332	1/41	0.0597482042475946	0.0849338974031082	0	0	17.18103448275862	48.4095601130177	TUBB6	8.0
Reactome_2022	Dual Incision In GG-NER R-HSA-5696400	1/41	0.0597482042475946	0.0849338974031082	0	0	17.18103448275862	48.4095601130177	DDB1	8.0
Reactome_2022	Formation Of Incision Complex In GG-NER R-HSA-5696395	1/42	0.0611614760831625	0.0849338974031082	0	0	16.761143818334734	46.83462101550951	DDB1	8.0
Reactome_2022	PRC2 Methylates Histones And DNA R-HSA-212300	1/42	0.0611614760831625	0.0849338974031082	0	0	16.761143818334734	46.83462101550951	H2BC1	8.0
Reactome_2022	RHOF GTPase Cycle R-HSA-9035034	1/42	0.0611614760831625	0.0849338974031082	0	0	16.761143818334734	46.83462101550951	LMNB1	8.0
Reactome_2022	Cleavage Of Damaged Pyrimidine R-HSA-110329	1/42	0.0611614760831625	0.0849338974031082	0	0	16.761143818334734	46.83462101550951	H2BC1	8.0
Reactome_2022	Deactivation Of Beta-Catenin Transactivating Complex R-HSA-3769402	1/42	0.0611614760831625	0.0849338974031082	0	0	16.761143818334734	46.83462101550951	TCF7L2	8.0
Reactome_2022	Defective Pyroptosis R-HSA-9710421	1/42	0.0611614760831625	0.0849338974031082	0	0	16.761143818334734	46.83462101550951	H2BC1	8.0
Reactome_2022	RHO GTPase Effectors R-HSA-195258	2/269	0.0612691091953719	0.0849338974031082	0	0	5.271000535045479	14.719160893019216	H2BC1;PRKCZ	8.0
Reactome_2022	Condensation Of Prophase Chromosomes R-HSA-2299718	1/43	0.0625726944066545	0.0862844522870709	0	0	16.361247947454842	45.34399265988268	H2BC1	8.0
Reactome_2022	Base-Excision Repair, AP Site Formation R-HSA-73929	1/44	0.0639818620949856	0.0873085826504491	0	0	15.979951884522857	43.93137485913406	H2BC1	8.0
Reactome_2022	Interleukin-12 Signaling R-HSA-9020591	1/44	0.0639818620949856	0.0873085826504491	0	0	15.979951884522857	43.93137485913406	LMNB1	8.0
Reactome_2022	Deubiquitination R-HSA-5688426	2/279	0.0653192423407588	0.0883088314038098	0	0	5.078133058277462	13.855526647621478	H2BC1;H2BC18	8.0
Reactome_2022	ERCC6 (CSB) And EHMT2 (G9a) Positively Regulate rRNA Expression R-HSA-427389	1/45	0.0653889820318286	0.0883088314038098	0	0	15.615987460815049	42.59106770539062	H2BC1	8.0
Reactome_2022	RNA Polymerase I Transcription Initiation R-HSA-73762	1/46	0.0667940570746933	0.0892859334365798	0	0	15.268199233716476	41.317902512852925	POLR2L	8.0
Reactome_2022	XBP1(S) Activates Chaperone Genes R-HSA-381038	1/46	0.0667940570746933	0.0892859334365798	0	0	15.268199233716476	41.317902512852925	LMNA	8.0
Reactome_2022	IRE1alpha Activates Chaperones R-HSA-381070	1/48	0.0695980839810058	0.0920944343587046	0	0	14.617021276595745	38.95462833164002	LMNA	8.0
Reactome_2022	DNA Damage Bypass R-HSA-73893	1/48	0.0695980839810058	0.0920944343587046	0	0	14.617021276595745	38.95462833164002	DDB1	8.0
Reactome_2022	Signaling By ERBB2 R-HSA-1227986	1/49	0.070997041562065	0.0934734919058343	0	0	14.311781609195402	37.85633785017516	CDC37	8.0
Reactome_2022	Signaling By WNT R-HSA-195721	2/294	0.0715600155461559	0.0937436203654643	0	0	4.813600782778865	12.69451849493816	TCF7L2;H2BC1	8.0
Reactome_2022	Nonhomologous End-Joining (NHEJ) R-HSA-5693571	1/51	0.0737888592797165	0.0961824931904763	0	0	13.73793103448276	35.80857002720438	H2BC1	8.0
Reactome_2022	RHOD GTPase Cycle R-HSA-9013405	1/52	0.0751817250984591	0.0975129305732489	0	0	13.46788370520622	34.852823720532044	LMNB1	8.0
Reactome_2022	Deposition Of New CENPA-containing Nucleosomes At Centromere R-HSA-606279	1/53	0.0765725660346981	0.0988276468034035	0	0	13.208222811671089	33.938745289872976	H2BC1	8.0
Reactome_2022	Interleukin-12 Family Signaling R-HSA-447115	1/54	0.0779613849203899	0.1001268767114812	0	0	12.958360442420298	33.06379625497651	LMNB1	8.0
Reactome_2022	Amino Acids Regulate mTORC1 R-HSA-9639288	1/55	0.0793481846088859	0.1014108505733079	0	0	12.717752234993617	32.22563588457274	ATP6V1B2	8.0
Reactome_2022	Meiotic Recombination R-HSA-912446	1/56	0.0807329679040596	0.1021837564776021	0	0	12.4858934169279	31.42210254292495	H2BC1	8.0
Reactome_2022	E3 Ubiquitin Ligases Ubiquitinate Target Proteins R-HSA-8866654	1/56	0.0807329679040596	0.1021837564776021	0	0	12.4858934169279	31.42210254292495	H2BC1	8.0
Reactome_2022	Regulated Necrosis R-HSA-5218859	1/57	0.0821157376538747	0.1034342464678614	0	0	12.26231527093596	30.65119706904604	CDC37	8.0
Reactome_2022	Transcriptional Regulation Of Granulopoiesis R-HSA-9616222	1/59	0.0848752478256348	0.1058919758586491	0	0	11.838287752675386	29.199998252267804	H2BC1	8.0
Reactome_2022	Iron Uptake And Transport R-HSA-917937	1/59	0.0848752478256348	0.1058919758586491	0	0	11.838287752675386	29.199998252267804	ATP6V1B2	8.0
Reactome_2022	Recruitment And ATM-mediated Phosphorylation Of Repair And Signal Proteins At DNA Double Strand Breaks R-HSA-5693565	1/60	0.0862519938757385	0.1070996322058933	0	0	11.637054354178844	28.516393460743195	H2BC1	8.0
Reactome_2022	Ca2+ Pathway R-HSA-4086398	1/61	0.0876267376582637	0.1077850012510098	0	0	11.442528735632184	27.85877117514337	TCF7L2	8.0
Reactome_2022	DNA Double Strand Break Response R-HSA-5693606	1/61	0.0876267376582637	0.1077850012510098	0	0	11.442528735632184	27.85877117514337	H2BC1	8.0
Reactome_2022	Pre-NOTCH Transcription And Translation R-HSA-1912408	1/62	0.0889994819880445	0.1079530753743873	0	0	11.254381006218203	27.22575140877544	H2BC1	8.0
Reactome_2022	RHO GTPases Activate PKNs R-HSA-5625740	1/62	0.0889994819880445	0.1079530753743873	0	0	11.254381006218203	27.22575140877544	H2BC1	8.0
Reactome_2022	Signaling By BRAF And RAF1 Fusions R-HSA-6802952	1/62	0.0889994819880445	0.1079530753743873	0	0	11.254381006218203	27.22575140877544	LMNA	8.0
Reactome_2022	Cytosolic Sensors Of Pathogen-Associated DNA R-HSA-1834949	1/63	0.090370229679819	0.1091105998899198	0	0	11.07230255839822	26.61604802845276	POLR2L	8.0
Reactome_2022	RUNX1 Regulates Genes Involved In Megakaryocyte Differentiation And Platelet Function R-HSA-8936459	1/66	0.0944705208619502	0.1135379654395915	0	0	10.559681697612731	24.915225160225248	H2BC1	8.0
Reactome_2022	Base Excision Repair R-HSA-73884	1/72	0.1026175710295397	0.1227662265284905	0	0	9.664400194269062	22.00338548313555	H2BC1	8.0
Reactome_2022	Extra-nuclear Estrogen Signaling R-HSA-9009391	1/73	0.1039685058127173	0.1238170387405997	0	0	9.529693486590038	21.572055090315494	PRKCZ	8.0
Reactome_2022	Protein Ubiquitination R-HSA-8852135	1/76	0.1080095250991305	0.1274707007926675	0	0	9.14712643678161	20.3572579045293	H2BC1	8.0
Reactome_2022	SUMOylation Of DNA Damage Response And Repair Proteins R-HSA-3108214	1/76	0.1080095250991305	0.1274707007926675	0	0	9.14712643678161	20.3572579045293	SMC1A	8.0
Reactome_2022	G2/M DNA Damage Checkpoint R-HSA-69473	1/77	0.1093526123750557	0.1279035019743955	0	0	9.026315789473683	19.976840295907547	H2BC1	8.0
Reactome_2022	Signaling By Insulin Receptor R-HSA-74752	1/77	0.1093526123750557	0.1279035019743955	0	0	9.026315789473683	19.976840295907547	ATP6V1B2	8.0
Reactome_2022	Oncogenic MAPK Signaling R-HSA-6802957	1/78	0.1106937446588701	0.1283263765514335	0	0	8.908643081056875	19.607816054535498	LMNA	8.0
Reactome_2022	Pre-NOTCH Expression And Processing R-HSA-1912422	1/78	0.1106937446588701	0.1283263765514335	0	0	8.908643081056875	19.607816054535498	H2BC1	8.0
Reactome_2022	Amyloid Fiber Formation R-HSA-977225	1/79	0.1120329247043706	0.1293067236675996	0	0	8.793987621573828	19.249708955963715	H2BC1	8.0
Reactome_2022	Processing Of DNA Double-Strand Break Ends R-HSA-5693607	1/80	0.1133701552568414	0.1302762310407564	0	0	8.682234831951114	18.9020683044028	H2BC1	8.0
Reactome_2022	Senescence-Associated Secretory Phenotype (SASP) R-HSA-2559582	1/81	0.1147054390288231	0.1312350437797016	0	0	8.573275862068966	18.564467269525416	H2BC1	8.0
Reactome_2022	Global Genome Nucleotide Excision Repair (GG-NER) R-HSA-5696399	1/82	0.1160387787872419	0.1321833045315539	0	0	8.46700723712218	18.236501342427736	DDB1	8.0
Reactome_2022	Degradation Of Beta-Catenin By Destruction Complex R-HSA-195253	1/84	0.1186996371705696	0.1346290257086114	0	0	8.26215205650187	17.607959996023958	TCF7L2	8.0
Reactome_2022	Peptide Hormone Metabolism R-HSA-2980736	1/89	0.1253179535566854	0.1409154670894918	0	0	7.790752351097178	16.18062246106182	TCF7L2	8.0
Reactome_2022	Unfolded Protein Response (UPR) R-HSA-381119	1/89	0.1253179535566854	0.1409154670894918	0	0	7.790752351097178	16.18062246106182	LMNA	8.0
Reactome_2022	Chaperonin-mediated Protein Folding R-HSA-390466	1/90	0.1266358392018219	0.1417888456020399	0	0	7.702828361100349	15.917430476118057	TUBB6	8.0
Reactome_2022	Signaling By TGF-beta Receptor Complex R-HSA-170834	1/91	0.1279518052795566	0.142652650992527	0	0	7.616858237547893	15.661034464173188	PRKCZ	8.0
Reactome_2022	Oxidative Stress Induced Senescence R-HSA-2559580	1/93	0.130577989553445	0.1443520390843991	0	0	7.450524737631184	15.167663594496686	H2BC1	8.0
Reactome_2022	VEGFA-VEGFR2 Pathway R-HSA-4420097	1/93	0.130577989553445	0.1443520390843991	0	0	7.450524737631184	15.167663594496686	PRKCZ	8.0
Reactome_2022	Transcriptional Regulation By RUNX3 R-HSA-8878159	1/95	0.1331965279231108	0.1466281105708194	0	0	7.291269258987527	14.698685432239005	TCF7L2	8.0
Reactome_2022	Protein Folding R-HSA-391251	1/96	0.1345029365993388	0.1474467338453003	0	0	7.214156079854809	14.472818068487964	TUBB6	8.0
Reactome_2022	RHO GTPase Cycle R-HSA-9012999	2/441	0.1411284154218579	0.1540651868355281	0	0	3.177839245037423	6.222479534203941	CDC37;LMNB1	8.0
Reactome_2022	Signaling By VEGF R-HSA-194138	1/102	0.1423015104749137	0.1547012271553004	0	0	6.783543871628543	13.226602405790088	PRKCZ	8.0
Reactome_2022	Resolution Of Sister Chromatid Cohesion R-HSA-2500257	1/106	0.147462775934803	0.1596497822104065	0	0	6.523809523809524	12.487742462791424	SMC1A	8.0
Reactome_2022	HDR Thru Homologous Recombination (HRR) Or Single Strand Annealing (SSA) R-HSA-5693567	1/114	0.1576953885966523	0.1700254807091478	0	0	6.059505645407385	11.192452446545069	H2BC1	8.0
Reactome_2022	Homology Directed Repair R-HSA-5693538	1/119	0.1640303733701603	0.1754120727468653	0	0	5.801285797779077	10.487005597367974	H2BC1	8.0
Reactome_2022	Signaling By TGFB Family Members R-HSA-9006936	1/119	0.1640303733701603	0.1754120727468653	0	0	5.801285797779077	10.487005597367974	PRKCZ	8.0
Reactome_2022	Beta-catenin Independent WNT Signaling R-HSA-3858494	1/142	0.1925829153930598	0.2051086334674051	0	0	4.849351919784788	7.987990633889733	TCF7L2	8.0
Reactome_2022	DNA Double-Strand Break Repair R-HSA-5693532	1/149	0.2010840839850956	0.2132956680327735	0	0	4.618359739049394	7.407997409859607	H2BC1	8.0
Reactome_2022	Cellular Response To Starvation R-HSA-9711097	1/153	0.2059029787100954	0.2175265339598589	0	0	4.495916515426497	7.105122556571242	ATP6V1B2	8.0
Reactome_2022	SUMO E3 Ligases SUMOylate Target Proteins R-HSA-3108232	1/168	0.2237248276023687	0.2354052402884361	0	0	4.088994424943217	6.1226084945342665	SMC1A	8.0
Reactome_2022	Separation Of Sister Chromatids R-HSA-2467813	1/170	0.2260716604145307	0.2369231001144282	0	0	4.040195878392165	6.007380376114533	SMC1A	8.0
Reactome_2022	SUMOylation R-HSA-2990846	1/174	0.2307447679561731	0.2408570884642125	0	0	3.9459836555710575	5.786560425251395	SMC1A	8.0
Reactome_2022	Ion Channel Transport R-HSA-983712	1/175	0.231908776011473	0.2411115052182775	0	0	3.923107411811336	5.733273077034567	ATP6V1B2	8.0
Reactome_2022	Mitotic Prometaphase R-HSA-68877	1/186	0.2446010133996292	0.2533022352201694	0	0	3.6877912395153776	5.192878092590616	SMC1A	8.0
Reactome_2022	Signaling By NOTCH R-HSA-157118	1/203	0.2638184122405329	0.2721276535709433	0	0	3.374530556503926	4.496542545859288	H2BC1	8.0
Reactome_2022	Neddylation R-HSA-8951664	1/237	0.3008454660590257	0.3091039690488813	0	0	2.8834015195791936	3.4634223821733587	DDB1	8.0
Reactome_2022	Platelet Activation, Signaling And Aggregation R-HSA-76002	1/254	0.3186773627268108	0.3261463634157204	0	0	2.6873381491072648	3.0731756533859884	PRKCZ	8.0
Reactome_2022	Innate Immune System R-HSA-168249	2/1035	0.4645358792728998	0.4735735422937733	0	0	1.3094316138846631	1.0039627990133784	ATP6V1B2;POLR2L	8.0
Reactome_2022	Signaling By Interleukins R-HSA-449147	1/453	0.4973276719072856	0.5050381784484839	0	0	1.489014342386329	1.0400857061433366	LMNB1	8.0
Reactome_2022	Immune System R-HSA-168256	3/1943	0.5683271460254575	0.5749100859408103	0	0	1.0326460481099655	0.5835049775173893	ATP6V1B2;LMNB1;POLR2L	8.0
Reactome_2022	Hemostasis R-HSA-109582	1/576	0.5841079479219365	0.5886010859828745	0	0	1.1631184407796102	0.6253732766515719	PRKCZ	8.0
Reactome_2022	Cytokine Signaling In Immune System R-HSA-1280215	1/702	0.6579210770651522	0.6600434146563043	0	0	0.9478577401741356	0.3968398830337841	LMNB1	8.0
Reactome_2022	Transport Of Small Molecules R-HSA-382551	1/706	0.6600434146563043	0.6600434146563043	0	0	0.942284177060406	0.3914716469598281	ATP6V1B2	8.0
