,accuracy,precision_macro,recall_macro,f1_macro,auc_macro
mean,0.7548275862068965,0.7548275862068965,0.7548275862068965,0.7548275862068965,0.9251109789932619
std,0.0716802842651442,0.0716802842651442,0.0716802842651442,0.07168028426514418,0.03485549100436337
