vtaxid,prob_gastrointestinal,prob_neural,prob_other,prob_respiratory,prob_systemic,prob_viraemic,pred_label
1032690,0.7411646218218536,0.06542288700011252,0.11888316062216112,0.01558803300310324,0.01062757395557986,0.048313723597189766,gastrointestinal
1032691,0.7411646218218536,0.06542288700011252,0.11888316062216112,0.01558803300310324,0.01062757395557986,0.048313723597189766,gastrointestinal
1034771,0.8538506229885723,0.027687862902094844,0.06480728125909124,0.008864650263491248,0.004225532722756644,0.04056404986399336,gastrointestinal
1034800,0.8438921112030802,0.029169601233498488,0.07766619503387528,0.008402674136726528,0.004101189993118423,0.03676822839970126,gastrointestinal
1042528,0.05196927356611723,0.18163417337026289,0.05691890388263775,0.0328423914333662,0.19944334457712543,0.4771919131704906,viraemic
104382,0.22150279816853558,0.15202993707975662,0.42930978869233083,0.06618234498958282,0.034082953331006804,0.09689217773878692,other
10484,0.8466226407594238,0.029864321261165682,0.07049797362016563,0.0088975067838926,0.0042414973060102374,0.03987606026934223,gastrointestinal
10535,0.8445717861930968,0.031820086212864224,0.06496836390275218,0.009667349056247353,0.0046232913850662236,0.044349123249973255,gastrointestinal
1072676,0.8466226407594238,0.029864321261165682,0.07049797362016563,0.0088975067838926,0.0042414973060102374,0.03987606026934223,gastrointestinal
1072677,0.8466226407594238,0.029864321261165682,0.07049797362016563,0.0088975067838926,0.0042414973060102374,0.03987606026934223,gastrointestinal
1076281,0.08445825854966055,0.17161018846247836,0.16250586292625538,0.12053949403521848,0.12542342172276105,0.3354627743036262,viraemic
1076282,0.08445825854966055,0.17161018846247836,0.16250586292625538,0.12053949403521848,0.12542342172276105,0.3354627743036262,viraemic
1076283,0.08445825854966055,0.17161018846247836,0.16250586292625538,0.12053949403521848,0.12542342172276105,0.3354627743036262,viraemic
1076284,0.07097079372317563,0.16229103790126134,0.13179921978313167,0.1155225986247655,0.12093542298427574,0.3984809269833899,viraemic
1076285,0.08445825854966055,0.17161018846247836,0.16250586292625538,0.12053949403521848,0.12542342172276105,0.3354627743036262,viraemic
10891,0.8344940409835833,0.030229076298804357,0.0879445581201544,0.008528459665374521,0.00400136248191704,0.03480250245016673,gastrointestinal
1095764,0.8466226407594238,0.029864321261165682,0.07049797362016563,0.0088975067838926,0.0042414973060102374,0.03987606026934223,gastrointestinal
10970,0.09452850307906059,0.16480979049843125,0.07854995778171063,0.1089998505752616,0.07329745258314554,0.47981444548239033,viraemic
1100043,0.8466226407594238,0.029864321261165682,0.07049797362016563,0.0088975067838926,0.0042414973060102374,0.03987606026934223,gastrointestinal
1112700,0.8466226407594238,0.029864321261165682,0.07049797362016563,0.0088975067838926,0.0042414973060102374,0.03987606026934223,gastrointestinal
11276,0.8466226407594238,0.029864321261165682,0.07049797362016563,0.0088975067838926,0.0042414973060102374,0.03987606026934223,gastrointestinal
11309,0.5656101992852617,0.08680120039745295,0.1426375693099198,0.09650158304128702,0.026140421000418045,0.08230902696566043,gastrointestinal
1136456,0.8466226407594238,0.029864321261165682,0.07049797362016563,0.0088975067838926,0.0042414973060102374,0.03987606026934223,gastrointestinal
1148801,0.8466226407594238,0.029864321261165682,0.07049797362016563,0.0088975067838926,0.0042414973060102374,0.03987606026934223,gastrointestinal
1156749,0.855649275635602,0.026695926970520017,0.06535575213849745,0.012064329613111399,0.0042771181532676615,0.0359575974890012,gastrointestinal
1170423,0.8521837921415458,0.029124780638407264,0.06495180394876976,0.00889536646560353,0.004256763199243155,0.04058749360643056,gastrointestinal
1176484,0.8521837921415458,0.029124780638407264,0.06495180394876976,0.00889536646560353,0.004256763199243155,0.04058749360643056,gastrointestinal
1177757,0.07933669557939503,0.13117317304246004,0.08981956297925706,0.02953638572216025,0.048945025491979204,0.6211891571847485,viraemic
1181292,0.8539799196397556,0.028214576951510483,0.0649714004308445,0.008872938054281266,0.004173839537090875,0.03978732538651703,gastrointestinal
1186059,0.8466226407594238,0.029864321261165682,0.07049797362016563,0.0088975067838926,0.0042414973060102374,0.03987606026934223,gastrointestinal
1188015,0.25455151162441236,0.21395843593818065,0.0935064821912668,0.0305120944624126,0.06117209840561116,0.34629937737811656,neural
1194163,0.8466226407594238,0.029864321261165682,0.07049797362016563,0.0088975067838926,0.0042414973060102374,0.03987606026934223,gastrointestinal
1194164,0.8466226407594238,0.029864321261165682,0.07049797362016563,0.0088975067838926,0.0042414973060102374,0.03987606026934223,gastrointestinal
1201016,0.8466226407594238,0.029864321261165682,0.07049797362016563,0.0088975067838926,0.0042414973060102374,0.03987606026934223,gastrointestinal
1201017,0.8466226407594238,0.029864321261165682,0.07049797362016563,0.0088975067838926,0.0042414973060102374,0.03987606026934223,gastrointestinal
1201018,0.8466226407594238,0.029864321261165682,0.07049797362016563,0.0088975067838926,0.0042414973060102374,0.03987606026934223,gastrointestinal
1203029,0.8517024032213695,0.0284222124317164,0.06966565921122363,0.008648048295698112,0.004217430009694679,0.0373442468302978,gastrointestinal
1209382,0.19955660417044724,0.0669948144180712,0.49055487839287,0.039737463155902035,0.026254687348366085,0.17690155251434328,other
1209383,0.19958932351162545,0.08366173176385376,0.44033227908572675,0.05485140912087719,0.03154013192871154,0.1900251245892056,other
1214906,0.8466226407594238,0.029864321261165682,0.07049797362016563,0.0088975067838926,0.0042414973060102374,0.03987606026934223,gastrointestinal
1221646,0.8466226407594238,0.029864321261165682,0.07049797362016563,0.0088975067838926,0.0042414973060102374,0.03987606026934223,gastrointestinal
1222019,0.8542943264145102,0.02517900793228563,0.06595433264321324,0.008890581559930943,0.0040229577993841845,0.04165879365067587,gastrointestinal
1222038,0.8466226407594238,0.029864321261165682,0.07049797362016563,0.0088975067838926,0.0042414973060102374,0.03987606026934223,gastrointestinal
1222039,0.8466226407594238,0.029864321261165682,0.07049797362016563,0.0088975067838926,0.0042414973060102374,0.03987606026934223,gastrointestinal
1222040,0.8466226407594238,0.029864321261165682,0.07049797362016563,0.0088975067838926,0.0042414973060102374,0.03987606026934223,gastrointestinal
1222041,0.8466226407594238,0.029864321261165682,0.07049797362016563,0.0088975067838926,0.0042414973060102374,0.03987606026934223,gastrointestinal
1222042,0.8466226407594238,0.029864321261165682,0.07049797362016563,0.0088975067838926,0.0042414973060102374,0.03987606026934223,gastrointestinal
1222043,0.8466226407594238,0.029864321261165682,0.07049797362016563,0.0088975067838926,0.0042414973060102374,0.03987606026934223,gastrointestinal
1222044,0.8466226407594238,0.029864321261165682,0.07049797362016563,0.0088975067838926,0.0042414973060102374,0.03987606026934223,gastrointestinal
1222045,0.8466226407594238,0.029864321261165682,0.07049797362016563,0.0088975067838926,0.0042414973060102374,0.03987606026934223,gastrointestinal
1222046,0.8466226407594238,0.029864321261165682,0.07049797362016563,0.0088975067838926,0.0042414973060102374,0.03987606026934223,gastrointestinal
1222047,0.8466226407594238,0.029864321261165682,0.07049797362016563,0.0088975067838926,0.0042414973060102374,0.03987606026934223,gastrointestinal
1222048,0.8466226407594238,0.029864321261165682,0.07049797362016563,0.0088975067838926,0.0042414973060102374,0.03987606026934223,gastrointestinal
1222049,0.8466226407594238,0.029864321261165682,0.07049797362016563,0.0088975067838926,0.0042414973060102374,0.03987606026934223,gastrointestinal
1222050,0.8466226407594238,0.029864321261165682,0.07049797362016563,0.0088975067838926,0.0042414973060102374,0.03987606026934223,gastrointestinal
1222051,0.8466226407594238,0.029864321261165682,0.07049797362016563,0.0088975067838926,0.0042414973060102374,0.03987606026934223,gastrointestinal
1244521,0.04948406662612332,0.09879734468746577,0.07928788073279355,0.06321559233169603,0.09275799552378652,0.6164571200981349,viraemic
1244522,0.061800957483542626,0.13684920233488912,0.07885394581368012,0.10992149987260541,0.18051394841361448,0.4320604460816683,viraemic
1244525,0.06869376939962006,0.1348367681240788,0.10032753914884229,0.12722253618591373,0.10186270417626583,0.4670566829652792,viraemic
12480,0.11922332125052444,0.11032804587584398,0.020832719255095333,0.050896438344994153,0.04704043473783228,0.6516790405357099,viraemic
1293419,0.8466226407594238,0.029864321261165682,0.07049797362016563,0.0088975067838926,0.0042414973060102374,0.03987606026934223,gastrointestinal
1293420,0.8466226407594238,0.029864321261165682,0.07049797362016563,0.0088975067838926,0.0042414973060102374,0.03987606026934223,gastrointestinal
1329782,0.8531817228706692,0.029531554724239177,0.05720302943142929,0.009843279025164981,0.004920636846007911,0.045319777102489314,gastrointestinal
1330993,0.8352877426298864,0.028960721000636656,0.08508916950285078,0.008331534978439433,0.004143108097665474,0.03818772379052089,gastrointestinal
1402035,0.8466226407594238,0.029864321261165682,0.07049797362016563,0.0088975067838926,0.0042414973060102374,0.03987606026934223,gastrointestinal
1417603,0.8437425477394248,0.030807779109402803,0.07435791351606057,0.008431609630424417,0.004219221587767857,0.038440928416919935,gastrointestinal
1417604,0.8467544343103958,0.028525731371601127,0.07340097505882245,0.008396519345372541,0.0042210493569367,0.03870129055687164,gastrointestinal
1417605,0.8363039176053856,0.028349622607352583,0.08351070268445221,0.008115547810545106,0.004169625581250137,0.03955058371101431,gastrointestinal
1417606,0.8363039176053856,0.028349622607352583,0.08351070268445221,0.008115547810545106,0.004169625581250137,0.03955058371101431,gastrointestinal
1417607,0.8363039176053856,0.028349622607352583,0.08351070268445221,0.008115547810545106,0.004169625581250137,0.03955058371101431,gastrointestinal
1417608,0.8467544343103958,0.028525731371601127,0.07340097505882245,0.008396519345372541,0.0042210493569367,0.03870129055687164,gastrointestinal
1417609,0.8363039176053856,0.028349622607352583,0.08351070268445221,0.008115547810545106,0.004169625581250137,0.03955058371101431,gastrointestinal
1417610,0.8437425477394248,0.030807779109402803,0.07435791351606057,0.008431609630424417,0.004219221587767857,0.038440928416919935,gastrointestinal
1417611,0.8363039176053856,0.028349622607352583,0.08351070268445221,0.008115547810545106,0.004169625581250137,0.03955058371101431,gastrointestinal
1417612,0.8467544343103958,0.028525731371601127,0.07340097505882245,0.008396519345372541,0.0042210493569367,0.03870129055687164,gastrointestinal
1417613,0.8363039176053856,0.028349622607352583,0.08351070268445221,0.008115547810545106,0.004169625581250137,0.03955058371101431,gastrointestinal
1417614,0.8363039176053856,0.028349622607352583,0.08351070268445221,0.008115547810545106,0.004169625581250137,0.03955058371101431,gastrointestinal
1417615,0.8363039176053856,0.028349622607352583,0.08351070268445221,0.008115547810545106,0.004169625581250137,0.03955058371101431,gastrointestinal
1417616,0.8467544343103958,0.028525731371601127,0.07340097505882245,0.008396519345372541,0.0042210493569367,0.03870129055687164,gastrointestinal
1417617,0.8363039176053856,0.028349622607352583,0.08351070268445221,0.008115547810545106,0.004169625581250137,0.03955058371101431,gastrointestinal
1417618,0.8363039176053856,0.028349622607352583,0.08351070268445221,0.008115547810545106,0.004169625581250137,0.03955058371101431,gastrointestinal
1417619,0.8467544343103958,0.028525731371601127,0.07340097505882245,0.008396519345372541,0.0042210493569367,0.03870129055687164,gastrointestinal
1428481,0.8466226407594238,0.029864321261165682,0.07049797362016563,0.0088975067838926,0.0042414973060102374,0.03987606026934223,gastrointestinal
1437125,0.8521837921415458,0.029124780638407264,0.06495180394876976,0.00889536646560353,0.004256763199243155,0.04058749360643056,gastrointestinal
1511894,0.10258529653173079,0.1749532869526054,0.1042532528503263,0.0927268173187245,0.11855193280900045,0.4069294135376122,viraemic
1521109,0.8466226407594238,0.029864321261165682,0.07049797362016563,0.0088975067838926,0.0042414973060102374,0.03987606026934223,gastrointestinal
1523262,0.8466226407594238,0.029864321261165682,0.07049797362016563,0.0088975067838926,0.0042414973060102374,0.03987606026934223,gastrointestinal
1523263,0.8466226407594238,0.029864321261165682,0.07049797362016563,0.0088975067838926,0.0042414973060102374,0.03987606026934223,gastrointestinal
1523264,0.8466226407594238,0.029864321261165682,0.07049797362016563,0.0088975067838926,0.0042414973060102374,0.03987606026934223,gastrointestinal
1523265,0.8466226407594238,0.029864321261165682,0.07049797362016563,0.0088975067838926,0.0042414973060102374,0.03987606026934223,gastrointestinal
1523266,0.8466226407594238,0.029864321261165682,0.07049797362016563,0.0088975067838926,0.0042414973060102374,0.03987606026934223,gastrointestinal
1523267,0.8466226407594238,0.029864321261165682,0.07049797362016563,0.0088975067838926,0.0042414973060102374,0.03987606026934223,gastrointestinal
1523268,0.8446141466789763,0.02839684676367046,0.0751638805071373,0.008758044022257373,0.004116442839060072,0.03895063918889814,gastrointestinal
1523269,0.8466226407594238,0.029864321261165682,0.07049797362016563,0.0088975067838926,0.0042414973060102374,0.03987606026934223,gastrointestinal
1523270,0.8466226407594238,0.029864321261165682,0.07049797362016563,0.0088975067838926,0.0042414973060102374,0.03987606026934223,gastrointestinal
1523271,0.8383937507783318,0.028688669634951907,0.08205442354071735,0.008436877858059832,0.004125091047452011,0.03830118714048703,gastrointestinal
1523272,0.8332475306430843,0.02940663907887603,0.08875567076121085,0.008217224041946846,0.00403789495570967,0.036335040519172225,gastrointestinal
1523273,0.8466226407594238,0.029864321261165682,0.07049797362016563,0.0088975067838926,0.0042414973060102374,0.03987606026934223,gastrointestinal
1523274,0.8466226407594238,0.029864321261165682,0.07049797362016563,0.0088975067838926,0.0042414973060102374,0.03987606026934223,gastrointestinal
1523275,0.8466226407594238,0.029864321261165682,0.07049797362016563,0.0088975067838926,0.0042414973060102374,0.03987606026934223,gastrointestinal
1523276,0.8466226407594238,0.029864321261165682,0.07049797362016563,0.0088975067838926,0.0042414973060102374,0.03987606026934223,gastrointestinal
1523277,0.8466226407594238,0.029864321261165682,0.07049797362016563,0.0088975067838926,0.0042414973060102374,0.03987606026934223,gastrointestinal
1523278,0.8466226407594238,0.029864321261165682,0.07049797362016563,0.0088975067838926,0.0042414973060102374,0.03987606026934223,gastrointestinal
1523279,0.8466226407594238,0.029864321261165682,0.07049797362016563,0.0088975067838926,0.0042414973060102374,0.03987606026934223,gastrointestinal
1523280,0.8466226407594238,0.029864321261165682,0.07049797362016563,0.0088975067838926,0.0042414973060102374,0.03987606026934223,gastrointestinal
1523281,0.8243311450249157,0.03347371757254546,0.08057313767903025,0.0094580707831799,0.004382792453337974,0.04778113648699072,gastrointestinal
1523282,0.8409450049391892,0.03022283616855732,0.07620955487683445,0.00850317927815094,0.004207795338016136,0.0399116293992519,gastrointestinal
1523283,0.8466226407594238,0.029864321261165682,0.07049797362016563,0.0088975067838926,0.0042414973060102374,0.03987606026934223,gastrointestinal
1523284,0.8466226407594238,0.029864321261165682,0.07049797362016563,0.0088975067838926,0.0042414973060102374,0.03987606026934223,gastrointestinal
1523285,0.8359781230899446,0.03006617299009594,0.08149324920543197,0.008782784846916128,0.00420795947580456,0.03947171039180725,gastrointestinal
1523286,0.8466226407594238,0.029864321261165682,0.07049797362016563,0.0088975067838926,0.0042414973060102374,0.03987606026934223,gastrointestinal
1523287,0.8466226407594238,0.029864321261165682,0.07049797362016563,0.0088975067838926,0.0042414973060102374,0.03987606026934223,gastrointestinal
1523288,0.8466226407594238,0.029864321261165682,0.07049797362016563,0.0088975067838926,0.0042414973060102374,0.03987606026934223,gastrointestinal
1523289,0.8466226407594238,0.029864321261165682,0.07049797362016563,0.0088975067838926,0.0042414973060102374,0.03987606026934223,gastrointestinal
1523290,0.8466226407594238,0.029864321261165682,0.07049797362016563,0.0088975067838926,0.0042414973060102374,0.03987606026934223,gastrointestinal
1523291,0.8466226407594238,0.029864321261165682,0.07049797362016563,0.0088975067838926,0.0042414973060102374,0.03987606026934223,gastrointestinal
1523292,0.8466226407594238,0.029864321261165682,0.07049797362016563,0.0088975067838926,0.0042414973060102374,0.03987606026934223,gastrointestinal
1523293,0.8466226407594238,0.029864321261165682,0.07049797362016563,0.0088975067838926,0.0042414973060102374,0.03987606026934223,gastrointestinal
1523294,0.8466226407594238,0.029864321261165682,0.07049797362016563,0.0088975067838926,0.0042414973060102374,0.03987606026934223,gastrointestinal
1525174,0.8466226407594238,0.029864321261165682,0.07049797362016563,0.0088975067838926,0.0042414973060102374,0.03987606026934223,gastrointestinal
1525176,0.8466226407594238,0.029864321261165682,0.07049797362016563,0.0088975067838926,0.0042414973060102374,0.03987606026934223,gastrointestinal
1525177,0.8466226407594238,0.029864321261165682,0.07049797362016563,0.0088975067838926,0.0042414973060102374,0.03987606026934223,gastrointestinal
1525178,0.8466226407594238,0.029864321261165682,0.07049797362016563,0.0088975067838926,0.0042414973060102374,0.03987606026934223,gastrointestinal
1525179,0.8466226407594238,0.029864321261165682,0.07049797362016563,0.0088975067838926,0.0042414973060102374,0.03987606026934223,gastrointestinal
1525180,0.8466226407594238,0.029864321261165682,0.07049797362016563,0.0088975067838926,0.0042414973060102374,0.03987606026934223,gastrointestinal
1530251,0.8539799196397556,0.028214576951510483,0.0649714004308445,0.008872938054281266,0.004173839537090875,0.03978732538651703,gastrointestinal
1548189,0.8466226407594238,0.029864321261165682,0.07049797362016563,0.0088975067838926,0.0042414973060102374,0.03987606026934223,gastrointestinal
1569923,0.8537048063698788,0.028434504757627446,0.06796473125054418,0.008761926904325762,0.004016169848297317,0.03711786086932644,gastrointestinal
1602211,0.8537605514166361,0.029989263152426685,0.06343516748268932,0.00852789772691753,0.004336094773818175,0.03995102544751237,gastrointestinal
1609130,0.8557901439598046,0.02960678740388509,0.06308976455114576,0.008890734394726086,0.004318865108317251,0.03830370458212154,gastrointestinal
1609131,0.8466226407594238,0.029864321261165682,0.07049797362016563,0.0088975067838926,0.0042414973060102374,0.03987606026934223,gastrointestinal
1615798,0.8466226407594238,0.029864321261165682,0.07049797362016563,0.0088975067838926,0.0042414973060102374,0.03987606026934223,gastrointestinal
1631191,0.8466226407594238,0.029864321261165682,0.07049797362016563,0.0088975067838926,0.0042414973060102374,0.03987606026934223,gastrointestinal
1631192,0.8466226407594238,0.029864321261165682,0.07049797362016563,0.0088975067838926,0.0042414973060102374,0.03987606026934223,gastrointestinal
1631195,0.8466226407594238,0.029864321261165682,0.07049797362016563,0.0088975067838926,0.0042414973060102374,0.03987606026934223,gastrointestinal
164250,0.5811180592845445,0.07988923110900287,0.21018305692681868,0.020573880378323233,0.015010779358450417,0.09322499294286003,gastrointestinal
167323,0.8466226407594238,0.029864321261165682,0.07049797362016563,0.0088975067838926,0.0042414973060102374,0.03987606026934223,gastrointestinal
1682185,0.8530447001033151,0.029266439581326575,0.06658884140662613,0.008858272004942061,0.004126064134979257,0.038115682768810784,gastrointestinal
1712394,0.8466226407594238,0.029864321261165682,0.07049797362016563,0.0088975067838926,0.0042414973060102374,0.03987606026934223,gastrointestinal
1714296,0.8428875746384623,0.029835297080858456,0.07592605087999897,0.008862132022166428,0.004190706375734727,0.03829823900277934,gastrointestinal
1714297,0.8384964523596893,0.028007473887718355,0.0849608167104324,0.008372292453221125,0.004018834469537692,0.03614413011940087,gastrointestinal
1714298,0.8428875746384623,0.029835297080858456,0.07592605087999897,0.008862132022166428,0.004190706375734727,0.03829823900277934,gastrointestinal
1714360,0.8584396518621547,0.029617543944964055,0.05877787488214588,0.008921834242230527,0.004364405218149175,0.03987868985035567,gastrointestinal
1714361,0.8584396518621547,0.029617543944964055,0.05877787488214588,0.008921834242230527,0.004364405218149175,0.03987868985035567,gastrointestinal
178530,0.8466226407594238,0.029864321261165682,0.07049797362016563,0.0088975067838926,0.0042414973060102374,0.03987606026934223,gastrointestinal
178534,0.833756665599065,0.028686082412583743,0.08777835543441312,0.008336769955792465,0.004030099469717206,0.037412027128428636,gastrointestinal
1803959,0.8067009123672895,0.034638996421722114,0.10318747521987837,0.009797008622457287,0.004530714996969427,0.04114489237168323,gastrointestinal
1803960,0.5415957245647497,0.08174844517286925,0.2727965861894038,0.030880157063966338,0.013677773900947182,0.059301313108063566,gastrointestinal
1803961,0.5404901906067279,0.0852758217968027,0.2900858086627328,0.026289295161459805,0.010949634834198,0.04690924893807844,gastrointestinal
1891754,0.07387419530779031,0.09565481063984953,0.029355341697743655,0.040219420628275195,0.050132354983470476,0.7107638767428712,viraemic
1899067,0.8466226407594238,0.029864321261165682,0.07049797362016563,0.0088975067838926,0.0042414973060102374,0.03987606026934223,gastrointestinal
1899068,0.848300198730145,0.02839296413260977,0.070367486057244,0.00886650724558892,0.004210560416863323,0.03986228341754917,gastrointestinal
1899069,0.8466226407594238,0.029864321261165682,0.07049797362016563,0.0088975067838926,0.0042414973060102374,0.03987606026934223,gastrointestinal
1899070,0.8466226407594238,0.029864321261165682,0.07049797362016563,0.0088975067838926,0.0042414973060102374,0.03987606026934223,gastrointestinal
1899071,0.8466226407594238,0.029864321261165682,0.07049797362016563,0.0088975067838926,0.0042414973060102374,0.03987606026934223,gastrointestinal
1899072,0.8521837921415458,0.029124780638407264,0.06495180394876976,0.00889536646560353,0.004256763199243155,0.04058749360643056,gastrointestinal
1899073,0.8466226407594238,0.029864321261165682,0.07049797362016563,0.0088975067838926,0.0042414973060102374,0.03987606026934223,gastrointestinal
1899074,0.848300198730145,0.02839296413260977,0.070367486057244,0.00886650724558892,0.004210560416863323,0.03986228341754917,gastrointestinal
1899075,0.8601447689283951,0.028158086836133113,0.05860616214686987,0.008890445725754205,0.004332161253960085,0.03986837510888769,gastrointestinal
1899076,0.8521837921415458,0.029124780638407264,0.06495180394876976,0.00889536646560353,0.004256763199243155,0.04058749360643056,gastrointestinal
1899077,0.848300198730145,0.02839296413260977,0.070367486057244,0.00886650724558892,0.004210560416863323,0.03986228341754917,gastrointestinal
1899078,0.848300198730145,0.02839296413260977,0.070367486057244,0.00886650724558892,0.004210560416863323,0.03986228341754917,gastrointestinal
1899079,0.8535739234661696,0.02964933947504792,0.05887411721719978,0.009612219714416248,0.004577090892099886,0.04371330923506656,gastrointestinal
1899080,0.8466226407594238,0.029864321261165682,0.07049797362016563,0.0088975067838926,0.0042414973060102374,0.03987606026934223,gastrointestinal
1899081,0.8466226407594238,0.029864321261165682,0.07049797362016563,0.0088975067838926,0.0042414973060102374,0.03987606026934223,gastrointestinal
1899082,0.8466226407594238,0.029864321261165682,0.07049797362016563,0.0088975067838926,0.0042414973060102374,0.03987606026934223,gastrointestinal
1899083,0.8698375049229597,0.02617059567778446,0.060202786058986435,0.009839688222802977,0.0044270417961903615,0.029522383321275773,gastrointestinal
1899084,0.8466226407594238,0.029864321261165682,0.07049797362016563,0.0088975067838926,0.0042414973060102374,0.03987606026934223,gastrointestinal
1899085,0.8698375049229597,0.02617059567778446,0.060202786058986435,0.009839688222802977,0.0044270417961903615,0.029522383321275773,gastrointestinal
1899086,0.8698375049229597,0.02617059567778446,0.060202786058986435,0.009839688222802977,0.0044270417961903615,0.029522383321275773,gastrointestinal
1903319,0.8466226407594238,0.029864321261165682,0.07049797362016563,0.0088975067838926,0.0042414973060102374,0.03987606026934223,gastrointestinal
1904886,0.850619460162548,0.02770082110962619,0.0691434347772515,0.00875700797749088,0.004133377763581701,0.03964589820950191,gastrointestinal
1904888,0.8584396518621547,0.029617543944964055,0.05877787488214588,0.008921834242230527,0.004364405218149175,0.03987868985035567,gastrointestinal
1906931,0.3737403801293092,0.210884185549251,0.1000956083007451,0.0191082131306337,0.05827383522043167,0.237897777669629,gastrointestinal
1907787,0.8348545038604251,0.032087596145351276,0.07547210114016005,0.009523463982388467,0.004547219298699271,0.0435151155729754,gastrointestinal
1912147,0.8584396518621547,0.029617543944964055,0.05877787488214588,0.008921834242230527,0.004364405218149175,0.03987868985035567,gastrointestinal
1914549,0.8466226407594238,0.029864321261165682,0.07049797362016563,0.0088975067838926,0.0042414973060102374,0.03987606026934223,gastrointestinal
1922835,0.8466226407594238,0.029864321261165682,0.07049797362016563,0.0088975067838926,0.0042414973060102374,0.03987606026934223,gastrointestinal
1923094,0.8521837921415458,0.029124780638407264,0.06495180394876976,0.00889536646560353,0.004256763199243155,0.04058749360643056,gastrointestinal
1923116,0.8466226407594238,0.029864321261165682,0.07049797362016563,0.0088975067838926,0.0042414973060102374,0.03987606026934223,gastrointestinal
1923133,0.8521837921415458,0.029124780638407264,0.06495180394876976,0.00889536646560353,0.004256763199243155,0.04058749360643056,gastrointestinal
1933176,0.8348545038604251,0.032087596145351276,0.07547210114016005,0.009523463982388467,0.004547219298699271,0.0435151155729754,gastrointestinal
1955201,0.8466226407594238,0.029864321261165682,0.07049797362016563,0.0088975067838926,0.0042414973060102374,0.03987606026934223,gastrointestinal
1964822,0.8466226407594238,0.029864321261165682,0.07049797362016563,0.0088975067838926,0.0042414973060102374,0.03987606026934223,gastrointestinal
1967472,0.8256126160046238,0.03150335864325455,0.08623644334546139,0.008797748275244896,0.004592196785772091,0.043257636945643274,gastrointestinal
1972587,0.6439905453729058,0.0775668470311381,0.10313782564677261,0.0403200216847242,0.019638596016589564,0.11534616424786942,gastrointestinal
1987106,0.14489827164728047,0.20388838868894407,0.14682437097716866,0.08872191922645024,0.12967089269593285,0.2859961567642238,viraemic
2022413,0.052730570952972455,0.15395851992774656,0.10872812626117771,0.12353344025902238,0.08298955935172232,0.4780597832473583,viraemic
2039694,0.8402044669506831,0.028476602398751386,0.08071837321904363,0.008461701620647343,0.003971119626686375,0.03816773618418796,gastrointestinal
2044876,0.8466226407594238,0.029864321261165682,0.07049797362016563,0.0088975067838926,0.0042414973060102374,0.03987606026934223,gastrointestinal
2053898,0.8519348829589113,0.029662211637370237,0.06389889635660505,0.00918752025715167,0.004287088832925151,0.04102939995703613,gastrointestinal
2081950,0.8584396518621547,0.029617543944964055,0.05877787488214588,0.008921834242230527,0.004364405218149175,0.03987868985035567,gastrointestinal
2093788,0.13513634706345726,0.11096868978096981,0.04568700326040673,0.06104595541683263,0.05418341951073348,0.5929785849675999,viraemic
2093789,0.07335531226768079,0.1373292280777944,0.11765433641655301,0.07845005906151667,0.06634461949013971,0.5268664446863153,viraemic
2094719,0.8521837921415458,0.029124780638407264,0.06495180394876976,0.00889536646560353,0.004256763199243155,0.04058749360643056,gastrointestinal
2152919,0.8466226407594238,0.029864321261165682,0.07049797362016563,0.0088975067838926,0.0042414973060102374,0.03987606026934223,gastrointestinal
2169479,0.8466226407594238,0.029864321261165682,0.07049797362016563,0.0088975067838926,0.0042414973060102374,0.03987606026934223,gastrointestinal
2170060,0.784153833031741,0.040024961377319875,0.10079995064642276,0.01118599808497393,0.005906783296449537,0.057928473563092844,gastrointestinal
2184749,0.8409450049391892,0.03022283616855732,0.07620955487683445,0.00850317927815094,0.004207795338016136,0.0399116293992519,gastrointestinal
2202649,0.8523888216463612,0.027652766219265292,0.06843491908171188,0.008637199651577894,0.0041502104000781794,0.03873608300100533,gastrointestinal
2219046,0.8505337384747099,0.029233073378598644,0.06854896624665051,0.008874826191054253,0.0041411522579513395,0.03866824345103514,gastrointestinal
2219047,0.8490125796718988,0.029110357902437642,0.06983229228225057,0.008861699882028472,0.00420866232634705,0.03897440793503787,gastrointestinal
2219048,0.8428875746384623,0.029835297080858456,0.07592605087999897,0.008862132022166428,0.004190706375734727,0.03829823900277934,gastrointestinal
2219052,0.8521837921415458,0.029124780638407264,0.06495180394876976,0.00889536646560353,0.004256763199243155,0.04058749360643056,gastrointestinal
2219053,0.852242778677288,0.028319601307306593,0.0686095071142184,0.00885415006006284,0.004061031506070025,0.03791293133505409,gastrointestinal
2219997,0.8466226407594238,0.029864321261165682,0.07049797362016563,0.0088975067838926,0.0042414973060102374,0.03987606026934223,gastrointestinal
2231327,0.8521837921415458,0.029124780638407264,0.06495180394876976,0.00889536646560353,0.004256763199243155,0.04058749360643056,gastrointestinal
2269360,0.8209796682285853,0.029001686489916557,0.09271721650517821,0.009620623634425418,0.004313471885677187,0.04336733325621754,gastrointestinal
230161,0.8601447689283951,0.028158086836133113,0.05860616214686987,0.008890445725754205,0.004332161253960085,0.03986837510888769,gastrointestinal
235406,0.8466226407594238,0.029864321261165682,0.07049797362016563,0.0088975067838926,0.0042414973060102374,0.03987606026934223,gastrointestinal
2364099,0.8490125796718988,0.029110357902437642,0.06983229228225057,0.008861699882028472,0.00420866232634705,0.03897440793503787,gastrointestinal
2448649,0.6935466147945349,0.041610710468931486,0.14365868157839576,0.021793344489656984,0.011417032676996246,0.08797361599148466,gastrointestinal
2497865,0.8521837921415458,0.029124780638407264,0.06495180394876976,0.00889536646560353,0.004256763199243155,0.04058749360643056,gastrointestinal
2497866,0.8466226407594238,0.029864321261165682,0.07049797362016563,0.0088975067838926,0.0042414973060102374,0.03987606026934223,gastrointestinal
2497867,0.8466226407594238,0.029864321261165682,0.07049797362016563,0.0088975067838926,0.0042414973060102374,0.03987606026934223,gastrointestinal
2498143,0.8466226407594238,0.029864321261165682,0.07049797362016563,0.0088975067838926,0.0042414973060102374,0.03987606026934223,gastrointestinal
2502796,0.8466226407594238,0.029864321261165682,0.07049797362016563,0.0088975067838926,0.0042414973060102374,0.03987606026934223,gastrointestinal
2502797,0.8466226407594238,0.029864321261165682,0.07049797362016563,0.0088975067838926,0.0042414973060102374,0.03987606026934223,gastrointestinal
2506584,0.14677772588492066,0.1167350548061115,0.09975460213728315,0.0406250749506626,0.12728063952155888,0.46882690269946287,viraemic
2516502,0.8557901439598046,0.02960678740388509,0.06308976455114576,0.008890734394726086,0.004318865108317251,0.03830370458212154,gastrointestinal
2517214,0.8466226407594238,0.029864321261165682,0.07049797362016563,0.0088975067838926,0.0042414973060102374,0.03987606026934223,gastrointestinal
2572459,0.8466226407594238,0.029864321261165682,0.07049797362016563,0.0088975067838926,0.0042414973060102374,0.03987606026934223,gastrointestinal
2602438,0.8466226407594238,0.029864321261165682,0.07049797362016563,0.0088975067838926,0.0042414973060102374,0.03987606026934223,gastrointestinal
261202,0.05184277923881997,0.10021499432907925,0.08175865876327752,0.0784571018679002,0.11317917283530492,0.5745472929656179,viraemic
269339,0.8466226407594238,0.029864321261165682,0.07049797362016563,0.0088975067838926,0.0042414973060102374,0.03987606026934223,gastrointestinal
2712269,0.8466226407594238,0.029864321261165682,0.07049797362016563,0.0088975067838926,0.0042414973060102374,0.03987606026934223,gastrointestinal
2715094,0.8466226407594238,0.029864321261165682,0.07049797362016563,0.0088975067838926,0.0042414973060102374,0.03987606026934223,gastrointestinal
2716315,0.8466226407594238,0.029864321261165682,0.07049797362016563,0.0088975067838926,0.0042414973060102374,0.03987606026934223,gastrointestinal
2720938,0.8444335098939285,0.03015446038528981,0.07145630804718663,0.009261869027317128,0.004394318664725536,0.04029953398155224,gastrointestinal
2731271,0.27917091345934963,0.09573187147105394,0.2798009679443553,0.054645507608663525,0.06479191039865205,0.22585882911792532,gastrointestinal
2747383,0.8466226407594238,0.029864321261165682,0.07049797362016563,0.0088975067838926,0.0042414973060102374,0.03987606026934223,gastrointestinal
2778245,0.8428875746384623,0.029835297080858456,0.07592605087999897,0.008862132022166428,0.004190706375734727,0.03829823900277934,gastrointestinal
2778246,0.8428875746384623,0.029835297080858456,0.07592605087999897,0.008862132022166428,0.004190706375734727,0.03829823900277934,gastrointestinal
2778247,0.8428875746384623,0.029835297080858456,0.07592605087999897,0.008862132022166428,0.004190706375734727,0.03829823900277934,gastrointestinal
2778248,0.8428875746384623,0.029835297080858456,0.07592605087999897,0.008862132022166428,0.004190706375734727,0.03829823900277934,gastrointestinal
2778249,0.8428875746384623,0.029835297080858456,0.07592605087999897,0.008862132022166428,0.004190706375734727,0.03829823900277934,gastrointestinal
2778250,0.8428875746384623,0.029835297080858456,0.07592605087999897,0.008862132022166428,0.004190706375734727,0.03829823900277934,gastrointestinal
2778251,0.8428875746384623,0.029835297080858456,0.07592605087999897,0.008862132022166428,0.004190706375734727,0.03829823900277934,gastrointestinal
2778252,0.8428875746384623,0.029835297080858456,0.07592605087999897,0.008862132022166428,0.004190706375734727,0.03829823900277934,gastrointestinal
2778253,0.8490125796718988,0.029110357902437642,0.06983229228225057,0.008861699882028472,0.00420866232634705,0.03897440793503787,gastrointestinal
2831046,0.8466226407594238,0.029864321261165682,0.07049797362016563,0.0088975067838926,0.0042414973060102374,0.03987606026934223,gastrointestinal
29256,0.8310350129779277,0.032038431386994415,0.08118695588745042,0.009478881991958316,0.004487946270691516,0.0417727714849776,gastrointestinal
2936928,0.8466226407594238,0.029864321261165682,0.07049797362016563,0.0088975067838926,0.0042414973060102374,0.03987606026934223,gastrointestinal
295016,0.8466226407594238,0.029864321261165682,0.07049797362016563,0.0088975067838926,0.0042414973060102374,0.03987606026934223,gastrointestinal
2956251,0.8521837921415458,0.029124780638407264,0.06495180394876976,0.00889536646560353,0.004256763199243155,0.04058749360643056,gastrointestinal
2994337,0.8003036982716304,0.04809850728081598,0.07557476931792206,0.016325119801971988,0.008693150938838035,0.05100475438882189,gastrointestinal
3047346,0.8584396518621547,0.029617543944964055,0.05877787488214588,0.008921834242230527,0.004364405218149175,0.03987868985035567,gastrointestinal
3047370,0.8522133948576344,0.03073823957531826,0.06394598538647839,0.009034815406973503,0.004382618448372237,0.039684946325223014,gastrointestinal
3047792,0.8466226407594238,0.029864321261165682,0.07049797362016563,0.0088975067838926,0.0042414973060102374,0.03987606026934223,gastrointestinal
3048206,0.8533077628258915,0.03105606281364247,0.05920565122928604,0.00954288601767143,0.004638479485408195,0.042249157628100414,gastrointestinal
3048278,0.8451393070311874,0.03074023184483977,0.06784694035820796,0.009346826819369823,0.004450380539951133,0.04247631340644395,gastrointestinal
3048421,0.846864690041451,0.029213128251996578,0.07384235088299343,0.008843409286162956,0.004093563853558101,0.03714285768383812,gastrointestinal
3048439,0.8483978943016195,0.033492731939890566,0.05953645395120697,0.01059367855642133,0.005010403457731952,0.042968837793129884,gastrointestinal
3050329,0.8466226407594238,0.029864321261165682,0.07049797362016563,0.0088975067838926,0.0042414973060102374,0.03987606026934223,gastrointestinal
3052098,0.8466226407594238,0.029864321261165682,0.07049797362016563,0.0088975067838926,0.0042414973060102374,0.03987606026934223,gastrointestinal
3052190,0.22413305340947876,0.07548702697599849,0.4752168216143687,0.06654383540632595,0.02775566741512524,0.13086359517870264,other
3052329,0.850145694427492,0.026044180312064923,0.08205684116072197,0.009803214996759103,0.003950515815177756,0.02799955328778449,gastrointestinal
3052343,0.8365900582891418,0.029685175631413055,0.08266572214130119,0.00867373683553072,0.004234701478649696,0.038150605623963794,gastrointestinal
3052370,0.8507929532244126,0.028798964911752475,0.07485035973630669,0.008629644994212112,0.004008302947603082,0.03291977418571316,gastrointestinal
3052393,0.8065225498365665,0.033599387383946286,0.09503841322912449,0.010653348582412946,0.005006142488831602,0.04918015847911793,gastrointestinal
3052394,0.8521837921415458,0.029124780638407264,0.06495180394876976,0.00889536646560353,0.004256763199243155,0.04058749360643056,gastrointestinal
3052400,0.8461064709446801,0.031377201282905304,0.07482129631396202,0.009031025216921305,0.004215305555567358,0.034448700685963944,gastrointestinal
3052404,0.6707168982770022,0.07070626659569397,0.13929215178706103,0.03207573195351136,0.020338694305134186,0.06687025708159726,gastrointestinal
3052416,0.8020532237872267,0.0407299843218312,0.08288354188664347,0.010586145317263415,0.005827397384513007,0.05791970730252213,gastrointestinal
3052421,0.8584775645657133,0.029809737251468574,0.06556500608025091,0.008892325625284898,0.004143367274118333,0.03311199920316429,gastrointestinal
3052424,0.8445432452465113,0.02836416293036877,0.07581546143811152,0.008831089216222065,0.0041599854903940706,0.03828605567839201,gastrointestinal
3052445,0.6599387061244184,0.04144671304453728,0.1997784452579693,0.013310741755579523,0.006986965578615882,0.07853842823887992,gastrointestinal
3052457,0.676545873882448,0.06933849332759114,0.15743758771566269,0.03840165953292023,0.013098373618727345,0.0451780119226505,gastrointestinal
3052467,0.8563266579375952,0.030320416870487064,0.059360777311408396,0.009760952600195731,0.004587629791878777,0.039643565488435006,gastrointestinal
3052492,0.8556327543396678,0.026788195057166703,0.07461251781452494,0.008204149792393822,0.0036472045387632756,0.03111517845748342,gastrointestinal
3052509,0.8466226407594238,0.029864321261165682,0.07049797362016563,0.0088975067838926,0.0042414973060102374,0.03987606026934223,gastrointestinal
3052510,0.6272756134535221,0.05729778405218592,0.20462058671880123,0.015002491492947951,0.009683716056134323,0.08611980822640844,gastrointestinal
3052521,0.8348545038604251,0.032087596145351276,0.07547210114016005,0.009523463982388467,0.004547219298699271,0.0435151155729754,gastrointestinal
3052525,0.6915366555535205,0.0343062989439689,0.21346910075211997,0.008801828430852351,0.005559157873413926,0.046326958446124264,gastrointestinal
3052538,0.5867897027702768,0.03348077221172901,0.3149246360992168,0.0115728376939971,0.0063039836447608905,0.046928067580019245,gastrointestinal
3052637,0.4047724225098713,0.07174974838016972,0.36964942418694036,0.023858867828557045,0.02512175732264023,0.10484777977182135,gastrointestinal
3052661,0.6402180884110124,0.11017370051141517,0.1575892116382741,0.035970841486884716,0.012656997289966719,0.04339116066244654,gastrointestinal
3052679,0.6372000441713859,0.08496670482779328,0.15506739925757845,0.03506294448119915,0.015542275236213326,0.07216063202582967,gastrointestinal
3052707,0.1817522658128937,0.19013782852498004,0.28260235972153624,0.06142621357286221,0.05641826224499793,0.22766307012272957,other
3052809,0.8429981742268601,0.030767676461446476,0.07524421074742736,0.008793300736864436,0.004265191786786682,0.03793144604061505,gastrointestinal
3060496,0.8609185945937402,0.025972970269672185,0.06343518206065642,0.00878328981242867,0.004106850339537488,0.036783112923965064,gastrointestinal
3060500,0.8466226407594238,0.029864321261165682,0.07049797362016563,0.0088975067838926,0.0042414973060102374,0.03987606026934223,gastrointestinal
308159,0.17622573224105004,0.1173434239827828,0.10394591381448735,0.1086927498938873,0.1308401878205614,0.3629519922472309,viraemic
3115662,0.8584396518621547,0.029617543944964055,0.05877787488214588,0.008921834242230527,0.004364405218149175,0.03987868985035567,gastrointestinal
315431,0.8466226407594238,0.029864321261165682,0.07049797362016563,0.0088975067838926,0.0042414973060102374,0.03987606026934223,gastrointestinal
3241299,0.852181026540427,0.027321377370043726,0.07122621985289555,0.008819571003406475,0.0041785038450359675,0.036273301388191334,gastrointestinal
3241445,0.7622981972330549,0.05108656439390525,0.10099577142960786,0.017051983535808425,0.00708321980762327,0.061484263600000214,gastrointestinal
340016,0.8466226407594238,0.029864321261165682,0.07049797362016563,0.0088975067838926,0.0042414973060102374,0.03987606026934223,gastrointestinal
340187,0.8466226407594238,0.029864321261165682,0.07049797362016563,0.0088975067838926,0.0042414973060102374,0.03987606026934223,gastrointestinal
341730,0.8579265731727529,0.026449085324151685,0.06502350942572277,0.008382855392818083,0.004103752939490538,0.03811422374506379,gastrointestinal
3427293,0.8328196322621604,0.030701345811965288,0.08814315192294234,0.008871673311712716,0.004122735906129271,0.03534146078509001,gastrointestinal
3427294,0.8655613908372918,0.030014566176762954,0.05632174731150643,0.009854489429936938,0.005535460590348604,0.032712345654153444,gastrointestinal
3427295,0.8078426051455977,0.03094709751826178,0.09963848351095195,0.010919043514648976,0.005021879460949003,0.04563089084959023,gastrointestinal
3427297,0.8290021258238427,0.029863670184290703,0.08776983025895091,0.010218751301382813,0.004223117924500985,0.03892250450703163,gastrointestinal
3428211,0.7676130907047334,0.031747976773335414,0.12171110775682517,0.019584490488107013,0.005826502074565405,0.05351683220243352,gastrointestinal
3428509,0.8466226407594238,0.029864321261165682,0.07049797362016563,0.0088975067838926,0.0042414973060102374,0.03987606026934223,gastrointestinal
3428512,0.8622322181784586,0.027955344509027053,0.05964435905902862,0.009133463250531172,0.004005799219708966,0.037028815783245586,gastrointestinal
3428953,0.8034436983254495,0.02858088138236871,0.10736718771155683,0.02750752294044393,0.0055610947185811945,0.02753961492159972,gastrointestinal
3429214,0.8584396518621547,0.029617543944964055,0.05877787488214588,0.008921834242230527,0.004364405218149175,0.03987868985035567,gastrointestinal
3429216,0.8515603123999737,0.02884817778812384,0.06744534583026304,0.008374987285470677,0.003773250563766948,0.03999792613240186,gastrointestinal
3429217,0.8584396518621547,0.029617543944964055,0.05877787488214588,0.008921834242230527,0.004364405218149175,0.03987868985035567,gastrointestinal
3430625,0.8584396518621547,0.029617543944964055,0.05877787488214588,0.008921834242230527,0.004364405218149175,0.03987868985035567,gastrointestinal
3430637,0.8584396518621547,0.029617543944964055,0.05877787488214588,0.008921834242230527,0.004364405218149175,0.03987868985035567,gastrointestinal
3430642,0.8531811021141881,0.030014531423374957,0.06623159943472366,0.008479767210538369,0.004274946031419715,0.03781805378575497,gastrointestinal
3430817,0.8073724076897479,0.01878077748994441,0.1292985992170654,0.006349884627935871,0.00339769751385088,0.03480063346145552,gastrointestinal
3431243,0.6668226500581084,0.05345205972595549,0.1945941676249279,0.021176394638608306,0.008001577825340663,0.05595315012705953,gastrointestinal
3431392,0.3625143019062309,0.0700895137403479,0.23529112548071734,0.15401182154449805,0.04643652976846403,0.13165670755974132,gastrointestinal
3432264,0.8539799196397556,0.028214576951510483,0.0649714004308445,0.008872938054281266,0.004173839537090875,0.03978732538651703,gastrointestinal
3432865,0.8538506229885723,0.027687862902094844,0.06480728125909124,0.008864650263491248,0.004225532722756644,0.04056404986399336,gastrointestinal
3433766,0.7853568856717584,0.03198703583681494,0.13094822134499612,0.00925421245399903,0.004121790728799069,0.03833185396363257,gastrointestinal
3433792,0.8521837921415458,0.029124780638407264,0.06495180394876976,0.00889536646560353,0.004256763199243155,0.04058749360643056,gastrointestinal
348136,0.8466226407594238,0.029864321261165682,0.07049797362016563,0.0088975067838926,0.0042414973060102374,0.03987606026934223,gastrointestinal
36362,0.08993704738152287,0.1359205860898875,0.03555164527735166,0.04407970672981725,0.051306310026162226,0.6432047044952582,viraemic
3703201,0.5592636421720566,0.0735720461095325,0.22952110237391404,0.049597303893135936,0.018804773453501622,0.06924113199785972,gastrointestinal
3703354,0.8466226407594238,0.029864321261165682,0.07049797362016563,0.0088975067838926,0.0042414973060102374,0.03987606026934223,gastrointestinal
3703637,0.8466226407594238,0.029864321261165682,0.07049797362016563,0.0088975067838926,0.0042414973060102374,0.03987606026934223,gastrointestinal
37140,0.795012156868732,0.04629874244532557,0.10625018224467382,0.011837008242364375,0.005588130491809912,0.03501377970709452,gastrointestinal
37741,0.060853162294262395,0.1471153004958919,0.08022064178366584,0.1060650261058547,0.12355712676221974,0.4821887425581054,viraemic
38016,0.8466226407594238,0.029864321261165682,0.07049797362016563,0.0088975067838926,0.0042414973060102374,0.03987606026934223,gastrointestinal
384335,0.8466226407594238,0.029864321261165682,0.07049797362016563,0.0088975067838926,0.0042414973060102374,0.03987606026934223,gastrointestinal
38768,0.09758844272504594,0.10529661068769416,0.1961418385032803,0.10138127358589646,0.07748540650550167,0.42210642799258113,viraemic
412463,0.8466226407594238,0.029864321261165682,0.07049797362016563,0.0088975067838926,0.0042414973060102374,0.03987606026934223,gastrointestinal
430511,0.27546228211092355,0.17588474432030518,0.14024101439819667,0.10225900088583015,0.09036779416055193,0.2157851641241926,gastrointestinal
433730,0.851273131877753,0.031065488811199072,0.06481959260255138,0.00918402401548384,0.004265502774434939,0.03939225991857751,gastrointestinal
433731,0.8734092944041398,0.026959302115100572,0.05314802346595298,0.00894208549972289,0.00393923957196445,0.033602054943119145,gastrointestinal
433732,0.8622322181784586,0.027955344509027053,0.05964435905902862,0.009133463250531172,0.004005799219708966,0.037028815783245586,gastrointestinal
47681,0.8347632775852835,0.03171681384416643,0.07080213615713575,0.011335152284595052,0.005555778422965233,0.0458268417058539,gastrointestinal
481493,0.8466226407594238,0.029864321261165682,0.07049797362016563,0.0088975067838926,0.0042414973060102374,0.03987606026934223,gastrointestinal
481494,0.8342621970503544,0.028576448324275062,0.08662277690950478,0.00862888770398453,0.00409499458332904,0.037814695428552265,gastrointestinal
481495,0.8466226407594238,0.029864321261165682,0.07049797362016563,0.0088975067838926,0.0042414973060102374,0.03987606026934223,gastrointestinal
481497,0.8490125796718988,0.029110357902437642,0.06983229228225057,0.008861699882028472,0.00420866232634705,0.03897440793503787,gastrointestinal
481498,0.8466226407594238,0.029864321261165682,0.07049797362016563,0.0088975067838926,0.0042414973060102374,0.03987606026934223,gastrointestinal
481502,0.8466226407594238,0.029864321261165682,0.07049797362016563,0.0088975067838926,0.0042414973060102374,0.03987606026934223,gastrointestinal
481503,0.8196095996230701,0.03022163408110845,0.09858172083102226,0.009581090552281766,0.004249256830903772,0.037756698081613804,gastrointestinal
481504,0.8430712640434039,0.028826343798670412,0.07545831569422856,0.00900941481281995,0.004297198139040578,0.03933746351183683,gastrointestinal
481505,0.8466226407594238,0.029864321261165682,0.07049797362016563,0.0088975067838926,0.0042414973060102374,0.03987606026934223,gastrointestinal
481506,0.8466226407594238,0.029864321261165682,0.07049797362016563,0.0088975067838926,0.0042414973060102374,0.03987606026934223,gastrointestinal
481507,0.8466226407594238,0.029864321261165682,0.07049797362016563,0.0088975067838926,0.0042414973060102374,0.03987606026934223,gastrointestinal
481508,0.8466226407594238,0.029864321261165682,0.07049797362016563,0.0088975067838926,0.0042414973060102374,0.03987606026934223,gastrointestinal
481510,0.8399304123084317,0.0299121400318039,0.0786597273971578,0.008953783996592088,0.004238514692094087,0.03830542157392012,gastrointestinal
481511,0.8466226407594238,0.029864321261165682,0.07049797362016563,0.0088975067838926,0.0042414973060102374,0.03987606026934223,gastrointestinal
481513,0.8492049550105623,0.02989789878831997,0.0684846385902309,0.008879416766955086,0.004225244810376555,0.03930784603355539,gastrointestinal
481515,0.8466226407594238,0.029864321261165682,0.07049797362016563,0.0088975067838926,0.0042414973060102374,0.03987606026934223,gastrointestinal
481516,0.8466226407594238,0.029864321261165682,0.07049797362016563,0.0088975067838926,0.0042414973060102374,0.03987606026934223,gastrointestinal
481517,0.8466226407594238,0.029864321261165682,0.07049797362016563,0.0088975067838926,0.0042414973060102374,0.03987606026934223,gastrointestinal
496406,0.8466226407594238,0.029864321261165682,0.07049797362016563,0.0088975067838926,0.0042414973060102374,0.03987606026934223,gastrointestinal
496407,0.8338148149042393,0.032319309909397284,0.08015918963591921,0.00915583967113661,0.004560322033743547,0.03999052384556416,gastrointestinal
496408,0.8466226407594238,0.029864321261165682,0.07049797362016563,0.0088975067838926,0.0042414973060102374,0.03987606026934223,gastrointestinal
496409,0.8338148149042393,0.032319309909397284,0.08015918963591921,0.00915583967113661,0.004560322033743547,0.03999052384556416,gastrointestinal
497343,0.05655548251253548,0.0954115951375885,0.2237430416439318,0.08374976034736362,0.060449456507089695,0.48009066385149146,viraemic
497344,0.07030392662314724,0.11379313431072037,0.2001533344937891,0.07237852904826281,0.05255151347746836,0.4908195620466117,viraemic
497915,0.8466226407594238,0.029864321261165682,0.07049797362016563,0.0088975067838926,0.0042414973060102374,0.03987606026934223,gastrointestinal
532080,0.8466226407594238,0.029864321261165682,0.07049797362016563,0.0088975067838926,0.0042414973060102374,0.03987606026934223,gastrointestinal
532081,0.8466226407594238,0.029864321261165682,0.07049797362016563,0.0088975067838926,0.0042414973060102374,0.03987606026934223,gastrointestinal
532082,0.8466226407594238,0.029864321261165682,0.07049797362016563,0.0088975067838926,0.0042414973060102374,0.03987606026934223,gastrointestinal
532083,0.8466226407594238,0.029864321261165682,0.07049797362016563,0.0088975067838926,0.0042414973060102374,0.03987606026934223,gastrointestinal
532084,0.8466226407594238,0.029864321261165682,0.07049797362016563,0.0088975067838926,0.0042414973060102374,0.03987606026934223,gastrointestinal
532085,0.8466226407594238,0.029864321261165682,0.07049797362016563,0.0088975067838926,0.0042414973060102374,0.03987606026934223,gastrointestinal
532086,0.8466226407594238,0.029864321261165682,0.07049797362016563,0.0088975067838926,0.0042414973060102374,0.03987606026934223,gastrointestinal
532087,0.8466226407594238,0.029864321261165682,0.07049797362016563,0.0088975067838926,0.0042414973060102374,0.03987606026934223,gastrointestinal
532088,0.8466226407594238,0.029864321261165682,0.07049797362016563,0.0088975067838926,0.0042414973060102374,0.03987606026934223,gastrointestinal
532089,0.8466226407594238,0.029864321261165682,0.07049797362016563,0.0088975067838926,0.0042414973060102374,0.03987606026934223,gastrointestinal
532090,0.8466226407594238,0.029864321261165682,0.07049797362016563,0.0088975067838926,0.0042414973060102374,0.03987606026934223,gastrointestinal
532091,0.8466226407594238,0.029864321261165682,0.07049797362016563,0.0088975067838926,0.0042414973060102374,0.03987606026934223,gastrointestinal
532092,0.8466226407594238,0.029864321261165682,0.07049797362016563,0.0088975067838926,0.0042414973060102374,0.03987606026934223,gastrointestinal
532093,0.8466226407594238,0.029864321261165682,0.07049797362016563,0.0088975067838926,0.0042414973060102374,0.03987606026934223,gastrointestinal
532094,0.8466226407594238,0.029864321261165682,0.07049797362016563,0.0088975067838926,0.0042414973060102374,0.03987606026934223,gastrointestinal
532095,0.8466226407594238,0.029864321261165682,0.07049797362016563,0.0088975067838926,0.0042414973060102374,0.03987606026934223,gastrointestinal
532096,0.8466226407594238,0.029864321261165682,0.07049797362016563,0.0088975067838926,0.0042414973060102374,0.03987606026934223,gastrointestinal
532097,0.8466226407594238,0.029864321261165682,0.07049797362016563,0.0088975067838926,0.0042414973060102374,0.03987606026934223,gastrointestinal
532098,0.8466226407594238,0.029864321261165682,0.07049797362016563,0.0088975067838926,0.0042414973060102374,0.03987606026934223,gastrointestinal
532099,0.8466226407594238,0.029864321261165682,0.07049797362016563,0.0088975067838926,0.0042414973060102374,0.03987606026934223,gastrointestinal
532100,0.8466226407594238,0.029864321261165682,0.07049797362016563,0.0088975067838926,0.0042414973060102374,0.03987606026934223,gastrointestinal
532101,0.8466226407594238,0.029864321261165682,0.07049797362016563,0.0088975067838926,0.0042414973060102374,0.03987606026934223,gastrointestinal
532102,0.8466226407594238,0.029864321261165682,0.07049797362016563,0.0088975067838926,0.0042414973060102374,0.03987606026934223,gastrointestinal
537508,0.8466226407594238,0.029864321261165682,0.07049797362016563,0.0088975067838926,0.0042414973060102374,0.03987606026934223,gastrointestinal
537509,0.8466226407594238,0.029864321261165682,0.07049797362016563,0.0088975067838926,0.0042414973060102374,0.03987606026934223,gastrointestinal
537510,0.8466226407594238,0.029864321261165682,0.07049797362016563,0.0088975067838926,0.0042414973060102374,0.03987606026934223,gastrointestinal
537511,0.8466226407594238,0.029864321261165682,0.07049797362016563,0.0088975067838926,0.0042414973060102374,0.03987606026934223,gastrointestinal
537512,0.8466226407594238,0.029864321261165682,0.07049797362016563,0.0088975067838926,0.0042414973060102374,0.03987606026934223,gastrointestinal
537513,0.8466226407594238,0.029864321261165682,0.07049797362016563,0.0088975067838926,0.0042414973060102374,0.03987606026934223,gastrointestinal
537514,0.8466226407594238,0.029864321261165682,0.07049797362016563,0.0088975067838926,0.0042414973060102374,0.03987606026934223,gastrointestinal
537515,0.8466226407594238,0.029864321261165682,0.07049797362016563,0.0088975067838926,0.0042414973060102374,0.03987606026934223,gastrointestinal
537516,0.8466226407594238,0.029864321261165682,0.07049797362016563,0.0088975067838926,0.0042414973060102374,0.03987606026934223,gastrointestinal
537517,0.845967199343993,0.02939253497931296,0.07292977469262552,0.008882948839749967,0.004132033701291149,0.038695508443027535,gastrointestinal
537518,0.8466226407594238,0.029864321261165682,0.07049797362016563,0.0088975067838926,0.0042414973060102374,0.03987606026934223,gastrointestinal
537519,0.8466226407594238,0.029864321261165682,0.07049797362016563,0.0088975067838926,0.0042414973060102374,0.03987606026934223,gastrointestinal
537520,0.8466226407594238,0.029864321261165682,0.07049797362016563,0.0088975067838926,0.0042414973060102374,0.03987606026934223,gastrointestinal
537521,0.8466226407594238,0.029864321261165682,0.07049797362016563,0.0088975067838926,0.0042414973060102374,0.03987606026934223,gastrointestinal
537522,0.8466226407594238,0.029864321261165682,0.07049797362016563,0.0088975067838926,0.0042414973060102374,0.03987606026934223,gastrointestinal
537523,0.8466226407594238,0.029864321261165682,0.07049797362016563,0.0088975067838926,0.0042414973060102374,0.03987606026934223,gastrointestinal
537524,0.8409450049391892,0.03022283616855732,0.07620955487683445,0.00850317927815094,0.004207795338016136,0.0399116293992519,gastrointestinal
537525,0.8466226407594238,0.029864321261165682,0.07049797362016563,0.0088975067838926,0.0042414973060102374,0.03987606026934223,gastrointestinal
537526,0.8409450049391892,0.03022283616855732,0.07620955487683445,0.00850317927815094,0.004207795338016136,0.0399116293992519,gastrointestinal
537527,0.8466226407594238,0.029864321261165682,0.07049797362016563,0.0088975067838926,0.0042414973060102374,0.03987606026934223,gastrointestinal
537528,0.8466226407594238,0.029864321261165682,0.07049797362016563,0.0088975067838926,0.0042414973060102374,0.03987606026934223,gastrointestinal
537529,0.8466226407594238,0.029864321261165682,0.07049797362016563,0.0088975067838926,0.0042414973060102374,0.03987606026934223,gastrointestinal
537530,0.8466226407594238,0.029864321261165682,0.07049797362016563,0.0088975067838926,0.0042414973060102374,0.03987606026934223,gastrointestinal
537531,0.8466226407594238,0.029864321261165682,0.07049797362016563,0.0088975067838926,0.0042414973060102374,0.03987606026934223,gastrointestinal
537532,0.8466226407594238,0.029864321261165682,0.07049797362016563,0.0088975067838926,0.0042414973060102374,0.03987606026934223,gastrointestinal
537533,0.8466226407594238,0.029864321261165682,0.07049797362016563,0.0088975067838926,0.0042414973060102374,0.03987606026934223,gastrointestinal
537534,0.8409450049391892,0.03022283616855732,0.07620955487683445,0.00850317927815094,0.004207795338016136,0.0399116293992519,gastrointestinal
537535,0.8409450049391892,0.03022283616855732,0.07620955487683445,0.00850317927815094,0.004207795338016136,0.0399116293992519,gastrointestinal
537536,0.8466226407594238,0.029864321261165682,0.07049797362016563,0.0088975067838926,0.0042414973060102374,0.03987606026934223,gastrointestinal
537537,0.8466226407594238,0.029864321261165682,0.07049797362016563,0.0088975067838926,0.0042414973060102374,0.03987606026934223,gastrointestinal
537538,0.8466226407594238,0.029864321261165682,0.07049797362016563,0.0088975067838926,0.0042414973060102374,0.03987606026934223,gastrointestinal
537539,0.7813207163754536,0.02729854019052284,0.14219028890443863,0.00923879881516599,0.003867057724647275,0.0360845979897717,gastrointestinal
537540,0.8466226407594238,0.029864321261165682,0.07049797362016563,0.0088975067838926,0.0042414973060102374,0.03987606026934223,gastrointestinal
537541,0.8466226407594238,0.029864321261165682,0.07049797362016563,0.0088975067838926,0.0042414973060102374,0.03987606026934223,gastrointestinal
537542,0.8466226407594238,0.029864321261165682,0.07049797362016563,0.0088975067838926,0.0042414973060102374,0.03987606026934223,gastrointestinal
537543,0.8466226407594238,0.029864321261165682,0.07049797362016563,0.0088975067838926,0.0042414973060102374,0.03987606026934223,gastrointestinal
537544,0.8466226407594238,0.029864321261165682,0.07049797362016563,0.0088975067838926,0.0042414973060102374,0.03987606026934223,gastrointestinal
537545,0.8466226407594238,0.029864321261165682,0.07049797362016563,0.0088975067838926,0.0042414973060102374,0.03987606026934223,gastrointestinal
537546,0.8466226407594238,0.029864321261165682,0.07049797362016563,0.0088975067838926,0.0042414973060102374,0.03987606026934223,gastrointestinal
537547,0.8409450049391892,0.03022283616855732,0.07620955487683445,0.00850317927815094,0.004207795338016136,0.0399116293992519,gastrointestinal
537548,0.8466226407594238,0.029864321261165682,0.07049797362016563,0.0088975067838926,0.0042414973060102374,0.03987606026934223,gastrointestinal
537549,0.8466226407594238,0.029864321261165682,0.07049797362016563,0.0088975067838926,0.0042414973060102374,0.03987606026934223,gastrointestinal
537550,0.8409450049391892,0.03022283616855732,0.07620955487683445,0.00850317927815094,0.004207795338016136,0.0399116293992519,gastrointestinal
537551,0.8466226407594238,0.029864321261165682,0.07049797362016563,0.0088975067838926,0.0042414973060102374,0.03987606026934223,gastrointestinal
537552,0.8466226407594238,0.029864321261165682,0.07049797362016563,0.0088975067838926,0.0042414973060102374,0.03987606026934223,gastrointestinal
537553,0.838870349413714,0.03064863965504886,0.07952429048421011,0.008710257347478436,0.004220504805976192,0.03802595829357282,gastrointestinal
537554,0.8466226407594238,0.029864321261165682,0.07049797362016563,0.0088975067838926,0.0042414973060102374,0.03987606026934223,gastrointestinal
537555,0.774477261163629,0.033986576358171455,0.14279053697662392,0.009353034658405089,0.004107028606875013,0.03528556223629559,gastrointestinal
537556,0.8466226407594238,0.029864321261165682,0.07049797362016563,0.0088975067838926,0.0042414973060102374,0.03987606026934223,gastrointestinal
537557,0.8400546775166201,0.029750360863186973,0.07887594095417692,0.008488473334774142,0.0040982559912981905,0.03873229133994364,gastrointestinal
537558,0.8409450049391892,0.03022283616855732,0.07620955487683445,0.00850317927815094,0.004207795338016136,0.0399116293992519,gastrointestinal
537559,0.8466226407594238,0.029864321261165682,0.07049797362016563,0.0088975067838926,0.0042414973060102374,0.03987606026934223,gastrointestinal
537560,0.8466226407594238,0.029864321261165682,0.07049797362016563,0.0088975067838926,0.0042414973060102374,0.03987606026934223,gastrointestinal
537561,0.8466226407594238,0.029864321261165682,0.07049797362016563,0.0088975067838926,0.0042414973060102374,0.03987606026934223,gastrointestinal
537562,0.8466226407594238,0.029864321261165682,0.07049797362016563,0.0088975067838926,0.0042414973060102374,0.03987606026934223,gastrointestinal
537563,0.8466226407594238,0.029864321261165682,0.07049797362016563,0.0088975067838926,0.0042414973060102374,0.03987606026934223,gastrointestinal
537564,0.8466226407594238,0.029864321261165682,0.07049797362016563,0.0088975067838926,0.0042414973060102374,0.03987606026934223,gastrointestinal
537565,0.7813207163754536,0.02729854019052284,0.14219028890443863,0.00923879881516599,0.003867057724647275,0.0360845979897717,gastrointestinal
537566,0.8466226407594238,0.029864321261165682,0.07049797362016563,0.0088975067838926,0.0042414973060102374,0.03987606026934223,gastrointestinal
537567,0.8466226407594238,0.029864321261165682,0.07049797362016563,0.0088975067838926,0.0042414973060102374,0.03987606026934223,gastrointestinal
537568,0.8466226407594238,0.029864321261165682,0.07049797362016563,0.0088975067838926,0.0042414973060102374,0.03987606026934223,gastrointestinal
537569,0.8466226407594238,0.029864321261165682,0.07049797362016563,0.0088975067838926,0.0042414973060102374,0.03987606026934223,gastrointestinal
537570,0.8299139393425518,0.024552275108644436,0.09903030952182752,0.008073094081020681,0.0036740730793076047,0.03475630886664836,gastrointestinal
537571,0.8466226407594238,0.029864321261165682,0.07049797362016563,0.0088975067838926,0.0042414973060102374,0.03987606026934223,gastrointestinal
537572,0.8466226407594238,0.029864321261165682,0.07049797362016563,0.0088975067838926,0.0042414973060102374,0.03987606026934223,gastrointestinal
537573,0.8466226407594238,0.029864321261165682,0.07049797362016563,0.0088975067838926,0.0042414973060102374,0.03987606026934223,gastrointestinal
537574,0.8466226407594238,0.029864321261165682,0.07049797362016563,0.0088975067838926,0.0042414973060102374,0.03987606026934223,gastrointestinal
537575,0.8466226407594238,0.029864321261165682,0.07049797362016563,0.0088975067838926,0.0042414973060102374,0.03987606026934223,gastrointestinal
537576,0.8466226407594238,0.029864321261165682,0.07049797362016563,0.0088975067838926,0.0042414973060102374,0.03987606026934223,gastrointestinal
537577,0.8466226407594238,0.029864321261165682,0.07049797362016563,0.0088975067838926,0.0042414973060102374,0.03987606026934223,gastrointestinal
537578,0.771622257931119,0.03379820283588382,0.14500444406070637,0.00981200497690966,0.004253302453306191,0.03550978774207513,gastrointestinal
537579,0.8466226407594238,0.029864321261165682,0.07049797362016563,0.0088975067838926,0.0042414973060102374,0.03987606026934223,gastrointestinal
537580,0.8466226407594238,0.029864321261165682,0.07049797362016563,0.0088975067838926,0.0042414973060102374,0.03987606026934223,gastrointestinal
537581,0.8466226407594238,0.029864321261165682,0.07049797362016563,0.0088975067838926,0.0042414973060102374,0.03987606026934223,gastrointestinal
537582,0.8466226407594238,0.029864321261165682,0.07049797362016563,0.0088975067838926,0.0042414973060102374,0.03987606026934223,gastrointestinal
537583,0.8466226407594238,0.029864321261165682,0.07049797362016563,0.0088975067838926,0.0042414973060102374,0.03987606026934223,gastrointestinal
537584,0.838870349413714,0.03064863965504886,0.07952429048421011,0.008710257347478436,0.004220504805976192,0.03802595829357282,gastrointestinal
537585,0.8466226407594238,0.029864321261165682,0.07049797362016563,0.0088975067838926,0.0042414973060102374,0.03987606026934223,gastrointestinal
537586,0.8466226407594238,0.029864321261165682,0.07049797362016563,0.0088975067838926,0.0042414973060102374,0.03987606026934223,gastrointestinal
537587,0.8466226407594238,0.029864321261165682,0.07049797362016563,0.0088975067838926,0.0042414973060102374,0.03987606026934223,gastrointestinal
537588,0.8466226407594238,0.029864321261165682,0.07049797362016563,0.0088975067838926,0.0042414973060102374,0.03987606026934223,gastrointestinal
537589,0.8405894011334655,0.029249574558080776,0.08105475778485903,0.008925028482695625,0.0041959301722337234,0.0359853078686658,gastrointestinal
537590,0.8466226407594238,0.029864321261165682,0.07049797362016563,0.0088975067838926,0.0042414973060102374,0.03987606026934223,gastrointestinal
537591,0.8466226407594238,0.029864321261165682,0.07049797362016563,0.0088975067838926,0.0042414973060102374,0.03987606026934223,gastrointestinal
537592,0.8466226407594238,0.029864321261165682,0.07049797362016563,0.0088975067838926,0.0042414973060102374,0.03987606026934223,gastrointestinal
537593,0.8466226407594238,0.029864321261165682,0.07049797362016563,0.0088975067838926,0.0042414973060102374,0.03987606026934223,gastrointestinal
543937,0.24168441613822686,0.08882243172135562,0.060609515989930425,0.021185693616443353,0.06028330797801938,0.5274146345560244,viraemic
546676,0.8466226407594238,0.029864321261165682,0.07049797362016563,0.0088975067838926,0.0042414973060102374,0.03987606026934223,gastrointestinal
546677,0.8466226407594238,0.029864321261165682,0.07049797362016563,0.0088975067838926,0.0042414973060102374,0.03987606026934223,gastrointestinal
546678,0.8466226407594238,0.029864321261165682,0.07049797362016563,0.0088975067838926,0.0042414973060102374,0.03987606026934223,gastrointestinal
546679,0.8466226407594238,0.029864321261165682,0.07049797362016563,0.0088975067838926,0.0042414973060102374,0.03987606026934223,gastrointestinal
546680,0.8466226407594238,0.029864321261165682,0.07049797362016563,0.0088975067838926,0.0042414973060102374,0.03987606026934223,gastrointestinal
546681,0.8466226407594238,0.029864321261165682,0.07049797362016563,0.0088975067838926,0.0042414973060102374,0.03987606026934223,gastrointestinal
546682,0.8466226407594238,0.029864321261165682,0.07049797362016563,0.0088975067838926,0.0042414973060102374,0.03987606026934223,gastrointestinal
546683,0.8466226407594238,0.029864321261165682,0.07049797362016563,0.0088975067838926,0.0042414973060102374,0.03987606026934223,gastrointestinal
546684,0.8466226407594238,0.029864321261165682,0.07049797362016563,0.0088975067838926,0.0042414973060102374,0.03987606026934223,gastrointestinal
546685,0.8466226407594238,0.029864321261165682,0.07049797362016563,0.0088975067838926,0.0042414973060102374,0.03987606026934223,gastrointestinal
546686,0.8466226407594238,0.029864321261165682,0.07049797362016563,0.0088975067838926,0.0042414973060102374,0.03987606026934223,gastrointestinal
546687,0.8466226407594238,0.029864321261165682,0.07049797362016563,0.0088975067838926,0.0042414973060102374,0.03987606026934223,gastrointestinal
546688,0.8466226407594238,0.029864321261165682,0.07049797362016563,0.0088975067838926,0.0042414973060102374,0.03987606026934223,gastrointestinal
546689,0.8466226407594238,0.029864321261165682,0.07049797362016563,0.0088975067838926,0.0042414973060102374,0.03987606026934223,gastrointestinal
546690,0.8466226407594238,0.029864321261165682,0.07049797362016563,0.0088975067838926,0.0042414973060102374,0.03987606026934223,gastrointestinal
546691,0.8466226407594238,0.029864321261165682,0.07049797362016563,0.0088975067838926,0.0042414973060102374,0.03987606026934223,gastrointestinal
546692,0.8466226407594238,0.029864321261165682,0.07049797362016563,0.0088975067838926,0.0042414973060102374,0.03987606026934223,gastrointestinal
546693,0.8601818338453425,0.029869927494836232,0.0629331242706794,0.009126517135126088,0.004130137928666837,0.03375845932534859,gastrointestinal
546694,0.8466226407594238,0.029864321261165682,0.07049797362016563,0.0088975067838926,0.0042414973060102374,0.03987606026934223,gastrointestinal
546695,0.8466226407594238,0.029864321261165682,0.07049797362016563,0.0088975067838926,0.0042414973060102374,0.03987606026934223,gastrointestinal
546696,0.8466226407594238,0.029864321261165682,0.07049797362016563,0.0088975067838926,0.0042414973060102374,0.03987606026934223,gastrointestinal
546697,0.8466226407594238,0.029864321261165682,0.07049797362016563,0.0088975067838926,0.0042414973060102374,0.03987606026934223,gastrointestinal
546698,0.8466226407594238,0.029864321261165682,0.07049797362016563,0.0088975067838926,0.0042414973060102374,0.03987606026934223,gastrointestinal
546699,0.8466226407594238,0.029864321261165682,0.07049797362016563,0.0088975067838926,0.0042414973060102374,0.03987606026934223,gastrointestinal
546700,0.8466226407594238,0.029864321261165682,0.07049797362016563,0.0088975067838926,0.0042414973060102374,0.03987606026934223,gastrointestinal
546701,0.8466226407594238,0.029864321261165682,0.07049797362016563,0.0088975067838926,0.0042414973060102374,0.03987606026934223,gastrointestinal
546702,0.8466226407594238,0.029864321261165682,0.07049797362016563,0.0088975067838926,0.0042414973060102374,0.03987606026934223,gastrointestinal
546703,0.8466226407594238,0.029864321261165682,0.07049797362016563,0.0088975067838926,0.0042414973060102374,0.03987606026934223,gastrointestinal
546704,0.8466226407594238,0.029864321261165682,0.07049797362016563,0.0088975067838926,0.0042414973060102374,0.03987606026934223,gastrointestinal
546705,0.8466226407594238,0.029864321261165682,0.07049797362016563,0.0088975067838926,0.0042414973060102374,0.03987606026934223,gastrointestinal
546706,0.8466226407594238,0.029864321261165682,0.07049797362016563,0.0088975067838926,0.0042414973060102374,0.03987606026934223,gastrointestinal
546707,0.8466226407594238,0.029864321261165682,0.07049797362016563,0.0088975067838926,0.0042414973060102374,0.03987606026934223,gastrointestinal
546708,0.8466226407594238,0.029864321261165682,0.07049797362016563,0.0088975067838926,0.0042414973060102374,0.03987606026934223,gastrointestinal
546709,0.8466226407594238,0.029864321261165682,0.07049797362016563,0.0088975067838926,0.0042414973060102374,0.03987606026934223,gastrointestinal
546710,0.8466226407594238,0.029864321261165682,0.07049797362016563,0.0088975067838926,0.0042414973060102374,0.03987606026934223,gastrointestinal
546711,0.8466226407594238,0.029864321261165682,0.07049797362016563,0.0088975067838926,0.0042414973060102374,0.03987606026934223,gastrointestinal
546712,0.8466226407594238,0.029864321261165682,0.07049797362016563,0.0088975067838926,0.0042414973060102374,0.03987606026934223,gastrointestinal
546713,0.8466226407594238,0.029864321261165682,0.07049797362016563,0.0088975067838926,0.0042414973060102374,0.03987606026934223,gastrointestinal
546714,0.8466226407594238,0.029864321261165682,0.07049797362016563,0.0088975067838926,0.0042414973060102374,0.03987606026934223,gastrointestinal
546715,0.8466226407594238,0.029864321261165682,0.07049797362016563,0.0088975067838926,0.0042414973060102374,0.03987606026934223,gastrointestinal
546716,0.8466226407594238,0.029864321261165682,0.07049797362016563,0.0088975067838926,0.0042414973060102374,0.03987606026934223,gastrointestinal
546717,0.8466226407594238,0.029864321261165682,0.07049797362016563,0.0088975067838926,0.0042414973060102374,0.03987606026934223,gastrointestinal
546718,0.8466226407594238,0.029864321261165682,0.07049797362016563,0.0088975067838926,0.0042414973060102374,0.03987606026934223,gastrointestinal
546719,0.8466226407594238,0.029864321261165682,0.07049797362016563,0.0088975067838926,0.0042414973060102374,0.03987606026934223,gastrointestinal
546720,0.8466226407594238,0.029864321261165682,0.07049797362016563,0.0088975067838926,0.0042414973060102374,0.03987606026934223,gastrointestinal
546721,0.8466226407594238,0.029864321261165682,0.07049797362016563,0.0088975067838926,0.0042414973060102374,0.03987606026934223,gastrointestinal
546722,0.8457326878643485,0.027985587844169456,0.07579725872092634,0.008663315476758754,0.004017823458393033,0.03780332663540448,gastrointestinal
546723,0.8466226407594238,0.029864321261165682,0.07049797362016563,0.0088975067838926,0.0042414973060102374,0.03987606026934223,gastrointestinal
546725,0.8466226407594238,0.029864321261165682,0.07049797362016563,0.0088975067838926,0.0042414973060102374,0.03987606026934223,gastrointestinal
546726,0.8466226407594238,0.029864321261165682,0.07049797362016563,0.0088975067838926,0.0042414973060102374,0.03987606026934223,gastrointestinal
546727,0.8466226407594238,0.029864321261165682,0.07049797362016563,0.0088975067838926,0.0042414973060102374,0.03987606026934223,gastrointestinal
546728,0.8466226407594238,0.029864321261165682,0.07049797362016563,0.0088975067838926,0.0042414973060102374,0.03987606026934223,gastrointestinal
546729,0.8466226407594238,0.029864321261165682,0.07049797362016563,0.0088975067838926,0.0042414973060102374,0.03987606026934223,gastrointestinal
57667,0.8285993437065265,0.034325017498212436,0.08222365450927528,0.011681435711130976,0.0050595926181713925,0.03811095595668335,gastrointestinal
580061,0.8466226407594238,0.029864321261165682,0.07049797362016563,0.0088975067838926,0.0042414973060102374,0.03987606026934223,gastrointestinal
586421,0.8466226407594238,0.029864321261165682,0.07049797362016563,0.0088975067838926,0.0042414973060102374,0.03987606026934223,gastrointestinal
611726,0.8466226407594238,0.029864321261165682,0.07049797362016563,0.0088975067838926,0.0042414973060102374,0.03987606026934223,gastrointestinal
611727,0.8466226407594238,0.029864321261165682,0.07049797362016563,0.0088975067838926,0.0042414973060102374,0.03987606026934223,gastrointestinal
611728,0.8548305837887524,0.028922912860411095,0.06596533040773425,0.009049800656915349,0.004178097374217686,0.03705327491196861,gastrointestinal
611729,0.8466226407594238,0.029864321261165682,0.07049797362016563,0.0088975067838926,0.0042414973060102374,0.03987606026934223,gastrointestinal
611730,0.8466226407594238,0.029864321261165682,0.07049797362016563,0.0088975067838926,0.0042414973060102374,0.03987606026934223,gastrointestinal
611731,0.8466226407594238,0.029864321261165682,0.07049797362016563,0.0088975067838926,0.0042414973060102374,0.03987606026934223,gastrointestinal
611732,0.8466226407594238,0.029864321261165682,0.07049797362016563,0.0088975067838926,0.0042414973060102374,0.03987606026934223,gastrointestinal
611733,0.8466226407594238,0.029864321261165682,0.07049797362016563,0.0088975067838926,0.0042414973060102374,0.03987606026934223,gastrointestinal
611734,0.8466226407594238,0.029864321261165682,0.07049797362016563,0.0088975067838926,0.0042414973060102374,0.03987606026934223,gastrointestinal
611735,0.8466226407594238,0.029864321261165682,0.07049797362016563,0.0088975067838926,0.0042414973060102374,0.03987606026934223,gastrointestinal
611736,0.8466226407594238,0.029864321261165682,0.07049797362016563,0.0088975067838926,0.0042414973060102374,0.03987606026934223,gastrointestinal
611737,0.833756665599065,0.028686082412583743,0.08777835543441312,0.008336769955792465,0.004030099469717206,0.037412027128428636,gastrointestinal
611738,0.8466226407594238,0.029864321261165682,0.07049797362016563,0.0088975067838926,0.0042414973060102374,0.03987606026934223,gastrointestinal
611739,0.8466226407594238,0.029864321261165682,0.07049797362016563,0.0088975067838926,0.0042414973060102374,0.03987606026934223,gastrointestinal
611740,0.8466226407594238,0.029864321261165682,0.07049797362016563,0.0088975067838926,0.0042414973060102374,0.03987606026934223,gastrointestinal
611741,0.8466226407594238,0.029864321261165682,0.07049797362016563,0.0088975067838926,0.0042414973060102374,0.03987606026934223,gastrointestinal
611742,0.8466226407594238,0.029864321261165682,0.07049797362016563,0.0088975067838926,0.0042414973060102374,0.03987606026934223,gastrointestinal
611743,0.8466226407594238,0.029864321261165682,0.07049797362016563,0.0088975067838926,0.0042414973060102374,0.03987606026934223,gastrointestinal
611744,0.8466226407594238,0.029864321261165682,0.07049797362016563,0.0088975067838926,0.0042414973060102374,0.03987606026934223,gastrointestinal
611745,0.8466226407594238,0.029864321261165682,0.07049797362016563,0.0088975067838926,0.0042414973060102374,0.03987606026934223,gastrointestinal
611746,0.8466226407594238,0.029864321261165682,0.07049797362016563,0.0088975067838926,0.0042414973060102374,0.03987606026934223,gastrointestinal
611747,0.8466226407594238,0.029864321261165682,0.07049797362016563,0.0088975067838926,0.0042414973060102374,0.03987606026934223,gastrointestinal
611748,0.8466226407594238,0.029864321261165682,0.07049797362016563,0.0088975067838926,0.0042414973060102374,0.03987606026934223,gastrointestinal
611749,0.8466226407594238,0.029864321261165682,0.07049797362016563,0.0088975067838926,0.0042414973060102374,0.03987606026934223,gastrointestinal
611750,0.8466226407594238,0.029864321261165682,0.07049797362016563,0.0088975067838926,0.0042414973060102374,0.03987606026934223,gastrointestinal
611751,0.8466226407594238,0.029864321261165682,0.07049797362016563,0.0088975067838926,0.0042414973060102374,0.03987606026934223,gastrointestinal
611752,0.8466226407594238,0.029864321261165682,0.07049797362016563,0.0088975067838926,0.0042414973060102374,0.03987606026934223,gastrointestinal
611753,0.8466226407594238,0.029864321261165682,0.07049797362016563,0.0088975067838926,0.0042414973060102374,0.03987606026934223,gastrointestinal
611754,0.8466226407594238,0.029864321261165682,0.07049797362016563,0.0088975067838926,0.0042414973060102374,0.03987606026934223,gastrointestinal
611755,0.8466226407594238,0.029864321261165682,0.07049797362016563,0.0088975067838926,0.0042414973060102374,0.03987606026934223,gastrointestinal
611756,0.8466226407594238,0.029864321261165682,0.07049797362016563,0.0088975067838926,0.0042414973060102374,0.03987606026934223,gastrointestinal
611757,0.8466226407594238,0.029864321261165682,0.07049797362016563,0.0088975067838926,0.0042414973060102374,0.03987606026934223,gastrointestinal
611758,0.8389818222300633,0.029328129439778906,0.07777094499936661,0.00917640210866343,0.004415612748521988,0.04032708847360563,gastrointestinal
611759,0.8389818222300633,0.029328129439778906,0.07777094499936661,0.00917640210866343,0.004415612748521988,0.04032708847360563,gastrointestinal
611760,0.8466226407594238,0.029864321261165682,0.07049797362016563,0.0088975067838926,0.0042414973060102374,0.03987606026934223,gastrointestinal
611761,0.8067720076407037,0.03343282577954336,0.09821064595967907,0.010341437742222116,0.00511959467549024,0.04612348820236139,gastrointestinal
611762,0.8466226407594238,0.029864321261165682,0.07049797362016563,0.0088975067838926,0.0042414973060102374,0.03987606026934223,gastrointestinal
611763,0.8466226407594238,0.029864321261165682,0.07049797362016563,0.0088975067838926,0.0042414973060102374,0.03987606026934223,gastrointestinal
611764,0.8428875746384623,0.029835297080858456,0.07592605087999897,0.008862132022166428,0.004190706375734727,0.03829823900277934,gastrointestinal
630715,0.8466226407594238,0.029864321261165682,0.07049797362016563,0.0088975067838926,0.0042414973060102374,0.03987606026934223,gastrointestinal
630716,0.8466226407594238,0.029864321261165682,0.07049797362016563,0.0088975067838926,0.0042414973060102374,0.03987606026934223,gastrointestinal
630717,0.8466226407594238,0.029864321261165682,0.07049797362016563,0.0088975067838926,0.0042414973060102374,0.03987606026934223,gastrointestinal
630718,0.8466226407594238,0.029864321261165682,0.07049797362016563,0.0088975067838926,0.0042414973060102374,0.03987606026934223,gastrointestinal
630719,0.8466226407594238,0.029864321261165682,0.07049797362016563,0.0088975067838926,0.0042414973060102374,0.03987606026934223,gastrointestinal
630720,0.8466226407594238,0.029864321261165682,0.07049797362016563,0.0088975067838926,0.0042414973060102374,0.03987606026934223,gastrointestinal
641884,0.6147160733582935,0.04699503727868503,0.18419956646390767,0.0275381150298271,0.017459816923818445,0.10909139094546819,gastrointestinal
64318,0.864761107595801,0.02887447661233145,0.05609366475642442,0.009179619237463672,0.00444893726491103,0.03664219453306849,gastrointestinal
647366,0.8466226407594238,0.029864321261165682,0.07049797362016563,0.0088975067838926,0.0042414973060102374,0.03987606026934223,gastrointestinal
647367,0.8466226407594238,0.029864321261165682,0.07049797362016563,0.0088975067838926,0.0042414973060102374,0.03987606026934223,gastrointestinal
647368,0.8466226407594238,0.029864321261165682,0.07049797362016563,0.0088975067838926,0.0042414973060102374,0.03987606026934223,gastrointestinal
647369,0.8453313169497304,0.03308084646338822,0.0683666772769718,0.009023834929669933,0.004154895119211705,0.040042429261027905,gastrointestinal
647370,0.8466226407594238,0.029864321261165682,0.07049797362016563,0.0088975067838926,0.0042414973060102374,0.03987606026934223,gastrointestinal
647371,0.8466226407594238,0.029864321261165682,0.07049797362016563,0.0088975067838926,0.0042414973060102374,0.03987606026934223,gastrointestinal
647372,0.830725267426597,0.03685877522486972,0.0746506860323051,0.00974951846875868,0.004535801674720905,0.04347995117274838,gastrointestinal
647373,0.8466226407594238,0.029864321261165682,0.07049797362016563,0.0088975067838926,0.0042414973060102374,0.03987606026934223,gastrointestinal
647374,0.8499985980378206,0.029699194992705413,0.06859738058230111,0.008878627890146727,0.004124195908219752,0.03870200258880631,gastrointestinal
650036,0.05606176702249538,0.12662115604389537,0.08558830807359442,0.08108371049996746,0.11363533908739773,0.537009719272649,viraemic
658667,0.8584396518621547,0.029617543944964055,0.05877787488214588,0.008921834242230527,0.004364405218149175,0.03987868985035567,gastrointestinal
659265,0.8466226407594238,0.029864321261165682,0.07049797362016563,0.0088975067838926,0.0042414973060102374,0.03987606026934223,gastrointestinal
662948,0.7215943568170682,0.032019523767348006,0.18441705771157405,0.013403311671340642,0.004979879891570845,0.043585870141098625,gastrointestinal
664661,0.8466226407594238,0.029864321261165682,0.07049797362016563,0.0088975067838926,0.0042414973060102374,0.03987606026934223,gastrointestinal
682383,0.8582899669433012,0.02914929903023824,0.060690812952776174,0.008908307713354584,0.004255419960406888,0.03870619339992277,gastrointestinal
682384,0.8584396518621547,0.029617543944964055,0.05877787488214588,0.008921834242230527,0.004364405218149175,0.03987868985035567,gastrointestinal
686195,0.8434093445107121,0.032605737670778574,0.06503938775585165,0.009727370000040857,0.004801299893288765,0.04441686016932783,gastrointestinal
686196,0.8422395554864262,0.032398098584696194,0.0657476400400239,0.009738665086551855,0.004852691691062705,0.04502334911123894,gastrointestinal
686197,0.8434093445107121,0.032605737670778574,0.06503938775585165,0.009727370000040857,0.004801299893288765,0.04441686016932783,gastrointestinal
686198,0.8415949918007635,0.03132966281509054,0.06908423214494712,0.009420562245297087,0.0046469680426225474,0.043923582951279204,gastrointestinal
686199,0.8471141231483915,0.031588031811689565,0.06084994978667644,0.009733148445471868,0.004866154371786066,0.04584859243598464,gastrointestinal
686200,0.8422395554864262,0.032398098584696194,0.0657476400400239,0.009738665086551855,0.004852691691062705,0.04502334911123894,gastrointestinal
686201,0.8422395554864262,0.032398098584696194,0.0657476400400239,0.009738665086551855,0.004852691691062705,0.04502334911123894,gastrointestinal
688450,0.8466226407594238,0.029864321261165682,0.07049797362016563,0.0088975067838926,0.0042414973060102374,0.03987606026934223,gastrointestinal
688451,0.8466226407594238,0.029864321261165682,0.07049797362016563,0.0088975067838926,0.0042414973060102374,0.03987606026934223,gastrointestinal
688452,0.8466226407594238,0.029864321261165682,0.07049797362016563,0.0088975067838926,0.0042414973060102374,0.03987606026934223,gastrointestinal
688453,0.8409450049391892,0.03022283616855732,0.07620955487683445,0.00850317927815094,0.004207795338016136,0.0399116293992519,gastrointestinal
688454,0.8466226407594238,0.029864321261165682,0.07049797362016563,0.0088975067838926,0.0042414973060102374,0.03987606026934223,gastrointestinal
688456,0.8368664399202254,0.031633853646562314,0.08036969087020021,0.009029011358209108,0.004186135648838587,0.0379148685559645,gastrointestinal
688457,0.8492049550105623,0.02989789878831997,0.0684846385902309,0.008879416766955086,0.004225244810376555,0.03930784603355539,gastrointestinal
688458,0.8466226407594238,0.029864321261165682,0.07049797362016563,0.0088975067838926,0.0042414973060102374,0.03987606026934223,gastrointestinal
688459,0.8466226407594238,0.029864321261165682,0.07049797362016563,0.0088975067838926,0.0042414973060102374,0.03987606026934223,gastrointestinal
688460,0.8466226407594238,0.029864321261165682,0.07049797362016563,0.0088975067838926,0.0042414973060102374,0.03987606026934223,gastrointestinal
688461,0.8466226407594238,0.029864321261165682,0.07049797362016563,0.0088975067838926,0.0042414973060102374,0.03987606026934223,gastrointestinal
688462,0.8466226407594238,0.029864321261165682,0.07049797362016563,0.0088975067838926,0.0042414973060102374,0.03987606026934223,gastrointestinal
688463,0.8466226407594238,0.029864321261165682,0.07049797362016563,0.0088975067838926,0.0042414973060102374,0.03987606026934223,gastrointestinal
688464,0.8492049550105623,0.02989789878831997,0.0684846385902309,0.008879416766955086,0.004225244810376555,0.03930784603355539,gastrointestinal
688465,0.8466226407594238,0.029864321261165682,0.07049797362016563,0.0088975067838926,0.0042414973060102374,0.03987606026934223,gastrointestinal
688466,0.8466226407594238,0.029864321261165682,0.07049797362016563,0.0088975067838926,0.0042414973060102374,0.03987606026934223,gastrointestinal
697906,0.8466226407594238,0.029864321261165682,0.07049797362016563,0.0088975067838926,0.0042414973060102374,0.03987606026934223,gastrointestinal
723802,0.8327677707238251,0.03115451142554045,0.0736766480500374,0.011992253540455827,0.004982027388686428,0.04542678887145514,gastrointestinal
741955,0.8466226407594238,0.029864321261165682,0.07049797362016563,0.0088975067838926,0.0042414973060102374,0.03987606026934223,gastrointestinal
741956,0.8466226407594238,0.029864321261165682,0.07049797362016563,0.0088975067838926,0.0042414973060102374,0.03987606026934223,gastrointestinal
741957,0.8466226407594238,0.029864321261165682,0.07049797362016563,0.0088975067838926,0.0042414973060102374,0.03987606026934223,gastrointestinal
741958,0.8466226407594238,0.029864321261165682,0.07049797362016563,0.0088975067838926,0.0042414973060102374,0.03987606026934223,gastrointestinal
741959,0.8409450049391892,0.03022283616855732,0.07620955487683445,0.00850317927815094,0.004207795338016136,0.0399116293992519,gastrointestinal
741960,0.8409450049391892,0.03022283616855732,0.07620955487683445,0.00850317927815094,0.004207795338016136,0.0399116293992519,gastrointestinal
741961,0.8466226407594238,0.029864321261165682,0.07049797362016563,0.0088975067838926,0.0042414973060102374,0.03987606026934223,gastrointestinal
741962,0.8466226407594238,0.029864321261165682,0.07049797362016563,0.0088975067838926,0.0042414973060102374,0.03987606026934223,gastrointestinal
742926,0.8466226407594238,0.029864321261165682,0.07049797362016563,0.0088975067838926,0.0042414973060102374,0.03987606026934223,gastrointestinal
742927,0.8466226407594238,0.029864321261165682,0.07049797362016563,0.0088975067838926,0.0042414973060102374,0.03987606026934223,gastrointestinal
742928,0.8466226407594238,0.029864321261165682,0.07049797362016563,0.0088975067838926,0.0042414973060102374,0.03987606026934223,gastrointestinal
742929,0.8466226407594238,0.029864321261165682,0.07049797362016563,0.0088975067838926,0.0042414973060102374,0.03987606026934223,gastrointestinal
742930,0.8466226407594238,0.029864321261165682,0.07049797362016563,0.0088975067838926,0.0042414973060102374,0.03987606026934223,gastrointestinal
742931,0.8466226407594238,0.029864321261165682,0.07049797362016563,0.0088975067838926,0.0042414973060102374,0.03987606026934223,gastrointestinal
742932,0.8466226407594238,0.029864321261165682,0.07049797362016563,0.0088975067838926,0.0042414973060102374,0.03987606026934223,gastrointestinal
742933,0.8466226407594238,0.029864321261165682,0.07049797362016563,0.0088975067838926,0.0042414973060102374,0.03987606026934223,gastrointestinal
742934,0.8466226407594238,0.029864321261165682,0.07049797362016563,0.0088975067838926,0.0042414973060102374,0.03987606026934223,gastrointestinal
742935,0.8466226407594238,0.029864321261165682,0.07049797362016563,0.0088975067838926,0.0042414973060102374,0.03987606026934223,gastrointestinal
742936,0.8466226407594238,0.029864321261165682,0.07049797362016563,0.0088975067838926,0.0042414973060102374,0.03987606026934223,gastrointestinal
742937,0.8466226407594238,0.029864321261165682,0.07049797362016563,0.0088975067838926,0.0042414973060102374,0.03987606026934223,gastrointestinal
742938,0.8466226407594238,0.029864321261165682,0.07049797362016563,0.0088975067838926,0.0042414973060102374,0.03987606026934223,gastrointestinal
742944,0.8466226407594238,0.029864321261165682,0.07049797362016563,0.0088975067838926,0.0042414973060102374,0.03987606026934223,gastrointestinal
742945,0.8466226407594238,0.029864321261165682,0.07049797362016563,0.0088975067838926,0.0042414973060102374,0.03987606026934223,gastrointestinal
742946,0.8466226407594238,0.029864321261165682,0.07049797362016563,0.0088975067838926,0.0042414973060102374,0.03987606026934223,gastrointestinal
742947,0.8466226407594238,0.029864321261165682,0.07049797362016563,0.0088975067838926,0.0042414973060102374,0.03987606026934223,gastrointestinal
742948,0.8466226407594238,0.029864321261165682,0.07049797362016563,0.0088975067838926,0.0042414973060102374,0.03987606026934223,gastrointestinal
742949,0.8466226407594238,0.029864321261165682,0.07049797362016563,0.0088975067838926,0.0042414973060102374,0.03987606026934223,gastrointestinal
742950,0.8466226407594238,0.029864321261165682,0.07049797362016563,0.0088975067838926,0.0042414973060102374,0.03987606026934223,gastrointestinal
742951,0.8572156986192454,0.030015392415137974,0.06035092027031713,0.00848805821870286,0.004329317053601681,0.03960061342299497,gastrointestinal
742952,0.8466226407594238,0.029864321261165682,0.07049797362016563,0.0088975067838926,0.0042414973060102374,0.03987606026934223,gastrointestinal
742953,0.8466226407594238,0.029864321261165682,0.07049797362016563,0.0088975067838926,0.0042414973060102374,0.03987606026934223,gastrointestinal
742954,0.8466226407594238,0.029864321261165682,0.07049797362016563,0.0088975067838926,0.0042414973060102374,0.03987606026934223,gastrointestinal
742955,0.8466226407594238,0.029864321261165682,0.07049797362016563,0.0088975067838926,0.0042414973060102374,0.03987606026934223,gastrointestinal
742956,0.8466226407594238,0.029864321261165682,0.07049797362016563,0.0088975067838926,0.0042414973060102374,0.03987606026934223,gastrointestinal
742957,0.8466226407594238,0.029864321261165682,0.07049797362016563,0.0088975067838926,0.0042414973060102374,0.03987606026934223,gastrointestinal
742958,0.8466226407594238,0.029864321261165682,0.07049797362016563,0.0088975067838926,0.0042414973060102374,0.03987606026934223,gastrointestinal
742959,0.8466226407594238,0.029864321261165682,0.07049797362016563,0.0088975067838926,0.0042414973060102374,0.03987606026934223,gastrointestinal
742960,0.37775823158374505,0.19391024112464186,0.10424479603592868,0.11275843804011716,0.07484201567854952,0.13648627753701756,gastrointestinal
743528,0.8466226407594238,0.029864321261165682,0.07049797362016563,0.0088975067838926,0.0042414973060102374,0.03987606026934223,gastrointestinal
743529,0.8466226407594238,0.029864321261165682,0.07049797362016563,0.0088975067838926,0.0042414973060102374,0.03987606026934223,gastrointestinal
745091,0.8466226407594238,0.029864321261165682,0.07049797362016563,0.0088975067838926,0.0042414973060102374,0.03987606026934223,gastrointestinal
745094,0.8466226407594238,0.029864321261165682,0.07049797362016563,0.0088975067838926,0.0042414973060102374,0.03987606026934223,gastrointestinal
745095,0.8466226407594238,0.029864321261165682,0.07049797362016563,0.0088975067838926,0.0042414973060102374,0.03987606026934223,gastrointestinal
745097,0.8466226407594238,0.029864321261165682,0.07049797362016563,0.0088975067838926,0.0042414973060102374,0.03987606026934223,gastrointestinal
745098,0.8466226407594238,0.029864321261165682,0.07049797362016563,0.0088975067838926,0.0042414973060102374,0.03987606026934223,gastrointestinal
745099,0.8466226407594238,0.029864321261165682,0.07049797362016563,0.0088975067838926,0.0042414973060102374,0.03987606026934223,gastrointestinal
745100,0.8466226407594238,0.029864321261165682,0.07049797362016563,0.0088975067838926,0.0042414973060102374,0.03987606026934223,gastrointestinal
745101,0.8466226407594238,0.029864321261165682,0.07049797362016563,0.0088975067838926,0.0042414973060102374,0.03987606026934223,gastrointestinal
745102,0.8466226407594238,0.029864321261165682,0.07049797362016563,0.0088975067838926,0.0042414973060102374,0.03987606026934223,gastrointestinal
745103,0.8466226407594238,0.029864321261165682,0.07049797362016563,0.0088975067838926,0.0042414973060102374,0.03987606026934223,gastrointestinal
745104,0.8466226407594238,0.029864321261165682,0.07049797362016563,0.0088975067838926,0.0042414973060102374,0.03987606026934223,gastrointestinal
745105,0.8466226407594238,0.029864321261165682,0.07049797362016563,0.0088975067838926,0.0042414973060102374,0.03987606026934223,gastrointestinal
745106,0.8466226407594238,0.029864321261165682,0.07049797362016563,0.0088975067838926,0.0042414973060102374,0.03987606026934223,gastrointestinal
745108,0.8466226407594238,0.029864321261165682,0.07049797362016563,0.0088975067838926,0.0042414973060102374,0.03987606026934223,gastrointestinal
745109,0.8466226407594238,0.029864321261165682,0.07049797362016563,0.0088975067838926,0.0042414973060102374,0.03987606026934223,gastrointestinal
764236,0.8466226407594238,0.029864321261165682,0.07049797362016563,0.0088975067838926,0.0042414973060102374,0.03987606026934223,gastrointestinal
764237,0.8466226407594238,0.029864321261165682,0.07049797362016563,0.0088975067838926,0.0042414973060102374,0.03987606026934223,gastrointestinal
764238,0.8466226407594238,0.029864321261165682,0.07049797362016563,0.0088975067838926,0.0042414973060102374,0.03987606026934223,gastrointestinal
764239,0.8466226407594238,0.029864321261165682,0.07049797362016563,0.0088975067838926,0.0042414973060102374,0.03987606026934223,gastrointestinal
764240,0.8466226407594238,0.029864321261165682,0.07049797362016563,0.0088975067838926,0.0042414973060102374,0.03987606026934223,gastrointestinal
764241,0.8466226407594238,0.029864321261165682,0.07049797362016563,0.0088975067838926,0.0042414973060102374,0.03987606026934223,gastrointestinal
764242,0.8466226407594238,0.029864321261165682,0.07049797362016563,0.0088975067838926,0.0042414973060102374,0.03987606026934223,gastrointestinal
764243,0.8466226407594238,0.029864321261165682,0.07049797362016563,0.0088975067838926,0.0042414973060102374,0.03987606026934223,gastrointestinal
764244,0.8466226407594238,0.029864321261165682,0.07049797362016563,0.0088975067838926,0.0042414973060102374,0.03987606026934223,gastrointestinal
764245,0.8466226407594238,0.029864321261165682,0.07049797362016563,0.0088975067838926,0.0042414973060102374,0.03987606026934223,gastrointestinal
764246,0.8466226407594238,0.029864321261165682,0.07049797362016563,0.0088975067838926,0.0042414973060102374,0.03987606026934223,gastrointestinal
764247,0.8466226407594238,0.029864321261165682,0.07049797362016563,0.0088975067838926,0.0042414973060102374,0.03987606026934223,gastrointestinal
764248,0.8466226407594238,0.029864321261165682,0.07049797362016563,0.0088975067838926,0.0042414973060102374,0.03987606026934223,gastrointestinal
764249,0.8466226407594238,0.029864321261165682,0.07049797362016563,0.0088975067838926,0.0042414973060102374,0.03987606026934223,gastrointestinal
764250,0.8466226407594238,0.029864321261165682,0.07049797362016563,0.0088975067838926,0.0042414973060102374,0.03987606026934223,gastrointestinal
764251,0.8466226407594238,0.029864321261165682,0.07049797362016563,0.0088975067838926,0.0042414973060102374,0.03987606026934223,gastrointestinal
764252,0.8703387251121297,0.03250937554495248,0.04420652299947799,0.00923222456470279,0.005272820127942034,0.03844033165079538,gastrointestinal
764253,0.8466226407594238,0.029864321261165682,0.07049797362016563,0.0088975067838926,0.0042414973060102374,0.03987606026934223,gastrointestinal
764254,0.8466226407594238,0.029864321261165682,0.07049797362016563,0.0088975067838926,0.0042414973060102374,0.03987606026934223,gastrointestinal
764255,0.8466226407594238,0.029864321261165682,0.07049797362016563,0.0088975067838926,0.0042414973060102374,0.03987606026934223,gastrointestinal
764256,0.8466226407594238,0.029864321261165682,0.07049797362016563,0.0088975067838926,0.0042414973060102374,0.03987606026934223,gastrointestinal
764257,0.8466226407594238,0.029864321261165682,0.07049797362016563,0.0088975067838926,0.0042414973060102374,0.03987606026934223,gastrointestinal
764258,0.8466226407594238,0.029864321261165682,0.07049797362016563,0.0088975067838926,0.0042414973060102374,0.03987606026934223,gastrointestinal
764259,0.8466226407594238,0.029864321261165682,0.07049797362016563,0.0088975067838926,0.0042414973060102374,0.03987606026934223,gastrointestinal
764260,0.8466226407594238,0.029864321261165682,0.07049797362016563,0.0088975067838926,0.0042414973060102374,0.03987606026934223,gastrointestinal
764261,0.8466226407594238,0.029864321261165682,0.07049797362016563,0.0088975067838926,0.0042414973060102374,0.03987606026934223,gastrointestinal
764262,0.8466226407594238,0.029864321261165682,0.07049797362016563,0.0088975067838926,0.0042414973060102374,0.03987606026934223,gastrointestinal
764263,0.8466226407594238,0.029864321261165682,0.07049797362016563,0.0088975067838926,0.0042414973060102374,0.03987606026934223,gastrointestinal
764264,0.8466226407594238,0.029864321261165682,0.07049797362016563,0.0088975067838926,0.0042414973060102374,0.03987606026934223,gastrointestinal
764265,0.8466226407594238,0.029864321261165682,0.07049797362016563,0.0088975067838926,0.0042414973060102374,0.03987606026934223,gastrointestinal
764266,0.8619841699818277,0.02884989966968317,0.0543915939151702,0.009394575885377848,0.004791690844696039,0.04058806970324483,gastrointestinal
764267,0.8585138897073719,0.02925633867428458,0.05648859672879278,0.009515350218164936,0.00495375154762351,0.04127207312376223,gastrointestinal
764268,0.8700749282696282,0.026170070232665234,0.05176873067986222,0.008538661399019301,0.00438522642582856,0.03906238299299635,gastrointestinal
858567,0.8466226407594238,0.029864321261165682,0.07049797362016563,0.0088975067838926,0.0042414973060102374,0.03987606026934223,gastrointestinal
858568,0.8466226407594238,0.029864321261165682,0.07049797362016563,0.0088975067838926,0.0042414973060102374,0.03987606026934223,gastrointestinal
858569,0.8521837921415458,0.029124780638407264,0.06495180394876976,0.00889536646560353,0.004256763199243155,0.04058749360643056,gastrointestinal
858570,0.8466226407594238,0.029864321261165682,0.07049797362016563,0.0088975067838926,0.0042414973060102374,0.03987606026934223,gastrointestinal
858571,0.8466226407594238,0.029864321261165682,0.07049797362016563,0.0088975067838926,0.0042414973060102374,0.03987606026934223,gastrointestinal
858572,0.8466226407594238,0.029864321261165682,0.07049797362016563,0.0088975067838926,0.0042414973060102374,0.03987606026934223,gastrointestinal
858573,0.8521837921415458,0.029124780638407264,0.06495180394876976,0.00889536646560353,0.004256763199243155,0.04058749360643056,gastrointestinal
862148,0.8466226407594238,0.029864321261165682,0.07049797362016563,0.0088975067838926,0.0042414973060102374,0.03987606026934223,gastrointestinal
862149,0.8487693747930103,0.031096797274416763,0.06622429647092277,0.009192014946360181,0.00438656141867174,0.04033095509661817,gastrointestinal
862150,0.8487693747930103,0.031096797274416763,0.06622429647092277,0.009192014946360181,0.00438656141867174,0.04033095509661817,gastrointestinal
862151,0.8487693747930103,0.031096797274416763,0.06622429647092277,0.009192014946360181,0.00438656141867174,0.04033095509661817,gastrointestinal
862152,0.8487693747930103,0.031096797274416763,0.06622429647092277,0.009192014946360181,0.00438656141867174,0.04033095509661817,gastrointestinal
862153,0.8487693747930103,0.031096797274416763,0.06622429647092277,0.009192014946360181,0.00438656141867174,0.04033095509661817,gastrointestinal
862154,0.8487693747930103,0.031096797274416763,0.06622429647092277,0.009192014946360181,0.00438656141867174,0.04033095509661817,gastrointestinal
862155,0.8489050312316351,0.03003150032636921,0.06932281562235756,0.008886834599610522,0.00422172038719344,0.03863209783283435,gastrointestinal
862156,0.8489050312316351,0.03003150032636921,0.06932281562235756,0.008886834599610522,0.00422172038719344,0.03863209783283435,gastrointestinal
862157,0.8466226407594238,0.029864321261165682,0.07049797362016563,0.0088975067838926,0.0042414973060102374,0.03987606026934223,gastrointestinal
862158,0.8487693747930103,0.031096797274416763,0.06622429647092277,0.009192014946360181,0.00438656141867174,0.04033095509661817,gastrointestinal
862159,0.8487693747930103,0.031096797274416763,0.06622429647092277,0.009192014946360181,0.00438656141867174,0.04033095509661817,gastrointestinal
862160,0.8487693747930103,0.031096797274416763,0.06622429647092277,0.009192014946360181,0.00438656141867174,0.04033095509661817,gastrointestinal
862161,0.8487693747930103,0.031096797274416763,0.06622429647092277,0.009192014946360181,0.00438656141867174,0.04033095509661817,gastrointestinal
862162,0.8487693747930103,0.031096797274416763,0.06622429647092277,0.009192014946360181,0.00438656141867174,0.04033095509661817,gastrointestinal
862163,0.8466226407594238,0.029864321261165682,0.07049797362016563,0.0088975067838926,0.0042414973060102374,0.03987606026934223,gastrointestinal
862164,0.8487693747930103,0.031096797274416763,0.06622429647092277,0.009192014946360181,0.00438656141867174,0.04033095509661817,gastrointestinal
862165,0.8487693747930103,0.031096797274416763,0.06622429647092277,0.009192014946360181,0.00438656141867174,0.04033095509661817,gastrointestinal
862166,0.8487693747930103,0.031096797274416763,0.06622429647092277,0.009192014946360181,0.00438656141867174,0.04033095509661817,gastrointestinal
862167,0.842520388149253,0.031452061138236655,0.07462094849621093,0.009469181526861674,0.003939604825396339,0.03799781586404149,gastrointestinal
862168,0.8506922285094856,0.0294049860220363,0.06999604563837863,0.009276793415560904,0.003864983130518153,0.03676496328402001,gastrointestinal
862169,0.842520388149253,0.031452061138236655,0.07462094849621093,0.009469181526861674,0.003939604825396339,0.03799781586404149,gastrointestinal
862170,0.842520388149253,0.031452061138236655,0.07462094849621093,0.009469181526861674,0.003939604825396339,0.03799781586404149,gastrointestinal
862171,0.842520388149253,0.031452061138236655,0.07462094849621093,0.009469181526861674,0.003939604825396339,0.03799781586404149,gastrointestinal
862172,0.842520388149253,0.031452061138236655,0.07462094849621093,0.009469181526861674,0.003939604825396339,0.03799781586404149,gastrointestinal
862173,0.842520388149253,0.031452061138236655,0.07462094849621093,0.009469181526861674,0.003939604825396339,0.03799781586404149,gastrointestinal
862174,0.842520388149253,0.031452061138236655,0.07462094849621093,0.009469181526861674,0.003939604825396339,0.03799781586404149,gastrointestinal
862175,0.842520388149253,0.031452061138236655,0.07462094849621093,0.009469181526861674,0.003939604825396339,0.03799781586404149,gastrointestinal
862176,0.842520388149253,0.031452061138236655,0.07462094849621093,0.009469181526861674,0.003939604825396339,0.03799781586404149,gastrointestinal
862177,0.842520388149253,0.031452061138236655,0.07462094849621093,0.009469181526861674,0.003939604825396339,0.03799781586404149,gastrointestinal
862178,0.842520388149253,0.031452061138236655,0.07462094849621093,0.009469181526861674,0.003939604825396339,0.03799781586404149,gastrointestinal
862179,0.842520388149253,0.031452061138236655,0.07462094849621093,0.009469181526861674,0.003939604825396339,0.03799781586404149,gastrointestinal
862180,0.842520388149253,0.031452061138236655,0.07462094849621093,0.009469181526861674,0.003939604825396339,0.03799781586404149,gastrointestinal
862181,0.842520388149253,0.031452061138236655,0.07462094849621093,0.009469181526861674,0.003939604825396339,0.03799781586404149,gastrointestinal
862182,0.842520388149253,0.031452061138236655,0.07462094849621093,0.009469181526861674,0.003939604825396339,0.03799781586404149,gastrointestinal
862183,0.842520388149253,0.031452061138236655,0.07462094849621093,0.009469181526861674,0.003939604825396339,0.03799781586404149,gastrointestinal
864558,0.8466226407594238,0.029864321261165682,0.07049797362016563,0.0088975067838926,0.0042414973060102374,0.03987606026934223,gastrointestinal
864559,0.8466226407594238,0.029864321261165682,0.07049797362016563,0.0088975067838926,0.0042414973060102374,0.03987606026934223,gastrointestinal
864560,0.8351083318806063,0.03008081319729645,0.07879550129794469,0.009472896366866762,0.004409167123232058,0.042133290134053626,gastrointestinal
864561,0.8466226407594238,0.029864321261165682,0.07049797362016563,0.0088975067838926,0.0042414973060102374,0.03987606026934223,gastrointestinal
864623,0.842520388149253,0.031452061138236655,0.07462094849621093,0.009469181526861674,0.003939604825396339,0.03799781586404149,gastrointestinal
864624,0.842520388149253,0.031452061138236655,0.07462094849621093,0.009469181526861674,0.003939604825396339,0.03799781586404149,gastrointestinal
870710,0.8521837921415458,0.029124780638407264,0.06495180394876976,0.00889536646560353,0.004256763199243155,0.04058749360643056,gastrointestinal
870711,0.8521837921415458,0.029124780638407264,0.06495180394876976,0.00889536646560353,0.004256763199243155,0.04058749360643056,gastrointestinal
870712,0.8466226407594238,0.029864321261165682,0.07049797362016563,0.0088975067838926,0.0042414973060102374,0.03987606026934223,gastrointestinal
871260,0.7553184194611853,0.04391645839045698,0.13415844848025366,0.010989522608176329,0.005837918633997108,0.049779232425930554,gastrointestinal
87786,0.8281719271370303,0.030167157202010138,0.08683064591265792,0.009935061874309743,0.004431900238368421,0.04046330763562351,gastrointestinal
934413,0.8466226407594238,0.029864321261165682,0.07049797362016563,0.0088975067838926,0.0042414973060102374,0.03987606026934223,gastrointestinal
937784,0.21594835030909115,0.15977217788874135,0.29827431229977774,0.09797590229025441,0.06554597815020669,0.16248327906192886,other
941281,0.8466226407594238,0.029864321261165682,0.07049797362016563,0.0088975067838926,0.0042414973060102374,0.03987606026934223,gastrointestinal
941282,0.8466226407594238,0.029864321261165682,0.07049797362016563,0.0088975067838926,0.0042414973060102374,0.03987606026934223,gastrointestinal
941283,0.8466226407594238,0.029864321261165682,0.07049797362016563,0.0088975067838926,0.0042414973060102374,0.03987606026934223,gastrointestinal
941284,0.8466226407594238,0.029864321261165682,0.07049797362016563,0.0088975067838926,0.0042414973060102374,0.03987606026934223,gastrointestinal
941285,0.8466226407594238,0.029864321261165682,0.07049797362016563,0.0088975067838926,0.0042414973060102374,0.03987606026934223,gastrointestinal
941286,0.8466226407594238,0.029864321261165682,0.07049797362016563,0.0088975067838926,0.0042414973060102374,0.03987606026934223,gastrointestinal
941287,0.8466226407594238,0.029864321261165682,0.07049797362016563,0.0088975067838926,0.0042414973060102374,0.03987606026934223,gastrointestinal
941288,0.8466226407594238,0.029864321261165682,0.07049797362016563,0.0088975067838926,0.0042414973060102374,0.03987606026934223,gastrointestinal
941289,0.8466226407594238,0.029864321261165682,0.07049797362016563,0.0088975067838926,0.0042414973060102374,0.03987606026934223,gastrointestinal
941290,0.8466226407594238,0.029864321261165682,0.07049797362016563,0.0088975067838926,0.0042414973060102374,0.03987606026934223,gastrointestinal
941291,0.8466226407594238,0.029864321261165682,0.07049797362016563,0.0088975067838926,0.0042414973060102374,0.03987606026934223,gastrointestinal
941292,0.8466226407594238,0.029864321261165682,0.07049797362016563,0.0088975067838926,0.0042414973060102374,0.03987606026934223,gastrointestinal
941293,0.8466226407594238,0.029864321261165682,0.07049797362016563,0.0088975067838926,0.0042414973060102374,0.03987606026934223,gastrointestinal
941294,0.8466226407594238,0.029864321261165682,0.07049797362016563,0.0088975067838926,0.0042414973060102374,0.03987606026934223,gastrointestinal
941295,0.8466226407594238,0.029864321261165682,0.07049797362016563,0.0088975067838926,0.0042414973060102374,0.03987606026934223,gastrointestinal
941296,0.8466226407594238,0.029864321261165682,0.07049797362016563,0.0088975067838926,0.0042414973060102374,0.03987606026934223,gastrointestinal
941297,0.8466226407594238,0.029864321261165682,0.07049797362016563,0.0088975067838926,0.0042414973060102374,0.03987606026934223,gastrointestinal
941298,0.8466226407594238,0.029864321261165682,0.07049797362016563,0.0088975067838926,0.0042414973060102374,0.03987606026934223,gastrointestinal
941299,0.8466226407594238,0.029864321261165682,0.07049797362016563,0.0088975067838926,0.0042414973060102374,0.03987606026934223,gastrointestinal
941300,0.8466226407594238,0.029864321261165682,0.07049797362016563,0.0088975067838926,0.0042414973060102374,0.03987606026934223,gastrointestinal
941301,0.8466226407594238,0.029864321261165682,0.07049797362016563,0.0088975067838926,0.0042414973060102374,0.03987606026934223,gastrointestinal
941302,0.8466226407594238,0.029864321261165682,0.07049797362016563,0.0088975067838926,0.0042414973060102374,0.03987606026934223,gastrointestinal
941303,0.8466226407594238,0.029864321261165682,0.07049797362016563,0.0088975067838926,0.0042414973060102374,0.03987606026934223,gastrointestinal
941304,0.8466226407594238,0.029864321261165682,0.07049797362016563,0.0088975067838926,0.0042414973060102374,0.03987606026934223,gastrointestinal
941305,0.8466226407594238,0.029864321261165682,0.07049797362016563,0.0088975067838926,0.0042414973060102374,0.03987606026934223,gastrointestinal
941306,0.8466226407594238,0.029864321261165682,0.07049797362016563,0.0088975067838926,0.0042414973060102374,0.03987606026934223,gastrointestinal
941307,0.8466226407594238,0.029864321261165682,0.07049797362016563,0.0088975067838926,0.0042414973060102374,0.03987606026934223,gastrointestinal
941308,0.8466226407594238,0.029864321261165682,0.07049797362016563,0.0088975067838926,0.0042414973060102374,0.03987606026934223,gastrointestinal
941309,0.8466226407594238,0.029864321261165682,0.07049797362016563,0.0088975067838926,0.0042414973060102374,0.03987606026934223,gastrointestinal
941310,0.8466226407594238,0.029864321261165682,0.07049797362016563,0.0088975067838926,0.0042414973060102374,0.03987606026934223,gastrointestinal
941311,0.8466226407594238,0.029864321261165682,0.07049797362016563,0.0088975067838926,0.0042414973060102374,0.03987606026934223,gastrointestinal
941312,0.8466226407594238,0.029864321261165682,0.07049797362016563,0.0088975067838926,0.0042414973060102374,0.03987606026934223,gastrointestinal
941313,0.8466226407594238,0.029864321261165682,0.07049797362016563,0.0088975067838926,0.0042414973060102374,0.03987606026934223,gastrointestinal
941314,0.8466226407594238,0.029864321261165682,0.07049797362016563,0.0088975067838926,0.0042414973060102374,0.03987606026934223,gastrointestinal
941315,0.8466226407594238,0.029864321261165682,0.07049797362016563,0.0088975067838926,0.0042414973060102374,0.03987606026934223,gastrointestinal
941316,0.8466226407594238,0.029864321261165682,0.07049797362016563,0.0088975067838926,0.0042414973060102374,0.03987606026934223,gastrointestinal
941317,0.8466226407594238,0.029864321261165682,0.07049797362016563,0.0088975067838926,0.0042414973060102374,0.03987606026934223,gastrointestinal
941318,0.8466226407594238,0.029864321261165682,0.07049797362016563,0.0088975067838926,0.0042414973060102374,0.03987606026934223,gastrointestinal
941319,0.8466226407594238,0.029864321261165682,0.07049797362016563,0.0088975067838926,0.0042414973060102374,0.03987606026934223,gastrointestinal
941320,0.8466226407594238,0.029864321261165682,0.07049797362016563,0.0088975067838926,0.0042414973060102374,0.03987606026934223,gastrointestinal
941321,0.8466226407594238,0.029864321261165682,0.07049797362016563,0.0088975067838926,0.0042414973060102374,0.03987606026934223,gastrointestinal
999535,0.8466226407594238,0.029864321261165682,0.07049797362016563,0.0088975067838926,0.0042414973060102374,0.03987606026934223,gastrointestinal
