,accuracy,precision_macro,recall_macro,f1_macro,auc_macro
mean,0.823448275862069,0.807685063882626,0.7677403846153845,0.7688292449591989,0.9334419642857144
std,0.07140916291026249,0.11273328832488028,0.10289182008990871,0.10686506102427983,0.044186377414296624
