,accuracy,precision_macro,recall_macro,f1_macro,auc_macro
mean,0.7765517241379309,0.7657717536054417,0.7087259615384616,0.7108245477347347,0.9223128663003662
std,0.08178928427626692,0.12092194834221866,0.10774192924441112,0.11141562831688842,0.04140585060535185
