vtaxid,infecting-human,virulence,sustained human-to-human,limited human-to-human,no human-to-human,gastrointestinal,neural,respiratory (tissue tropism),systemic,viraemic,other,direct contact,faecal-oral,respiratory (transmission route),vector,virus name,virus family,Genome Type
1076281,0.6038235294117648,0.2228127841983068,0.3828601402306441,0.1620288871717808,0.455110972597575,0.0844582585496605,0.1716101884624783,0.1205394940352184,0.125423421722761,0.3354627743036262,0.1625058629262553,0.1923978499632353,0.0923831324070844,0.6993665909998745,0.0158524266298054,Hantavirus XAHu09011,Hantaviridae,ssRNA(-)
1076282,0.6038235294117648,0.2228127841983068,0.3828601402306441,0.1620288871717808,0.455110972597575,0.0844582585496605,0.1716101884624783,0.1205394940352184,0.125423421722761,0.3354627743036262,0.1625058629262553,0.1923978499632353,0.0923831324070844,0.6993665909998745,0.0158524266298054,Hantavirus XAHu09027,Hantaviridae,ssRNA(-)
1076283,0.6038235294117648,0.2228127841983068,0.3828601402306441,0.1620288871717808,0.455110972597575,0.0844582585496605,0.1716101884624783,0.1205394940352184,0.125423421722761,0.3354627743036262,0.1625058629262553,0.1923978499632353,0.0923831324070844,0.6993665909998745,0.0158524266298054,Hantavirus XAHu09041,Hantaviridae,ssRNA(-)
1076284,0.535,0.1748485562164667,0.3325139593130687,0.1192914462973428,0.5481945943895885,0.0709707937231756,0.1622910379012613,0.1155225986247655,0.1209354229842757,0.3984809269833899,0.1317992197831316,0.2774787876227059,0.1175853821483511,0.5698623558651351,0.0350734743638076,Hantavirus XAHu09047,Hantaviridae,ssRNA(-)
1076285,0.6038235294117648,0.2228127841983068,0.3828601402306441,0.1620288871717808,0.455110972597575,0.0844582585496605,0.1716101884624783,0.1205394940352184,0.125423421722761,0.3354627743036262,0.1625058629262553,0.1923978499632353,0.0923831324070844,0.6993665909998745,0.0158524266298054,Hantavirus XAHu09066,Hantaviridae,ssRNA(-)
1095764,0.7179649122807017,0.1302046467364771,0.8970225481233507,0.0289306370370434,0.0740468148396059,0.8466226407594238,0.0298643212611656,0.0088975067838926,0.0042414973060102,0.0398760602693422,0.0704979736201656,0.0975103271225368,0.8671891335963755,0.0154895350939198,0.0198110041871676,Caliciviridae Hu/GII.4/Xiamen/May0511/2010/CHN,Caliciviridae,ssRNA(+)
1112700,0.81,0.1302046467364771,0.8970225481233507,0.0289306370370434,0.0740468148396059,0.8466226407594238,0.0298643212611656,0.0088975067838926,0.0042414973060102,0.0398760602693422,0.0704979736201656,0.0975103271225368,0.8671891335963755,0.0154895350939198,0.0198110041871676,Cosavirus JFD-2011,Picornaviridae,ssRNA(+)
1156749,0.61,0.171869063459552,0.8745240800372257,0.0396488899858472,0.085827029976927,0.855649275635602,0.02669592697052,0.0120643296131113,0.0042771181532676,0.0359575974890012,0.0653557521384974,0.1306404269358573,0.8404540111724285,0.0143499714700031,0.0145555904217112,Enterovirus strain IGIB-NIV-02,Picornaviridae,ssRNA(+)
1176484,0.5940555555555556,0.1143360013068053,0.8970225481233507,0.0289306370370434,0.0740468148396059,0.8521837921415458,0.0291247806384072,0.0088953664656035,0.0042567631992431,0.0405874936064305,0.0649518039487697,0.0975103271225368,0.8671891335963755,0.0154895350939198,0.0198110041871676,Canine vesivirus,Caliciviridae,ssRNA(+)
1181292,0.563,0.1302046467364771,0.8970225481233507,0.0289306370370434,0.0740468148396059,0.8539799196397556,0.0282145769515104,0.0088729380542812,0.0041738395370908,0.039787325386517,0.0649714004308445,0.0975103271225368,0.8671891335963755,0.0154895350939198,0.0198110041871676,Human cosavirus E/D,Picornaviridae,ssRNA(+)
1186059,0.6266666666666666,0.1302046467364771,0.8970225481233507,0.0289306370370434,0.0740468148396059,0.8466226407594238,0.0298643212611656,0.0088975067838926,0.0042414973060102,0.0398760602693422,0.0704979736201656,0.0975103271225368,0.8671891335963755,0.0154895350939198,0.0198110041871676,Human astrovirus MLB2,Astroviridae,ssRNA(+)
1194164,0.5799486935799871,0.1302046467364771,0.8970225481233507,0.0289306370370434,0.0740468148396059,0.8466226407594238,0.0298643212611656,0.0088975067838926,0.0042414973060102,0.0398760602693422,0.0704979736201656,0.0975103271225368,0.8671891335963755,0.0154895350939198,0.0198110041871676,Cosavirus IND/2010,Picornaviridae,ssRNA(+)
1221646,0.6780196078431372,0.1302046467364771,0.8970225481233507,0.0289306370370434,0.0740468148396059,0.8466226407594238,0.0298643212611656,0.0088975067838926,0.0042414973060102,0.0398760602693422,0.0704979736201656,0.0975103271225368,0.8671891335963755,0.0154895350939198,0.0198110041871676,Human cosavirus RdRp-18,Picornaviridae,ssRNA(+)
1222038,0.6780196078431372,0.1302046467364771,0.8970225481233507,0.0289306370370434,0.0740468148396059,0.8466226407594238,0.0298643212611656,0.0088975067838926,0.0042414973060102,0.0398760602693422,0.0704979736201656,0.0975103271225368,0.8671891335963755,0.0154895350939198,0.0198110041871676,Human cosavirus RdRp-22,Picornaviridae,ssRNA(+)
1222039,0.6577940439333626,0.1302046467364771,0.8970225481233507,0.0289306370370434,0.0740468148396059,0.8466226407594238,0.0298643212611656,0.0088975067838926,0.0042414973060102,0.0398760602693422,0.0704979736201656,0.0975103271225368,0.8671891335963755,0.0154895350939198,0.0198110041871676,Human cosavirus RdRp-25,Picornaviridae,ssRNA(+)
1222040,0.6780196078431372,0.1302046467364771,0.8970225481233507,0.0289306370370434,0.0740468148396059,0.8466226407594238,0.0298643212611656,0.0088975067838926,0.0042414973060102,0.0398760602693422,0.0704979736201656,0.0975103271225368,0.8671891335963755,0.0154895350939198,0.0198110041871676,Human cosavirus RdRp-33,Picornaviridae,ssRNA(+)
1222041,0.6780196078431372,0.1302046467364771,0.8970225481233507,0.0289306370370434,0.0740468148396059,0.8466226407594238,0.0298643212611656,0.0088975067838926,0.0042414973060102,0.0398760602693422,0.0704979736201656,0.0975103271225368,0.8671891335963755,0.0154895350939198,0.0198110041871676,Human cosavirus RdRp-37,Picornaviridae,ssRNA(+)
1222042,0.6945969469127364,0.1302046467364771,0.8970225481233507,0.0289306370370434,0.0740468148396059,0.8466226407594238,0.0298643212611656,0.0088975067838926,0.0042414973060102,0.0398760602693422,0.0704979736201656,0.0975103271225368,0.8671891335963755,0.0154895350939198,0.0198110041871676,Human cosavirus RdRp-39,Picornaviridae,ssRNA(+)
1222043,0.6027940439333628,0.1302046467364771,0.8970225481233507,0.0289306370370434,0.0740468148396059,0.8466226407594238,0.0298643212611656,0.0088975067838926,0.0042414973060102,0.0398760602693422,0.0704979736201656,0.0975103271225368,0.8671891335963755,0.0154895350939198,0.0198110041871676,Human cosavirus RdRp-58,Picornaviridae,ssRNA(+)
1222044,0.6676512623141106,0.1302046467364771,0.8970225481233507,0.0289306370370434,0.0740468148396059,0.8466226407594238,0.0298643212611656,0.0088975067838926,0.0042414973060102,0.0398760602693422,0.0704979736201656,0.0975103271225368,0.8671891335963755,0.0154895350939198,0.0198110041871676,Human cosavirus RdRp-59,Picornaviridae,ssRNA(+)
1222045,0.6918980673609155,0.1302046467364771,0.8970225481233507,0.0289306370370434,0.0740468148396059,0.8466226407594238,0.0298643212611656,0.0088975067838926,0.0042414973060102,0.0398760602693422,0.0704979736201656,0.0975103271225368,0.8671891335963755,0.0154895350939198,0.0198110041871676,Human cosavirus RdRp-74,Picornaviridae,ssRNA(+)
1222046,0.6557528052156536,0.1302046467364771,0.8970225481233507,0.0289306370370434,0.0740468148396059,0.8466226407594238,0.0298643212611656,0.0088975067838926,0.0042414973060102,0.0398760602693422,0.0704979736201656,0.0975103271225368,0.8671891335963755,0.0154895350939198,0.0198110041871676,Human cosavirus RdRp-86,Picornaviridae,ssRNA(+)
1222047,0.6557528052156536,0.1302046467364771,0.8970225481233507,0.0289306370370434,0.0740468148396059,0.8466226407594238,0.0298643212611656,0.0088975067838926,0.0042414973060102,0.0398760602693422,0.0704979736201656,0.0975103271225368,0.8671891335963755,0.0154895350939198,0.0198110041871676,Human cosavirus RdRp-91,Picornaviridae,ssRNA(+)
1222048,0.6780196078431372,0.1302046467364771,0.8970225481233507,0.0289306370370434,0.0740468148396059,0.8466226407594238,0.0298643212611656,0.0088975067838926,0.0042414973060102,0.0398760602693422,0.0704979736201656,0.0975103271225368,0.8671891335963755,0.0154895350939198,0.0198110041871676,Human cosavirus RdRp-94,Picornaviridae,ssRNA(+)
1222049,0.6780196078431372,0.1302046467364771,0.8970225481233507,0.0289306370370434,0.0740468148396059,0.8466226407594238,0.0298643212611656,0.0088975067838926,0.0042414973060102,0.0398760602693422,0.0704979736201656,0.0975103271225368,0.8671891335963755,0.0154895350939198,0.0198110041871676,Human cosavirus RdRp-97,Picornaviridae,ssRNA(+)
1222050,0.6040196078431372,0.1302046467364771,0.8970225481233507,0.0289306370370434,0.0740468148396059,0.8466226407594238,0.0298643212611656,0.0088975067838926,0.0042414973060102,0.0398760602693422,0.0704979736201656,0.0975103271225368,0.8671891335963755,0.0154895350939198,0.0198110041871676,Human cosavirus RdRp-99,Picornaviridae,ssRNA(+)
1222051,0.6553696883325365,0.1302046467364771,0.8970225481233507,0.0289306370370434,0.0740468148396059,0.8466226407594238,0.0298643212611656,0.0088975067838926,0.0042414973060102,0.0398760602693422,0.0704979736201656,0.0975103271225368,0.8671891335963755,0.0154895350939198,0.0198110041871676,Human cosavirus RdRp-125,Picornaviridae,ssRNA(+)
1293419,0.7006666666666667,0.1302046467364771,0.8970225481233507,0.0289306370370434,0.0740468148396059,0.8466226407594238,0.0298643212611656,0.0088975067838926,0.0042414973060102,0.0398760602693422,0.0704979736201656,0.0975103271225368,0.8671891335963755,0.0154895350939198,0.0198110041871676,Astrovirus 2010_Msc_17636_VA3/HMO,Astroviridae,ssRNA(+)
1293420,0.7066666666666666,0.1302046467364771,0.8970225481233507,0.0289306370370434,0.0740468148396059,0.8466226407594238,0.0298643212611656,0.0088975067838926,0.0042414973060102,0.0398760602693422,0.0704979736201656,0.0975103271225368,0.8671891335963755,0.0154895350939198,0.0198110041871676,Astrovirus 2010_Msc_18001_MLB,Astroviridae,ssRNA(+)
1330993,0.63,0.1350046479018317,0.8970225481233507,0.0289306370370434,0.0740468148396059,0.8352877426298864,0.0289607210006366,0.0083315349784394,0.0041431080976654,0.0381877237905208,0.0850891695028507,0.0975103271225368,0.8671891335963755,0.0154895350939198,0.0198110041871676,Salivirus BOL/03-10653E,Picornaviridae,ssRNA(+)
1402035,0.6072702344095533,0.1302046467364771,0.8970225481233507,0.0289306370370434,0.0740468148396059,0.8466226407594238,0.0298643212611656,0.0088975067838926,0.0042414973060102,0.0398760602693422,0.0704979736201656,0.0975103271225368,0.8671891335963755,0.0154895350939198,0.0198110041871676,Orthobunyavirus FSL2923,Peribunyaviridae,ssRNA(-)
1417603,0.6137362637362638,0.1314387524621676,0.8970225481233507,0.0289306370370434,0.0740468148396059,0.8437425477394248,0.0308077791094028,0.0084316096304244,0.0042192215877678,0.0384409284169199,0.0743579135160605,0.0975103271225368,0.8671891335963755,0.0154895350939198,0.0198110041871676,Hantavirus Hu/BRA/32H/2009,Hantaviridae,ssRNA(-)
1417604,0.6705429864253393,0.1302046467364771,0.8970225481233507,0.0289306370370434,0.0740468148396059,0.8467544343103958,0.0285257313716011,0.0083965193453725,0.0042210493569367,0.0387012905568716,0.0734009750588224,0.0975103271225368,0.8671891335963755,0.0154895350939198,0.0198110041871676,Hantavirus Hu/BRA/46H/2009,Hantaviridae,ssRNA(-)
1417605,0.61,0.1314387524621676,0.8970225481233507,0.0289306370370434,0.0740468148396059,0.8363039176053856,0.0283496226073525,0.0081155478105451,0.0041696255812501,0.0395505837110143,0.0835107026844522,0.0975103271225368,0.8671891335963755,0.0154895350939198,0.0198110041871676,Hantavirus Hu/BRA/169H/2009,Hantaviridae,ssRNA(-)
1417606,0.61,0.1314387524621676,0.8970225481233507,0.0289306370370434,0.0740468148396059,0.8363039176053856,0.0283496226073525,0.0081155478105451,0.0041696255812501,0.0395505837110143,0.0835107026844522,0.0975103271225368,0.8671891335963755,0.0154895350939198,0.0198110041871676,Hantavirus Hu/BRA/213H/2009,Hantaviridae,ssRNA(-)
1417607,0.61,0.1314387524621676,0.8970225481233507,0.0289306370370434,0.0740468148396059,0.8363039176053856,0.0283496226073525,0.0081155478105451,0.0041696255812501,0.0395505837110143,0.0835107026844522,0.0975103271225368,0.8671891335963755,0.0154895350939198,0.0198110041871676,Hantavirus Hu/BRA/256H/2009,Hantaviridae,ssRNA(-)
1417608,0.6705429864253393,0.1302046467364771,0.8970225481233507,0.0289306370370434,0.0740468148396059,0.8467544343103958,0.0285257313716011,0.0083965193453725,0.0042210493569367,0.0387012905568716,0.0734009750588224,0.0975103271225368,0.8671891335963755,0.0154895350939198,0.0198110041871676,Hantavirus Hu/BRA/268H/2009,Hantaviridae,ssRNA(-)
1417609,0.61,0.1314387524621676,0.8970225481233507,0.0289306370370434,0.0740468148396059,0.8363039176053856,0.0283496226073525,0.0081155478105451,0.0041696255812501,0.0395505837110143,0.0835107026844522,0.0975103271225368,0.8671891335963755,0.0154895350939198,0.0198110041871676,Hantavirus Hu/BRA/274H/2009,Hantaviridae,ssRNA(-)
1417610,0.6137362637362638,0.1314387524621676,0.8970225481233507,0.0289306370370434,0.0740468148396059,0.8437425477394248,0.0308077791094028,0.0084316096304244,0.0042192215877678,0.0384409284169199,0.0743579135160605,0.0975103271225368,0.8671891335963755,0.0154895350939198,0.0198110041871676,Hantavirus Hu/BRA/292H/2009,Hantaviridae,ssRNA(-)
1417611,0.61,0.1314387524621676,0.8970225481233507,0.0289306370370434,0.0740468148396059,0.8363039176053856,0.0283496226073525,0.0081155478105451,0.0041696255812501,0.0395505837110143,0.0835107026844522,0.0975103271225368,0.8671891335963755,0.0154895350939198,0.0198110041871676,Hantavirus Hu/BRA/305H/2009,Hantaviridae,ssRNA(-)
1417612,0.6705429864253393,0.1302046467364771,0.8970225481233507,0.0289306370370434,0.0740468148396059,0.8467544343103958,0.0285257313716011,0.0083965193453725,0.0042210493569367,0.0387012905568716,0.0734009750588224,0.0975103271225368,0.8671891335963755,0.0154895350939198,0.0198110041871676,Hantavirus Hu/BRA/389H/2009,Hantaviridae,ssRNA(-)
1417613,0.61,0.1314387524621676,0.8970225481233507,0.0289306370370434,0.0740468148396059,0.8363039176053856,0.0283496226073525,0.0081155478105451,0.0041696255812501,0.0395505837110143,0.0835107026844522,0.0975103271225368,0.8671891335963755,0.0154895350939198,0.0198110041871676,Hantavirus Hu/BRA/395H/2009,Hantaviridae,ssRNA(-)
1417614,0.61,0.1314387524621676,0.8970225481233507,0.0289306370370434,0.0740468148396059,0.8363039176053856,0.0283496226073525,0.0081155478105451,0.0041696255812501,0.0395505837110143,0.0835107026844522,0.0975103271225368,0.8671891335963755,0.0154895350939198,0.0198110041871676,Hantavirus Hu/BRA/417H/2009,Hantaviridae,ssRNA(-)
1417615,0.61,0.1314387524621676,0.8970225481233507,0.0289306370370434,0.0740468148396059,0.8363039176053856,0.0283496226073525,0.0081155478105451,0.0041696255812501,0.0395505837110143,0.0835107026844522,0.0975103271225368,0.8671891335963755,0.0154895350939198,0.0198110041871676,Hantavirus Hu/BRA/420H/2009,Hantaviridae,ssRNA(-)
1417616,0.6705429864253393,0.1302046467364771,0.8970225481233507,0.0289306370370434,0.0740468148396059,0.8467544343103958,0.0285257313716011,0.0083965193453725,0.0042210493569367,0.0387012905568716,0.0734009750588224,0.0975103271225368,0.8671891335963755,0.0154895350939198,0.0198110041871676,Hantavirus Hu/BRA/452H/2009,Hantaviridae,ssRNA(-)
1417617,0.61,0.1314387524621676,0.8970225481233507,0.0289306370370434,0.0740468148396059,0.8363039176053856,0.0283496226073525,0.0081155478105451,0.0041696255812501,0.0395505837110143,0.0835107026844522,0.0975103271225368,0.8671891335963755,0.0154895350939198,0.0198110041871676,Hantavirus Hu/BRA/461H/2009,Hantaviridae,ssRNA(-)
1417618,0.61,0.1314387524621676,0.8970225481233507,0.0289306370370434,0.0740468148396059,0.8363039176053856,0.0283496226073525,0.0081155478105451,0.0041696255812501,0.0395505837110143,0.0835107026844522,0.0975103271225368,0.8671891335963755,0.0154895350939198,0.0198110041871676,Hantavirus Hu/BRA/462H/2009,Hantaviridae,ssRNA(-)
1417619,0.6705429864253393,0.1302046467364771,0.8970225481233507,0.0289306370370434,0.0740468148396059,0.8467544343103958,0.0285257313716011,0.0083965193453725,0.0042210493569367,0.0387012905568716,0.0734009750588224,0.0975103271225368,0.8671891335963755,0.0154895350939198,0.0198110041871676,Hantavirus Hu/BRA/511H/2009,Hantaviridae,ssRNA(-)
1437125,0.6373636363636365,0.1302046467364771,0.8970225481233507,0.0289306370370434,0.0740468148396059,0.8521837921415458,0.0291247806384072,0.0088953664656035,0.0042567631992431,0.0405874936064305,0.0649518039487697,0.0975103271225368,0.8671891335963755,0.0154895350939198,0.0198110041871676,Cardamones virus,Arenaviridae,ssRNA(-/+)
1521109,0.5442971982742781,0.1302046467364771,0.8970225481233507,0.0289306370370434,0.0740468148396059,0.8466226407594238,0.0298643212611656,0.0088975067838926,0.0042414973060102,0.0398760602693422,0.0704979736201656,0.0975103271225368,0.8671891335963755,0.0154895350939198,0.0198110041871676,Enterovirus C151_oct11_cons,Picornaviridae,ssRNA(+)
1523264,0.7783447434918023,0.1302046467364771,0.8970225481233507,0.0289306370370434,0.0740468148396059,0.8466226407594238,0.0298643212611656,0.0088975067838926,0.0042414973060102,0.0398760602693422,0.0704979736201656,0.0975103271225368,0.8671891335963755,0.0154895350939198,0.0198110041871676,Human rhinovirus R18,Picornaviridae,ssRNA(+)
1523265,0.7312326888797478,0.1302046467364771,0.8970225481233507,0.0289306370370434,0.0740468148396059,0.8466226407594238,0.0298643212611656,0.0088975067838926,0.0042414973060102,0.0398760602693422,0.0704979736201656,0.0975103271225368,0.8671891335963755,0.0154895350939198,0.0198110041871676,Human rhinovirus R2,Picornaviridae,ssRNA(+)
1523266,0.7528292589763177,0.1302046467364771,0.8970225481233507,0.0289306370370434,0.0740468148396059,0.8466226407594238,0.0298643212611656,0.0088975067838926,0.0042414973060102,0.0398760602693422,0.0704979736201656,0.0975103271225368,0.8671891335963755,0.0154895350939198,0.0198110041871676,Human rhinovirus R20,Picornaviridae,ssRNA(+)
1523268,0.7452380952380951,0.1302046467364771,0.8970225481233507,0.0289306370370434,0.0740468148396059,0.8446141466789763,0.0283968467636704,0.0087580440222573,0.00411644283906,0.0389506391888981,0.0751638805071373,0.0975103271225368,0.8671891335963755,0.0154895350939198,0.0198110041871676,Human rhinovirus R22,Picornaviridae,ssRNA(+)
1523271,0.65,0.1314387524621676,0.8970225481233507,0.0289306370370434,0.0740468148396059,0.8383937507783318,0.0286886696349519,0.0084368778580598,0.004125091047452,0.038301187140487,0.0820544235407173,0.0975103271225368,0.8671891335963755,0.0154895350939198,0.0198110041871676,Human rhinovirus R29,Picornaviridae,ssRNA(+)
1523272,0.68,0.1314387524621676,0.8970225481233507,0.0289306370370434,0.0740468148396059,0.8332475306430843,0.029406639078876,0.0082172240419468,0.0040378949557096,0.0363350405191722,0.0887556707612108,0.0975103271225368,0.8671891335963755,0.0154895350939198,0.0198110041871676,Human rhinovirus R3,Picornaviridae,ssRNA(+)
1523273,0.7783429533429533,0.1302046467364771,0.8970225481233507,0.0289306370370434,0.0740468148396059,0.8466226407594238,0.0298643212611656,0.0088975067838926,0.0042414973060102,0.0398760602693422,0.0704979736201656,0.0975103271225368,0.8671891335963755,0.0154895350939198,0.0198110041871676,Human rhinovirus R33,Picornaviridae,ssRNA(+)
1523276,0.6886095546967402,0.1302046467364771,0.8970225481233507,0.0289306370370434,0.0740468148396059,0.8466226407594238,0.0298643212611656,0.0088975067838926,0.0042414973060102,0.0398760602693422,0.0704979736201656,0.0975103271225368,0.8671891335963755,0.0154895350939198,0.0198110041871676,Human rhinovirus R38,Picornaviridae,ssRNA(+)
1523277,0.7844021305491893,0.1302046467364771,0.8970225481233507,0.0289306370370434,0.0740468148396059,0.8466226407594238,0.0298643212611656,0.0088975067838926,0.0042414973060102,0.0398760602693422,0.0704979736201656,0.0975103271225368,0.8671891335963755,0.0154895350939198,0.0198110041871676,Human rhinovirus R39,Picornaviridae,ssRNA(+)
1523278,0.6985714285714286,0.1302046467364771,0.8970225481233507,0.0289306370370434,0.0740468148396059,0.8466226407594238,0.0298643212611656,0.0088975067838926,0.0042414973060102,0.0398760602693422,0.0704979736201656,0.0975103271225368,0.8671891335963755,0.0154895350939198,0.0198110041871676,Human rhinovirus R41,Picornaviridae,ssRNA(+)
1523281,0.65,0.1314387524621676,0.8970225481233507,0.0289306370370434,0.0740468148396059,0.8243311450249157,0.0334737175725454,0.0094580707831799,0.0043827924533379,0.0477811364869907,0.0805731376790302,0.0943686120247762,0.8710986033212134,0.015599258031185,0.0189335266228254,Human rhinovirus R49,Picornaviridae,ssRNA(+)
1523282,0.75,0.1314387524621676,0.8970225481233507,0.0289306370370434,0.0740468148396059,0.8409450049391892,0.0302228361685573,0.0085031792781509,0.0042077953380161,0.0399116293992519,0.0762095548768344,0.0975103271225368,0.8671891335963755,0.0154895350939198,0.0198110041871676,Human rhinovirus R55,Picornaviridae,ssRNA(+)
1523285,0.81,0.1483376820517354,0.8970225481233507,0.0289306370370434,0.0740468148396059,0.8359781230899446,0.0300661729900959,0.0087827848469161,0.0042079594758045,0.0394717103918072,0.0814932492054319,0.0975103271225368,0.8671891335963755,0.0154895350939198,0.0198110041871676,Human rhinovirus R66,Picornaviridae,ssRNA(+)
1523287,0.7061176470588235,0.1302046467364771,0.8970225481233507,0.0289306370370434,0.0740468148396059,0.8466226407594238,0.0298643212611656,0.0088975067838926,0.0042414973060102,0.0398760602693422,0.0704979736201656,0.0975103271225368,0.8671891335963755,0.0154895350939198,0.0198110041871676,Human rhinovirus R73,Picornaviridae,ssRNA(+)
1523288,0.8142207792207792,0.1302046467364771,0.8970225481233507,0.0289306370370434,0.0740468148396059,0.8466226407594238,0.0298643212611656,0.0088975067838926,0.0042414973060102,0.0398760602693422,0.0704979736201656,0.0975103271225368,0.8671891335963755,0.0154895350939198,0.0198110041871676,Human rhinovirus R81,Picornaviridae,ssRNA(+)
1523289,0.7933333333333333,0.1302046467364771,0.8970225481233507,0.0289306370370434,0.0740468148396059,0.8466226407594238,0.0298643212611656,0.0088975067838926,0.0042414973060102,0.0398760602693422,0.0704979736201656,0.0975103271225368,0.8671891335963755,0.0154895350939198,0.0198110041871676,Human rhinovirus R82,Picornaviridae,ssRNA(+)
1525176,0.71,0.1302046467364771,0.8970225481233507,0.0289306370370434,0.0740468148396059,0.8466226407594238,0.0298643212611656,0.0088975067838926,0.0042414973060102,0.0398760602693422,0.0704979736201656,0.0975103271225368,0.8671891335963755,0.0154895350939198,0.0198110041871676,Human picobirnavirus VS6600008,Picobirnaviridae,dsRNA
1525177,0.6419326139546727,0.1302046467364771,0.8970225481233507,0.0289306370370434,0.0740468148396059,0.8466226407594238,0.0298643212611656,0.0088975067838926,0.0042414973060102,0.0398760602693422,0.0704979736201656,0.0975103271225368,0.8671891335963755,0.0154895350939198,0.0198110041871676,Picobirnavirus VS6600023,Picobirnaviridae,dsRNA
1525178,0.5829051438757321,0.1302046467364771,0.8970225481233507,0.0289306370370434,0.0740468148396059,0.8466226407594238,0.0298643212611656,0.0088975067838926,0.0042414973060102,0.0398760602693422,0.0704979736201656,0.0975103271225368,0.8671891335963755,0.0154895350939198,0.0198110041871676,Picobirnavirus VS6600025,Picobirnaviridae,dsRNA
1525179,0.6677460916558102,0.1302046467364771,0.8970225481233507,0.0289306370370434,0.0740468148396059,0.8466226407594238,0.0298643212611656,0.0088975067838926,0.0042414973060102,0.0398760602693422,0.0704979736201656,0.0975103271225368,0.8671891335963755,0.0154895350939198,0.0198110041871676,Picobirnavirus VS6600034,Picobirnaviridae,dsRNA
1548189,0.6282424242424243,0.1302046467364771,0.8970225481233507,0.0289306370370434,0.0740468148396059,0.8466226407594238,0.0298643212611656,0.0088975067838926,0.0042414973060102,0.0398760602693422,0.0704979736201656,0.0975103271225368,0.8671891335963755,0.0154895350939198,0.0198110041871676,Human salivirus,Picornaviridae,ssRNA(+)
1569923,0.5816666666666667,0.1302046467364771,0.8970225481233507,0.0289306370370434,0.0740468148396059,0.8537048063698788,0.0284345047576274,0.0087619269043257,0.0040161698482973,0.0371178608693264,0.0679647312505441,0.1040160119889944,0.8615305453269783,0.0152561165540709,0.0191973261299564,Human echovirus,Picornaviridae,ssRNA(+)
1602211,0.675,0.1350046479018317,0.8913592575371777,0.0298195976274407,0.0788211448353815,0.8537605514166361,0.0299892631524266,0.0085278977269175,0.0043360947738181,0.0399510254475123,0.0634351674826893,0.0975103271225368,0.8671891335963755,0.0154895350939198,0.0198110041871676,Astrovirus VA1/HMO-C,Astroviridae,ssRNA(+)
1609130,0.585,0.1337422170287059,0.8913592575371777,0.0298195976274407,0.0788211448353815,0.8557901439598046,0.029606787403885,0.008890734394726,0.0043188651083172,0.0383037045821215,0.0630897645511457,0.0975103271225368,0.8671891335963755,0.0154895350939198,0.0198110041871676,Astrovirus VA5,Astroviridae,ssRNA(+)
1609131,0.6534424869935707,0.1302046467364771,0.8970225481233507,0.0289306370370434,0.0740468148396059,0.8466226407594238,0.0298643212611656,0.0088975067838926,0.0042414973060102,0.0398760602693422,0.0704979736201656,0.0975103271225368,0.8671891335963755,0.0154895350939198,0.0198110041871676,Astrovirus dogfaeces/Bari,Astroviridae,ssRNA(+)
1615798,0.6996087075978717,0.1302046467364771,0.8970225481233507,0.0289306370370434,0.0740468148396059,0.8466226407594238,0.0298643212611656,0.0088975067838926,0.0042414973060102,0.0398760602693422,0.0704979736201656,0.0975103271225368,0.8671891335963755,0.0154895350939198,0.0198110041871676,Ekpoma virus,Rhabdoviridae,ssRNA(-)
1714296,0.62,0.1302046467364771,0.8970225481233507,0.0289306370370434,0.0740468148396059,0.8428875746384623,0.0298352970808584,0.0088621320221664,0.0041907063757347,0.0382982390027793,0.0759260508799989,0.0975103271225368,0.8671891335963755,0.0154895350939198,0.0198110041871676,Husavirus ACS160,unclassified,ssRNA(+)
1714297,0.59,0.1350046479018317,0.9126457410207508,0.0314290159062209,0.0559252430730282,0.8384964523596893,0.0280074738877183,0.0083722924532211,0.0040188344695376,0.0361441301194008,0.0849608167104324,0.0995155115823743,0.8701585787610544,0.0153200797692778,0.0150058298872931,Husavirus ACS178,unclassified,ssRNA(+)
1714298,0.75,0.1302046467364771,0.8970225481233507,0.0289306370370434,0.0740468148396059,0.8428875746384623,0.0298352970808584,0.0088621320221664,0.0041907063757347,0.0382982390027793,0.0759260508799989,0.0975103271225368,0.8671891335963755,0.0154895350939198,0.0198110041871676,Husavirus ACS200,unclassified,ssRNA(+)
1714360,0.6686666666666667,0.1302046467364771,0.8913592575371777,0.0298195976274407,0.0788211448353815,0.8584396518621547,0.029617543944964,0.0089218342422305,0.0043644052181491,0.0398786898503556,0.0587778748821458,0.0975103271225368,0.8671891335963755,0.0154895350939198,0.0198110041871676,Cardiovirus Hu/1873/Yamagata/2013,Picornaviridae,ssRNA(+)
1714361,0.6508888888888889,0.1302046467364771,0.8913592575371777,0.0298195976274407,0.0788211448353815,0.8584396518621547,0.029617543944964,0.0089218342422305,0.0043644052181491,0.0398786898503556,0.0587778748821458,0.0975103271225368,0.8671891335963755,0.0154895350939198,0.0198110041871676,Cardiovirus Hu/1881/Yamagata/2012,Picornaviridae,ssRNA(+)
178530,0.79,0.1302046467364771,0.8970225481233507,0.0289306370370434,0.0740468148396059,0.8466226407594238,0.0298643212611656,0.0088975067838926,0.0042414973060102,0.0398760602693422,0.0704979736201656,0.0975103271225368,0.8671891335963755,0.0154895350939198,0.0198110041871676,Astrovirus sp.,Astroviridae,ssRNA(+)
1899067,0.6777570682728578,0.1302046467364771,0.8970225481233507,0.0289306370370434,0.0740468148396059,0.8466226407594238,0.0298643212611656,0.0088975067838926,0.0042414973060102,0.0398760602693422,0.0704979736201656,0.0975103271225368,0.8671891335963755,0.0154895350939198,0.0198110041871676,Sapovirus Hu/Pune/NIV071595/2007/India,Caliciviridae,ssRNA(+)
1899068,0.6915204678362573,0.1302046467364771,0.8970225481233507,0.0289306370370434,0.0740468148396059,0.848300198730145,0.0283929641326097,0.0088665072455889,0.0042105604168633,0.0398622834175491,0.070367486057244,0.0975103271225368,0.8671891335963755,0.0154895350939198,0.0198110041871676,Sapovirus Hu/Pune/NIV074151/2007/India,Caliciviridae,ssRNA(+)
1899069,0.6777570682728578,0.1302046467364771,0.8970225481233507,0.0289306370370434,0.0740468148396059,0.8466226407594238,0.0298643212611656,0.0088975067838926,0.0042414973060102,0.0398760602693422,0.0704979736201656,0.0975103271225368,0.8671891335963755,0.0154895350939198,0.0198110041871676,Sapovirus Hu/Pune/NIV075904/2007/India,Caliciviridae,ssRNA(+)
1899070,0.6777570682728578,0.1302046467364771,0.8970225481233507,0.0289306370370434,0.0740468148396059,0.8466226407594238,0.0298643212611656,0.0088975067838926,0.0042414973060102,0.0398760602693422,0.0704979736201656,0.0975103271225368,0.8671891335963755,0.0154895350939198,0.0198110041871676,Sapovirus Hu/Pune/NIV076106/2007/India,Caliciviridae,ssRNA(+)
1899071,0.6777570682728578,0.1302046467364771,0.8970225481233507,0.0289306370370434,0.0740468148396059,0.8466226407594238,0.0298643212611656,0.0088975067838926,0.0042414973060102,0.0398760602693422,0.0704979736201656,0.0975103271225368,0.8671891335963755,0.0154895350939198,0.0198110041871676,Sapovirus Hu/Pune/NIV076111/2007/India,Caliciviridae,ssRNA(+)
1899072,0.6666666666666665,0.1302046467364771,0.8970225481233507,0.0289306370370434,0.0740468148396059,0.8521837921415458,0.0291247806384072,0.0088953664656035,0.0042567631992431,0.0405874936064305,0.0649518039487697,0.0975103271225368,0.8671891335963755,0.0154895350939198,0.0198110041871676,Sapovirus Hu/Pune/NIV077926/2007/India,Caliciviridae,ssRNA(+)
1899073,0.6777570682728578,0.1302046467364771,0.8970225481233507,0.0289306370370434,0.0740468148396059,0.8466226407594238,0.0298643212611656,0.0088975067838926,0.0042414973060102,0.0398760602693422,0.0704979736201656,0.0975103271225368,0.8671891335963755,0.0154895350939198,0.0198110041871676,Sapovirus Hu/Pune/NIV0814778/2008/India,Caliciviridae,ssRNA(+)
1899074,0.5516666666666666,0.1302046467364771,0.8970225481233507,0.0289306370370434,0.0740468148396059,0.848300198730145,0.0283929641326097,0.0088665072455889,0.0042105604168633,0.0398622834175491,0.070367486057244,0.0975103271225368,0.8671891335963755,0.0154895350939198,0.0198110041871676,Sapovirus Hu/Pune/NIV0816953/2008/India,Caliciviridae,ssRNA(+)
1899075,0.65,0.1302046467364771,0.8913592575371777,0.0298195976274407,0.0788211448353815,0.8601447689283951,0.0281580868361331,0.0088904457257542,0.00433216125396,0.0398683751088876,0.0586061621468698,0.0975103271225368,0.8671891335963755,0.0154895350939198,0.0198110041871676,Sapovirus Hu/Pune/NIV083518/2008/India,Caliciviridae,ssRNA(+)
1899076,0.7039285714285713,0.1302046467364771,0.8970225481233507,0.0289306370370434,0.0740468148396059,0.8521837921415458,0.0291247806384072,0.0088953664656035,0.0042567631992431,0.0405874936064305,0.0649518039487697,0.0975103271225368,0.8671891335963755,0.0154895350939198,0.0198110041871676,Sapovirus Hu/Pune/NIV084708/2008/India,Caliciviridae,ssRNA(+)
1899077,0.5516666666666666,0.1302046467364771,0.8970225481233507,0.0289306370370434,0.0740468148396059,0.848300198730145,0.0283929641326097,0.0088665072455889,0.0042105604168633,0.0398622834175491,0.070367486057244,0.0975103271225368,0.8671891335963755,0.0154895350939198,0.0198110041871676,Sapovirus Hu/Pune/NIV085334/2008/India,Caliciviridae,ssRNA(+)
1899078,0.64,0.1302046467364771,0.8970225481233507,0.0289306370370434,0.0740468148396059,0.848300198730145,0.0283929641326097,0.0088665072455889,0.0042105604168633,0.0398622834175491,0.070367486057244,0.0975103271225368,0.8671891335963755,0.0154895350939198,0.0198110041871676,Sapovirus Hu/Pune/NIV089309/2008/India,Caliciviridae,ssRNA(+)
1899080,0.6777570682728578,0.1302046467364771,0.8970225481233507,0.0289306370370434,0.0740468148396059,0.8466226407594238,0.0298643212611656,0.0088975067838926,0.0042414973060102,0.0398760602693422,0.0704979736201656,0.0975103271225368,0.8671891335963755,0.0154895350939198,0.0198110041871676,Sapovirus Hu/Pune/NIV0916007/2009/India,Caliciviridae,ssRNA(+)
1899081,0.6777570682728578,0.1302046467364771,0.8970225481233507,0.0289306370370434,0.0740468148396059,0.8466226407594238,0.0298643212611656,0.0088975067838926,0.0042414973060102,0.0398760602693422,0.0704979736201656,0.0975103271225368,0.8671891335963755,0.0154895350939198,0.0198110041871676,Sapovirus Hu/Pune/NIV094581/2009/India,Caliciviridae,ssRNA(+)
1899082,0.6376813106971002,0.1302046467364771,0.8970225481233507,0.0289306370370434,0.0740468148396059,0.8466226407594238,0.0298643212611656,0.0088975067838926,0.0042414973060102,0.0398760602693422,0.0704979736201656,0.0975103271225368,0.8671891335963755,0.0154895350939198,0.0198110041871676,Sapovirus Hu/Pune/NIV1031131/2010/India,Caliciviridae,ssRNA(+)
1899083,0.64,0.1620436633235391,0.9282899966398848,0.0284154203679922,0.0432945829921229,0.8698375049229597,0.0261705956777844,0.0098396882228029,0.0044270417961903,0.0295223833212757,0.0602027860589864,0.0649786224774558,0.909641912668454,0.0146321575831797,0.0107473072709105,Sapovirus Hu/Pune/NIV1044610/2010/India,Caliciviridae,ssRNA(+)
1899084,0.6777570682728578,0.1302046467364771,0.8970225481233507,0.0289306370370434,0.0740468148396059,0.8466226407594238,0.0298643212611656,0.0088975067838926,0.0042414973060102,0.0398760602693422,0.0704979736201656,0.0975103271225368,0.8671891335963755,0.0154895350939198,0.0198110041871676,Sapovirus Hu/Pune/NIV117296/2011/India,Caliciviridae,ssRNA(+)
1899085,0.64,0.1620436633235391,0.9282899966398848,0.0284154203679922,0.0432945829921229,0.8698375049229597,0.0261705956777844,0.0098396882228029,0.0044270417961903,0.0295223833212757,0.0602027860589864,0.0649786224774558,0.909641912668454,0.0146321575831797,0.0107473072709105,Sapovirus Hu/Pune/NIV117298/2011/India,Caliciviridae,ssRNA(+)
1899086,0.64,0.1620436633235391,0.9282899966398848,0.0284154203679922,0.0432945829921229,0.8698375049229597,0.0261705956777844,0.0098396882228029,0.0044270417961903,0.0295223833212757,0.0602027860589864,0.0649786224774558,0.909641912668454,0.0146321575831797,0.0107473072709105,Sapovirus Hu/Pune/NIV117301/2011/India,Caliciviridae,ssRNA(+)
1906931,0.66,0.134529606278718,0.533342636321573,0.1348148776459317,0.3318424860324953,0.3737403801293092,0.210884185549251,0.0191082131306337,0.0582738352204316,0.237897777669629,0.1000956083007451,0.0759576464829494,0.1543260157202679,0.0413353984767798,0.7283809393200029,Human rotavirus,Sedoreoviridae,dsRNA
1907787,0.7,0.1302046467364771,0.7784555305301991,0.0330311993781031,0.1885132700916979,0.8348545038604251,0.0320875961453512,0.0095234639823884,0.0045472192986992,0.0435151155729754,0.07547210114016,0.0975103271225368,0.8671891335963755,0.0154895350939198,0.0198110041871676,Picobirnavirus sp.,Picobirnaviridae,dsRNA
1912147,0.73,0.1337422170287059,0.8913592575371777,0.0298195976274407,0.0788211448353815,0.8584396518621547,0.029617543944964,0.0089218342422305,0.0043644052181491,0.0398786898503556,0.0587778748821458,0.0975103271225368,0.8671891335963755,0.0154895350939198,0.0198110041871676,Mamastrovirus sp.,Astroviridae,ssRNA(+)
1933176,0.75,0.1302046467364771,0.7784555305301991,0.0330311993781031,0.1885132700916979,0.8348545038604251,0.0320875961453512,0.0095234639823884,0.0045472192986992,0.0435151155729754,0.07547210114016,0.0975103271225368,0.8671891335963755,0.0154895350939198,0.0198110041871676,Orthobunyavirus cuchillaense,Peribunyaviridae,ssRNA(-)
2022413,0.8748235294117646,0.1709118602711264,0.334003353305147,0.1224505677826171,0.5435460789122357,0.0527305709529724,0.1539585199277465,0.1235334402590223,0.0829895593517223,0.4780597832473583,0.1087281262611777,0.6439539016041466,0.1273193839830184,0.1833556580873224,0.0453710563255124,Orthohantavirus sp.,Hantaviridae,ssRNA(-)
2039694,0.6561764705882354,0.1429613412455035,0.8970225481233507,0.0289306370370434,0.0740468148396059,0.8402044669506831,0.0284766023987513,0.0084617016206473,0.0039711196266863,0.0381677361841879,0.0807183732190436,0.0975103271225368,0.8671891335963755,0.0154895350939198,0.0198110041871676,Salivirus sp.,Picornaviridae,ssRNA(+)
2044876,0.7184422137242811,0.1302046467364771,0.8970225481233507,0.0289306370370434,0.0740468148396059,0.8466226407594238,0.0298643212611656,0.0088975067838926,0.0042414973060102,0.0398760602693422,0.0704979736201656,0.0975103271225368,0.8671891335963755,0.0154895350939198,0.0198110041871676,Human hepegivirus 1,Flaviviridae,ssRNA(+)
2053898,0.5625,0.1302046467364771,0.8970225481233507,0.0289306370370434,0.0740468148396059,0.8519348829589113,0.0296622116373702,0.0091875202571516,0.0042870888329251,0.0410293999570361,0.063898896356605,0.1040160119889944,0.8615305453269783,0.0152561165540709,0.0191973261299564,Astrovirus VA6,Astroviridae,ssRNA(+)
2094719,0.6717982456140351,0.1302046467364771,0.8970225481233507,0.0289306370370434,0.0740468148396059,0.8521837921415458,0.0291247806384072,0.0088953664656035,0.0042567631992431,0.0405874936064305,0.0649518039487697,0.0975103271225368,0.8671891335963755,0.0154895350939198,0.0198110041871676,Kobuvirus sp.,Picornaviridae,ssRNA(+)
2169479,0.5366666666666666,0.1302046467364771,0.8970225481233507,0.0289306370370434,0.0740468148396059,0.8466226407594238,0.0298643212611656,0.0088975067838926,0.0042414973060102,0.0398760602693422,0.0704979736201656,0.0975103271225368,0.8671891335963755,0.0154895350939198,0.0198110041871676,Lysoka picobirna-like virus,Picobirnaviridae,dsRNA
2170060,0.77,0.1314387524621676,0.8365287042727362,0.0417129696876007,0.1217583260396631,0.784153833031741,0.0400249613773198,0.0111859980849739,0.0059067832964495,0.0579284735630928,0.1007999506464227,0.0733443621879026,0.8860189272421205,0.014674618502727,0.0259620920672497,Zegla orthobunyavirus,Peribunyaviridae,ssRNA(-)
2184749,0.6314393939393939,0.1314387524621676,0.8970225481233507,0.0289306370370434,0.0740468148396059,0.8409450049391892,0.0302228361685573,0.0085031792781509,0.0042077953380161,0.0399116293992519,0.0762095548768344,0.0975103271225368,0.8671891335963755,0.0154895350939198,0.0198110041871676,Human blood-associated partitivirus,Partitiviridae,dsRNA
2219046,0.556,0.1337422170287059,0.8970225481233507,0.0289306370370434,0.0740468148396059,0.8505337384747099,0.0292330733785986,0.0088748261910542,0.0041411522579513,0.0386682434510351,0.0685489662466505,0.1040160119889944,0.8615305453269783,0.0152561165540709,0.0191973261299564,Recovirus sp.,Caliciviridae,ssRNA(+)
2219048,0.64,0.1302046467364771,0.8970225481233507,0.0289306370370434,0.0740468148396059,0.8428875746384623,0.0298352970808584,0.0088621320221664,0.0041907063757347,0.0382982390027793,0.0759260508799989,0.0975103271225368,0.8671891335963755,0.0154895350939198,0.0198110041871676,Husavirus VSAD,unclassified,ssRNA(+)
2219052,0.6442424242424242,0.1302046467364771,0.8970225481233507,0.0289306370370434,0.0740468148396059,0.8521837921415458,0.0291247806384072,0.0088953664656035,0.0042567631992431,0.0405874936064305,0.0649518039487697,0.0975103271225368,0.8671891335963755,0.0154895350939198,0.0198110041871676,Fesa-like virus,unclassified,ssRNA(+)
2219053,0.575,0.1302046467364771,0.8970225481233507,0.0289306370370434,0.0740468148396059,0.852242778677288,0.0283196013073065,0.0088541500600628,0.00406103150607,0.037912931335054,0.0686095071142184,0.1040160119889944,0.8615305453269783,0.0152561165540709,0.0191973261299564,Fisa-like virus,unclassified,ssRNA(+)
2219997,0.7188888888888889,0.1302046467364771,0.8970225481233507,0.0289306370370434,0.0740468148396059,0.8466226407594238,0.0298643212611656,0.0088975067838926,0.0042414973060102,0.0398760602693422,0.0704979736201656,0.0975103271225368,0.8671891335963755,0.0154895350939198,0.0198110041871676,Orthobunyavirus sp.,Peribunyaviridae,ssRNA(-)
230161,0.652,0.1302046467364771,0.8913592575371777,0.0298195976274407,0.0788211448353815,0.8601447689283951,0.0281580868361331,0.0088904457257542,0.00433216125396,0.0398683751088876,0.0586061621468698,0.0975103271225368,0.8671891335963755,0.0154895350939198,0.0198110041871676,uncultured enterovirus,Picornaviridae,ssRNA(+)
235406,0.6946333333333334,0.1302046467364771,0.8970225481233507,0.0289306370370434,0.0740468148396059,0.8466226407594238,0.0298643212611656,0.0088975067838926,0.0042414973060102,0.0398760602693422,0.0704979736201656,0.0975103271225368,0.8671891335963755,0.0154895350939198,0.0198110041871676,untyped human enterovirus,Picornaviridae,ssRNA(+)
2364099,0.6,0.1302046467364771,0.8970225481233507,0.0289306370370434,0.0740468148396059,0.8490125796718988,0.0291103579024376,0.0088616998820284,0.004208662326347,0.0389744079350378,0.0698322922822505,0.0975103271225368,0.8671891335963755,0.0154895350939198,0.0198110041871676,Nyangole orthobunyavirus,Peribunyaviridae,ssRNA(-)
2498143,0.5660476190476191,0.1302046467364771,0.8970225481233507,0.0289306370370434,0.0740468148396059,0.8466226407594238,0.0298643212611656,0.0088975067838926,0.0042414973060102,0.0398760602693422,0.0704979736201656,0.0975103271225368,0.8671891335963755,0.0154895350939198,0.0198110041871676,Pegivirus sp.,Flaviviridae,ssRNA(+)
2602438,0.5453441558441557,0.1302046467364771,0.8970225481233507,0.0289306370370434,0.0740468148396059,0.8466226407594238,0.0298643212611656,0.0088975067838926,0.0042414973060102,0.0398760602693422,0.0704979736201656,0.0975103271225368,0.8671891335963755,0.0154895350939198,0.0198110041871676,Guapiacu virus,Flaviviridae,ssRNA(+)
261202,0.782,0.238059021392436,0.1645526358865532,0.0384593374434527,0.7969880266699939,0.0518427792388199,0.1002149943290792,0.0784571018679002,0.1131791728353049,0.5745472929656179,0.0817586587632775,0.5758160431828078,0.1538408491841958,0.2232660917747218,0.0470770158582745,Alto Paraguay hantavirus,Hantaviridae,ssRNA(-)
2716315,0.7558888888888888,0.1302046467364771,0.8970225481233507,0.0289306370370434,0.0740468148396059,0.8466226407594238,0.0298643212611656,0.0088975067838926,0.0042414973060102,0.0398760602693422,0.0704979736201656,0.0975103271225368,0.8671891335963755,0.0154895350939198,0.0198110041871676,Manych virus,Flaviviridae,ssRNA(+)
2778245,0.64,0.1302046467364771,0.8970225481233507,0.0289306370370434,0.0740468148396059,0.8428875746384623,0.0298352970808584,0.0088621320221664,0.0041907063757347,0.0382982390027793,0.0759260508799989,0.0975103271225368,0.8671891335963755,0.0154895350939198,0.0198110041871676,Husavirus XZ110_XZ_CHN_2017,unclassified,ssRNA(+)
2778246,0.71,0.1302046467364771,0.8970225481233507,0.0289306370370434,0.0740468148396059,0.8428875746384623,0.0298352970808584,0.0088621320221664,0.0041907063757347,0.0382982390027793,0.0759260508799989,0.0975103271225368,0.8671891335963755,0.0154895350939198,0.0198110041871676,Husavirus XZ112_XZ_CHN_2017,unclassified,ssRNA(+)
2778247,0.76,0.1302046467364771,0.8970225481233507,0.0289306370370434,0.0740468148396059,0.8428875746384623,0.0298352970808584,0.0088621320221664,0.0041907063757347,0.0382982390027793,0.0759260508799989,0.0975103271225368,0.8671891335963755,0.0154895350939198,0.0198110041871676,Husavirus XZ111_XZ_CHN_2017,unclassified,ssRNA(+)
2778248,0.61,0.1302046467364771,0.8970225481233507,0.0289306370370434,0.0740468148396059,0.8428875746384623,0.0298352970808584,0.0088621320221664,0.0041907063757347,0.0382982390027793,0.0759260508799989,0.0975103271225368,0.8671891335963755,0.0154895350939198,0.0198110041871676,Husavirus XZ114_XZ_CHN_2017,unclassified,ssRNA(+)
2778249,0.76,0.1302046467364771,0.8970225481233507,0.0289306370370434,0.0740468148396059,0.8428875746384623,0.0298352970808584,0.0088621320221664,0.0041907063757347,0.0382982390027793,0.0759260508799989,0.0975103271225368,0.8671891335963755,0.0154895350939198,0.0198110041871676,Husavirus XZ115_XZ_CHN_2017,unclassified,ssRNA(+)
2778250,0.63,0.1302046467364771,0.8970225481233507,0.0289306370370434,0.0740468148396059,0.8428875746384623,0.0298352970808584,0.0088621320221664,0.0041907063757347,0.0382982390027793,0.0759260508799989,0.0975103271225368,0.8671891335963755,0.0154895350939198,0.0198110041871676,Husavirus XZ93_XZ_CHN_2017,unclassified,ssRNA(+)
2778251,0.69,0.1302046467364771,0.8970225481233507,0.0289306370370434,0.0740468148396059,0.8428875746384623,0.0298352970808584,0.0088621320221664,0.0041907063757347,0.0382982390027793,0.0759260508799989,0.0975103271225368,0.8671891335963755,0.0154895350939198,0.0198110041871676,Husavirus XZ97_XZ_CHN_2017,unclassified,ssRNA(+)
2778252,0.63,0.1302046467364771,0.8970225481233507,0.0289306370370434,0.0740468148396059,0.8428875746384623,0.0298352970808584,0.0088621320221664,0.0041907063757347,0.0382982390027793,0.0759260508799989,0.0975103271225368,0.8671891335963755,0.0154895350939198,0.0198110041871676,Husavirus XZ98_XZ_CHN_2017,unclassified,ssRNA(+)
2778253,0.57,0.1302046467364771,0.8970225481233507,0.0289306370370434,0.0740468148396059,0.8490125796718988,0.0291103579024376,0.0088616998820284,0.004208662326347,0.0389744079350378,0.0698322922822505,0.0975103271225368,0.8671891335963755,0.0154895350939198,0.0198110041871676,Husavirus XZ99_XZ_CHN_2017,unclassified,ssRNA(+)
29256,0.5402564102564102,0.1458650326657564,0.7784555305301991,0.0330311993781031,0.1885132700916979,0.8310350129779277,0.0320384313869944,0.0094788819919583,0.0044879462706915,0.0417727714849776,0.0811869558874504,0.0975103271225368,0.8671891335963755,0.0154895350939198,0.0198110041871676,Trichomonas vaginalis virus,Totiviridae,dsRNA
2936928,0.7688174603174603,0.1302046467364771,0.8970225481233507,0.0289306370370434,0.0740468148396059,0.8466226407594238,0.0298643212611656,0.0088975067838926,0.0042414973060102,0.0398760602693422,0.0704979736201656,0.0975103271225368,0.8671891335963755,0.0154895350939198,0.0198110041871676,California hare coltivirus,Spinareoviridae,dsRNA
295016,0.8588888888888887,0.1302046467364771,0.8970225481233507,0.0289306370370434,0.0740468148396059,0.8466226407594238,0.0298643212611656,0.0088975067838926,0.0042414973060102,0.0398760602693422,0.0704979736201656,0.0975103271225368,0.8671891335963755,0.0154895350939198,0.0198110041871676,Human rotavirus ADRV-N,Sedoreoviridae,dsRNA
2956251,0.57,0.1302046467364771,0.8970225481233507,0.0289306370370434,0.0740468148396059,0.8521837921415458,0.0291247806384072,0.0088953664656035,0.0042567631992431,0.0405874936064305,0.0649518039487697,0.0975103271225368,0.8671891335963755,0.0154895350939198,0.0198110041871676,Orthopicobirnavirus equi,Picobirnaviridae,dsRNA
2994337,0.54,0.1293128792249641,0.781724935220188,0.0552636360926117,0.1630114286872004,0.8003036982716304,0.0480985072808159,0.0163251198019719,0.008693150938838,0.0510047543888218,0.075574769317922,0.0364542954952119,0.9091792279240422,0.0143254408899554,0.0400410356907904,Human hepatitis E virus genotype 3,Hepeviridae,ssRNA(+)
3047370,0.57,0.1302046467364771,0.8913592575371777,0.0298195976274407,0.0788211448353815,0.8522133948576344,0.0307382395753182,0.0090348154069735,0.0043826184483722,0.039684946325223,0.0639459853864783,0.0975103271225368,0.8671891335963755,0.0154895350939198,0.0198110041871676,Orthoflavivirus apoiense,Flaviviridae,ssRNA(+)
3048206,0.54,0.1302046467364771,0.8913592575371777,0.0298195976274407,0.0788211448353815,0.8533077628258915,0.0310560628136424,0.0095428860176714,0.0046384794854081,0.0422491576281004,0.059205651229286,0.0968589303502363,0.8682737306553665,0.0171403188518116,0.0177270201425856,Orthoflavivirus montanaense,Flaviviridae,ssRNA(+)
3050329,0.6666666666666665,0.1302046467364771,0.8970225481233507,0.0289306370370434,0.0740468148396059,0.8466226407594238,0.0298643212611656,0.0088975067838926,0.0042414973060102,0.0398760602693422,0.0704979736201656,0.0975103271225368,0.8671891335963755,0.0154895350939198,0.0198110041871676,Orthopneumovirus muris,Pneumoviridae,ssRNA(-)
3052343,0.56,0.1621213666674345,0.8970225481233507,0.0289306370370434,0.0740468148396059,0.8365900582891418,0.029685175631413,0.0086737368355307,0.0042347014786496,0.0381506056239637,0.0826657221413011,0.0975103271225368,0.8671891335963755,0.0154895350939198,0.0198110041871676,Morbillivirus caprinae,Paramyxoviridae,ssRNA(-)
3052370,0.55,0.1128569518809539,0.8970225481233507,0.0289306370370434,0.0740468148396059,0.8507929532244126,0.0287989649117524,0.0086296449942121,0.004008302947603,0.0329197741857131,0.0748503597363066,0.0975103271225368,0.8671891335963755,0.0154895350939198,0.0198110041871676,Orthobunyavirus bakauense,Peribunyaviridae,ssRNA(-)
3052393,0.53,0.1330876137114271,0.8232271000981997,0.0377149233047864,0.1390579765970138,0.8065225498365665,0.0335993873839462,0.0106533485824129,0.0050061424888316,0.0491801584791179,0.0950384132291244,0.08206562455512,0.8761818745067813,0.017553878064373,0.0241986228737255,Orthobunyavirus gamboaense,Peribunyaviridae,ssRNA(-)
3052394,0.585412217848697,0.1302046467364771,0.8970225481233507,0.0289306370370434,0.0740468148396059,0.8521837921415458,0.0291247806384072,0.0088953664656035,0.0042567631992431,0.0405874936064305,0.0649518039487697,0.0975103271225368,0.8671891335963755,0.0154895350939198,0.0198110041871676,Orthobunyavirus ganganense,Peribunyaviridae,ssRNA(-)
3052400,0.51,0.1128569518809539,0.7549591023531825,0.0332116319510156,0.2118292656958022,0.8461064709446801,0.0313772012829053,0.0090310252169213,0.0042153055555673,0.0344487006859639,0.074821296313962,0.0940894892465077,0.8675551058124692,0.0160910088042498,0.0222643961367734,Orthobunyavirus ingwavumaense,Peribunyaviridae,ssRNA(-)
3052416,0.71,0.1302046467364771,0.8431515084467134,0.0464684618590595,0.1103800296942268,0.8020532237872267,0.0407299843218312,0.0105861453172634,0.005827397384513,0.0579197073025221,0.0828835418866434,0.0510337000759724,0.9037416883495434,0.0168542433133494,0.0283703682611345,Orthobunyavirus manzanillaense,Peribunyaviridae,ssRNA(-)
3052421,0.56,0.1256825340110631,0.9126457410207508,0.0314290159062209,0.0559252430730282,0.8584775645657133,0.0298097372514685,0.0088923256252848,0.0041433672741183,0.0331119992031642,0.0655650060802509,0.0995155115823743,0.8701585787610544,0.0153200797692778,0.0150058298872931,Orthobunyavirus mermetense,Peribunyaviridae,ssRNA(-)
3052424,0.71,0.1302046467364771,0.8970225481233507,0.0289306370370434,0.0740468148396059,0.8445432452465113,0.0283641629303687,0.008831089216222,0.004159985490394,0.038286055678392,0.0758154614381115,0.0975103271225368,0.8671891335963755,0.0154895350939198,0.0198110041871676,Orthobunyavirus mpokoense,Peribunyaviridae,ssRNA(-)
3052445,0.75,0.1312179462777177,0.2774215521036456,0.0555988212465873,0.6669796266497671,0.6599387061244184,0.0414467130445372,0.0133107417555795,0.0069869655786158,0.0785384282388799,0.1997784452579693,0.0634306220753974,0.8902908847517661,0.0167614843364953,0.0295170088363409,Orthobunyavirus tahynaense,Peribunyaviridae,ssRNA(-)
3052457,0.53,0.1623412844285869,0.0923457346885415,0.0942981104431868,0.8133561548682716,0.676545873882448,0.0693384933275911,0.0384016595329202,0.0130983736187273,0.0451780119226505,0.1574375877156626,0.1086043095090425,0.8031810896664213,0.0415971430083049,0.0466174578162311,Orthoebolavirus bombaliense,Filoviridae,ssRNA(-)
3052467,0.6,0.1511919126414902,0.8913592575371777,0.0298195976274407,0.0788211448353815,0.8563266579375952,0.030320416870487,0.0097609526001957,0.0045876297918787,0.039643565488435,0.0593607773114083,0.1096182777404025,0.8477927119449254,0.0186629169130239,0.023926093401648,Orthoflavivirus kedougouense,Flaviviridae,ssRNA(+)
3052510,0.518095238095238,0.128119913879826,0.312641421495715,0.0564859954843056,0.6308725830199793,0.6272756134535221,0.0572977840521859,0.0150024914929479,0.0096837160561343,0.0861198082264084,0.2046205867188012,0.1094912513769589,0.8143036312805478,0.0199804924171382,0.0562246249253549,Orthonairovirus bushkeyense,Nairoviridae,ssRNA(-)
3052521,0.7946315789473684,0.1302046467364771,0.7784555305301991,0.0330311993781031,0.1885132700916979,0.8348545038604251,0.0320875961453512,0.0095234639823884,0.0045472192986992,0.0435151155729754,0.07547210114016,0.0975103271225368,0.8671891335963755,0.0154895350939198,0.0198110041871676,Orthonairovirus issykkulense,Nairoviridae,ssRNA(-)
3052525,0.58,0.1303483245584945,0.6358675096835817,0.036746526092334,0.3273859642240841,0.6915366555535205,0.0343062989439689,0.0088018284308523,0.0055591578734139,0.0463269584461242,0.2134691007521199,0.0388519852965363,0.91628504559607,0.0158776051491769,0.028985363958217,Orthonairovirus khani,Nairoviridae,ssRNA(-)
3052538,0.6780952380952381,0.1676574141332146,0.571937834402193,0.0763916681685121,0.3516704974292945,0.5867897027702768,0.033480772211729,0.0115728376939971,0.0063039836447608,0.0469280675800192,0.3149246360992168,0.1475018081019288,0.8014319880138988,0.0193193881695166,0.0317468157146555,Orthonairovirus tomdiense,Nairoviridae,ssRNA(-)
3052637,0.85,0.0763521156322811,0.2278900772364301,0.0674881535693845,0.7046217691941855,0.4047724225098713,0.0717497483801697,0.023858867828557,0.0251217573226402,0.1048477797718213,0.3696494241869403,0.5785186284935402,0.2649759143725272,0.0376032172075858,0.1189022399263466,Phlebovirus bujaruense,Phenuiviridae,ssRNA(-/+)
3052679,0.63,0.1220558026601858,0.3186185423986443,0.049564547634789,0.6318169099665665,0.6372000441713859,0.0849667048277932,0.0350629444811991,0.0155422752362133,0.0721606320258296,0.1550673992575784,0.2112550158782072,0.580893351348286,0.1205495318449461,0.0873021009285605,Phlebovirus salehabadense,Phenuiviridae,ssRNA(-/+)
3052809,0.5861919191919192,0.1128569518809539,0.8970225481233507,0.0289306370370434,0.0740468148396059,0.8429981742268601,0.0307676764614464,0.0087933007368644,0.0042651917867866,0.037931446040615,0.0752442107474273,0.0975103271225368,0.8671891335963755,0.0154895350939198,0.0198110041871676,Uukuvirus tyulenyense,Phenuiviridae,ssRNA(-/+)
3060496,0.74,0.1302046467364771,0.9126457410207508,0.0314290159062209,0.0559252430730282,0.8609185945937402,0.0259729702696721,0.0087832898124286,0.0041068503395374,0.036783112923965,0.0634351820606564,0.0995155115823743,0.8701585787610544,0.0153200797692778,0.0150058298872931,Orthobunyavirus okolaense,Peribunyaviridae,ssRNA(-)
3060500,0.5188194523252377,0.1302046467364771,0.8970225481233507,0.0289306370370434,0.0740468148396059,0.8466226407594238,0.0298643212611656,0.0088975067838926,0.0042414973060102,0.0398760602693422,0.0704979736201656,0.0975103271225368,0.8671891335963755,0.0154895350939198,0.0198110041871676,Orthobunyavirus tangaense,Peribunyaviridae,ssRNA(-)
308159,0.56,0.0351203536905966,0.3476854890115697,0.1601604889233288,0.4921540220651014,0.17622573224105,0.1173434239827828,0.1086927498938873,0.1308401878205614,0.3629519922472309,0.1039459138144873,0.1613385636733826,0.3946611362448919,0.1090207118715839,0.3349795882101416,Araucaria virus,Hantaviridae,ssRNA(-)
3428509,0.71,0.1302046467364771,0.8970225481233507,0.0289306370370434,0.0740468148396059,0.8466226407594238,0.0298643212611656,0.0088975067838926,0.0042414973060102,0.0398760602693422,0.0704979736201656,0.0975103271225368,0.8671891335963755,0.0154895350939198,0.0198110041871676,Enterovirus geswini,Picornaviridae,ssRNA(+)
3428512,0.79,0.1302046467364771,0.8919102178969142,0.0314583779449777,0.0766314041581082,0.8622322181784586,0.027955344509027,0.0091334632505311,0.0040057992197089,0.0370288157832455,0.0596443590590286,0.0711827932512401,0.8949832636501064,0.0151212203309294,0.0187127227677242,Enterovirus jesimi,Picornaviridae,ssRNA(+)
3430625,0.6,0.1302046467364771,0.8913592575371777,0.0298195976274407,0.0788211448353815,0.8584396518621547,0.029617543944964,0.0089218342422305,0.0043644052181491,0.0398786898503556,0.0587778748821458,0.0975103271225368,0.8671891335963755,0.0154895350939198,0.0198110041871676,Mamastrovirus canis,Astroviridae,ssRNA(+)
3430637,0.56,0.1302046467364771,0.8913592575371777,0.0298195976274407,0.0788211448353815,0.8584396518621547,0.029617543944964,0.0089218342422305,0.0043644052181491,0.0398786898503556,0.0587778748821458,0.0975103271225368,0.8671891335963755,0.0154895350939198,0.0198110041871676,Mamastrovirus suisorientalis,Astroviridae,ssRNA(+)
3430642,0.65,0.1350046479018317,0.8913592575371777,0.0298195976274407,0.0788211448353815,0.8531811021141881,0.0300145314233749,0.0084797672105383,0.0042749460314197,0.0378180537857549,0.0662315994347236,0.0975103271225368,0.8671891335963755,0.0154895350939198,0.0198110041871676,Mamastrovirus zalophi,Astroviridae,ssRNA(+)
348136,0.7305555555555556,0.1302046467364771,0.8970225481233507,0.0289306370370434,0.0740468148396059,0.8466226407594238,0.0298643212611656,0.0088975067838926,0.0042414973060102,0.0398760602693422,0.0704979736201656,0.0975103271225368,0.8671891335963755,0.0154895350939198,0.0198110041871676,Human rotavirus B219,Sedoreoviridae,dsRNA
3703354,0.7451298701298701,0.1302046467364771,0.8970225481233507,0.0289306370370434,0.0740468148396059,0.8466226407594238,0.0298643212611656,0.0088975067838926,0.0042414973060102,0.0398760602693422,0.0704979736201656,0.0975103271225368,0.8671891335963755,0.0154895350939198,0.0198110041871676,Orthoflavivirus mediterranense,Flaviviridae,ssRNA(+)
3703637,0.5756389010725939,0.1302046467364771,0.8970225481233507,0.0289306370370434,0.0740468148396059,0.8466226407594238,0.0298643212611656,0.0088975067838926,0.0042414973060102,0.0398760602693422,0.0704979736201656,0.0975103271225368,0.8671891335963755,0.0154895350939198,0.0198110041871676,Uukuvirus boleense,Phenuiviridae,ssRNA(-/+)
38016,0.7438888888888888,0.1302046467364771,0.8970225481233507,0.0289306370370434,0.0740468148396059,0.8466226407594238,0.0298643212611656,0.0088975067838926,0.0042414973060102,0.0398760602693422,0.0704979736201656,0.0975103271225368,0.8671891335963755,0.0154895350939198,0.0198110041871676,Hantavirus HTN,Hantaviridae,ssRNA(-)
384335,0.8354018140225037,0.1302046467364771,0.8970225481233507,0.0289306370370434,0.0740468148396059,0.8466226407594238,0.0298643212611656,0.0088975067838926,0.0042414973060102,0.0398760602693422,0.0704979736201656,0.0975103271225368,0.8671891335963755,0.0154895350939198,0.0198110041871676,Human coronavirus NO,Coronaviridae,ssRNA(+)
38768,0.92,0.0741602884808079,0.2104645733525012,0.2728197927586315,0.5167156338888673,0.0975884427250459,0.1052966106876941,0.1013812735858964,0.0774854065055016,0.4221064279925811,0.1961418385032803,0.3447766063121321,0.4071690162858962,0.1739485822043606,0.0741057951976112,European bat lyssavirus,Rhabdoviridae,ssRNA(-)
433730,0.74,0.1302046467364771,0.8970225481233507,0.0289306370370434,0.0740468148396059,0.851273131877753,0.031065488811199,0.0091840240154838,0.0042655027744349,0.0393922599185775,0.0648195926025513,0.0975103271225368,0.8671891335963755,0.0154895350939198,0.0198110041871676,Human rhinovirus AMS323,Picornaviridae,ssRNA(+)
433731,0.74,0.1302046467364771,0.9124455966715556,0.0290706552074651,0.0584837481209793,0.8734092944041398,0.0269593021151005,0.0089420854997228,0.0039392395719644,0.0336020549431191,0.0531480234659529,0.0521010095037649,0.9168429524293328,0.0135494650629749,0.0175065730039274,Human echovirus AMS721,Picornaviridae,ssRNA(+)
433732,0.7633333333333333,0.1302046467364771,0.8919102178969142,0.0314583779449777,0.0766314041581082,0.8622322181784586,0.027955344509027,0.0091334632505311,0.0040057992197089,0.0370288157832455,0.0596443590590286,0.0711827932512401,0.8949832636501064,0.0151212203309294,0.0187127227677242,Human echovirus AMS573,Picornaviridae,ssRNA(+)
47681,0.5516666666666666,0.1297722570736986,0.8137795485342584,0.0252174176232426,0.1610030338424991,0.8347632775852835,0.0317168138441664,0.011335152284595,0.0055557784229652,0.0458268417058539,0.0708021361571357,0.0955635638116891,0.8656986049518687,0.0203764701574699,0.0183613610789719,Enterovirus sp.,Picornaviridae,ssRNA(+)
481494,0.7504090909090909,0.1302046467364771,0.8970225481233507,0.0289306370370434,0.0740468148396059,0.8342621970503544,0.028576448324275,0.0086288877039845,0.004094994583329,0.0378146954285522,0.0866227769095047,0.0975103271225368,0.8671891335963755,0.0154895350939198,0.0198110041871676,Human rhinovirus W11,Picornaviridae,ssRNA(+)
481497,0.57,0.1302046467364771,0.8970225481233507,0.0289306370370434,0.0740468148396059,0.8490125796718988,0.0291103579024376,0.0088616998820284,0.004208662326347,0.0389744079350378,0.0698322922822505,0.0975103271225368,0.8671891335963755,0.0154895350939198,0.0198110041871676,Human rhinovirus W15,Picornaviridae,ssRNA(+)
481503,0.55,0.1341919808435772,0.8437596376191977,0.0316513987745201,0.1245889636062821,0.8196095996230701,0.0302216340811084,0.0095810905522817,0.0042492568309037,0.0377566980816138,0.0985817208310222,0.0975103271225368,0.8671891335963755,0.0154895350939198,0.0198110041871676,Human rhinovirus W24,Picornaviridae,ssRNA(+)
481504,0.8279197140578719,0.1302046467364771,0.8970225481233507,0.0289306370370434,0.0740468148396059,0.8430712640434039,0.0288263437986704,0.0090094148128199,0.0042971981390405,0.0393374635118368,0.0754583156942285,0.133493066154659,0.83173078934151,0.0160330077021812,0.0187431368016495,Human rhinovirus W25,Picornaviridae,ssRNA(+)
481510,0.58,0.1416366911441763,0.8970225481233507,0.0289306370370434,0.0740468148396059,0.8399304123084317,0.0299121400318039,0.008953783996592,0.004238514692094,0.0383054215739201,0.0786597273971578,0.0975103271225368,0.8671891335963755,0.0154895350939198,0.0198110041871676,Human rhinovirus W35,Picornaviridae,ssRNA(+)
481513,0.7766666666666667,0.1302046467364771,0.8970225481233507,0.0289306370370434,0.0740468148396059,0.8492049550105623,0.0298978987883199,0.008879416766955,0.0042252448103765,0.0393078460335553,0.0684846385902309,0.0975103271225368,0.8671891335963755,0.0154895350939198,0.0198110041871676,Human rhinovirus W38,Picornaviridae,ssRNA(+)
496406,0.6805555555555555,0.1458650326657564,0.8970225481233507,0.0289306370370434,0.0740468148396059,0.8466226407594238,0.0298643212611656,0.0088975067838926,0.0042414973060102,0.0398760602693422,0.0704979736201656,0.0975103271225368,0.8671891335963755,0.0154895350939198,0.0198110041871676,Hantavirus sdp1,Hantaviridae,ssRNA(-)
496408,0.6805555555555555,0.1458650326657564,0.8970225481233507,0.0289306370370434,0.0740468148396059,0.8466226407594238,0.0298643212611656,0.0088975067838926,0.0042414973060102,0.0398760602693422,0.0704979736201656,0.0975103271225368,0.8671891335963755,0.0154895350939198,0.0198110041871676,Hantavirus sdp3,Hantaviridae,ssRNA(-)
497343,0.65,0.315948584243518,0.1991739609937295,0.2096956481066212,0.5911303908996492,0.0565554825125354,0.0954115951375885,0.0837497603473636,0.0604494565070896,0.4800906638514914,0.2237430416439318,0.5803408857338781,0.1778427071554015,0.1791506025245747,0.0626658045861452,Hantavirus Case 1,Hantaviridae,ssRNA(-)
497344,0.65,0.245078586287734,0.1927163275379604,0.1562620989433454,0.651021573518694,0.0703039266231472,0.1137931343107203,0.0723785290482628,0.0525515134774683,0.4908195620466117,0.2001533344937891,0.5474766964534884,0.1460127117406829,0.2673661223123553,0.0391444694934736,Hantavirus Case Itapua,Hantaviridae,ssRNA(-)
497915,0.6805555555555555,0.1458650326657564,0.8970225481233507,0.0289306370370434,0.0740468148396059,0.8466226407594238,0.0298643212611656,0.0088975067838926,0.0042414973060102,0.0398760602693422,0.0704979736201656,0.0975103271225368,0.8671891335963755,0.0154895350939198,0.0198110041871676,Hantavirus sdp2 YXL-2008,Hantaviridae,ssRNA(-)
537513,0.8367745831891343,0.1302046467364771,0.8970225481233507,0.0289306370370434,0.0740468148396059,0.8466226407594238,0.0298643212611656,0.0088975067838926,0.0042414973060102,0.0398760602693422,0.0704979736201656,0.0975103271225368,0.8671891335963755,0.0154895350939198,0.0198110041871676,Human rhinovirus NH156,Picornaviridae,ssRNA(+)
537514,0.6694431598966333,0.1302046467364771,0.8970225481233507,0.0289306370370434,0.0740468148396059,0.8466226407594238,0.0298643212611656,0.0088975067838926,0.0042414973060102,0.0398760602693422,0.0704979736201656,0.0975103271225368,0.8671891335963755,0.0154895350939198,0.0198110041871676,Human rhinovirus NH163,Picornaviridae,ssRNA(+)
537516,0.7036400277282631,0.1302046467364771,0.8970225481233507,0.0289306370370434,0.0740468148396059,0.8466226407594238,0.0298643212611656,0.0088975067838926,0.0042414973060102,0.0398760602693422,0.0704979736201656,0.0975103271225368,0.8671891335963755,0.0154895350939198,0.0198110041871676,Human rhinovirus NH206,Picornaviridae,ssRNA(+)
537517,0.6740259740259741,0.1302046467364771,0.8970225481233507,0.0289306370370434,0.0740468148396059,0.845967199343993,0.0293925349793129,0.0088829488397499,0.0041320337012911,0.0386955084430275,0.0729297746926255,0.0725437236098555,0.8933889184550553,0.0151528537335658,0.0189145042015231,Human rhinovirus NH207,Picornaviridae,ssRNA(+)
537524,0.5143444759364164,0.1314387524621676,0.8970225481233507,0.0289306370370434,0.0740468148396059,0.8409450049391892,0.0302228361685573,0.0085031792781509,0.0042077953380161,0.0399116293992519,0.0762095548768344,0.0975103271225368,0.8671891335963755,0.0154895350939198,0.0198110041871676,Human rhinovirus NH247,Picornaviridae,ssRNA(+)
537526,0.5143444759364164,0.1314387524621676,0.8970225481233507,0.0289306370370434,0.0740468148396059,0.8409450049391892,0.0302228361685573,0.0085031792781509,0.0042077953380161,0.0399116293992519,0.0762095548768344,0.0975103271225368,0.8671891335963755,0.0154895350939198,0.0198110041871676,Human rhinovirus NH253,Picornaviridae,ssRNA(+)
537530,0.6886070196367846,0.1302046467364771,0.8970225481233507,0.0289306370370434,0.0740468148396059,0.8466226407594238,0.0298643212611656,0.0088975067838926,0.0042414973060102,0.0398760602693422,0.0704979736201656,0.0975103271225368,0.8671891335963755,0.0154895350939198,0.0198110041871676,Human rhinovirus NH287,Picornaviridae,ssRNA(+)
537547,0.5143444759364164,0.1314387524621676,0.8970225481233507,0.0289306370370434,0.0740468148396059,0.8409450049391892,0.0302228361685573,0.0085031792781509,0.0042077953380161,0.0399116293992519,0.0762095548768344,0.0975103271225368,0.8671891335963755,0.0154895350939198,0.0198110041871676,Human rhinovirus NH3555,Picornaviridae,ssRNA(+)
537550,0.5143444759364164,0.1314387524621676,0.8970225481233507,0.0289306370370434,0.0740468148396059,0.8409450049391892,0.0302228361685573,0.0085031792781509,0.0042077953380161,0.0399116293992519,0.0762095548768344,0.0975103271225368,0.8671891335963755,0.0154895350939198,0.0198110041871676,Human rhinovirus NH3600,Picornaviridae,ssRNA(+)
537551,0.6886070196367846,0.1302046467364771,0.8970225481233507,0.0289306370370434,0.0740468148396059,0.8466226407594238,0.0298643212611656,0.0088975067838926,0.0042414973060102,0.0398760602693422,0.0704979736201656,0.0975103271225368,0.8671891335963755,0.0154895350939198,0.0198110041871676,Human rhinovirus NH361,Picornaviridae,ssRNA(+)
537552,0.8142438966262495,0.1302046467364771,0.8970225481233507,0.0289306370370434,0.0740468148396059,0.8466226407594238,0.0298643212611656,0.0088975067838926,0.0042414973060102,0.0398760602693422,0.0704979736201656,0.0975103271225368,0.8671891335963755,0.0154895350939198,0.0198110041871676,Human rhinovirus NH3629,Picornaviridae,ssRNA(+)
537553,0.7125,0.1483376820517354,0.8970225481233507,0.0289306370370434,0.0740468148396059,0.838870349413714,0.0306486396550488,0.0087102573474784,0.0042205048059761,0.0380259582935728,0.0795242904842101,0.0975103271225368,0.8671891335963755,0.0154895350939198,0.0198110041871676,Human rhinovirus NH363,Picornaviridae,ssRNA(+)
537557,0.7396581196581197,0.1314387524621676,0.8970225481233507,0.0289306370370434,0.0740468148396059,0.8400546775166201,0.0297503608631869,0.0084884733347741,0.0040982559912981,0.0387322913399436,0.0788759409541769,0.0725437236098555,0.8933889184550553,0.0151528537335658,0.0189145042015231,Human rhinovirus NH3736,Picornaviridae,ssRNA(+)
537558,0.5143444759364164,0.1314387524621676,0.8970225481233507,0.0289306370370434,0.0740468148396059,0.8409450049391892,0.0302228361685573,0.0085031792781509,0.0042077953380161,0.0399116293992519,0.0762095548768344,0.0975103271225368,0.8671891335963755,0.0154895350939198,0.0198110041871676,Human rhinovirus NH3750,Picornaviridae,ssRNA(+)
537559,0.7336929736929737,0.1302046467364771,0.8970225481233507,0.0289306370370434,0.0740468148396059,0.8466226407594238,0.0298643212611656,0.0088975067838926,0.0042414973060102,0.0398760602693422,0.0704979736201656,0.0975103271225368,0.8671891335963755,0.0154895350939198,0.0198110041871676,Human rhinovirus NH379,Picornaviridae,ssRNA(+)
537560,0.7204545454545455,0.1302046467364771,0.8970225481233507,0.0289306370370434,0.0740468148396059,0.8466226407594238,0.0298643212611656,0.0088975067838926,0.0042414973060102,0.0398760602693422,0.0704979736201656,0.0975103271225368,0.8671891335963755,0.0154895350939198,0.0198110041871676,Human rhinovirus NH384,Picornaviridae,ssRNA(+)
537561,0.6180229885057471,0.1302046467364771,0.8970225481233507,0.0289306370370434,0.0740468148396059,0.8466226407594238,0.0298643212611656,0.0088975067838926,0.0042414973060102,0.0398760602693422,0.0704979736201656,0.0975103271225368,0.8671891335963755,0.0154895350939198,0.0198110041871676,Human rhinovirus NH385,Picornaviridae,ssRNA(+)
537563,0.6886070196367846,0.1302046467364771,0.8970225481233507,0.0289306370370434,0.0740468148396059,0.8466226407594238,0.0298643212611656,0.0088975067838926,0.0042414973060102,0.0398760602693422,0.0704979736201656,0.0975103271225368,0.8671891335963755,0.0154895350939198,0.0198110041871676,Human rhinovirus NH3908,Picornaviridae,ssRNA(+)
537566,0.8168557422969188,0.1302046467364771,0.8970225481233507,0.0289306370370434,0.0740468148396059,0.8466226407594238,0.0298643212611656,0.0088975067838926,0.0042414973060102,0.0398760602693422,0.0704979736201656,0.0975103271225368,0.8671891335963755,0.0154895350939198,0.0198110041871676,Human rhinovirus NH3963,Picornaviridae,ssRNA(+)
537573,0.7858888888888889,0.1302046467364771,0.8970225481233507,0.0289306370370434,0.0740468148396059,0.8466226407594238,0.0298643212611656,0.0088975067838926,0.0042414973060102,0.0398760602693422,0.0704979736201656,0.0975103271225368,0.8671891335963755,0.0154895350939198,0.0198110041871676,Human rhinovirus NH4111,Picornaviridae,ssRNA(+)
537574,0.6886070196367846,0.1302046467364771,0.8970225481233507,0.0289306370370434,0.0740468148396059,0.8466226407594238,0.0298643212611656,0.0088975067838926,0.0042414973060102,0.0398760602693422,0.0704979736201656,0.0975103271225368,0.8671891335963755,0.0154895350939198,0.0198110041871676,Human rhinovirus NH4130,Picornaviridae,ssRNA(+)
537577,0.7509999999999999,0.1302046467364771,0.8970225481233507,0.0289306370370434,0.0740468148396059,0.8466226407594238,0.0298643212611656,0.0088975067838926,0.0042414973060102,0.0398760602693422,0.0704979736201656,0.0975103271225368,0.8671891335963755,0.0154895350939198,0.0198110041871676,Human rhinovirus NH4215,Picornaviridae,ssRNA(+)
537578,0.55,0.1318281141392921,0.5864250423018507,0.0381178115676114,0.3754571461305381,0.771622257931119,0.0337982028358838,0.0098120049769096,0.0042533024533061,0.0355097877420751,0.1450044440607063,0.101344120755286,0.8604347488438107,0.0200225752006724,0.0181985552002307,Human rhinovirus NH4299,Picornaviridae,ssRNA(+)
537584,0.7125,0.1483376820517354,0.8970225481233507,0.0289306370370434,0.0740468148396059,0.838870349413714,0.0306486396550488,0.0087102573474784,0.0042205048059761,0.0380259582935728,0.0795242904842101,0.0975103271225368,0.8671891335963755,0.0154895350939198,0.0198110041871676,Human rhinovirus NH4479,Picornaviridae,ssRNA(+)
537587,0.8557508983391336,0.1302046467364771,0.8970225481233507,0.0289306370370434,0.0740468148396059,0.8466226407594238,0.0298643212611656,0.0088975067838926,0.0042414973060102,0.0398760602693422,0.0704979736201656,0.0975103271225368,0.8671891335963755,0.0154895350939198,0.0198110041871676,Human rhinovirus NH4545,Picornaviridae,ssRNA(+)
537588,0.5139955497691707,0.1302046467364771,0.8970225481233507,0.0289306370370434,0.0740468148396059,0.8466226407594238,0.0298643212611656,0.0088975067838926,0.0042414973060102,0.0398760602693422,0.0704979736201656,0.0975103271225368,0.8671891335963755,0.0154895350939198,0.0198110041871676,Human rhinovirus NH53,Picornaviridae,ssRNA(+)
537589,0.58,0.1461654448528221,0.8970225481233507,0.0289306370370434,0.0740468148396059,0.8405894011334655,0.0292495745580807,0.0089250284826956,0.0041959301722337,0.0359853078686658,0.081054757784859,0.1005693138203394,0.8619837363356043,0.0166877012689727,0.0207592485750835,Human rhinovirus NH62,Picornaviridae,ssRNA(+)
537591,0.7347400140279398,0.1302046467364771,0.8970225481233507,0.0289306370370434,0.0740468148396059,0.8466226407594238,0.0298643212611656,0.0088975067838926,0.0042414973060102,0.0398760602693422,0.0704979736201656,0.0975103271225368,0.8671891335963755,0.0154895350939198,0.0198110041871676,Human rhinovirus NH71,Picornaviridae,ssRNA(+)
546680,0.6356741804865785,0.1302046467364771,0.8970225481233507,0.0289306370370434,0.0740468148396059,0.8466226407594238,0.0298643212611656,0.0088975067838926,0.0042414973060102,0.0398760602693422,0.0704979736201656,0.0975103271225368,0.8671891335963755,0.0154895350939198,0.0198110041871676,Human rhinovirus hRVLz127,Picornaviridae,ssRNA(+)
546681,0.5198315139366998,0.1302046467364771,0.8970225481233507,0.0289306370370434,0.0740468148396059,0.8466226407594238,0.0298643212611656,0.0088975067838926,0.0042414973060102,0.0398760602693422,0.0704979736201656,0.0975103271225368,0.8671891335963755,0.0154895350939198,0.0198110041871676,Human rhinovirus hRVLz13,Picornaviridae,ssRNA(+)
546682,0.6356741804865785,0.1302046467364771,0.8970225481233507,0.0289306370370434,0.0740468148396059,0.8466226407594238,0.0298643212611656,0.0088975067838926,0.0042414973060102,0.0398760602693422,0.0704979736201656,0.0975103271225368,0.8671891335963755,0.0154895350939198,0.0198110041871676,Human rhinovirus hRVLz135,Picornaviridae,ssRNA(+)
546683,0.5520510973272049,0.1302046467364771,0.8970225481233507,0.0289306370370434,0.0740468148396059,0.8466226407594238,0.0298643212611656,0.0088975067838926,0.0042414973060102,0.0398760602693422,0.0704979736201656,0.0975103271225368,0.8671891335963755,0.0154895350939198,0.0198110041871676,Human rhinovirus hRVLz144,Picornaviridae,ssRNA(+)
546692,0.7583980355300014,0.1302046467364771,0.8970225481233507,0.0289306370370434,0.0740468148396059,0.8466226407594238,0.0298643212611656,0.0088975067838926,0.0042414973060102,0.0398760602693422,0.0704979736201656,0.0975103271225368,0.8671891335963755,0.0154895350939198,0.0198110041871676,Human rhinovirus hRVLz214,Picornaviridae,ssRNA(+)
546693,0.6635888748708548,0.1162174123829233,0.8970225481233507,0.0289306370370434,0.0740468148396059,0.8601818338453425,0.0298699274948362,0.009126517135126,0.0041301379286668,0.0337584593253485,0.0629331242706794,0.0975103271225368,0.8671891335963755,0.0154895350939198,0.0198110041871676,Human rhinovirus hRVLz218,Picornaviridae,ssRNA(+)
546694,0.7222609691649937,0.1302046467364771,0.8970225481233507,0.0289306370370434,0.0740468148396059,0.8466226407594238,0.0298643212611656,0.0088975067838926,0.0042414973060102,0.0398760602693422,0.0704979736201656,0.0975103271225368,0.8671891335963755,0.0154895350939198,0.0198110041871676,Human rhinovirus hRVLz220,Picornaviridae,ssRNA(+)
546696,0.6666656141045599,0.1302046467364771,0.8970225481233507,0.0289306370370434,0.0740468148396059,0.8466226407594238,0.0298643212611656,0.0088975067838926,0.0042414973060102,0.0398760602693422,0.0704979736201656,0.0975103271225368,0.8671891335963755,0.0154895350939198,0.0198110041871676,Human rhinovirus hRVLz239,Picornaviridae,ssRNA(+)
546697,0.7280385385855973,0.1302046467364771,0.8970225481233507,0.0289306370370434,0.0740468148396059,0.8466226407594238,0.0298643212611656,0.0088975067838926,0.0042414973060102,0.0398760602693422,0.0704979736201656,0.0975103271225368,0.8671891335963755,0.0154895350939198,0.0198110041871676,Human rhinovirus hRVLz265,Picornaviridae,ssRNA(+)
546698,0.7693178619310972,0.1302046467364771,0.8970225481233507,0.0289306370370434,0.0740468148396059,0.8466226407594238,0.0298643212611656,0.0088975067838926,0.0042414973060102,0.0398760602693422,0.0704979736201656,0.0975103271225368,0.8671891335963755,0.0154895350939198,0.0198110041871676,Human rhinovirus hRVLz267,Picornaviridae,ssRNA(+)
546700,0.7240413438918756,0.1302046467364771,0.8970225481233507,0.0289306370370434,0.0740468148396059,0.8466226407594238,0.0298643212611656,0.0088975067838926,0.0042414973060102,0.0398760602693422,0.0704979736201656,0.0975103271225368,0.8671891335963755,0.0154895350939198,0.0198110041871676,Human rhinovirus hRVLz281,Picornaviridae,ssRNA(+)
546701,0.6621183631224119,0.1302046467364771,0.8970225481233507,0.0289306370370434,0.0740468148396059,0.8466226407594238,0.0298643212611656,0.0088975067838926,0.0042414973060102,0.0398760602693422,0.0704979736201656,0.0975103271225368,0.8671891335963755,0.0154895350939198,0.0198110041871676,Human rhinovirus hRVLz287,Picornaviridae,ssRNA(+)
546702,0.6255497273845038,0.1302046467364771,0.8970225481233507,0.0289306370370434,0.0740468148396059,0.8466226407594238,0.0298643212611656,0.0088975067838926,0.0042414973060102,0.0398760602693422,0.0704979736201656,0.0975103271225368,0.8671891335963755,0.0154895350939198,0.0198110041871676,Human rhinovirus hRVLz293,Picornaviridae,ssRNA(+)
546711,0.7166193702302741,0.1302046467364771,0.8970225481233507,0.0289306370370434,0.0740468148396059,0.8466226407594238,0.0298643212611656,0.0088975067838926,0.0042414973060102,0.0398760602693422,0.0704979736201656,0.0975103271225368,0.8671891335963755,0.0154895350939198,0.0198110041871676,Human rhinovirus hRVLz332,Picornaviridae,ssRNA(+)
546714,0.5528086208491009,0.1302046467364771,0.8970225481233507,0.0289306370370434,0.0740468148396059,0.8466226407594238,0.0298643212611656,0.0088975067838926,0.0042414973060102,0.0398760602693422,0.0704979736201656,0.0975103271225368,0.8671891335963755,0.0154895350939198,0.0198110041871676,Human rhinovirus hRVLz337,Picornaviridae,ssRNA(+)
546715,0.6482051978563055,0.1302046467364771,0.8970225481233507,0.0289306370370434,0.0740468148396059,0.8466226407594238,0.0298643212611656,0.0088975067838926,0.0042414973060102,0.0398760602693422,0.0704979736201656,0.0975103271225368,0.8671891335963755,0.0154895350939198,0.0198110041871676,Human rhinovirus hRVLz343,Picornaviridae,ssRNA(+)
546722,0.69,0.1273055482026573,0.8999399681695701,0.0283989524417546,0.071661079388675,0.8457326878643485,0.0279855878441694,0.0086633154767587,0.004017823458393,0.0378033266354044,0.0757972587209263,0.0995155115823743,0.8701585787610544,0.0153200797692778,0.0150058298872931,Human rhinovirus hRVLz390,Picornaviridae,ssRNA(+)
546726,0.6716471380471379,0.1302046467364771,0.8970225481233507,0.0289306370370434,0.0740468148396059,0.8466226407594238,0.0298643212611656,0.0088975067838926,0.0042414973060102,0.0398760602693422,0.0704979736201656,0.0975103271225368,0.8671891335963755,0.0154895350939198,0.0198110041871676,Human rhinovirus hRVLz8,Picornaviridae,ssRNA(+)
546727,0.7575550868120525,0.1302046467364771,0.8970225481233507,0.0289306370370434,0.0740468148396059,0.8466226407594238,0.0298643212611656,0.0088975067838926,0.0042414973060102,0.0398760602693422,0.0704979736201656,0.0975103271225368,0.8671891335963755,0.0154895350939198,0.0198110041871676,Human rhinovirus hRVLz84,Picornaviridae,ssRNA(+)
546728,0.6268701498948643,0.1302046467364771,0.8970225481233507,0.0289306370370434,0.0740468148396059,0.8466226407594238,0.0298643212611656,0.0088975067838926,0.0042414973060102,0.0398760602693422,0.0704979736201656,0.0975103271225368,0.8671891335963755,0.0154895350939198,0.0198110041871676,Human rhinovirus hRVLz86,Picornaviridae,ssRNA(+)
586421,0.6794409361421745,0.1302046467364771,0.8970225481233507,0.0289306370370434,0.0740468148396059,0.8466226407594238,0.0298643212611656,0.0088975067838926,0.0042414973060102,0.0398760602693422,0.0704979736201656,0.0975103271225368,0.8671891335963755,0.0154895350939198,0.0198110041871676,Human cosavirus C,Picornaviridae,ssRNA(+)
611726,0.784028387253842,0.1302046467364771,0.8970225481233507,0.0289306370370434,0.0740468148396059,0.8466226407594238,0.0298643212611656,0.0088975067838926,0.0042414973060102,0.0398760602693422,0.0704979736201656,0.0975103271225368,0.8671891335963755,0.0154895350939198,0.0198110041871676,Human rhinovirus KR1768,Picornaviridae,ssRNA(+)
611728,0.69,0.1143360013068053,0.8970225481233507,0.0289306370370434,0.0740468148396059,0.8548305837887524,0.028922912860411,0.0090498006569153,0.0041780973742176,0.0370532749119686,0.0659653304077342,0.0975103271225368,0.8671891335963755,0.0154895350939198,0.0198110041871676,Human rhinovirus KR1866,Picornaviridae,ssRNA(+)
611734,0.76636380736685,0.1302046467364771,0.8970225481233507,0.0289306370370434,0.0740468148396059,0.8466226407594238,0.0298643212611656,0.0088975067838926,0.0042414973060102,0.0398760602693422,0.0704979736201656,0.0975103271225368,0.8671891335963755,0.0154895350939198,0.0198110041871676,Human rhinovirus KR1956,Picornaviridae,ssRNA(+)
611737,0.7600267379679144,0.1314387524621676,0.8970225481233507,0.0289306370370434,0.0740468148396059,0.833756665599065,0.0286860824125837,0.0083367699557924,0.0040300994697172,0.0374120271284286,0.0877783554344131,0.0975103271225368,0.8671891335963755,0.0154895350939198,0.0198110041871676,Human rhinovirus KR2031,Picornaviridae,ssRNA(+)
611738,0.7942857142857142,0.1302046467364771,0.8970225481233507,0.0289306370370434,0.0740468148396059,0.8466226407594238,0.0298643212611656,0.0088975067838926,0.0042414973060102,0.0398760602693422,0.0704979736201656,0.0975103271225368,0.8671891335963755,0.0154895350939198,0.0198110041871676,Human rhinovirus KR2063,Picornaviridae,ssRNA(+)
611739,0.7942857142857142,0.1302046467364771,0.8970225481233507,0.0289306370370434,0.0740468148396059,0.8466226407594238,0.0298643212611656,0.0088975067838926,0.0042414973060102,0.0398760602693422,0.0704979736201656,0.0975103271225368,0.8671891335963755,0.0154895350939198,0.0198110041871676,Human rhinovirus KR2072,Picornaviridae,ssRNA(+)
611740,0.76636380736685,0.1302046467364771,0.8970225481233507,0.0289306370370434,0.0740468148396059,0.8466226407594238,0.0298643212611656,0.0088975067838926,0.0042414973060102,0.0398760602693422,0.0704979736201656,0.0975103271225368,0.8671891335963755,0.0154895350939198,0.0198110041871676,Human rhinovirus KR2098,Picornaviridae,ssRNA(+)
611741,0.8354545454545454,0.1302046467364771,0.8970225481233507,0.0289306370370434,0.0740468148396059,0.8466226407594238,0.0298643212611656,0.0088975067838926,0.0042414973060102,0.0398760602693422,0.0704979736201656,0.0975103271225368,0.8671891335963755,0.0154895350939198,0.0198110041871676,Human rhinovirus KR2113,Picornaviridae,ssRNA(+)
611757,0.7170625603631696,0.1302046467364771,0.8970225481233507,0.0289306370370434,0.0740468148396059,0.8466226407594238,0.0298643212611656,0.0088975067838926,0.0042414973060102,0.0398760602693422,0.0704979736201656,0.0975103271225368,0.8671891335963755,0.0154895350939198,0.0198110041871676,Human rhinovirus KR2311,Picornaviridae,ssRNA(+)
611758,0.55,0.1302046467364771,0.8970225481233507,0.0289306370370434,0.0740468148396059,0.8389818222300633,0.0293281294397789,0.0091764021086634,0.0044156127485219,0.0403270884736056,0.0777709449993666,0.0975103271225368,0.8671891335963755,0.0154895350939198,0.0198110041871676,Human rhinovirus KR2316,Picornaviridae,ssRNA(+)
611759,0.55,0.1302046467364771,0.8970225481233507,0.0289306370370434,0.0740468148396059,0.8389818222300633,0.0293281294397789,0.0091764021086634,0.0044156127485219,0.0403270884736056,0.0777709449993666,0.0975103271225368,0.8671891335963755,0.0154895350939198,0.0198110041871676,Human rhinovirus KR2320,Picornaviridae,ssRNA(+)
611761,0.565,0.1210364442271767,0.8970225481233507,0.0289306370370434,0.0740468148396059,0.8067720076407037,0.0334328257795433,0.0103414377422221,0.0051195946754902,0.0461234882023613,0.098210645959679,0.0647604552763389,0.8973908908084824,0.0174131626435772,0.0204354912716012,Human rhinovirus KR2394,Picornaviridae,ssRNA(+)
611762,0.7818244944490202,0.1302046467364771,0.8970225481233507,0.0289306370370434,0.0740468148396059,0.8466226407594238,0.0298643212611656,0.0088975067838926,0.0042414973060102,0.0398760602693422,0.0704979736201656,0.0975103271225368,0.8671891335963755,0.0154895350939198,0.0198110041871676,Human rhinovirus KR2398,Picornaviridae,ssRNA(+)
611763,0.5947481617844521,0.1302046467364771,0.8970225481233507,0.0289306370370434,0.0740468148396059,0.8466226407594238,0.0298643212611656,0.0088975067838926,0.0042414973060102,0.0398760602693422,0.0704979736201656,0.0975103271225368,0.8671891335963755,0.0154895350939198,0.0198110041871676,Human rhinovirus KR2484,Picornaviridae,ssRNA(+)
611764,0.6660406698564594,0.1302046467364771,0.8970225481233507,0.0289306370370434,0.0740468148396059,0.8428875746384623,0.0298352970808584,0.0088621320221664,0.0041907063757347,0.0382982390027793,0.0759260508799989,0.0975103271225368,0.8671891335963755,0.0154895350939198,0.0198110041871676,Human rhinovirus KR2606,Picornaviridae,ssRNA(+)
630716,0.6325555555555555,0.1302046467364771,0.8970225481233507,0.0289306370370434,0.0740468148396059,0.8466226407594238,0.0298643212611656,0.0088975067838926,0.0042414973060102,0.0398760602693422,0.0704979736201656,0.0975103271225368,0.8671891335963755,0.0154895350939198,0.0198110041871676,Human rhinovirus SO5854,Picornaviridae,ssRNA(+)
630718,0.5202914741537707,0.1302046467364771,0.8970225481233507,0.0289306370370434,0.0740468148396059,0.8466226407594238,0.0298643212611656,0.0088975067838926,0.0042414973060102,0.0398760602693422,0.0704979736201656,0.0975103271225368,0.8671891335963755,0.0154895350939198,0.0198110041871676,Human rhinovirus SO6666,Picornaviridae,ssRNA(+)
64318,0.53,0.1458650326657564,0.9243354606304188,0.0319239508643346,0.0437405885052466,0.864761107595801,0.0288744766123314,0.0091796192374636,0.004448937264911,0.0366421945330684,0.0560936647564244,0.0823077103244135,0.8802731495552558,0.0159960966506997,0.0214230434696308,Spondweni virus,Flaviviridae,ssRNA(+)
647367,0.5793946792865428,0.1302046467364771,0.8970225481233507,0.0289306370370434,0.0740468148396059,0.8466226407594238,0.0298643212611656,0.0088975067838926,0.0042414973060102,0.0398760602693422,0.0704979736201656,0.0975103271225368,0.8671891335963755,0.0154895350939198,0.0198110041871676,Human rhinovirus W2,Picornaviridae,ssRNA(+)
647369,0.76,0.1302046467364771,0.8865794823959637,0.0359439281032815,0.0774765895007544,0.8453313169497304,0.0330808464633882,0.0090238349296699,0.0041548951192117,0.0400424292610279,0.0683666772769718,0.0866898689988919,0.8759671492727499,0.0149802467596791,0.0223627349686788,Human rhinovirus W3,Picornaviridae,ssRNA(+)
647372,0.72,0.147222444869849,0.8170819905055429,0.0351485894917087,0.1477694200027484,0.830725267426597,0.0368587752248697,0.0097495184687586,0.0045358016747209,0.0434799511727483,0.0746506860323051,0.1231448800208543,0.8343581476646873,0.0153375326575005,0.0271594396569578,Human rhinovirus W43,Picornaviridae,ssRNA(+)
647374,0.6786965929387659,0.1302046467364771,0.8970225481233507,0.0289306370370434,0.0740468148396059,0.8499985980378206,0.0296991949927054,0.0088786278901467,0.0041241959082197,0.0387020025888063,0.0685973805823011,0.0975103271225368,0.8671891335963755,0.0154895350939198,0.0198110041871676,Human rhinovirus W46,Picornaviridae,ssRNA(+)
659265,0.5300464090244518,0.1302046467364771,0.8970225481233507,0.0289306370370434,0.0740468148396059,0.8466226407594238,0.0298643212611656,0.0088975067838926,0.0042414973060102,0.0398760602693422,0.0704979736201656,0.0975103271225368,0.8671891335963755,0.0154895350939198,0.0198110041871676,Norovirus Hu/Afyon/65/2007/TR,Caliciviridae,ssRNA(+)
682383,0.61,0.1497548225679708,0.8913592575371777,0.0298195976274407,0.0788211448353815,0.8582899669433012,0.0291492990302382,0.0089083077133545,0.0042554199604068,0.0387061933999227,0.0606908129527761,0.0725437236098555,0.8933889184550553,0.0151528537335658,0.0189145042015231,HMO Astrovirus B,Astroviridae,ssRNA(+)
682384,0.62,0.1337422170287059,0.8913592575371777,0.0298195976274407,0.0788211448353815,0.8584396518621547,0.029617543944964,0.0089218342422305,0.0043644052181491,0.0398786898503556,0.0587778748821458,0.0975103271225368,0.8671891335963755,0.0154895350939198,0.0198110041871676,HMO Astrovirus C,Astroviridae,ssRNA(+)
688450,0.7988733474065954,0.1302046467364771,0.8970225481233507,0.0289306370370434,0.0740468148396059,0.8466226407594238,0.0298643212611656,0.0088975067838926,0.0042414973060102,0.0398760602693422,0.0704979736201656,0.0975103271225368,0.8671891335963755,0.0154895350939198,0.0198110041871676,Salivirus MN-2A,Picornaviridae,ssRNA(+)
688451,0.7343434343434343,0.1302046467364771,0.8970225481233507,0.0289306370370434,0.0740468148396059,0.8466226407594238,0.0298643212611656,0.0088975067838926,0.0042414973060102,0.0398760602693422,0.0704979736201656,0.0975103271225368,0.8671891335963755,0.0154895350939198,0.0198110041871676,Salivirus MN-8F,Picornaviridae,ssRNA(+)
688452,0.796427952494129,0.1302046467364771,0.8970225481233507,0.0289306370370434,0.0740468148396059,0.8466226407594238,0.0298643212611656,0.0088975067838926,0.0042414973060102,0.0398760602693422,0.0704979736201656,0.0975103271225368,0.8671891335963755,0.0154895350939198,0.0198110041871676,Salivirus NG-11E,Picornaviridae,ssRNA(+)
688453,0.7852380952380952,0.1314387524621676,0.8970225481233507,0.0289306370370434,0.0740468148396059,0.8409450049391892,0.0302228361685573,0.0085031792781509,0.0042077953380161,0.0399116293992519,0.0762095548768344,0.0975103271225368,0.8671891335963755,0.0154895350939198,0.0198110041871676,Salivirus NG-1F,Picornaviridae,ssRNA(+)
688454,0.6842268170426066,0.1302046467364771,0.8970225481233507,0.0289306370370434,0.0740468148396059,0.8466226407594238,0.0298643212611656,0.0088975067838926,0.0042414973060102,0.0398760602693422,0.0704979736201656,0.0975103271225368,0.8671891335963755,0.0154895350939198,0.0198110041871676,Salivirus NG-7B,Picornaviridae,ssRNA(+)
688457,0.7754545454545455,0.1302046467364771,0.8970225481233507,0.0289306370370434,0.0740468148396059,0.8492049550105623,0.0298978987883199,0.008879416766955,0.0042252448103765,0.0393078460335553,0.0684846385902309,0.0975103271225368,0.8671891335963755,0.0154895350939198,0.0198110041871676,Salivirus NP-12C,Picornaviridae,ssRNA(+)
688458,0.6888406698564593,0.1302046467364771,0.8970225481233507,0.0289306370370434,0.0740468148396059,0.8466226407594238,0.0298643212611656,0.0088975067838926,0.0042414973060102,0.0398760602693422,0.0704979736201656,0.0975103271225368,0.8671891335963755,0.0154895350939198,0.0198110041871676,Salivirus NP-4B,Picornaviridae,ssRNA(+)
688459,0.6848978127136022,0.1302046467364771,0.8970225481233507,0.0289306370370434,0.0740468148396059,0.8466226407594238,0.0298643212611656,0.0088975067838926,0.0042414973060102,0.0398760602693422,0.0704979736201656,0.0975103271225368,0.8671891335963755,0.0154895350939198,0.0198110041871676,Salivirus NP-4H,Picornaviridae,ssRNA(+)
688461,0.670302574618364,0.1302046467364771,0.8970225481233507,0.0289306370370434,0.0740468148396059,0.8466226407594238,0.0298643212611656,0.0088975067838926,0.0042414973060102,0.0398760602693422,0.0704979736201656,0.0975103271225368,0.8671891335963755,0.0154895350939198,0.0198110041871676,Salivirus NP-6E,Picornaviridae,ssRNA(+)
688462,0.725621212293039,0.1302046467364771,0.8970225481233507,0.0289306370370434,0.0740468148396059,0.8466226407594238,0.0298643212611656,0.0088975067838926,0.0042414973060102,0.0398760602693422,0.0704979736201656,0.0975103271225368,0.8671891335963755,0.0154895350939198,0.0198110041871676,Salivirus NP-6F,Picornaviridae,ssRNA(+)
688463,0.75,0.1302046467364771,0.8970225481233507,0.0289306370370434,0.0740468148396059,0.8466226407594238,0.0298643212611656,0.0088975067838926,0.0042414973060102,0.0398760602693422,0.0704979736201656,0.0975103271225368,0.8671891335963755,0.0154895350939198,0.0198110041871676,Salivirus NP-8D,Picornaviridae,ssRNA(+)
688464,0.81,0.1302046467364771,0.8970225481233507,0.0289306370370434,0.0740468148396059,0.8492049550105623,0.0298978987883199,0.008879416766955,0.0042252448103765,0.0393078460335553,0.0684846385902309,0.0975103271225368,0.8671891335963755,0.0154895350939198,0.0198110041871676,Salivirus TN-11C,Picornaviridae,ssRNA(+)
688465,0.7242424242424242,0.1302046467364771,0.8970225481233507,0.0289306370370434,0.0740468148396059,0.8466226407594238,0.0298643212611656,0.0088975067838926,0.0042414973060102,0.0398760602693422,0.0704979736201656,0.0975103271225368,0.8671891335963755,0.0154895350939198,0.0198110041871676,Salivirus TN-5D,Picornaviridae,ssRNA(+)
688466,0.82,0.1302046467364771,0.8970225481233507,0.0289306370370434,0.0740468148396059,0.8466226407594238,0.0298643212611656,0.0088975067838926,0.0042414973060102,0.0398760602693422,0.0704979736201656,0.0975103271225368,0.8671891335963755,0.0154895350939198,0.0198110041871676,Salivirus TN-7E,Picornaviridae,ssRNA(+)
741957,0.6525757575757575,0.1302046467364771,0.8970225481233507,0.0289306370370434,0.0740468148396059,0.8466226407594238,0.0298643212611656,0.0088975067838926,0.0042414973060102,0.0398760602693422,0.0704979736201656,0.0975103271225368,0.8671891335963755,0.0154895350939198,0.0198110041871676,Human rhinovirus C326876,Picornaviridae,ssRNA(+)
741958,0.6525757575757575,0.1302046467364771,0.8970225481233507,0.0289306370370434,0.0740468148396059,0.8466226407594238,0.0298643212611656,0.0088975067838926,0.0042414973060102,0.0398760602693422,0.0704979736201656,0.0975103271225368,0.8671891335963755,0.0154895350939198,0.0198110041871676,Human rhinovirus C326878,Picornaviridae,ssRNA(+)
741959,0.8388888888888889,0.1314387524621676,0.8970225481233507,0.0289306370370434,0.0740468148396059,0.8409450049391892,0.0302228361685573,0.0085031792781509,0.0042077953380161,0.0399116293992519,0.0762095548768344,0.0975103271225368,0.8671891335963755,0.0154895350939198,0.0198110041871676,Human rhinovirus N53728,Picornaviridae,ssRNA(+)
741960,0.8388888888888889,0.1314387524621676,0.8970225481233507,0.0289306370370434,0.0740468148396059,0.8409450049391892,0.0302228361685573,0.0085031792781509,0.0042077953380161,0.0399116293992519,0.0762095548768344,0.0975103271225368,0.8671891335963755,0.0154895350939198,0.0198110041871676,Human rhinovirus N53729,Picornaviridae,ssRNA(+)
764239,0.8160306296513192,0.1302046467364771,0.8970225481233507,0.0289306370370434,0.0740468148396059,0.8466226407594238,0.0298643212611656,0.0088975067838926,0.0042414973060102,0.0398760602693422,0.0704979736201656,0.0975103271225368,0.8671891335963755,0.0154895350939198,0.0198110041871676,Human rhinovirus A2134_180705,Picornaviridae,ssRNA(+)
764243,0.6876177937542729,0.1302046467364771,0.8970225481233507,0.0289306370370434,0.0740468148396059,0.8466226407594238,0.0298643212611656,0.0088975067838926,0.0042414973060102,0.0398760602693422,0.0704979736201656,0.0975103271225368,0.8671891335963755,0.0154895350939198,0.0198110041871676,Human rhinovirus A2215_140905,Picornaviridae,ssRNA(+)
764266,0.51,0.16869821955838,0.8913592575371777,0.0298195976274407,0.0788211448353815,0.8619841699818277,0.0288498996696831,0.0093945758853778,0.004791690844696,0.0405880697032448,0.0543915939151702,0.101344120755286,0.8604347488438107,0.0200225752006724,0.0181985552002307,Human enterovirus A2119_091204,Picornaviridae,ssRNA(+)
764267,0.55,0.16869821955838,0.8913592575371777,0.0298195976274407,0.0788211448353815,0.8585138897073719,0.0292563386742845,0.0095153502181649,0.0049537515476235,0.0412720731237622,0.0564885967287927,0.101344120755286,0.8604347488438107,0.0200225752006724,0.0181985552002307,Human enterovirus A2145_220205,Picornaviridae,ssRNA(+)
764268,0.58,0.16869821955838,0.8913592575371777,0.0298195976274407,0.0788211448353815,0.8700749282696282,0.0261700702326652,0.0085386613990193,0.0043852264258285,0.0390623829929963,0.0517687306798622,0.0975103271225368,0.8671891335963755,0.0154895350939198,0.0198110041871676,Human enterovirus K1105_171204,Picornaviridae,ssRNA(+)
858567,0.7288888888888888,0.1302046467364771,0.8970225481233507,0.0289306370370434,0.0740468148396059,0.8466226407594238,0.0298643212611656,0.0088975067838926,0.0042414973060102,0.0398760602693422,0.0704979736201656,0.0975103271225368,0.8671891335963755,0.0154895350939198,0.0198110041871676,Human cosavirus SH2,Picornaviridae,ssRNA(+)
858568,0.7288888888888888,0.1302046467364771,0.8970225481233507,0.0289306370370434,0.0740468148396059,0.8466226407594238,0.0298643212611656,0.0088975067838926,0.0042414973060102,0.0398760602693422,0.0704979736201656,0.0975103271225368,0.8671891335963755,0.0154895350939198,0.0198110041871676,Human cosavirus SH3,Picornaviridae,ssRNA(+)
858569,0.5956315789473684,0.1302046467364771,0.8970225481233507,0.0289306370370434,0.0740468148396059,0.8521837921415458,0.0291247806384072,0.0088953664656035,0.0042567631992431,0.0405874936064305,0.0649518039487697,0.0975103271225368,0.8671891335963755,0.0154895350939198,0.0198110041871676,Human cosavirus SH4,Picornaviridae,ssRNA(+)
858571,0.6712100840336135,0.1302046467364771,0.8970225481233507,0.0289306370370434,0.0740468148396059,0.8466226407594238,0.0298643212611656,0.0088975067838926,0.0042414973060102,0.0398760602693422,0.0704979736201656,0.0975103271225368,0.8671891335963755,0.0154895350939198,0.0198110041871676,Human cosavirus SH6,Picornaviridae,ssRNA(+)
858573,0.5956315789473684,0.1302046467364771,0.8970225481233507,0.0289306370370434,0.0740468148396059,0.8521837921415458,0.0291247806384072,0.0088953664656035,0.0042567631992431,0.0405874936064305,0.0649518039487697,0.0975103271225368,0.8671891335963755,0.0154895350939198,0.0198110041871676,Human cosavirus SH8,Picornaviridae,ssRNA(+)
862167,0.7388888888888888,0.1302046467364771,0.8923035856174505,0.0310032416709358,0.0766931727116137,0.842520388149253,0.0314520611382366,0.0094691815268616,0.0039396048253963,0.0379978158640414,0.0746209484962109,0.0711827932512401,0.8949832636501064,0.0151212203309294,0.0187127227677242,Rotavirus Hu/RJ/2006-08/Brazil/2006,Sedoreoviridae,dsRNA
862168,0.7188888888888889,0.1314313098591812,0.8923035856174505,0.0310032416709358,0.0766931727116137,0.8506922285094856,0.0294049860220363,0.0092767934155609,0.0038649831305181,0.03676496328402,0.0699960456383786,0.0711827932512401,0.8949832636501064,0.0151212203309294,0.0187127227677242,Rotavirus Hu/RJ/2006-14/Brazil/2006,Sedoreoviridae,dsRNA
862169,0.7388888888888888,0.1302046467364771,0.8923035856174505,0.0310032416709358,0.0766931727116137,0.842520388149253,0.0314520611382366,0.0094691815268616,0.0039396048253963,0.0379978158640414,0.0746209484962109,0.0711827932512401,0.8949832636501064,0.0151212203309294,0.0187127227677242,Rotavirus Hu/RJ/2008-317/Brazil/2008,Sedoreoviridae,dsRNA
862170,0.7388888888888888,0.1302046467364771,0.8923035856174505,0.0310032416709358,0.0766931727116137,0.842520388149253,0.0314520611382366,0.0094691815268616,0.0039396048253963,0.0379978158640414,0.0746209484962109,0.0711827932512401,0.8949832636501064,0.0151212203309294,0.0187127227677242,Rotavirus Hu/RJ/2008-318/Brazil/2008,Sedoreoviridae,dsRNA
862171,0.7388888888888888,0.1302046467364771,0.8923035856174505,0.0310032416709358,0.0766931727116137,0.842520388149253,0.0314520611382366,0.0094691815268616,0.0039396048253963,0.0379978158640414,0.0746209484962109,0.0711827932512401,0.8949832636501064,0.0151212203309294,0.0187127227677242,Rotavirus Hu/RJ/2008-320/Brazil/2008,Sedoreoviridae,dsRNA
862172,0.7388888888888888,0.1302046467364771,0.8923035856174505,0.0310032416709358,0.0766931727116137,0.842520388149253,0.0314520611382366,0.0094691815268616,0.0039396048253963,0.0379978158640414,0.0746209484962109,0.0711827932512401,0.8949832636501064,0.0151212203309294,0.0187127227677242,Rotavirus Hu/RJ/2008-322/Brazil/2008,Sedoreoviridae,dsRNA
862173,0.7388888888888888,0.1302046467364771,0.8923035856174505,0.0310032416709358,0.0766931727116137,0.842520388149253,0.0314520611382366,0.0094691815268616,0.0039396048253963,0.0379978158640414,0.0746209484962109,0.0711827932512401,0.8949832636501064,0.0151212203309294,0.0187127227677242,Rotavirus Hu/RJ/2008-323/Brazil/2008,Sedoreoviridae,dsRNA
862174,0.7388888888888888,0.1302046467364771,0.8923035856174505,0.0310032416709358,0.0766931727116137,0.842520388149253,0.0314520611382366,0.0094691815268616,0.0039396048253963,0.0379978158640414,0.0746209484962109,0.0711827932512401,0.8949832636501064,0.0151212203309294,0.0187127227677242,Rotavirus Hu/RJ/2008-324/Brazil/2008,Sedoreoviridae,dsRNA
862175,0.7388888888888888,0.1302046467364771,0.8923035856174505,0.0310032416709358,0.0766931727116137,0.842520388149253,0.0314520611382366,0.0094691815268616,0.0039396048253963,0.0379978158640414,0.0746209484962109,0.0711827932512401,0.8949832636501064,0.0151212203309294,0.0187127227677242,Rotavirus Hu/RJ/2008-334/Brazil/2008,Sedoreoviridae,dsRNA
862176,0.7388888888888888,0.1302046467364771,0.8923035856174505,0.0310032416709358,0.0766931727116137,0.842520388149253,0.0314520611382366,0.0094691815268616,0.0039396048253963,0.0379978158640414,0.0746209484962109,0.0711827932512401,0.8949832636501064,0.0151212203309294,0.0187127227677242,Rotavirus Hu/RJ/2008-335/Brazil/2008,Sedoreoviridae,dsRNA
862177,0.7388888888888888,0.1302046467364771,0.8923035856174505,0.0310032416709358,0.0766931727116137,0.842520388149253,0.0314520611382366,0.0094691815268616,0.0039396048253963,0.0379978158640414,0.0746209484962109,0.0711827932512401,0.8949832636501064,0.0151212203309294,0.0187127227677242,Rotavirus Hu/RJ/2008-336/Brazil/2008,Sedoreoviridae,dsRNA
862178,0.7388888888888888,0.1302046467364771,0.8923035856174505,0.0310032416709358,0.0766931727116137,0.842520388149253,0.0314520611382366,0.0094691815268616,0.0039396048253963,0.0379978158640414,0.0746209484962109,0.0711827932512401,0.8949832636501064,0.0151212203309294,0.0187127227677242,Rotavirus Hu/RJ/2008-337/Brazil/2008,Sedoreoviridae,dsRNA
862179,0.7388888888888888,0.1302046467364771,0.8923035856174505,0.0310032416709358,0.0766931727116137,0.842520388149253,0.0314520611382366,0.0094691815268616,0.0039396048253963,0.0379978158640414,0.0746209484962109,0.0711827932512401,0.8949832636501064,0.0151212203309294,0.0187127227677242,Rotavirus Hu/RJ/2008-338/Brazil/2008,Sedoreoviridae,dsRNA
862180,0.7388888888888888,0.1302046467364771,0.8923035856174505,0.0310032416709358,0.0766931727116137,0.842520388149253,0.0314520611382366,0.0094691815268616,0.0039396048253963,0.0379978158640414,0.0746209484962109,0.0711827932512401,0.8949832636501064,0.0151212203309294,0.0187127227677242,Rotavirus Hu/RJ/2008-339/Brazil/2008,Sedoreoviridae,dsRNA
862181,0.7388888888888888,0.1302046467364771,0.8923035856174505,0.0310032416709358,0.0766931727116137,0.842520388149253,0.0314520611382366,0.0094691815268616,0.0039396048253963,0.0379978158640414,0.0746209484962109,0.0711827932512401,0.8949832636501064,0.0151212203309294,0.0187127227677242,Rotavirus Hu/RJ/2008-340/Brazil/2008,Sedoreoviridae,dsRNA
862182,0.7388888888888888,0.1302046467364771,0.8923035856174505,0.0310032416709358,0.0766931727116137,0.842520388149253,0.0314520611382366,0.0094691815268616,0.0039396048253963,0.0379978158640414,0.0746209484962109,0.0711827932512401,0.8949832636501064,0.0151212203309294,0.0187127227677242,Rotavirus Hu/RJ/2008-341/Brazil/2008,Sedoreoviridae,dsRNA
862183,0.7388888888888888,0.1302046467364771,0.8923035856174505,0.0310032416709358,0.0766931727116137,0.842520388149253,0.0314520611382366,0.0094691815268616,0.0039396048253963,0.0379978158640414,0.0746209484962109,0.0711827932512401,0.8949832636501064,0.0151212203309294,0.0187127227677242,Rotavirus Hu/RJ/2008-342/Brazil/2008,Sedoreoviridae,dsRNA
864560,0.63,0.1302046467364771,0.8437596376191977,0.0316513987745201,0.1245889636062821,0.8351083318806063,0.0300808131972964,0.0094728963668667,0.004409167123232,0.0421332901340536,0.0787955012979446,0.0975103271225368,0.8671891335963755,0.0154895350939198,0.0198110041871676,Human rhinovirus EBC6/Belgium/2009,Picornaviridae,ssRNA(+)
864623,0.7388888888888888,0.1302046467364771,0.8923035856174505,0.0310032416709358,0.0766931727116137,0.842520388149253,0.0314520611382366,0.0094691815268616,0.0039396048253963,0.0379978158640414,0.0746209484962109,0.0711827932512401,0.8949832636501064,0.0151212203309294,0.0187127227677242,Rotavirus Hu/RJ/2008-356/Brazil/2008,Sedoreoviridae,dsRNA
864624,0.7388888888888888,0.1302046467364771,0.8923035856174505,0.0310032416709358,0.0766931727116137,0.842520388149253,0.0314520611382366,0.0094691815268616,0.0039396048253963,0.0379978158640414,0.0746209484962109,0.0711827932512401,0.8949832636501064,0.0151212203309294,0.0187127227677242,Rotavirus Hu/RJ/2008-357/Brazil/2008,Sedoreoviridae,dsRNA
87786,0.7016666666666665,0.1302046467364771,0.853299337554759,0.0282197003770235,0.1184809620682175,0.8281719271370303,0.0301671572020101,0.0099350618743097,0.0044319002383684,0.0404633076356235,0.0868306459126579,0.1157755205087491,0.8526309504489649,0.0155365195639211,0.0160570094783652,Human endogenous retrovirus W,Retroviridae,ssRNA-RT
934413,0.8024974588031332,0.1302046467364771,0.8970225481233507,0.0289306370370434,0.0740468148396059,0.8466226407594238,0.0298643212611656,0.0088975067838926,0.0042414973060102,0.0398760602693422,0.0704979736201656,0.0975103271225368,0.8671891335963755,0.0154895350939198,0.0198110041871676,Hantavirus Hu/CPVRP2/Batatais/BRA/2007,Hantaviridae,ssRNA(-)
937784,0.55,0.0792272045325105,0.7634858967317322,0.0800426915032291,0.1564714117650391,0.2159483503090911,0.1597721778887413,0.0979759022902544,0.0655459781502066,0.1624832790619288,0.2982743122997777,0.1538596563903173,0.4983301435109368,0.3308043887895762,0.0170058113091698,Hantavirus strain H700306,Hantaviridae,ssRNA(-)
941285,0.6255497273845038,0.1302046467364771,0.8970225481233507,0.0289306370370434,0.0740468148396059,0.8466226407594238,0.0298643212611656,0.0088975067838926,0.0042414973060102,0.0398760602693422,0.0704979736201656,0.0975103271225368,0.8671891335963755,0.0154895350939198,0.0198110041871676,Human enterovirus C0801R,Picornaviridae,ssRNA(+)
941293,0.6391479611224434,0.1302046467364771,0.8970225481233507,0.0289306370370434,0.0740468148396059,0.8466226407594238,0.0298643212611656,0.0088975067838926,0.0042414973060102,0.0398760602693422,0.0704979736201656,0.0975103271225368,0.8671891335963755,0.0154895350939198,0.0198110041871676,Human enterovirus F0501R,Picornaviridae,ssRNA(+)
941305,0.7090283772883859,0.1302046467364771,0.8970225481233507,0.0289306370370434,0.0740468148396059,0.8466226407594238,0.0298643212611656,0.0088975067838926,0.0042414973060102,0.0398760602693422,0.0704979736201656,0.0975103271225368,0.8671891335963755,0.0154895350939198,0.0198110041871676,Human enterovirus H1098R,Picornaviridae,ssRNA(+)
941317,0.6851447906469716,0.1302046467364771,0.8970225481233507,0.0289306370370434,0.0740468148396059,0.8466226407594238,0.0298643212611656,0.0088975067838926,0.0042414973060102,0.0398760602693422,0.0704979736201656,0.0975103271225368,0.8671891335963755,0.0154895350939198,0.0198110041871676,Human enterovirus O0702R,Picornaviridae,ssRNA(+)
999535,0.628287100326574,0.1302046467364771,0.8970225481233507,0.0289306370370434,0.0740468148396059,0.8466226407594238,0.0298643212611656,0.0088975067838926,0.0042414973060102,0.0398760602693422,0.0704979736201656,0.0975103271225368,0.8671891335963755,0.0154895350939198,0.0198110041871676,Phlebovirus XLL/China/2009,Phenuiviridae,ssRNA(-/+)
