,accuracy,precision_macro,recall_macro,f1_macro,auc_macro
mean,0.8124137931034484,0.8119818437281674,0.7404086538461537,0.7441073417347246,0.9400553228021978
std,0.06954130935196788,0.10980469762004044,0.09045457456250439,0.09633198973909476,0.035934978975630257
