,A,R,N,D,C,E,Q,G,H,I,L,K,M,F,P,S,T,W,Y,V
10372,0.038259270547781866,0.03920609818984826,0.05335005998699895,0.04396376063854077,0.022296703007781242,0.05967652733244982,0.03364444830014364,0.08322233344743794,0.022365121906510885,0.06741363679370863,0.15589728450742993,0.061587718126903536,0.023401181250988962,0.05267485484074957,0.031609296210272704,0.06615932567459211,0.056304506918846635,0.007341295173302106,0.03299165973482034,0.04863491741089191
10565,0.06326609534446402,0.06936166927414973,0.028896682882082848,0.05488848838123193,0.03559970242151949,0.06036945322687006,0.033856955284504206,0.07260832340501545,0.0255839109157777,0.041524151679281196,0.0907389404305848,0.058338655968571025,0.028333609165311874,0.03290188118560145,0.05912700723764119,0.07562357861411946,0.060338223394691276,0.017190125290654317,0.033516946112065626,0.05793559978586232
47418,0.04745491251096515,0.04570903976732792,0.06351314426276032,0.05151275653298293,0.021920227852912002,0.057323224801459266,0.03150063329452515,0.0467112389413159,0.020361918672347205,0.07707852976874405,0.09396539875081193,0.0590977987594084,0.022214180725474163,0.04752483827579675,0.05016414185271805,0.09209998319385161,0.06314046046142524,0.009268365359425034,0.03678231355270206,0.060103040897251686
1978533,0.05177605385571945,0.05604583712382272,0.03837227737577207,0.0637998504491589,0.021149583779496103,0.08553459457089183,0.030521098390683177,0.052295590444511084,0.028354730211173046,0.059772906933294,0.09783429391183583,0.06600035602342415,0.02432175638318785,0.03453884928187305,0.055714033933904505,0.06397206449468887,0.0545975682355214,0.016741489428745808,0.03569515777384538,0.06296190739845084
1972570,0.04748933182269085,0.04391587150263526,0.04842519356832429,0.057608501733522645,0.02101652488378816,0.07053509760080456,0.027108952891279774,0.059429708942068275,0.018930496379817776,0.06910017236404169,0.08169107278801807,0.0906622521107336,0.03184209627906252,0.04402163155722292,0.055411559403280956,0.0840816225689927,0.05395206154339,0.01490241124285957,0.028137193442545005,0.05173824737492136
1548713,0.05672806870380627,0.05359490423729096,0.044908819565853526,0.05106467432648241,0.013938626696708006,0.058687665969821,0.03662927016760111,0.056542006471288694,0.02587320103040669,0.06328233402321137,0.1071928447809607,0.05075514047109493,0.02934440103832453,0.04047434063663548,0.060831200554060126,0.0894948865827649,0.05673489667297171,0.011303231229455684,0.030620569642333322,0.06199891719892862
188763,0.07537177166016136,0.0745899911138968,0.03239699449153873,0.04916211738526842,0.02610963891358823,0.05398841864834877,0.03286334080763642,0.06480393017863714,0.029346956207082175,0.03797244099544368,0.10164429608117144,0.030339723934282196,0.024218871017141465,0.03987172683493586,0.05736157528847611,0.07611865650406588,0.06802898848166207,0.017185176302087286,0.034802480251966396,0.07382290490260943
10266,0.02407734482825912,0.027733062674552954,0.09044097708799967,0.05934758633719136,0.02220834931829403,0.05541887879207924,0.01789379035159856,0.03327683153911752,0.014125874697348845,0.11160355499182946,0.08914960659784983,0.10384918956509737,0.022993453039164495,0.05770862016636733,0.02448401350417714,0.08156793127455456,0.05003453904735363,0.006299403279633789,0.05283044253508738,0.054956550372443694
3052640,0.05467276628725097,0.05185391276404232,0.04276317513339691,0.059323375128280426,0.022700883466352365,0.06712626413667232,0.028916087936338805,0.058576383425999703,0.01912269926623295,0.06398348086957895,0.09166647880068671,0.07105832197368922,0.03209692267205828,0.04694477937553124,0.04254712733192372,0.09146672704371761,0.049242036670227814,0.015474891408560964,0.03389450429927941,0.056569182010179304
2560315,0.07508662578206945,0.04448475299136123,0.058945425770542535,0.04285728439689351,0.016798017843838067,0.050470156176140986,0.04516277750467936,0.04840887221832203,0.015234394271993986,0.0748061187919011,0.09865172368028473,0.061615432219786444,0.0289534268250659,0.02927607310645484,0.04309093495111791,0.09339545277565262,0.06975860462289489,0.008078076140551215,0.030833917966164973,0.06409193196428419
340907,0.15066551112615845,0.11476326929190088,0.014261873760737577,0.04447409679335278,0.01652840309564234,0.05117573695502255,0.02097831846924941,0.10883492976181264,0.01975709818046174,0.017805635164415672,0.08740308285112079,0.010992861606931931,0.012800695921834226,0.027839533631141295,0.10556510110315061,0.05699999719235722,0.043441477060635246,0.01214098922710906,0.019310189460305882,0.06426119934665972
39637,0.09410509450324,0.06629662343696359,0.032032753855263295,0.0482462525314014,0.022799153506336437,0.05392257446234573,0.03217100856412883,0.07686896121635357,0.023007717957598157,0.04076722758677926,0.09440423219701094,0.03199037185539112,0.026070045166772617,0.034752682467300615,0.06429152788933938,0.07834328200096387,0.057803036463104765,0.014426969342530271,0.029564181554198238,0.07813630344297769
40054,0.07120013651304205,0.070370861698093,0.03953123451051143,0.05876860081553007,0.011517162792957699,0.08093038196529342,0.04291236805917879,0.058781720074302324,0.020497448158633014,0.07217533216032201,0.07989611268493385,0.06329809948551524,0.037291454878354655,0.03446124829277173,0.04145296567163429,0.05221623991290432,0.05028543966420782,0.01199667673391405,0.03548238149097865,0.06693413443692156
240426,0.09542504443156112,0.086440603795287,0.03137032436913896,0.05976406552503836,0.02323912002714479,0.06439100190229421,0.022871780370102932,0.05854960867512043,0.02004691592424777,0.04029668587571238,0.09651820266639469,0.034889913607504326,0.026804841790685114,0.03705923523330377,0.051796781821263856,0.07082841307673894,0.05440551340591182,0.0078014732443103625,0.029296772929361763,0.08820370132887739
693997,0.06202633358147767,0.04496476532090964,0.046011152880764336,0.05095009337642749,0.023743837886452825,0.03757702816307051,0.027169467757015234,0.051004613955603545,0.024659862734458245,0.06762922018254398,0.11839208087162739,0.06267813197168969,0.023899972558476642,0.058882473955294175,0.03145850181267947,0.05959016750611128,0.06104517539051408,0.01217914581593219,0.043849786550504255,0.09228818772844737
3052311,0.051407300544635146,0.0652437061180922,0.04865624533418654,0.052480351284462975,0.027788493178196903,0.06459323405252483,0.04010404758213243,0.07750182352473763,0.028351130966045995,0.06000894894105923,0.1284896713156752,0.048703303174176746,0.035907403952397984,0.04241409938890599,0.041360020114133825,0.0631954678951404,0.039359332675237176,0.011935733926604082,0.020792465175314245,0.05170722085634049
2501948,0.08632307564266749,0.06069231399597826,0.04148928516265016,0.03175012627152707,0.029749801977899393,0.027204614241046837,0.0358319210455697,0.0582340401192024,0.03706094287855067,0.0542805670338813,0.11805978973065281,0.03764036482692426,0.013831385530774868,0.04822520001241722,0.04903377523828255,0.08862170444208003,0.06582365719490396,0.013052880457549989,0.03882183481733566,0.06427271938010537
35243,0.15353845866250912,0.10679474243290162,0.015289350844405348,0.04950806490523908,0.017973189520014858,0.05818781290436801,0.02536073976849306,0.10956572083776847,0.018631756317925307,0.01693017373049583,0.08754357553975192,0.009101602440929505,0.013108498681928324,0.027946423760116253,0.09331507298154804,0.0584229998015076,0.04347884993720203,0.01204680752842324,0.01963427592090404,0.06362188348356826
28871,0.03834647955582834,0.04225610795942627,0.06911785769927785,0.07081281042142441,0.022250789842993248,0.05665899965663994,0.022238359300499496,0.04053949966731836,0.021296796645968563,0.09640353173248062,0.08739899116870047,0.07130521544927872,0.030291268603838774,0.04201313951437518,0.031529854578666,0.07694163444229465,0.0601731202413948,0.007240276311007704,0.05141524558979914,0.06177002161878725
3052524,0.05977591819838362,0.050666996065882854,0.039063504551250516,0.04743235748641535,0.03274529869226203,0.05252495430648303,0.026583052249975377,0.07696943821004903,0.017343511348764423,0.07406808741843846,0.11199308094347502,0.0556871931004157,0.023631158726821533,0.037915579759305325,0.04060704403760546,0.0762140586330387,0.05823863124343219,0.01321397747801285,0.029486063312308186,0.07584009423768034
77763,0.05971240797564893,0.042858150196453185,0.06466097755572807,0.057819617141819615,0.013759994024351348,0.058466832431547926,0.03212786964898331,0.05442405721735581,0.027486476752425732,0.07107702047986621,0.09256746211932991,0.06266242145032,0.02578247406712296,0.036563489398188334,0.03391545541499951,0.08169910411907791,0.05356953141920292,0.010407869060940728,0.03887616462203635,0.08156262490460124
33706,0.07030355039185407,0.08366055130214854,0.03521802352417179,0.06864284026944095,0.025212602876069242,0.05478650977901786,0.02656115256034713,0.06456662691516292,0.02304894797552016,0.05179252938495261,0.08537430883529705,0.03710564658577489,0.026697720540755417,0.037370962832179146,0.04738768076960175,0.07639435613735744,0.06211062249948067,0.010227844317545086,0.034694544810266306,0.07884297769305698
1972569,0.044613628379915476,0.04251010224536637,0.04017377722237355,0.07170038836368645,0.012452982068240878,0.07987071881709602,0.033536363979561605,0.0557769120157885,0.024758796606112823,0.05419182886423,0.1024743887261635,0.05881681668158198,0.02814774030710748,0.035601409671855926,0.05507213381598822,0.0844893650387984,0.06369021288203569,0.01584406864387124,0.029396470710458544,0.06688189495976736
114424,0.07309913068183607,0.05902543481011068,0.05574367545840847,0.04361350051499986,0.02148154029667527,0.060379864411195465,0.03588288302939925,0.050696436490324126,0.021302732374825963,0.05605733320097655,0.09858875423395635,0.049847274871480385,0.02547566412006671,0.04783940521888201,0.050749891876604,0.07319433949358878,0.05796849457528981,0.014562462811491787,0.036413996140123306,0.06807718538976504
129728,0.11657069418878886,0.08667220078862477,0.028867550328230664,0.05933664065487652,0.026684136143185086,0.058276805966905515,0.021919560710198543,0.056582056862187105,0.020569847342757654,0.03453414414649041,0.09962532427575635,0.031482669156236806,0.030851701282388986,0.040828193562374555,0.056058415097722226,0.06453074806585114,0.047168414056528864,0.006868380567736522,0.026473629482625004,0.0858980034314222
1244203,0.059137129471241556,0.03607974665483149,0.04684202985031284,0.044385453483361176,0.033657727040392174,0.034153575081936186,0.03346426539256525,0.05497053011999409,0.019449319089567506,0.059540301053095115,0.09516289694064588,0.038826716593080644,0.027903670961133654,0.05638649812422608,0.040352969264374594,0.07814302014979692,0.06491138127453977,0.015943618068967436,0.05086290805025987,0.10982624333567778
62352,0.07581429272326819,0.06981373167680052,0.03282827000369562,0.05697774909417715,0.015175549234961299,0.0602687109392489,0.036097864210657,0.0709100306529249,0.021451051090603943,0.04963796664220936,0.10069782519924839,0.041262519812312985,0.026003455113470797,0.04603225468394308,0.051462345453939955,0.06427571367316419,0.05209059205459384,0.0156458932101376,0.03310792394564943,0.08044626058499281
3052193,0.07355632494964616,0.07182502011562493,0.03245695803451831,0.06533247605303308,0.019525014318192004,0.0484852399084889,0.04595569902253264,0.07908337403993297,0.0341649921286818,0.035890351269563685,0.07315423407710897,0.04640974975066683,0.016765731237948795,0.038955447790249516,0.0612655531652035,0.056188305695871625,0.07070789468370815,0.013263909035847165,0.031185649621770617,0.08582807510141037
10244,0.03719931660951574,0.04356611697666204,0.06664202454258174,0.07066932481577172,0.022594531046332134,0.055253705576382026,0.02215512001305242,0.04128277957982773,0.020749895733288025,0.09511301417859229,0.0828705187333138,0.07370151894569514,0.03184642123580309,0.04248117219772997,0.03035072830784379,0.0759497932269953,0.0630748305709023,0.007290344459545794,0.05402805409538164,0.06318078915478333
28304,0.08078335748745381,0.08763577225652779,0.030007587148275422,0.059640808145249524,0.021326141547442865,0.05963235532353664,0.022154081626514617,0.07594244603170561,0.020697913875528755,0.043552462341212565,0.09144605264865317,0.030607980688332984,0.02232608171842994,0.03989326718099027,0.05926808804281869,0.07146680916301389,0.062235404198631675,0.01162312222653847,0.030454250371843974,0.07930601797729922
10334,0.06319921437999823,0.0693856801323461,0.04249957288346147,0.05377116700741042,0.021223687646567735,0.056891181574468194,0.027141605564642013,0.08079783772029568,0.02586082790329085,0.06433114574590745,0.09198199297604939,0.035201580061961155,0.023296313277741947,0.0341713152839036,0.05447016180955883,0.07817904191646194,0.06787553725920308,0.012157097471996487,0.03374707155146899,0.06381796783326629
1985695,0.04902749079530161,0.05064862827295405,0.03845659459334865,0.0558512618334717,0.02778518074960516,0.07117065503291801,0.03490393865083568,0.06407199983162237,0.015429070676474005,0.07219215189357968,0.0955686006027938,0.07515977676583496,0.025338930906656523,0.043360711096548966,0.04400073593159437,0.07988839120171258,0.047667650329539464,0.01913060195138842,0.03206502589574032,0.05828260298807967
290028,0.04628626964753288,0.03497153393236124,0.06007100379017805,0.0490074237364406,0.0324157714913168,0.02921742793114307,0.030459342180024482,0.05411215558453111,0.018875221666834058,0.06600769734847513,0.09825293335955575,0.049919021946943296,0.018793972288499453,0.07286881284928935,0.03877620278820899,0.09104389026828985,0.055226405407009516,0.015622321450846426,0.05747214283973827,0.08060044949278163
59509,0.024556474390347544,0.027745932090668377,0.08903958172063123,0.06050419224552044,0.022065793294677987,0.05596481727026905,0.017739200530004207,0.034664073844781075,0.014511142867635978,0.10868944838071738,0.08969432514229797,0.1019504839342577,0.023926122196282425,0.058483559536795696,0.0253441144725954,0.08049501940843796,0.05129208115745811,0.006351960132263699,0.051590748919089185,0.05539092846526849
2560313,0.09120218730226715,0.046359041279198744,0.04207379566513466,0.05186043962977301,0.017060383837120857,0.05143489005392854,0.047947123467717345,0.06275696050099479,0.01574072349470654,0.06459463530228289,0.09419225222671473,0.05530446182748463,0.022260653724245492,0.030578348764965735,0.04359392764123172,0.0834707299549101,0.0708203313153709,0.009693010673026239,0.028452167802923225,0.07060393553600268
273810,0.07405932002061515,0.05765473370168179,0.04195152293849313,0.060156811411020535,0.009504040074193578,0.05165865449169194,0.050882945978821446,0.05470015489236459,0.02163341971567721,0.05719348661617024,0.08428233921377318,0.05069115412834452,0.03536742941615535,0.03457699722709038,0.04254202151613531,0.07534227307714483,0.07066322261344375,0.014250095141129066,0.04050444730430414,0.07238493052174985
28874,0.036006626012307266,0.042335887038617785,0.06987029730497282,0.07041779177174327,0.02303850561066621,0.05337395842855055,0.021387977677810758,0.04058262708298963,0.020319260265549217,0.09872526907428653,0.0842786263514407,0.0728779782619674,0.028979182330452415,0.044408611780073846,0.0305301888930508,0.08047224740090038,0.06023156614729886,0.007279934944408565,0.05356962691562985,0.06131383670728296
1821749,0.07940663176265271,0.04842931937172775,0.04493891797556719,0.04712041884816754,0.013525305410122163,0.054537521815008726,0.04450261780104712,0.05846422338568935,0.01788830715532286,0.039703315881326355,0.08464223385689354,0.05017452006980803,0.02225130890052356,0.055846422338568937,0.0636998254799302,0.07024432809773123,0.07940663176265271,0.014397905759162303,0.03315881326352531,0.07766143106457242
311229,0.07274723981807624,0.06848108853580173,0.036395328936318846,0.06095747147580813,0.014605024665014791,0.03902869238900616,0.029963942846333132,0.0595990047017293,0.02908258401051515,0.05682768260750025,0.08537536055711291,0.028306932620970487,0.029336585648960165,0.03697371875606987,0.05549365309724955,0.09570305344544053,0.0642566907858112,0.012822970875508342,0.03497934006716874,0.0890636341596045
36370,0.06137251438518149,0.059533719558199194,0.038768131460748013,0.04786268953081615,0.021542441507212403,0.076218762842643,0.05135697743709749,0.07113416021587288,0.02639378412214902,0.06082356402640804,0.09539692889838793,0.0664882058019121,0.01806064316696863,0.02454566265817858,0.054759075970857274,0.047091891728886885,0.05894113679337432,0.027355124377060124,0.02709104582553301,0.06526353969251349
1972617,0.040087446652069404,0.032704994941223836,0.049982035999319295,0.05949217357297712,0.017222302188925172,0.048542963272038754,0.03371016481935365,0.06412188540012302,0.02837784201140245,0.07839518274269987,0.09714391921328026,0.0710109331124114,0.0232011625113837,0.052918159257101804,0.05069509316329604,0.07990819381902552,0.051668671526363674,0.018338250044861004,0.044999463847659016,0.05747916190448497
33708,0.06080483900445008,0.04754596453290887,0.037953987528271886,0.047321214628306726,0.026397958738002315,0.05215995410893046,0.03243570409285733,0.07523075469747319,0.025549451273812935,0.05439621686164649,0.10210710327747743,0.050738671866601144,0.02463600755489758,0.04372517584657969,0.058163925991294635,0.08661236562193997,0.062196380338410164,0.01110096086378765,0.03090209988326826,0.07002126328908323
40058,0.075177334987043,0.07235320947389359,0.03832597307143039,0.05941214178095997,0.009678249994515619,0.06756437585604444,0.036638081354228955,0.06687073301718358,0.02228234607982211,0.06301026852064698,0.08786363485022214,0.05235702579361427,0.03545949954917275,0.03798179721835083,0.04213212503326833,0.057422009801449216,0.05795897218088403,0.012856576427269659,0.03254691466913405,0.07210873034086616
2501965,0.08572256931375963,0.05069738895625059,0.04249575182950557,0.03484761598176407,0.027900817210257927,0.03469475443537686,0.033888784788121254,0.063123246349621,0.030281033729307842,0.06441003559573874,0.10962031599254778,0.03619150430366016,0.016481507767585453,0.04785430978384333,0.05809219097512218,0.08020487652414018,0.07346830544082023,0.011241028620979008,0.03300332117537807,0.0657806412262201
338781,0.06928935878955947,0.051331861055319464,0.04954221664206583,0.06327548940835172,0.013990761721744958,0.05329856653597268,0.028844512172750542,0.06619282184902356,0.024381329770925976,0.061802057286778796,0.0822718027244482,0.05130035311390892,0.02868483204323565,0.03601205150977224,0.044586287193142206,0.08516939217159256,0.07288262640452214,0.00792696472699629,0.03443561658150258,0.07478109829838621
277944,0.04619211434736665,0.03452308709805186,0.05706772945443558,0.0574120957923064,0.026029412822466298,0.040067916839902976,0.02791590552096832,0.0497722478619259,0.0157197075840644,0.049573088923327416,0.10697867235564358,0.049318004092734714,0.031232064340478035,0.06537623869588591,0.04037183929816612,0.07176614365166936,0.06759614015433765,0.013123385341403084,0.047306736178004204,0.10265746964686152
3241441,0.09051274470833533,0.08787123231091774,0.032839330373653365,0.041618743962180856,0.018591431424287996,0.06281629386816373,0.04389076287599379,0.061974189587715264,0.022733039301721138,0.03402889714557384,0.10014038339769048,0.021924832977722714,0.025109742972476038,0.04035932031498925,0.07180851688602442,0.06980664674470369,0.05636176603015701,0.01509053904594409,0.03261325118799236,0.06990833488375701
3052763,0.045773652597073756,0.03751987368148879,0.043281121482027236,0.06351821977786232,0.019634089178894903,0.056174632746220254,0.025946406661746614,0.04462548315083167,0.0321952385142076,0.06750124519334279,0.09965734967065179,0.07943285495661846,0.02529640866453477,0.04234698045865511,0.04744624206734782,0.08970048490574235,0.06369840169785254,0.010287064344489196,0.03986812310995004,0.06609612714046197
10398,0.07337742619799577,0.05088886434774275,0.03795352389228112,0.043750677688286214,0.027064544598422974,0.0605422679630354,0.03786181342979845,0.05940447692648347,0.025053596420484957,0.04571058508372178,0.11340761644964781,0.046585412668912,0.024381290341984725,0.04420222081713754,0.061698983544345436,0.08252772999664557,0.056760922904019226,0.011268331953677678,0.03164604340024454,0.06591367137513246
10325,0.14590041684610794,0.10422960435170038,0.015078193596996747,0.04057194767770261,0.018556543360059692,0.05530547365618273,0.02327685281152072,0.10939133354890697,0.01824216500975119,0.01923397580285164,0.08529914549734977,0.013925627650318803,0.015631371324480857,0.026802430812180603,0.10453495143225516,0.06079211513499947,0.04990133463888835,0.012251388023782037,0.01918462510617549,0.0618905037177888
28873,0.037921547344199294,0.042474650217089974,0.06933206088633924,0.06789272144053433,0.022919141707955216,0.05332420252722524,0.02217359229698412,0.04056706133790616,0.02143845113634199,0.09522566335173305,0.0861141339636352,0.07182337703335817,0.03057924829302615,0.04306409254345729,0.03282548407444042,0.07968571725213298,0.06057154435907683,0.0072174147374064026,0.052958967997602864,0.06189092749955497
10256,0.03774869357154887,0.04303551503078324,0.07030971542966781,0.070786975567525,0.022672913989021937,0.053531380012178616,0.02125877454238521,0.04060869487975041,0.020742796289008106,0.09939711316084969,0.08268004440315123,0.07208195392240885,0.028638686702921225,0.04378529424269499,0.030832031017955154,0.07826880482822804,0.060465697503175556,0.008016072619248206,0.05326744412814824,0.06187139815934947
55744,0.09641436865852944,0.07205997166672526,0.032263081336717875,0.04956126866071713,0.020998101821987976,0.05562325915219597,0.0296175782939233,0.07293627017204193,0.02340030540673486,0.04021509639773855,0.09094138696448952,0.03237274298519339,0.02415288216795298,0.037214946985061836,0.06456836264568146,0.08043685922330022,0.06267695868318114,0.011942990177912297,0.02850826750939261,0.07409530109052213
50292,0.06790829327227119,0.06231235999375617,0.03886460649089205,0.04480385203701085,0.029061147831021646,0.049501214459789465,0.03510802936994176,0.051702142490698426,0.029678432540979478,0.05210174646060277,0.10293423739680371,0.040225262424493834,0.028188647621230866,0.04031926597413871,0.05262596506479068,0.07190334945020431,0.0688606837966889,0.015386907762589613,0.035425846199803275,0.08308800936229212
2083444,0.09995784747035719,0.05540822340807002,0.03881051730389783,0.04991379749822963,0.015051119475990306,0.03372335893959683,0.03580872557323213,0.058528141785313376,0.02483146293856141,0.04968925527964222,0.10047738638771377,0.025499434992997463,0.02163473220763785,0.034675823531831365,0.07805327200257241,0.08710975554391011,0.07257635481330844,0.01760514404646184,0.026920265181846956,0.07372538161882886
1972589,0.024094446286191753,0.04411638845436287,0.07138829331820677,0.054686346095520505,0.018032778263643454,0.07215135856249198,0.027753165856459205,0.04858780025360046,0.024409200857031618,0.09485065748547782,0.09922068540013766,0.09744266515381085,0.02515120715307668,0.043632545070322055,0.03231878670586821,0.07051932625432222,0.047463272262123234,0.009582659857284606,0.04611116072028449,0.048487255989783554
209854,0.04631959122835072,0.05207535957040758,0.037643150067385577,0.06703258787979509,0.00970148482565639,0.0669078633501601,0.036209159618855145,0.055835892368779096,0.02298731732323511,0.07381128578704514,0.07988285812647399,0.07005145713791693,0.030920617814163366,0.03647969068430253,0.04238473384803402,0.0857848881705995,0.07497715673469071,0.013513998165839128,0.0415178304359125,0.05596307686239742
1985694,0.031007616400448017,0.044642301185458304,0.049733630127651994,0.07644938822925117,0.015049684307082459,0.07341875940601854,0.030230676560419063,0.05373387921822581,0.018630332292719064,0.09104701044096063,0.09389465731404915,0.06725845226000263,0.021210423923309667,0.057943823400672397,0.04250364337216226,0.07535854908861205,0.05456508046826939,0.016444774085677676,0.042361863580891564,0.04451545433811816
129954,0.09455412572946899,0.08242999081943544,0.03500133271393737,0.04829531974776994,0.018707473276338562,0.07260927605807524,0.037152850676352454,0.0725884484793104,0.02259988720759861,0.035072390853228955,0.09086544292810877,0.02654222092403783,0.023913975020772946,0.04573595428202367,0.0543906178579332,0.0683384796210513,0.05197621213927524,0.014537703471050756,0.025016691684186278,0.07967160651004407
10271,0.03813289010157894,0.044600992690317656,0.058729616808262795,0.05940647648699082,0.024126288329304173,0.05494396372539697,0.021763146440702874,0.04234155837123054,0.021526362938554963,0.0813470881542126,0.09201195081938322,0.07488867231087439,0.02546691008193625,0.04766064374803769,0.03295989419161969,0.07288032569196393,0.06673644217090546,0.008343916310953568,0.05254609567965453,0.07958676494811875
130308,0.0763389711158314,0.07756103998555439,0.04273072813991395,0.04434661957527566,0.024879342923350603,0.056179375200109294,0.04556396022425767,0.06330947760754473,0.02581708291325866,0.048952608580299026,0.09888068942996318,0.034279324856550844,0.027431838317759177,0.0405772233170731,0.05811220768790919,0.06575614500621774,0.058744608260923176,0.013262689368899737,0.030073773967049675,0.0672022935222588
10371,0.07592584273838295,0.055648329736791055,0.035740660587004126,0.042061016802570995,0.024268589115179418,0.061434566493937706,0.03479986058781813,0.07708640633431302,0.022055747237888952,0.042236839888738734,0.11177671964800569,0.04688056732589403,0.0270584238136844,0.0418417905541801,0.051465410361103386,0.06923023771205786,0.05582357745839632,0.013294214131241216,0.028716876037092626,0.08265432343571928
10397,0.10078460142875154,0.0969369031791236,0.023605276992931763,0.05260048903199035,0.021897193532971756,0.05573325641929981,0.026505322123921687,0.07239401256379101,0.02269558202448581,0.02975770013679636,0.10542573755393819,0.019425865695170217,0.015101895548647042,0.034493995566215435,0.06900890571678375,0.0740268254918354,0.0634193347399397,0.01767866166535154,0.026852732148000224,0.07164732691294028
129727,0.1038776082517755,0.0803505007918559,0.03088941030427584,0.061604931801149766,0.02555021216179762,0.05655640381734312,0.021264308195859935,0.05336908834145253,0.02129114711800581,0.04004780224025697,0.09792595933780977,0.03348052611984611,0.029888255234969047,0.04476014576909343,0.04999005857401652,0.06645101958372236,0.05452472974276048,0.00799956220227882,0.027841323965422646,0.09233700644630773
80341,0.1276446682613078,0.09151948850949584,0.024049864627997793,0.048235795575182275,0.023401573758925893,0.057255524835448185,0.025493468071373173,0.0818165187657999,0.020922799934313834,0.02768462185200418,0.09383260257307904,0.02322135999338441,0.018678306826006966,0.035983356126927164,0.07954359772982068,0.06845130060952101,0.0468528520795172,0.010736574501926046,0.02736149707451393,0.06731422829345461
186805,0.023882066824026816,0.027241921339478687,0.09060771598809417,0.05843669616589312,0.022427049505148785,0.05475145515731233,0.017751567494779748,0.03402960582129913,0.014380646659697845,0.11088951349342767,0.08977577379262622,0.104513010866595,0.023275408873717648,0.05840285500909435,0.024035829853488434,0.07997170857523914,0.05071254867458786,0.006525905328523999,0.05229920933369075,0.056089511243278094
40060,0.06475029839957162,0.06813909378350148,0.0422338043603632,0.06356710033233698,0.01148904441983075,0.06351404071215244,0.0443434636505711,0.06305261608681272,0.02908075084411441,0.06669151986188467,0.09124642409372577,0.054614563217134274,0.02616415450728721,0.03385032199748956,0.03723554114575493,0.07422295406713403,0.06223366257234364,0.008839246999823675,0.03293534284387134,0.06179605610429621
1987125,0.0586145648312611,0.04085257548845471,0.043516873889875664,0.06172291296625222,0.015097690941385435,0.056838365896980464,0.03641207815275311,0.06438721136767318,0.021314387211367674,0.0652753108348135,0.08836589698046181,0.06660746003552398,0.02975133214920071,0.05284191829484902,0.03952042628774423,0.06927175843694494,0.0674955595026643,0.014209591474245116,0.035523978685612786,0.07238010657193605
202910,0.18533323618668374,0.10176543622366645,0.013975511397424104,0.05076768332382543,0.0187814637859823,0.05377377180603257,0.018868285134608326,0.09929351568270124,0.016964853564520727,0.016127543268882674,0.09356255269387984,0.013495598703832929,0.015318757387342147,0.030664257957262506,0.08710648497748001,0.05068800040164409,0.036695107428365126,0.010290380361392615,0.023756842421929877,0.06277071729254322
1972596,0.023529323011633317,0.03646065603588776,0.057076526943581396,0.06256799969198576,0.018180897754551978,0.07219400012871155,0.021876979931712,0.06259754416497196,0.01909680728386453,0.10341669165773082,0.09021304719509557,0.09144284437200256,0.03476434942406249,0.037259723434474236,0.03496026852736776,0.07395018161894128,0.048372585809866794,0.014344620391131224,0.0445909458053417,0.053104006817085304
35252,0.06206855471679732,0.04047863701145968,0.050051048119461046,0.04304506702767111,0.030040595789447348,0.053915016788140105,0.04115923070617339,0.053054105252471166,0.025434558950151898,0.051622859745323706,0.10936376224750108,0.0570676487875714,0.022264078787601727,0.04686015082337144,0.05627239726181763,0.08141394497679826,0.06335740176074296,0.010786179119071097,0.03301557640701766,0.06872918572141005
10317,0.156779222444063,0.10572068403408626,0.014169362845872112,0.047047098062560466,0.01972825039886069,0.04815010519957934,0.022157249402467206,0.09538909646156113,0.02016741383306855,0.018649356636719867,0.09116599111853119,0.012488237625350894,0.01376048538704985,0.028901801042923086,0.10723583243642289,0.05385501750832394,0.04597510457863815,0.013371683603269789,0.02045250880483503,0.06483549857581662
12730,0.05627600351027687,0.05218933778235307,0.0608737621823734,0.05428855577682005,0.016423363987529523,0.0582381656934145,0.030742961288334713,0.05891698553838071,0.02043398424973247,0.085847313240411,0.09616748726780645,0.06155658980073952,0.021969443674073334,0.025523344094144276,0.042791888897191384,0.08537472669788136,0.07306037149484153,0.008775882712474604,0.032030282646083715,0.058519549465137495
11746,0.07331207517788943,0.0513626684511926,0.03598634560260373,0.040411791399283734,0.013715662297899365,0.030600036494317733,0.06425537039643044,0.0727429050587484,0.021302575231244035,0.061795675712782175,0.11720427017500201,0.04182677590250353,0.015432349923863794,0.04630536598198071,0.06733048680327297,0.07856309321468367,0.06287460606153891,0.015049651773460649,0.026369537103297584,0.06355875723800458
194443,0.04960668221766962,0.04424121916210876,0.03273390347864107,0.037373589823819504,0.029714602911536766,0.0631588669852398,0.05536517216267864,0.07749756929052111,0.02614971435803967,0.04053083793150971,0.12106965457316586,0.05093260739539701,0.017457877113746748,0.026629686012364668,0.07703688364175953,0.08485958474126025,0.04353733952101827,0.03485240745331799,0.02459947276331582,0.06265232846288922
948741,0.04723035669042027,0.044746597980247264,0.05860563463684049,0.04953436873926506,0.011593272930936793,0.07021449038161186,0.032255359072118545,0.051365544090027776,0.0196048476246817,0.06999868095131376,0.0998226031853199,0.07042085146740686,0.021350353590211247,0.04143022996631741,0.048199340713949386,0.08501734054973169,0.06268412446058956,0.015610517944386981,0.039509873147365614,0.06080561187725786
335100,0.04904219695799631,0.04603929464297643,0.07497780021055687,0.06472311564884377,0.014976134294115312,0.05336722510391215,0.03718251377617246,0.03234463366814513,0.014820142350484256,0.08559152596088533,0.09695850870632422,0.06330996610074709,0.03031287145043143,0.038501827619782165,0.025190910815331254,0.08357095384375884,0.06491627543945701,0.006873953443899371,0.049426067509851866,0.06745741578966204
10331,0.09405904059884276,0.06494812178686976,0.03748097078344952,0.044219969386222434,0.02114791471720389,0.051394377593647074,0.028090261908362543,0.07748588387543918,0.02217494155364606,0.04229126782579084,0.09761581065630255,0.03309810248974017,0.02262520759584161,0.03559518870566481,0.05986038085653333,0.07708511776193593,0.059452028130994206,0.012351562497229877,0.029019212229709268,0.0900046390465741
1159908,0.060610388956316374,0.03407750712388135,0.04378474585795299,0.06500825292589345,0.030329158025839985,0.03341857005095436,0.03656330783789423,0.04252605667013249,0.017767160182829082,0.06826696683527034,0.11394413601371693,0.04308575441301601,0.017860816370557787,0.05488811529760472,0.0596743331720566,0.08174308850512388,0.0580457812938104,0.012806436175499213,0.04048391280080439,0.08511551149084544
333931,0.05820348694651711,0.06536896640723006,0.05142904888410743,0.05777266131459336,0.03592310944575896,0.0739008682474829,0.0395781078757661,0.05547728524616588,0.019108850097895504,0.0535791926081281,0.0960300808890167,0.04222143693085465,0.014911510964348678,0.05117399766823882,0.05788256827578812,0.07700631956819229,0.054798544040059155,0.011285136843805806,0.029189575037592026,0.055159252708458346
42475,0.07062128060857636,0.061186931918215226,0.040434006967026564,0.04922331094158632,0.022776467912005802,0.06266304527233509,0.03557787715597431,0.07016936206945651,0.01776815682223454,0.05671862930271657,0.08934675735419799,0.0511838233249107,0.025336039305264835,0.04043677021147835,0.04473828609692493,0.08272205645155836,0.058530922400842095,0.009990145615427092,0.039512521602021705,0.0710636086672467
130499,0.054792799381411204,0.05693088031475853,0.055165843666337464,0.038206107692106785,0.034319686506902564,0.05109647899461455,0.039148592119988536,0.04443182982617796,0.02691213159302599,0.0589299730714751,0.10776439280396564,0.07253634555224676,0.023668534495795077,0.05725787308402786,0.049280368886048614,0.07088702090545257,0.04724565256923469,0.020361140664872865,0.038120328867300116,0.052944019004257145
129726,0.11279649394106168,0.08835827562060249,0.03097566545918537,0.056499857572692595,0.024675621642190972,0.06016151020113304,0.019746575909373662,0.05710881070162677,0.021193624422152918,0.03621378952486885,0.10258691128234843,0.0321378957181091,0.028363463667279612,0.043635892702743546,0.05324805800446136,0.06271306934563492,0.05224337009565436,0.0074931747315639344,0.02549776956999732,0.084350169887319
2083199,0.086904894025245,0.0554605990173899,0.0398270380433658,0.050320052471626166,0.028730573153881844,0.05792190562433861,0.031101113408323833,0.05419159522822573,0.02653904757878103,0.04561199509373844,0.08477619760616173,0.06197102098339674,0.024173859620613903,0.033277048227693666,0.058421050869903124,0.06672247313262072,0.07248464551145321,0.009047896820799596,0.036015540055343735,0.07650145352709718
311228,0.06396605332294933,0.052748129523319455,0.04272403621932975,0.05431124605763483,0.014540139727843092,0.03769539232535761,0.033686735703537946,0.04800429729981695,0.03392085678498791,0.07225274035089337,0.09862538340433008,0.03188231267222858,0.024644489238228897,0.04710197904093202,0.06458112032120304,0.0854640023471163,0.07742746302428379,0.007271777532840376,0.040693626928859104,0.06845821817430757
3052416,0.06416706960434247,0.05589704611171695,0.04374376884623847,0.042623930161437645,0.02577994776284242,0.046758327799582534,0.03681587692911889,0.0414627329785655,0.020091079505921844,0.08460161816308706,0.10792953171235924,0.0533591197729491,0.026704906423632685,0.06055850604489264,0.04679659159514429,0.08419933698598077,0.05388459441235365,0.009806618237854363,0.04010525929137159,0.05471413766060791
129955,0.0634862290351879,0.06242035830492726,0.048145579414339314,0.050618895685069734,0.02770345444014772,0.05747913778846132,0.03659065501306853,0.05733906675033964,0.026693648134377992,0.04593184714448278,0.09664872649076205,0.04339662540573694,0.025035223051675562,0.04814502376560771,0.05912562232683128,0.07558146296858265,0.05634925121859508,0.012127625515094935,0.03154084975123952,0.07564071779547216
1330491,0.0687382297551789,0.04190207156308851,0.04849340866290019,0.059322033898305086,0.015536723163841809,0.046139359698681735,0.02919020715630885,0.06685499058380415,0.022128060263653482,0.0475517890772128,0.08757062146892655,0.05602636534839925,0.02871939736346516,0.05790960451977401,0.0635593220338983,0.0739171374764595,0.0748587570621469,0.008945386064030132,0.03531073446327684,0.06732580037664783
1978534,0.048640970747132355,0.050732013319626776,0.03717078045096176,0.0638911664120175,0.02058292967768639,0.08308476335566946,0.02933326594106935,0.04870186906678302,0.03406404769159822,0.05567709789592186,0.09216540709951422,0.06134259698639555,0.029506810688638457,0.034924981255907775,0.05446455419656685,0.07421875920409625,0.05516206629000705,0.015837857258478714,0.0398045801677754,0.07069348229415308
3052320,0.044177783213009136,0.05171332769524222,0.05279007394718791,0.060424075914927544,0.024976895860214055,0.052794243308035636,0.04282004255023427,0.05875787465596965,0.023561561293922843,0.062298745216271344,0.11798483926176546,0.062495605706781414,0.030869708963710805,0.04486248936768919,0.03601053088894699,0.08495741395281255,0.05170461722423215,0.011022899164905224,0.03186851604900278,0.05390875576513885
11240,0.04826315493139804,0.04737261518285198,0.047060054684240744,0.058994545055565416,0.01839124681709249,0.05572590349540188,0.04175373204396923,0.07384097193425507,0.021314101865662707,0.0724595368720921,0.09980464278909108,0.04339993161360721,0.026146179653206987,0.03534285715425965,0.0417254215721603,0.09235728582545609,0.05051237650133784,0.025751739640407896,0.03503488230595598,0.06474882006198733
40059,0.06774784335057146,0.06701938675318085,0.040209934050484175,0.05988720904742462,0.012118033758120698,0.07058301653132,0.03650627690868851,0.0587584809260139,0.01964478394454449,0.07555401309201708,0.07993210685247623,0.06129654461479391,0.03530604873707656,0.04012884176627774,0.037821563306358975,0.0654696405352681,0.056741680945537144,0.012315091815140287,0.037441586981384875,0.06551791608332037
2502000,0.07901402066942756,0.04409631565174324,0.03975026343724006,0.03677016704737064,0.027938587757132184,0.033227059462616025,0.020438853042190917,0.061105122450736384,0.038677498471953654,0.06525611126549122,0.11806695814606938,0.04132334534740291,0.02085525813165351,0.04609892130424581,0.047956039599209674,0.06452829689142496,0.08306715657066041,0.012220435312075034,0.04192450595184759,0.07768508348950878
333766,0.0650411756764321,0.055467745545227036,0.03437740297504117,0.05835367243424467,0.04009787346266221,0.05380394516620617,0.05135829978250079,0.05501584773062265,0.03161112469085862,0.047679362350970624,0.0832488355556653,0.05029640390617662,0.020020252489032667,0.03350349247296085,0.06364371040137375,0.06291927191319886,0.07418321498767196,0.014656123345456106,0.036782686213010896,0.06793955890068697
3052620,0.0648884329315209,0.05360348807386509,0.03667607078738138,0.0466786355475763,0.018979225442421133,0.0684790972044114,0.03334188253398307,0.07591690176968453,0.020005129520389842,0.05591177224929469,0.09874326750448834,0.07360861759425494,0.023082841754295973,0.028981790202616056,0.04590920748909977,0.05026929982046679,0.06719671710695051,0.016927417286483715,0.04129263913824058,0.07796870992562195
2499622,0.07745574270373792,0.057085930950987684,0.04106033978645159,0.03409196067180422,0.03210494009727373,0.02676607969180288,0.031396129532058524,0.059351570563479256,0.03592617453445658,0.058253609704437936,0.1098577138810965,0.03837665292587704,0.014212868660109136,0.0461702058056748,0.05687300435453473,0.08517808719099841,0.07431786068489613,0.013369257620923454,0.03924929942817415,0.06550359211085613
3052561,0.08435588359411682,0.06460661608796425,0.04594056591282538,0.045748421042147866,0.01644481421125787,0.045002681065946695,0.038300704629174905,0.06805410136457643,0.019062081358649334,0.06844515991045988,0.09381507082165048,0.049670862682780696,0.026853557659209912,0.028226702053896657,0.06018655827384137,0.07330666440888803,0.07204639641120913,0.009644205757809636,0.03208034767934495,0.05820860507424973
1965093,0.07338937281943389,0.034837275281359895,0.057942941296905734,0.042105831150674976,0.027901234774240346,0.036471318448181314,0.04776479159182964,0.04574169027144237,0.01974986303497995,0.048991503862278615,0.09865221739193233,0.04704770999521155,0.024879778414499683,0.05040562028986789,0.05175992615623735,0.07749711768104539,0.06624585375395033,0.014272029264775176,0.048185593006990025,0.08615833151416355
138184,0.058847173769794064,0.042190077985563755,0.04361171001154629,0.040092878371229684,0.029389991118679015,0.0571937389712749,0.03875114745092583,0.051291915660851777,0.02414922936657254,0.05007171975889396,0.11651065025895828,0.060758228271052386,0.024317723641138912,0.05379882876158591,0.05474256704192032,0.08179267822312751,0.05933780034072112,0.011497305217723824,0.031146144670506803,0.07050849110793303
35246,0.06382767071758605,0.06221260274932342,0.050363505929581054,0.047238840903339206,0.027947689952808275,0.05211164276325732,0.035260523194820655,0.06660472139148906,0.02817697437278998,0.06138025670271384,0.08983222981803025,0.04258585772863726,0.02348160111476139,0.039385389200369256,0.05209788542612807,0.0728043302012628,0.07001130422543743,0.011230124578552242,0.03637177069116027,0.06707507833795219
1978544,0.052532313440209366,0.06790312606540973,0.033198766562030364,0.0687465945295546,0.024891212399706448,0.08289734496043105,0.03907307450959958,0.04700411900073382,0.028285315120075954,0.06019324625548595,0.07197754694504542,0.07670264157917794,0.02310370423992326,0.04307641297425791,0.040544311256301285,0.0665046469535698,0.06374329883152188,0.021837767958670994,0.03196110063048991,0.05582345578780471
79891,0.19189411864727415,0.10808130144035678,0.012386821563141961,0.04788655802747395,0.018216387241771322,0.05016286606512456,0.018056234247994057,0.10708126380752106,0.01686758213424311,0.016641927619272138,0.0909456112955148,0.010657160377593336,0.013901079933656298,0.028259279524860258,0.09403864666918846,0.05014860947689429,0.0323343698077656,0.010388811737813768,0.022208001437803083,0.05984336894473692
2501969,0.07324506715672205,0.05197245599786694,0.04505962027117305,0.04031322151534779,0.026152528957715693,0.034553177076431144,0.03463530239126627,0.06081015235940498,0.040049469889750326,0.06000571599804448,0.11051624820240646,0.040054508655060175,0.02253131866422415,0.052808190768011236,0.04213382412691778,0.07575228671558445,0.06571756169976653,0.014651638296821829,0.043232173083856976,0.06580553817362765
59304,0.06758675478231499,0.04432836689207548,0.04404801289526116,0.04028949363774635,0.021242379351559804,0.037593627828884923,0.022802613853241407,0.04148746198690956,0.021201332828421557,0.04406399210506552,0.06115650116938831,0.22252411999535665,0.027304028037004456,0.0467045230101806,0.046567157073683384,0.05316664343667747,0.059419753385635904,0.016543824730154227,0.023317497266969998,0.05865191573346824
106331,0.07266002011967107,0.0769019653796512,0.03455045933723743,0.04088223826493692,0.01978228069668218,0.054499293838350255,0.028717739416170885,0.10775238074356851,0.02112937230240799,0.045068082470028165,0.0891605572393832,0.030705864531019245,0.023121069334360905,0.0333669012429935,0.06826517981898785,0.07429287897442695,0.06516304961756424,0.01616708457674512,0.023993451859534762,0.07382013023627942
10989,0.03839860739020231,0.04242499017652273,0.06693096186873933,0.06493060109338487,0.015484520405412082,0.05758887533220906,0.03147837962586071,0.038279201315846355,0.023414824514843332,0.0723547201097556,0.1022576365984215,0.06418304318002595,0.023561775263216626,0.06547150113450272,0.03588527832397422,0.08828497877418613,0.057065327670765,0.0069964363254495605,0.041433022474960855,0.06357531842172105
1972586,0.03247706563318512,0.04207936039344359,0.051354009793006986,0.06118561814597903,0.019169675945343037,0.05522205797647672,0.031161116376357125,0.051321760720336014,0.02756307222931857,0.08481906846274918,0.09667180273579584,0.0899444163319301,0.022707854468608093,0.04741297058656722,0.03701998617368912,0.08064237994509965,0.05139531675344673,0.01708070314311973,0.03604791690901935,0.06472384727652875
1891762,0.06100623104063703,0.05775476452526823,0.03251986824687818,0.05922437968727229,0.025203254470709775,0.0644673374152568,0.045642617169456536,0.059983614278499076,0.018755151571580437,0.04597669665626394,0.09959490086386631,0.07455833287038646,0.02775721391124427,0.04397215948381427,0.04548974289805263,0.06921056576630079,0.06151420865347719,0.01870996764602088,0.025024841081786913,0.06363415176322801
3052323,0.047246122458281185,0.047452743316318304,0.06087120469313271,0.052544586173146314,0.02710622353523018,0.055523226130041535,0.03907527677591971,0.06238481340234666,0.023809705335200937,0.06488499036012356,0.11384728037665115,0.06683169255249605,0.027938039656123233,0.03383416029587424,0.037174694008861676,0.07511894083136034,0.05005209578625517,0.015900057247246906,0.033133703296947314,0.06527044376844282
3052337,0.06138720699420281,0.049623402297883014,0.03971224936166818,0.0580777140158844,0.027115752092497083,0.06071477799761987,0.04146642770147474,0.058873168821063214,0.024753935922417036,0.06701404688649043,0.09584660666152707,0.0647903966970589,0.03431373418828775,0.04227633942860873,0.03982341326022292,0.0682575582397316,0.0541620816410417,0.014238692383930093,0.03434714747628683,0.06320534793210361
1914576,0.07662337662337662,0.05367965367965368,0.04155844155844156,0.06666666666666667,0.015151515151515152,0.05584415584415584,0.03116883116883117,0.05887445887445888,0.020346320346320345,0.05454545454545454,0.09350649350649351,0.04632034632034632,0.02554112554112554,0.05497835497835498,0.04199134199134199,0.07272727272727272,0.06190476190476191,0.012554112554112554,0.0341991341991342,0.08181818181818182
2501964,0.09147204385837791,0.04857804183037194,0.044637679733232,0.03226351521165373,0.029347387197982792,0.030239876280401472,0.027077734134295324,0.06342371984617698,0.039175855848902354,0.06612152668153179,0.11171399095994886,0.028905975728065858,0.017127315944157333,0.05662343075714578,0.0452139095275349,0.0775870411984321,0.08167120129696832,0.013042571369578764,0.033846222843510236,0.0618329685709378
11246,0.04267092751711874,0.035310757959595526,0.07710954516375733,0.047060895689640676,0.017611267099828822,0.055955908991946864,0.035409328076027174,0.03689981317848134,0.028261219421308537,0.0947509650223377,0.09975646934912033,0.0691793733246784,0.027115300754374325,0.03403457005235427,0.03702433125996034,0.08124346024976635,0.0828581638514782,0.006518671474799218,0.03909577544250495,0.05213325612092092
3052633,0.04716151247854166,0.040057723834208234,0.044815384253088564,0.041085596564590376,0.02297349863907162,0.0679506855410492,0.016186540796901367,0.0697533306854916,0.01369613773335069,0.0797179160445765,0.10023723879012805,0.09603031463915443,0.038592598600784254,0.05529971218374045,0.030543352449521846,0.07775454300184788,0.05933707002579535,0.010613654876418948,0.030543352449521846,0.057649836412217145
2170030,0.09907491201608849,0.06179989944695827,0.05034188034188034,0.04202614379084967,0.006561085972850679,0.03791352438411262,0.04205128205128206,0.08584715937657114,0.0175666163901458,0.05064856711915536,0.09654600301659125,0.030341880341880345,0.023514328808446457,0.028491704374057316,0.05955253896430367,0.11905982905982906,0.05796882855706385,0.014399195575666164,0.014891905480140775,0.06140271493212669
686985,0.05276073619631902,0.044989775051124746,0.04376278118609407,0.05685071574642127,0.024948875255623722,0.05562372188139059,0.0376278118609407,0.06257668711656442,0.0179959100204499,0.05439672801635992,0.08139059304703476,0.05807770961145194,0.026584867075664622,0.05276073619631902,0.054805725971370144,0.07811860940695296,0.06584867075664622,0.013496932515337423,0.046625766871165646,0.07075664621676891
242710,0.07402954857455643,0.06178902499661528,0.04183410026486175,0.05014037565085218,0.023618232569948147,0.05609362921451651,0.03659308475496146,0.05719318974209476,0.019672642447505006,0.049996080173365855,0.1084694603238363,0.043528514066342824,0.024803249293770535,0.04764717773818802,0.05596157229184664,0.07549899774501333,0.05385728688486502,0.015409259510969301,0.03286061458127889,0.0710039591746118
3052317,0.05868731112301374,0.03686904699417697,0.034067072331914056,0.04173511043946324,0.028771814781797012,0.05793115065378071,0.049015380044461716,0.09288419031381297,0.028833443118486096,0.04279836770129452,0.0905813184757102,0.05039845684835307,0.03341535224006719,0.03662989491368716,0.06671711200673568,0.059858841523471894,0.07604205223219672,0.02517114249980855,0.013426947881306153,0.07616599387646238
3052229,0.11007656604383814,0.05714412185733392,0.013830569127916813,0.0376223650603539,0.022384648623051118,0.062030812403389125,0.023591719222609008,0.07968089981300579,0.031595782901476424,0.01717179752340042,0.077238989581431,0.03926668541463828,0.036039356548700094,0.025554112733570035,0.10817075069940765,0.08225466766606053,0.06490697532849099,0.03351249597124017,0.019572620940289207,0.05835406253979743
137443,0.07674103814356376,0.07731827430063215,0.03168163105370111,0.04624906636940797,0.01867636128513354,0.04956238902497855,0.03544085608641159,0.07828636363841082,0.02578352198292874,0.048502233152324964,0.10036289099728792,0.03191171874711251,0.018716046463252083,0.03801427668189093,0.08285822705177655,0.07006372423301023,0.06378954736939038,0.01604676082510746,0.026783555333191766,0.06303607866399565
1972639,0.066637603819746,0.05458176446565375,0.030136787890367035,0.08662617736076778,0.013376396875050775,0.09458795743215091,0.026226288392917064,0.05468456484059562,0.012256409280243201,0.06231459018005162,0.07506388492137869,0.06431876551356558,0.04163090086740906,0.027922930192710298,0.042720474872820324,0.06826966959916049,0.06434033097608954,0.013931699345049404,0.02874648582556606,0.07162631734870681
46839,0.07198277801835891,0.07381269584174846,0.03264142337439388,0.05071982452389233,0.016983711151411965,0.060212371323957375,0.04213023831845053,0.06481390170394247,0.025289081302673315,0.05202886784942051,0.09344832557482746,0.03881789999194784,0.0244477511985063,0.0481348440215161,0.052500570000394216,0.06244258588541872,0.06527491533996886,0.013786404775801038,0.030382847717629884,0.08014896208573986
1972571,0.05769033403614372,0.0462234946098659,0.03972353171085976,0.06584779722754401,0.015306906657045146,0.06434646144097748,0.031287018175634354,0.06353912141874554,0.02309752299955016,0.05523299999949819,0.09407313492178844,0.06906352002726203,0.03180474534151927,0.041512625794456144,0.06094068835439518,0.07893284666718606,0.048859555106069416,0.019408912456547505,0.03750415653967354,0.05560462651523814
3052724,0.04548992070013596,0.045342950726118006,0.037882338320063436,0.04636822672065921,0.034146540178919035,0.04664488540032632,0.030385569358328136,0.07557520743484279,0.017569365234444252,0.05873695474862245,0.09267228186444165,0.05389577638818317,0.0449931828955463,0.05453699544597872,0.04923767042519965,0.08151816938351819,0.07526171560683291,0.008956624563754189,0.020343913710159815,0.07976717463760204
57482,0.054543918690049466,0.05308486188117556,0.043273784478812485,0.06203908831143752,0.020451910252846,0.06269269053688564,0.03390371693175435,0.061109176674410216,0.020320544220538632,0.06269280026026258,0.08903665281334691,0.06569683605495938,0.031233383495754514,0.04111317810188355,0.05098316319335936,0.08837996492344473,0.051262522318553064,0.016012399284607993,0.03296616979095762,0.059203237784960415
1985702,0.06345493233538492,0.05147038556743091,0.0393533261348285,0.06090102051640561,0.017548571522854838,0.06131047673045201,0.028811022186320766,0.05542711842066575,0.01884068828447566,0.06957154898112076,0.09301476491093615,0.06737127529491443,0.029231614194194292,0.030408075976629274,0.04486533772448722,0.09279748157944108,0.06672020042181169,0.012430151713777265,0.029847040712730533,0.06662496679113833
10987,0.05992102817275277,0.0527117032600517,0.06158685165494526,0.057232638987665285,0.015859566085476194,0.053410608833242806,0.029614844153015202,0.05903498715307135,0.018263937997143216,0.07312174316079795,0.09063314026502799,0.05767637848827335,0.027935027754493618,0.047761323681064255,0.033312543390535215,0.0995028049809574,0.058316577552769484,0.008368716586493984,0.03040299416557652,0.0653325836766464
28876,0.05769293535765203,0.05354918651601711,0.06235473556526414,0.06325110857846901,0.017247235846171886,0.058499630472744125,0.04242902575995697,0.039535923364278684,0.02130086866513223,0.07669056669052574,0.08723904903851158,0.06628330626417671,0.02993813201678509,0.04225794458127028,0.032746289965134054,0.08721320151380901,0.06096826773146824,0.00915246558181278,0.03568688876183465,0.0559632377289857
3052338,0.056262878693916475,0.042451710400494926,0.036675990210190496,0.06201094732042012,0.0270341844218536,0.06190091362451431,0.03861482342021371,0.05573925224596497,0.02163373522760592,0.07203378306001032,0.0939713636234048,0.07583090068155085,0.02982283988101771,0.04182967873897047,0.03724561394961688,0.0808341141451883,0.05904773244831222,0.013481353485352779,0.03288243980464949,0.060695744616751666
3052748,0.06453348055755237,0.04424738993622442,0.05582642005530622,0.05195511028504365,0.024120594336832602,0.07011288989053167,0.025910671021510134,0.06071957456086383,0.024173284920598944,0.07806648763741107,0.08128225027109835,0.08550487257477601,0.021204083277386692,0.03922624174562159,0.03014361916850697,0.07186436159304375,0.058745683473685646,0.008901830372658607,0.046366220604626696,0.057094933716720746
11086,0.08440773921506058,0.08735630267843393,0.010917503726882612,0.05065107329456423,0.028801777472959266,0.05574606712675211,0.008982620581917594,0.09477077488993989,0.024461685741637734,0.04975447821262044,0.07941395465507085,0.045261580325235,0.01296788451188554,0.08341668214573182,0.045408432994699016,0.0997907547909691,0.047683061774964564,0.018186710865351185,0.01099728044732117,0.06102363454800336
104395,0.07059106862965726,0.04432442249306123,0.05368376584664827,0.028323206481185373,0.015170537769407825,0.07485658561236858,0.05565662667250984,0.0551335046804613,0.013837267605522589,0.05345082850679269,0.1027885363244067,0.07027443177107391,0.033847374717218014,0.037033878564632215,0.016907302783008997,0.08273342098094257,0.0687378349461283,0.014967211108347445,0.03748238164611686,0.06906986935768515
3052440,0.06695089562081603,0.03869991533594117,0.056950249002873855,0.050444453419241975,0.027016066167109252,0.050946030163213175,0.0420375226913248,0.04676145602717755,0.02124950465154925,0.0787991809217719,0.08603538535590938,0.07591190205388963,0.03217269737918071,0.057590381842852846,0.03598606632047376,0.05910164403332663,0.0665373070348698,0.012259754537125087,0.03884016907437236,0.05570941836698081
56094,0.09242973907683717,0.06040291309798133,0.03351840878711456,0.05422892306954008,0.017733775561965703,0.037538283234738574,0.03284567591850189,0.07128794714073089,0.026271992531481613,0.05360604863619243,0.09697852802359615,0.02579260837223958,0.023925884064634792,0.03209070764519396,0.06790134337920739,0.08819510780893848,0.0676839728226892,0.01762962444141262,0.024664788262094898,0.07527372812490869
1985690,0.041072106476795774,0.05053566187891289,0.05275790071573606,0.0570335751474104,0.011105011102253218,0.07168222377844356,0.030801716785171213,0.06022655112876157,0.01949897018684592,0.05487430632509507,0.10315635207409314,0.06570427068756798,0.02491736736124851,0.04437428862385915,0.05773432507569393,0.08918861551055558,0.04836304884136289,0.019030803872591935,0.0330966813107179,0.06484622311688328
3052601,0.06631142760867331,0.04933811211596231,0.04840189268914148,0.05003585142217423,0.02102706595356885,0.062297634279261035,0.052145712015344896,0.05868725924167226,0.016536459850815925,0.07550531778733142,0.08939945621689932,0.04888093501049649,0.024590754478021778,0.034012048918660796,0.05322752748579814,0.0869857051821532,0.05379284248896002,0.009584070241586876,0.02318570758344395,0.0760542194300337
1881950,0.058787354778444434,0.05623146637625461,0.0384324223895677,0.05167186757546063,0.015170855299775205,0.060882676205349,0.03488452248921063,0.05555738108081796,0.0221500510556862,0.06434286851661464,0.10502530141930184,0.05994288691791738,0.027115983165895863,0.03635056643805047,0.054885655681702096,0.08475405657968291,0.06200217757710944,0.010999724486443022,0.03796604292292281,0.06284613904379317
519014,0.09620220498579118,0.06297465084899818,0.03865677135059131,0.04836305953066515,0.01613755776008927,0.0388670862286549,0.03968391910744772,0.04643438770803446,0.03068993469107362,0.05066578632668487,0.10763816572001134,0.021282317183895963,0.028552791881062998,0.028679367684561433,0.07675832279449078,0.07223586050089673,0.08734686872391495,0.014424116118577357,0.025857245254165502,0.06854958560039229
1239574,0.07595191827812574,0.05543676474421186,0.03801778874941399,0.06277103549366848,0.014525703496081413,0.059810716524899415,0.03107922986275217,0.06834407573435998,0.022283232907549372,0.04080378907217318,0.08115692402285347,0.0644994846288534,0.022765519011955292,0.04210679055950647,0.060329587279232544,0.06273708395730064,0.06292408150999863,0.021656363942190397,0.03378550480877062,0.07901440541610291
3052762,0.03179773030374182,0.04042580727236407,0.05615762628820264,0.06556483917000788,0.029101055869684464,0.0574225180136507,0.029033622056556154,0.04471988043151807,0.020071929023918703,0.08478599515470343,0.1014479441415116,0.06738466057600695,0.03383029088371297,0.05032343324589901,0.028582378126646157,0.07776643439897948,0.05122646462543909,0.008477255879651237,0.04413536684630009,0.07774476769150547
3052374,0.06168770626798573,0.038358001377741195,0.05061600173466637,0.051558698702004864,0.02228653664199219,0.06391706969479975,0.03424208960899162,0.046957709648360296,0.022466892131006402,0.0848240105231086,0.0935676515294344,0.08296967117594399,0.0313812060569705,0.05535582417511389,0.03467500910512919,0.07286223691818793,0.06021698668939098,0.009152061606245716,0.03681072575921552,0.04609391065371087
3052559,0.07009845812891238,0.05950513528186997,0.031437019747513756,0.0511271137452877,0.028948572165116475,0.05465235646475966,0.04882018616658016,0.07446356692422257,0.01731142290427266,0.0689843579058746,0.08256719746201781,0.03937119481923714,0.027998625079569944,0.032321646150471464,0.061162780449201266,0.08563691145746405,0.056964057599525164,0.016335121354025994,0.027016676589301736,0.0652775996047755
3052299,0.03984917202148346,0.05047231666464195,0.05914778738595916,0.05646740315209714,0.022220812013869346,0.0577469040268632,0.037466947659812594,0.05721857007623247,0.027463725308659082,0.05887867680314977,0.12757667948831827,0.06801923696082611,0.025101694357099618,0.046027775389232896,0.03528595193697667,0.07905996513884737,0.06093683972580279,0.014262012185546633,0.0225299441521682,0.05426758555241327
1965089,0.0847953216374269,0.06725146198830409,0.049707602339181284,0.049707602339181284,0.0,0.03508771929824561,0.06432748538011696,0.08187134502923976,0.02046783625730994,0.023391812865497075,0.04678362573099415,0.09064327485380116,0.011695906432748537,0.03216374269005848,0.10526315789473684,0.05847953216374269,0.08187134502923976,0.014619883040935672,0.02631578947368421,0.05555555555555555
204269,0.10067447406975494,0.09833589700533515,0.025449629756834437,0.057274471596323887,0.013971023155485967,0.059952817061113016,0.03786795248989712,0.06176227300997381,0.026225847501083616,0.04673212047992665,0.09342133321241348,0.028909823713665527,0.026781865171284197,0.03231145092087366,0.05159895708828098,0.06595928090764258,0.06182085195812911,0.010387345433840673,0.030361758638046805,0.07020082683009439
1978541,0.04276935574766999,0.04313867036112062,0.05998511090584725,0.06518380161836919,0.021687992789274007,0.08114255851585003,0.038419753387958056,0.052485688021716735,0.02188327953083974,0.0842951450503851,0.08890340067132632,0.08542950521118796,0.022110975247157154,0.03498386046668257,0.03914302494693667,0.06172174775311427,0.05108427235838346,0.018798252960399796,0.036292694258644335,0.05054091019713673
1933191,0.06336070871318729,0.057996104049299536,0.038588393993611775,0.05184915983848483,0.017917295802572224,0.06740008116276823,0.026537556656041857,0.03794714984053833,0.034934643115093825,0.06191348116690898,0.09432927891939794,0.09049304113151835,0.03283855783468664,0.042872127506330106,0.037469398822465055,0.08109719843123767,0.0650491379553495,0.01173266255747415,0.018995086555720193,0.06667893594731353
1440170,0.08538357504887611,0.04551332218596005,0.04487397626346945,0.0408813138571537,0.022479162363299367,0.03891338220334761,0.029223557239066052,0.046056964699305904,0.02818349302623487,0.06508256285648806,0.09168609392391555,0.07969710050856646,0.022949612025854754,0.0656550242825388,0.050574987827688475,0.05041768136511638,0.0663648230422331,0.01097507041449011,0.05029260937662474,0.06479568748977044
334205,0.05920885470016224,0.07334056197440243,0.03894014306593626,0.05405757860935834,0.029183788363497044,0.06766207040172774,0.04813816877354554,0.0664932541243878,0.026399484773058698,0.05402988738362088,0.09076119723838977,0.03530078314147126,0.01762746800852173,0.03615830587883961,0.050373208754553145,0.07193624799506672,0.06141715404616954,0.010591182607559734,0.037325603413455456,0.07105505674627609
3052606,0.09381044487427466,0.06382978723404255,0.029013539651837523,0.0425531914893617,0.047388781431334626,0.03352675693101225,0.02869116698903933,0.08156028368794327,0.018697614442295292,0.05157962604771115,0.09477756286266925,0.022888459058671824,0.020309477756286266,0.03417150225660864,0.05738233397807866,0.0735009671179884,0.07446808510638298,0.021598968407479047,0.030947775628626693,0.07930367504835589
10385,0.045035220868831695,0.0386365946007915,0.05092225035400752,0.04982220613357388,0.028176184693805492,0.04865961183175967,0.03728892497165118,0.05116844130437251,0.029158055415887136,0.06874498197557176,0.10004548574205363,0.0563750343909021,0.02944568864464609,0.04591171115403116,0.058643210812232144,0.07613843357803027,0.06932891949114796,0.012587254821543957,0.038636955904126156,0.06527483331103416
329862,0.0656128470706848,0.042286864462740104,0.05757578393972516,0.03891198628527731,0.024006507953827732,0.03556106077534359,0.056610151262176944,0.04498248933949859,0.016252496758680665,0.06010138607434809,0.08569544165398969,0.04158347401553556,0.030255258709625435,0.06092476502263178,0.050642641466201656,0.0852928821332457,0.06112370100261971,0.014674494242912207,0.0497382132661606,0.07816755456477466
1239437,0.06993402193544541,0.04572361643849149,0.03651557938011315,0.056353711187505984,0.014888897310658669,0.05661526256709624,0.037659499411992196,0.059481466676535644,0.017417294551876326,0.050454482466676914,0.0879216803194582,0.06756631304389721,0.021110076304566894,0.04637212486910108,0.05144676503726436,0.06712957610679973,0.07637230999134127,0.02275348609962984,0.0327591502367872,0.07923412722639445
694008,0.06551763091287983,0.05367679907038403,0.04428448863421254,0.05432985004365476,0.024327229045927372,0.03462324322176772,0.04170777776994208,0.05485734413060246,0.02587017232804969,0.057571261007153096,0.08966771424628509,0.049692678796478075,0.025971711837601125,0.048105409092923226,0.05573390641956273,0.07498140516457896,0.07102347917698161,0.007777117213891754,0.04520742844020327,0.0750354315659953
341721,0.045937333087853256,0.0438177884941635,0.07124488389179348,0.057356024968434983,0.011977913887067796,0.054312393185309636,0.054664995230493264,0.03665978520014744,0.022888129001495908,0.08605416330321727,0.0869860174458349,0.058449159536244834,0.03254899109229496,0.04677805989927035,0.039727844914187446,0.07466408866890667,0.06918198831044492,0.006322601385030452,0.03975239601730599,0.06067544248050292
40056,0.08236197187850364,0.06413207789087995,0.04214376158117107,0.06157118089582992,0.01018247697849706,0.07247167716082098,0.029884516665989257,0.06962353598060851,0.017877621460619955,0.054773402303452984,0.08000031543743275,0.05526508248362143,0.03668193846261872,0.03135710574753502,0.035218627952731736,0.0574949322862165,0.056348256466720474,0.01643826929496864,0.04198243070314905,0.08419081836863235
1972618,0.036457391357371714,0.04476565228319831,0.05679540355253541,0.06297568285595455,0.0143825887905813,0.054581189908506765,0.03035090691148979,0.04984276407133355,0.026059681804919098,0.08877264082277801,0.0923242370713208,0.07344531001844282,0.028914271093425654,0.04666493926806469,0.05034182339926119,0.07616868364693517,0.0475120225399449,0.021245819652062587,0.045701875103001575,0.05269711584887208
205895,0.06742029781541838,0.0565129832065244,0.054206126668788504,0.0514626759145052,0.011632355842280307,0.057987136373134414,0.03582063475046753,0.056656288671965906,0.026777961988182334,0.06817136813351586,0.08286669527112746,0.048839108512421216,0.026643781900727363,0.0398114218389157,0.040022472686753706,0.08181178405977602,0.07521926229421581,0.010005516025173853,0.04290473166826641,0.06522739637783961
40067,0.10079325728926887,0.08603360658125431,0.03384959193074292,0.06714757541992628,0.012221312513275124,0.04865805809004135,0.02995847627683301,0.06924974999292116,0.027862697704106588,0.04288505320864809,0.09055698249112898,0.02806906163736059,0.028009901034758464,0.029957637715511198,0.06090931506588972,0.07002022674289657,0.06016528373525729,0.011442717708493982,0.025785384216860465,0.076424110644825
1978538,0.04328177085727831,0.05307589652839002,0.03725004546697359,0.06422220012596923,0.01906016724670157,0.07111693361027911,0.03627514586197273,0.059819605077868265,0.027090828982917356,0.06525545649295662,0.09488189410207104,0.06550097555176145,0.03382035631368077,0.04929213387201601,0.04221186997363341,0.07823127751395034,0.05716570146843559,0.010781859704763294,0.025744685693623315,0.06592119555475799
3052514,0.05813869673086046,0.03630818076845604,0.035672148512187175,0.04975125187022264,0.02806528634918677,0.05954656013596368,0.026609964504209965,0.06298025637504198,0.018107635159711706,0.051601316901813896,0.12007468832629413,0.061525143322331166,0.02559569347267462,0.03534899635777712,0.03053983439445971,0.0649855444910136,0.051997726868546965,0.01969924235752378,0.017351744744397227,0.14610008835732735
1972624,0.020805610623170264,0.036292780099373374,0.06244963255465905,0.06691546590411067,0.02396864138360458,0.05746203869632305,0.03302416832655107,0.045990768379741365,0.030534533966245614,0.08387159666642129,0.09463812744822558,0.08599686323163558,0.031199207499447455,0.054021092474623014,0.03828375797197019,0.06614023495900333,0.05752922404279099,0.019982928109267686,0.04296863295944774,0.04792469470338812
3052324,0.04492856064779808,0.04683616272871039,0.05569804020410606,0.05532735260638206,0.02694104850084053,0.05295527763465372,0.039604724804031564,0.06114175824747748,0.023107234493716294,0.057455492134868225,0.11737604898783409,0.07083426828660798,0.0276272707468548,0.04100930343564659,0.03484716952654562,0.08140054885288854,0.05809029380953124,0.01657071778388936,0.028363820616853542,0.059884905950763845
237716,0.05160914128442169,0.051390554168935045,0.039526158103242934,0.06461864109736515,0.019802052461019116,0.06541648593637754,0.0357058036591828,0.05777417689630967,0.022474408867799563,0.06386846752903648,0.09019848046424397,0.06549286149291064,0.025372766573230204,0.0420416813196854,0.048153529589013346,0.09359934085858196,0.050645275472160654,0.016006117214140435,0.03135386455965424,0.06495019245268915
1972626,0.024848748479845993,0.037916698931010094,0.0647627393154308,0.06378784434233377,0.014538032317485067,0.058157017799080044,0.042505967210129295,0.04869447690732033,0.023733996179923243,0.09265877406618575,0.09866281515955802,0.06767683253064047,0.029836982585970794,0.059231121466159484,0.04267517935279157,0.07419415312469416,0.052971691430017086,0.018943392448153403,0.03769827918129748,0.04650525717197308
3052222,0.051169198097029564,0.06715967820187761,0.05953833984170951,0.049852192549687695,0.014254535993206108,0.06023377285419772,0.04713165324531598,0.054302732560063724,0.017736779566243817,0.07386769022003194,0.0771125635348757,0.06269896960187234,0.021309081280133167,0.028705034816957468,0.06435210876208797,0.08020810798486713,0.08257143569232654,0.007437321384608499,0.031424437138894125,0.04893436667401344
40061,0.06348547266110091,0.059604705467950936,0.046992546698928474,0.049575188020997425,0.017761859189333564,0.0830628111073274,0.043979556483218114,0.0656483245078336,0.01703534890694983,0.0567887060861805,0.08321543529464136,0.06941953953758818,0.03284812826547866,0.03143317778313588,0.04307288034635734,0.05386166846817474,0.05306952662865217,0.012293956920326444,0.0370993519923905,0.0797518156334339
3052384,0.05013989730999827,0.0415888040236318,0.06664552524504361,0.05549108218856352,0.021769784355995542,0.0663921650944543,0.026804897185200228,0.04901213500003768,0.01957142015771993,0.08819778729063964,0.08792750304327342,0.08934387820466795,0.025076682511185677,0.05571851124515866,0.03422540013215645,0.06263633541468522,0.05877246844116629,0.013859422974160679,0.04261655072117578,0.044209749461085364
11901,0.08449044124724954,0.05479910899107545,0.032019947580919125,0.044155146787100724,0.017207135667558028,0.07499051311928179,0.04818851295802278,0.08283702496255665,0.02185968145423009,0.04711407566868109,0.12655733890877247,0.0248834194914295,0.015459040338658341,0.024782671965639432,0.09909684476173823,0.062106112827798224,0.04722974497734643,0.01945351102998606,0.016407030003429333,0.05636269725852673
3052679,0.07093398559491894,0.0582334553485391,0.03588160961531801,0.05626899617154983,0.024109562153148002,0.06357835359608999,0.03383439120233417,0.053422857332125595,0.019705276984857314,0.06488472165974897,0.08967946648910448,0.058352765547255936,0.03217741263370546,0.045048114703492445,0.05055569201532777,0.0783877792567184,0.05609938341022193,0.013107986461424224,0.028580359769336074,0.06715783005478342
694005,0.05428874234153384,0.04468862718527278,0.050965135457608654,0.046489282695324964,0.029027291830817637,0.035916695053891654,0.038651275147332464,0.0649920608821877,0.02083823966612891,0.05650441086768989,0.09469722732941563,0.05792114006325767,0.027444995685180253,0.051872378400313904,0.04755336952619248,0.06745036284095825,0.06252611873980489,0.011186969276489222,0.0527883625676142,0.08419731444298498
2499621,0.09014368113804677,0.053358898053692976,0.0313398835835559,0.03288105811532019,0.029412353240335126,0.029423335206915122,0.03678624277237393,0.07520911243886744,0.03450546603713437,0.051988888365997264,0.11274300508772048,0.04859233538472965,0.025570054978692785,0.04583346289271479,0.0462437508833716,0.06580831576101688,0.05892519388211654,0.014711550537329417,0.031111119772452803,0.08541229186761595
2499685,0.0826436793898024,0.05586897171560324,0.03665518449108581,0.03433955238655871,0.02813017881629257,0.03946100165064502,0.03769502415816368,0.06762721019827946,0.030405103435550043,0.04157318763261131,0.10119400120241903,0.046898330408338955,0.025712280413994065,0.049484057272813534,0.054082762720444606,0.0753916505912691,0.06308906880383235,0.016245085100194567,0.029330415719437224,0.0841732538926644
1985698,0.06819215908498669,0.05861137148970025,0.032916942579151225,0.05837119060831484,0.016621735038435614,0.07144049417259689,0.021960781058805574,0.06397515037552615,0.02256747463910251,0.06950967662814239,0.08653639323038874,0.064929462832238,0.031161352981645962,0.03604382402323656,0.042999600659957095,0.08593138188132209,0.062309646405263264,0.012157622678494124,0.03175459502138058,0.06200914461131147
3052723,0.05145703965964677,0.044700288805569616,0.05171196947435147,0.05714227994511629,0.024574326416086405,0.06426764419394063,0.025779667885879893,0.05690851778506139,0.02346445608511888,0.06514427106282306,0.10105759444807533,0.07842525275606071,0.031204794789433193,0.047576216524188523,0.04779529134172968,0.077784773375397,0.05828061041469084,0.008342041999247615,0.026090965154962384,0.058291997882620294
1348384,0.054783206655625576,0.04925713633642334,0.06705004102088623,0.061326097487923455,0.017500229820230927,0.06424319820105091,0.040635999795524305,0.039375927032481266,0.01939525369857886,0.08204919819817337,0.08631165712003828,0.07327624229989745,0.02544215189606164,0.04382225738080095,0.032467151732425426,0.08082767496078948,0.06156742094963992,0.008486392621715765,0.03524712142944131,0.05693564136229154
11023,0.0846172582786294,0.04410673180663152,0.037903036476025026,0.041184775057339196,0.0342931213357994,0.04366322206223046,0.022666197865732388,0.05535879694252146,0.022527872037533272,0.05466826682983252,0.10907452250988509,0.0460437661077745,0.03310748410623511,0.04831083887918813,0.04221190966731209,0.0770023829542269,0.06757283445024016,0.006831664900326833,0.03956692494571968,0.08928839278681687
1913643,0.061959036958594685,0.04256534882748954,0.04826456887434388,0.045573257956125324,0.03038945393225015,0.03400839807077004,0.03073205267224794,0.06304614005139879,0.021641681942193586,0.06274451293643202,0.10573396008935616,0.039108241240902376,0.0187373914778436,0.06503069061352375,0.039685373951632845,0.06851394927369221,0.055450731256784784,0.016560723625968565,0.055295001003028324,0.09495948524542143
3052478,0.043191072743275036,0.045604346951044775,0.043644540512925274,0.04860156827115909,0.024725233125440692,0.049126045506309696,0.037816859807916554,0.06991891488998836,0.022054468143239154,0.09258964719314011,0.08195368050807059,0.053782257228696784,0.028286827434991318,0.05989974575570532,0.033190190277568345,0.07012522750661983,0.06549833390139866,0.01731225059234459,0.03848885703830738,0.07418993261185847
104580,0.06257121328954636,0.04670832233409684,0.07095891820961533,0.06465626183314832,0.01598934672030461,0.048658693401533025,0.022837685443257802,0.05502828530343401,0.020533730404298775,0.07473843657461009,0.09773940245105583,0.0627183538606743,0.024237862196571185,0.03604045608088451,0.032734289239508454,0.08863588363787017,0.05765136097587912,0.004280876158979278,0.038576944121595784,0.07470367776313616
104581,0.08372378478641947,0.0725184675652963,0.028095896834261308,0.052520447638631264,0.009067596383508573,0.05281297567224946,0.03421995668440543,0.05965554556377541,0.029059227313378955,0.05281190082211915,0.10284458090061839,0.0347864577160503,0.0240981890320391,0.04486096251946423,0.06704102895812739,0.09080115131508584,0.05647095438789579,0.009823561868418311,0.02868927656958236,0.06609803746867299
337043,0.05982631660255171,0.05256204130992543,0.03177177684390031,0.05757888044197098,0.03468201863056045,0.05486634369030797,0.04262353905384454,0.07007277513334041,0.02841325845543594,0.04264670972752085,0.09430141047921317,0.05333022699040267,0.01981978244134764,0.03675935172330707,0.06228090612005704,0.06074615259023156,0.0710549743783639,0.017214575541037922,0.030538168526716623,0.07891079131996383
1986960,0.07629929966826392,0.049023221525986,0.05565794323626981,0.05344636933284187,0.009952082565425728,0.04681164762255805,0.03833394765941762,0.05676373018798378,0.01806118687799484,0.06634721710283818,0.08772576483597494,0.03722816070770365,0.0269074824917066,0.05344636933284187,0.06634721710283818,0.07740508661997789,0.0777736822705492,0.014375230372281608,0.029119056395134537,0.058975304091411725
1978540,0.04082442273100711,0.047600272676705246,0.04763216724261856,0.06524761854430158,0.01597984170340616,0.06844739848483397,0.027495808097329263,0.05885167466615062,0.027373882459869058,0.07555953161253284,0.08728375099309221,0.07104537024123771,0.03407274107951896,0.047635823130888155,0.03952945693334949,0.08726787670567132,0.05139599197235298,0.011139990718652473,0.0356893203760029,0.059927059630479396
3052476,0.06181266694226518,0.046442945837169645,0.03209181647002095,0.05558032330150625,0.025612276883521867,0.05931304770869814,0.04471354187648677,0.057894916817197724,0.022030102482240396,0.06278197184058813,0.08942674898826462,0.06697294807822356,0.02807552866870268,0.045445653345919074,0.04142147583520656,0.07584688087580753,0.06253045743010309,0.012570346603227011,0.03139818525643013,0.07803816475842065
1978535,0.04641234943289365,0.04771845706368648,0.03988018228667685,0.06609020015115881,0.020341447270944252,0.0826805050694928,0.028888480327257986,0.04766427190593382,0.03204637278112815,0.06433726624773924,0.08829246457186976,0.06526117911666826,0.02875074170533225,0.035565584225905764,0.0526287634356448,0.07199027015336343,0.0567528469796514,0.016033447532364818,0.040258882788385526,0.06840628695390197
109270,0.06164236398706512,0.06517871582507916,0.03690578661081072,0.06809084847517015,0.016548034110755814,0.0688738722704584,0.05560537049708098,0.06126730345591794,0.03052146126740346,0.057647950788309504,0.09075648745210592,0.043754693360989194,0.01652324252300572,0.024314986875591072,0.08359864201053124,0.06716198295068145,0.05612705920352933,0.019711322254961135,0.030230086518578298,0.04553978956197539
1972622,0.04684879252081537,0.05952656110257716,0.05421102938252273,0.05251221911982984,0.017635321495187966,0.05530818569524287,0.03114372708117564,0.05133377337674865,0.020493980422834585,0.08064666398022835,0.0894753534746202,0.065988760127718,0.02823565877533235,0.04674409504657592,0.051929525501373495,0.06804392702461808,0.0566179528262416,0.022492396935641354,0.04347362823401372,0.057338447876702135
1980918,0.09203399839344284,0.04864296360843331,0.03451669559693411,0.05493971909434026,0.00995620205705604,0.0687146181137803,0.025282880377157035,0.08409553269071614,0.02418580785794474,0.04427742023304558,0.08790411323362468,0.05439646727691611,0.03393867777288713,0.051019075697722724,0.041131847182614104,0.09011990419082752,0.054298294018141575,0.005581482782220301,0.0247122497038176,0.07025205011837789
365327,0.20031427579761316,0.11635632120713822,0.0123348104546025,0.04218803259204156,0.019466251765345523,0.06390056659712877,0.01979327037196585,0.09383818162318273,0.015670470696398726,0.01322880846689583,0.0946071914655192,0.01080217461715812,0.012904629552659915,0.02868335613149094,0.09121946616619384,0.04783445635994272,0.03107748181003921,0.009513907718620717,0.02056803460208257,0.05569831200397989
3052221,0.03711360719597546,0.04562130864171898,0.07233174026991347,0.06846954969064419,0.014731811509523135,0.05464301204191943,0.03538616481214856,0.057070087230473875,0.015058154953057819,0.0865368691581419,0.0874051336916537,0.07346170081204421,0.03018831241677088,0.03628196505586679,0.041573034490007696,0.08206928162478067,0.06240715417139223,0.007221546554836938,0.03951104167403815,0.05291852400509197
11636,0.07773078312733235,0.06131472920576372,0.03069064866045428,0.03518254680860242,0.01528310508746953,0.06008427772924352,0.04629277284346082,0.07488378133156454,0.017882046231583945,0.0554805451746155,0.10995076670657261,0.035645203061972865,0.022340090381587175,0.027376106176794146,0.11018584781272246,0.059395585943398256,0.06361145961409866,0.014790347478375288,0.028416615436053408,0.053462741188334516
1146873,0.09695702057613613,0.10239678218949083,0.028059412229330585,0.05235401005572029,0.015289555339768564,0.057181645259693506,0.03977913392286548,0.07082196869442979,0.019141433693398473,0.027554450254931587,0.09559755118039626,0.018487968550441238,0.019489609088422087,0.033521947979269794,0.07978857352814923,0.07527365971406243,0.053104356970126804,0.013682275989256752,0.029690442877417008,0.07182820190669315
10353,0.12814337326326483,0.09982701783032828,0.017978119030374183,0.050854129341264716,0.018930242533470233,0.05881162248173877,0.02394606883434826,0.08931159537615684,0.02174220888469442,0.02409032859856021,0.09487301000104394,0.01625473246504711,0.01505020855443744,0.029638387177402133,0.08260779354431706,0.07627295548584247,0.052974473100947876,0.012021859130204262,0.022344131697666463,0.06432774266889037
56144,0.06900789547571332,0.05580052134181125,0.02914676553717394,0.047314919132550384,0.032544219193548926,0.0650687234067288,0.03685899463142088,0.06725790366664267,0.01964480654039904,0.052656083083647685,0.09973313985980929,0.05621874823866612,0.01810817455374784,0.03763139633985884,0.06396107628844529,0.08519280212657261,0.06836804458208684,0.01109926596072216,0.031953035277203286,0.05243348476325085
11250,0.04033232361026589,0.02832361671121805,0.0801003674446317,0.04673062450222745,0.016380228764650416,0.05321250470441463,0.03185347634111545,0.03379654827743308,0.028387201467606638,0.1035594746326347,0.1023760060651627,0.07811031971363595,0.03257548642117028,0.03354222813866422,0.03861552943440098,0.08025253184500963,0.09194326102421818,0.006242549732374783,0.03240723238233407,0.04125848878683123
38766,0.052642411541235556,0.05270256360236856,0.04423648462036226,0.056515263864356916,0.021643289872706646,0.0673716398428014,0.03125104745869475,0.057390258429630595,0.02401081938846334,0.059601790459248294,0.09342644867100698,0.06538907702941119,0.03092951225238778,0.04618677639160558,0.04996825383462124,0.08450874430871938,0.05409030042001526,0.015943985751625814,0.030830245334445956,0.06136108692629253
694000,0.06179198861395108,0.037290979644065095,0.05926281018457486,0.04432908217315975,0.03166983879789762,0.035379053269378534,0.036283838420325586,0.05380987043990515,0.019529279946121716,0.0655583151555186,0.10297395639531474,0.04942177954896408,0.0219311100717863,0.0525815125019538,0.043581792569808896,0.0685180689608652,0.05977871307551178,0.014345484946279203,0.04822392243221662,0.0937386028524014
2560319,0.06448631407671611,0.05254167719942116,0.052317829123638096,0.0584901793984885,0.023711568933916117,0.03445054141276713,0.043023252078185976,0.06942270531260221,0.023293267751322788,0.05715986916868934,0.1051329670279566,0.04416749753297036,0.030701464825696165,0.024072080783930225,0.05433173559481305,0.09101694695688294,0.074234340209691,0.010342159066797103,0.02017050473586179,0.06693309880965334
181667,0.0624504247755414,0.07036667293822604,0.025351271404887837,0.055171929705775155,0.037565846140285804,0.05119303099414572,0.0563687757238533,0.06809299870464731,0.016453901164419353,0.03526171175900583,0.09251079881628378,0.04737501794564912,0.025599310416129763,0.04840954129988302,0.048864840856733746,0.07087765316990809,0.06939783405066642,0.014036477324927656,0.03231617088163337,0.07233579192739725
1300113,0.058810902325503,0.047531458322266386,0.040364796756438406,0.05196912987505923,0.013736961172820783,0.0750274361638085,0.04172526514449652,0.06187909042849761,0.02235636229815093,0.05271839182958708,0.09007696878920292,0.0711314535543802,0.03244172217434997,0.04005888979218403,0.05175731604335763,0.07871280849621629,0.052688538493182856,0.019552755154502326,0.03811994401227885,0.05933980917371647
2560320,0.0783654573958401,0.05789180828008437,0.03906472565225673,0.054527042133385266,0.020339849893906938,0.04897162649757607,0.041883459437246154,0.0858110250057763,0.014679290706537335,0.06816974459384417,0.09239353728211068,0.046343758786041425,0.028632328663865867,0.025461830767275487,0.053159774142195686,0.08667719183685352,0.059910282958946834,0.013326192317141033,0.022212844793619377,0.062178228855496676
129952,0.0597095806310487,0.057749966813874815,0.06358582269284704,0.03535189508287097,0.030503627630361105,0.05701154871515445,0.040767733016476584,0.0546346963877842,0.02833526984943563,0.048211029450198124,0.1040703804834079,0.05009655500458021,0.026107827689597064,0.05890045766080132,0.055566439518442715,0.06943831118113482,0.05025332114370458,0.011163874061520288,0.044365345977946016,0.054176317008813445
3052595,0.06674144855902099,0.051856967756736976,0.04552203444832178,0.04753419767302106,0.02014494369798822,0.05842837585078269,0.05565851305994093,0.054581334296376204,0.018473807431729484,0.08180270327784676,0.09207863049951663,0.061213662227016526,0.027549049318167464,0.03232833961455004,0.06169346946984457,0.07644919643409465,0.05546546111187541,0.008502244099902568,0.02498889033151827,0.05871358142902001
3052205,0.058747341638275774,0.053990160082690086,0.041879468639169935,0.053504151358295275,0.017238966681475756,0.056147520269579206,0.03689267947004617,0.0663989199505998,0.01589827887420931,0.08253205433037811,0.08886952258950545,0.05776343844842659,0.030868832725676608,0.026641642431491322,0.04495939682842935,0.08745489594554468,0.08091996578772631,0.011629094456628743,0.026185329149966217,0.06147834034188532
1987127,0.058823529411764705,0.04041311180960934,0.0466995958688819,0.061517736865738665,0.01706331387516839,0.052537045352492144,0.03637180062864841,0.061517736865738665,0.01796138302649304,0.06825325550067356,0.0898069151324652,0.06331387516838796,0.032330489447687474,0.05163897620116749,0.040862146385271664,0.07543780871127077,0.05927256398742703,0.01571621014818141,0.037269869779973056,0.07319263583295914
3052230,0.05819312925776218,0.07883694745283554,0.026476091728702078,0.025858437760730976,0.017103952175357023,0.05584806927444897,0.020710646329312847,0.07893010182177544,0.017223432778997336,0.02175357024244437,0.09333055220289832,0.22885800844059587,0.021494358085394204,0.014447027565592825,0.05266664506565358,0.047731488606815656,0.05416116515864594,0.011790102955828628,0.022371224210415472,0.052215048885792745
33743,0.07136283638811369,0.0704048577318431,0.01616731408377624,0.031815759581539496,0.021929209496697473,0.053598599054817765,0.02814336198796786,0.09693814946219972,0.038802079681386645,0.0366994348539455,0.11446311124822954,0.03692556339312009,0.027198530339788807,0.0439916420087226,0.08636006675174242,0.07001921216115778,0.044470193103254854,0.017338274271129873,0.010831381733021077,0.08254042266754547
11856,0.06105981179793111,0.04302489113409235,0.07111672701157029,0.045934710530261595,0.02364693597251737,0.029264398733559502,0.056032653338012293,0.06919710986445061,0.03289324641700779,0.048208398344899865,0.10013777897498828,0.043577270756239406,0.02412943060061361,0.035774950163221145,0.09822333455801606,0.05758328384718678,0.07770642591168375,0.010989660034149418,0.03269439235566637,0.03880458965393242
64283,0.06985731272294887,0.06093935790725327,0.03864447086801427,0.048156956004756245,0.018430439952437573,0.05648038049940547,0.02794292508917955,0.0805588585017836,0.024673008323424495,0.052615933412604045,0.09542211652794293,0.054994054696789536,0.03537455410225922,0.03388822829964328,0.039239001189060645,0.05826397146254459,0.07164090368608798,0.02586206896551724,0.02497027348394768,0.08204518430439953
279896,0.0611470244233796,0.05083943497269498,0.03594318486802518,0.06104847978679316,0.019359710591281425,0.06332098613727069,0.029129349702520117,0.06650137511370564,0.024486721985234505,0.06403517472942417,0.09443678828179529,0.04531733290509338,0.03445462890926011,0.031716427078747715,0.04493092048596542,0.09231717617593625,0.06624214465225094,0.017230279264459213,0.03435702986762007,0.06296388732976875
3052485,0.062250734331685154,0.04278659608699168,0.037426749049393165,0.05207657862571746,0.02637049784941367,0.0626782914688662,0.04686354345431513,0.056698314739843915,0.023233854546584522,0.06066632303352119,0.09466283098618511,0.06887028424592989,0.02551212051272514,0.04308117694974848,0.042614763951160727,0.07736590824071604,0.05996276218174054,0.012995477727628296,0.031229036834785968,0.07265415518304767
3052210,0.051852342410855345,0.04409113337810988,0.06815585754900882,0.04268473934360744,0.025350832453241587,0.042411875965666604,0.037698659045110994,0.07971874164101532,0.020383618019324413,0.07305148442751747,0.1008381565193366,0.06752882043590525,0.04061206821119817,0.055634613201358284,0.026483281163778266,0.07377975857395215,0.0492127328458072,0.009139188030656577,0.034447633327585124,0.056924463456964516
152177,0.06442770779480693,0.04882363768232791,0.041525307187898416,0.056388885709777896,0.017540885510691145,0.05263470431429424,0.03027483001898076,0.06779606388045424,0.027639116315809578,0.05895982610455663,0.08236921646807023,0.05996093348192025,0.04081883862489508,0.02556755146584572,0.05313136574805968,0.08026838039333282,0.0743382155414287,0.01709924178439638,0.02801766969672977,0.07241762227572361
3052387,0.06174182074387199,0.04335519425129516,0.060540875317006165,0.05055137659610926,0.022996223569331276,0.06485972999614473,0.03450319657329611,0.049335134453377005,0.0211448524490412,0.07738167003960572,0.09027593496530358,0.0807736027401147,0.03141290815261765,0.05186427513742254,0.03765660838468213,0.06614312930085836,0.05604456244197794,0.011474267797640847,0.039346872150964655,0.04859776493933896
1159195,0.09033180202646196,0.05998238672385852,0.032927983923211224,0.05674714264051014,0.03091713442302638,0.049449316581333086,0.028252155148493264,0.054734989145441205,0.026315223792873765,0.049176883228890154,0.08746958038824741,0.05715713851433065,0.025972277743244527,0.037848775206755746,0.05913921317601504,0.05920753584440247,0.07044583020311244,0.010755237661430906,0.03354297895288195,0.07962641467547915
205899,0.05147783633880594,0.06513471145523139,0.060359852829412274,0.06231854762243818,0.010075953333466024,0.08188009264419441,0.030073095122074883,0.05486473802947443,0.015614025106830609,0.07870675623770375,0.08405310781681696,0.06880386257341731,0.036278535609187604,0.03429214773724546,0.029199696205370253,0.06273186603148322,0.05520877286436547,0.008908995128184624,0.042466161552577986,0.06710481719029066
2560310,0.058718902686593175,0.04652180388748667,0.05537572965379286,0.05037742594204773,0.0201112500008977,0.04870445870912522,0.042297866954925614,0.05823158682223409,0.01878692206141878,0.08521338099170558,0.10395252387157258,0.05905738465980857,0.02397525849709338,0.026658374943303424,0.04500033269749732,0.09087022480823742,0.06432591089019907,0.008034316529190419,0.03276823091274548,0.06101811448012493
3052269,0.0682140894207077,0.05010005691297435,0.04068338873126613,0.05695739512819731,0.01820483890250089,0.059629292682439425,0.03580309898870851,0.05606314748306021,0.014336299859829857,0.06547889411882904,0.08251727028426536,0.07498486773987703,0.029274618699098674,0.045339027861188534,0.03665407122468296,0.08921940689103006,0.05916356890752081,0.00514203101412775,0.034803119285256985,0.0774315158644384
3052600,0.06846107220042674,0.04719771803281343,0.045782884246580696,0.04718331295087458,0.02630824422728853,0.06840083766248002,0.04072272480314765,0.06454004200623409,0.01655245365119673,0.07588374186235562,0.10458693593646298,0.04400734321148016,0.023207663574494088,0.03852236046142276,0.06106359965199547,0.08099892777638334,0.05133990307185329,0.008714655714003466,0.019292323636343332,0.06723325532216305
130327,0.05058251997764716,0.045550462068727995,0.05842626538578394,0.04237665941998657,0.03120376197218676,0.05159770874828436,0.039279251630764574,0.04441114823575628,0.021431859809574356,0.06073148846618214,0.10267694937904549,0.0733918332767113,0.022439691565436817,0.061338690978874504,0.05161531666617373,0.07841728532552797,0.052355605514074983,0.01857492911542515,0.03948028114804137,0.054118291315794535
3052148,0.05326366129177872,0.05509287122064463,0.044021005867509524,0.03714193222047014,0.026303156194154482,0.049395341066332955,0.04556805695910392,0.0726414351783021,0.03181999884032269,0.05174035394589697,0.12383966093658051,0.04324701624517931,0.019268147296038537,0.029637229719050497,0.06692388617444334,0.07816311606490302,0.07497065204182295,0.02218923402785184,0.02229696411372461,0.052476280595889276
12804,0.05073687969838887,0.053131107180423756,0.050443303447465684,0.05369623379989577,0.02649874692841237,0.061455994537886846,0.06125030254760366,0.06972572166634744,0.017750204784086954,0.0667274050085627,0.09994043485504009,0.07268866526417964,0.02608975927423033,0.03279293806999917,0.05197132168285383,0.03978883471167908,0.04927487311236868,0.033312309140570984,0.03330135828937709,0.04942360600062704
1972620,0.043007822777813044,0.03894408366087595,0.05451186130256343,0.06302436491054975,0.016869801948625095,0.05880491747325909,0.03954842675327316,0.044203134206877506,0.02190766258033189,0.0864184092414534,0.0845947497791768,0.0857752836799898,0.025348367329420276,0.039521333547191013,0.05080383796313746,0.08358414717108502,0.05635967205858481,0.014974213199134192,0.038029098731120085,0.05376881168553819
3052242,0.060347587761462214,0.026393634890643378,0.0729814951085351,0.05368854643876536,0.018157859204116625,0.03954335494451329,0.033693839808676164,0.04177341165037344,0.03315778983480709,0.07338272828729688,0.0989899828532176,0.08606220089264646,0.018329709378643255,0.043407555945528815,0.03626955777556767,0.08873336447487323,0.05230707848804182,0.006765157248754193,0.052436124521297145,0.06357902049224025
1972597,0.034900025374561966,0.04334951994346972,0.05173118241280761,0.05952693659408279,0.020622220279559282,0.06346083576909584,0.032040444317342286,0.06168940333425569,0.020704762922764464,0.07982210442130748,0.09779269869065146,0.06968754733579524,0.0272611266897951,0.03963981440875405,0.042301927588603856,0.07008850994232721,0.05993234896545789,0.020072257406233248,0.04894307062738445,0.05643326297575033
2501947,0.09243429416734203,0.05231314813199109,0.03866551885692296,0.03203812281077338,0.031064787372805675,0.028497609008406852,0.03037320875522533,0.050898274491664126,0.03985922740948144,0.055480071321533674,0.11642298840991955,0.02980859331507564,0.014888173119684331,0.04575203432805882,0.04818919428501135,0.08980882970244762,0.07438747156074298,0.014815920920621431,0.04022569775424965,0.07407683427804203
2499620,0.1009277576997191,0.0565714346223959,0.02512681314088067,0.03771276943761367,0.02445924535256103,0.024966370882318997,0.033517387058341896,0.06522320709693932,0.023351914823232567,0.05884596939692405,0.12074231345979317,0.026335299769707783,0.025232850167775888,0.05176013814151085,0.05754252180396018,0.06454641569797039,0.05658025213870943,0.01613942617977269,0.042305934957248145,0.08811197817262423
334208,0.058339879721288276,0.06339745462217451,0.04052479224282984,0.062308694073079644,0.03609704826108772,0.06313788703605702,0.060586698160008605,0.06515769001162852,0.017106059043654587,0.05925069298847506,0.0939188827696796,0.04570418595846076,0.01368452316924122,0.04048363074421193,0.05121322857054801,0.06938059892893912,0.06199407430107249,0.017564940809228696,0.029028753143031636,0.05112028544530277
333767,0.06848813278154939,0.052139968051476956,0.024491338764603934,0.05021240476545178,0.047890695072417624,0.05778015036887548,0.04567425663701722,0.056485695775895205,0.03353895288684424,0.050516758306494415,0.08457301812079973,0.03945714868602952,0.016385862627279906,0.04030450731725662,0.06006221368669244,0.06505445030993534,0.06672249041777274,0.01598981869956895,0.03729189805707494,0.08694023866696354
2749935,0.05964477236846529,0.045449671903410545,0.03710871867612017,0.052351584457846344,0.016918095745688207,0.05811348771616951,0.03149336004182313,0.06240254972333164,0.030595402397072386,0.07627584726635472,0.10274437779356028,0.05533677426796427,0.021892925365716756,0.028884182928824987,0.04981338221220474,0.08747537548129546,0.07193026872259282,0.01651068408351305,0.03212342945318745,0.06152399214607071
3052327,0.04149839340312773,0.0667506971419672,0.030374346854083644,0.0307756789667951,0.04467901241317451,0.04350694378371333,0.03800018047171502,0.11042763250181738,0.020770794522678698,0.052019659347592846,0.1281058008242678,0.030475211972492987,0.0379565786479372,0.0446830486123308,0.04140534329663604,0.08403922962645428,0.04448931907577349,0.009196487866886226,0.016783339572988287,0.08406230109756739
1679172,0.09536632924461594,0.08656690524411763,0.029507529406996698,0.0559916145790418,0.014031494290919624,0.05932263583552385,0.03878884236224339,0.060595394859568684,0.02390675548178075,0.05506525795512065,0.08847748944385601,0.03391070075891646,0.0275613866095478,0.029192039657879598,0.05238719400512781,0.060622308841340365,0.0674729117917042,0.011145745524200067,0.035227974207181066,0.07485948990031757
1980916,0.06462373597302247,0.06046651339110204,0.031603086496266315,0.05735478373807273,0.01363025331724952,0.06672635055828796,0.03038564373578893,0.062265078060151725,0.02769267147232771,0.05860287957313768,0.10495675389932331,0.06196983713947474,0.027653732945499842,0.033978385722538064,0.05363177999957077,0.08133789469958859,0.07437303815245844,0.007464845200215543,0.025857126905829975,0.05542560902009361
3052307,0.04005695354033412,0.04991670589407008,0.055608981972454,0.05453138308946447,0.02508304426446945,0.05939448266330551,0.03387964637166576,0.06014484713250871,0.02703990702026057,0.05254238779411354,0.12291355397198674,0.06832979375606009,0.023783236146206897,0.04891231973550811,0.038593010943943025,0.08145218554012101,0.05184681365550966,0.013989398458845906,0.025089332906214772,0.06689201514295756
1972615,0.02851857608221879,0.04536968065230891,0.05614511121634531,0.05052338522750917,0.020728428249653718,0.05419239004137979,0.03545197379943418,0.04970632994558199,0.02311057532606572,0.0780899918409213,0.09786189720600708,0.08102386117837414,0.026350110553513738,0.05015551653834533,0.041978023196803965,0.07188902199039757,0.06086815702430512,0.018682863371028615,0.04252484691362932,0.06682925964617623
488317,0.052864882672665356,0.041952905402070716,0.053495643962833794,0.07138250129195854,0.012157538628968081,0.06003145477431983,0.030658052418070045,0.053615174752213626,0.018659530242110162,0.07286447789955121,0.06850269913449486,0.057618277630841444,0.03771170285971477,0.03279162474024982,0.05129208682329097,0.1013410915448766,0.06598928574215689,0.010420293528858619,0.044783324817142124,0.06186745113361255
696863,0.04035760087356434,0.05009989320345387,0.03743849298386619,0.06501639203765072,0.01821409542671111,0.07496000850025347,0.02807868603451271,0.06878852021485093,0.029510382997757646,0.059984116826786095,0.08946955060377627,0.06708851860558293,0.030751190862434878,0.036418288688315904,0.04909419405132261,0.07558534869502005,0.05443719729029526,0.019373269105065195,0.03823148067963181,0.06710277231914803
33724,0.04926257677431025,0.04313836088307065,0.06689699888621847,0.06266631126116613,0.01247532129045971,0.050968345495748545,0.03548587897565737,0.043695352562153844,0.018199734926607012,0.08148435452849502,0.08633095577790224,0.06632348801094315,0.025161134254311577,0.05376137477734502,0.037655195138425544,0.07345817619528842,0.08206006867329667,0.006373282815380812,0.04626805992833641,0.05833502884488309
746543,0.049962462071324196,0.05317379809482892,0.04410475721409819,0.06454183966539632,0.020981019198252092,0.06708507945273061,0.03342459448192781,0.062028379583170826,0.02208238458863675,0.06851680999705001,0.09251724705342965,0.06251648574843818,0.028255573390347725,0.041069070531663754,0.0511475891714569,0.09281470645400906,0.048511178343279844,0.01659216973463071,0.031069085072416226,0.04960577015291223
77698,0.03606913221427011,0.03914383563790513,0.07282925768304123,0.06256584078461648,0.01594881651365826,0.05982287446845394,0.029771106508326994,0.0411851133299506,0.021585453480469283,0.07728797213409466,0.10167624587297547,0.07257443590099492,0.023470165199285988,0.06211684491611677,0.03044565823925526,0.07955304062741199,0.057628703020498044,0.006233778846218778,0.05059877271175577,0.059255905117302894
40057,0.08084852415113905,0.06883046291815789,0.03773608583787408,0.059324032966808805,0.00987608876394346,0.06621004296915414,0.03345801638923024,0.06661521359472652,0.02216094839841088,0.05740883930997618,0.08864130767886261,0.05544025396268272,0.03203447243702433,0.036350891056125476,0.04486518739166011,0.06470017853841217,0.05590142844659941,0.013442714924641667,0.03140925966569384,0.07474605059887646
2560526,0.05272725090284969,0.04926130269467408,0.07080938147639554,0.05266645887795291,0.015612572225080903,0.042011711597740274,0.04934848069393464,0.042732299476740905,0.01861576479117087,0.09153788339955597,0.0967917620622567,0.06342986971885915,0.03200713911989571,0.03850260408142668,0.04429254563418104,0.07381445632323717,0.06275183829044076,0.007419676646723847,0.04773566791448531,0.04793133407239785
11036,0.08429650579852987,0.05382509054754051,0.03953420156508569,0.04956818283520913,0.028382968863764763,0.062053083554614995,0.029905782815212126,0.053597308626282834,0.026917917275294898,0.05057336868996931,0.08239497860951932,0.06552765576931133,0.022383044948847578,0.0336515045427113,0.059396205046524014,0.0682449447463665,0.0668522335695546,0.009583913600064125,0.035866268040320344,0.07744484055527677
3052495,0.052427067400119674,0.04262408651636026,0.03964135763398239,0.058746398999114095,0.027387590721657775,0.05783735287948349,0.0447892463725904,0.055034638180154416,0.021792750901776795,0.06812960111540446,0.09803939553806358,0.07113172351257911,0.022404802215629488,0.04617074710274022,0.03634289829941418,0.07950150844274155,0.06401841154977873,0.013094327325570428,0.03601262920324848,0.06487346608959045
3052598,0.0748840804822223,0.051243133148552236,0.04738259261955479,0.04392268850600386,0.023355490570139446,0.05340412796255287,0.05222713970990732,0.05261207359992552,0.018975311365469528,0.07624700150516281,0.08954334508155626,0.05684085278702176,0.02823288435208852,0.033301886229092324,0.058982255116907176,0.08421781904688164,0.06089655810688758,0.009068048473295481,0.024414708774343964,0.06024800256243464
3052534,0.054883378005401585,0.04448197955277291,0.048416179708668926,0.045140987810561854,0.02663702121093119,0.063351446607402,0.031051289919818603,0.05998798086387961,0.024699165996661873,0.05490572633599378,0.1052019896163301,0.07451232535319437,0.02548543600526611,0.03781111922788369,0.03978948970433661,0.08398321211119553,0.07399158643555674,0.015324842716004995,0.029886984510096304,0.06045785830804324
1978539,0.04411330553910607,0.05577795479422184,0.03574675246552045,0.053926320467783485,0.019596654407819825,0.07593030550083153,0.03447611870164573,0.06406564589719833,0.03075041849382254,0.051404354396892414,0.09853273469652854,0.06137195359577473,0.02365683437250803,0.031068497579924293,0.05780362562468454,0.07197559725279652,0.06866611548392307,0.015786498898815882,0.03410342876947099,0.0710569495374643
333919,0.07374253909447151,0.06849531073600579,0.0316338848885385,0.0457807620453977,0.03226778099101906,0.07411850533470596,0.039506373692622054,0.07310687265434214,0.02213336886410736,0.03364441335558738,0.09336292764896892,0.03752859678439345,0.01652774699568308,0.032840417562581756,0.0771955829551577,0.07819530113445165,0.052131015757612954,0.019918781892746106,0.02829603260863451,0.06957378500297239
1972625,0.031197623797423517,0.039335206530123595,0.06279974575278675,0.07052066520461463,0.017322325426201855,0.06028343157998617,0.02843092612931214,0.04888622130030289,0.028192805496903735,0.07395065019409877,0.09495171439764188,0.0727444128025981,0.02570631042206676,0.05465647762996422,0.05523245270100231,0.07592064721831732,0.04875405396404908,0.0206585660435872,0.03833190059244033,0.052123862816578784
1972576,0.047844281421468696,0.04733447197480466,0.046657960893865015,0.05634819934253891,0.024540257158868987,0.0569927596201789,0.032732233467425806,0.06681130476011853,0.01719225590315856,0.06377889631584956,0.07396336620213269,0.08024405519073334,0.029533971398504853,0.06327258985310923,0.05110166835363571,0.07109075932699498,0.060726640757095156,0.013061070803612181,0.027426812576944293,0.06934644467895995
60877,0.08480604248329508,0.054318249559746394,0.04063657133620138,0.04835337264909249,0.028595018257883898,0.061735498627494924,0.028618457104597695,0.0523260572849669,0.02820537770806979,0.04821522134637266,0.08603540877868067,0.06380321615682044,0.021615661945008652,0.03093749970528431,0.05849050121061603,0.0665202074828768,0.07585968566800749,0.009084293879718831,0.03672643765466766,0.07511722116059788
10570,0.07460104700192091,0.0557619667979517,0.034268105706783965,0.04977927707696312,0.036681749041246825,0.05745526425905714,0.05070650664446233,0.062395666220991436,0.03456642905572582,0.03601407591781918,0.08011528026877439,0.044941771111464315,0.018487886337017704,0.04226949293796747,0.05956774086217029,0.07214384625683815,0.049907723876309366,0.013902946033910093,0.034337411507457914,0.09209581308516786
3052224,0.05539455476344559,0.05129548242629963,0.05728759841983038,0.058986227409805136,0.014826440222153419,0.049523312389995675,0.03370013459873247,0.06129585369873069,0.013682161568573714,0.08272598704338906,0.09049487674593418,0.06462338529571912,0.0258828962509425,0.03327038798222879,0.05523483760418494,0.07937195171454824,0.06752973862760463,0.00805199668878102,0.037985835915589974,0.05883634063351079
185782,0.1052234327599544,0.05640486567585727,0.03603080167334038,0.053508040760636276,0.014691718015572067,0.025964883782039587,0.03368005211573735,0.05163145997415938,0.029928575939317144,0.04635068377588437,0.10724567723692244,0.01720182355298111,0.031971710194629584,0.03384508897005629,0.07588241718458755,0.0780469431599782,0.08089822026668518,0.014427010793158937,0.024729989856173886,0.08233660431232862
11676,0.06749647722321085,0.06649857439808046,0.0337875301546701,0.039093496311007905,0.021776621808203084,0.07299202727658614,0.059281761075794984,0.06497889257335365,0.037957170875077675,0.07454605143522841,0.07903183228906861,0.061098464218434255,0.022387119272588782,0.02291780458038054,0.052859295928417586,0.05327215620763554,0.05107854643798549,0.030451437952165206,0.026546971710840427,0.06194776827127027
3052449,0.062417289511682024,0.04912770727351739,0.0478068312492389,0.05285308875380721,0.02445426602261865,0.06100402864868548,0.0433934016363302,0.04811685851239548,0.022097678372854673,0.06495168240706863,0.08566879187168114,0.07306313884709444,0.029284327440732293,0.05575488293922038,0.03566020974227483,0.06053364652210267,0.0633974271722448,0.01335650681204753,0.03626061293728575,0.07079762332711755
334209,0.05174870975508588,0.07119749385590633,0.03672660461039495,0.054374685541063617,0.03070749955196932,0.07709909613060738,0.04421252421345156,0.06231100596433032,0.015943726220916467,0.05458868194893456,0.0986573125536973,0.050630513978993784,0.014801349215206518,0.03959539193215338,0.05666776580171399,0.07149934151178358,0.061361678844825025,0.012202453750562304,0.03526121821465338,0.060412946403750396
1239573,0.05048293965030659,0.05172620566547851,0.047658033105024665,0.05336150582696705,0.013359806661838147,0.06664095023745022,0.0438030490389588,0.07019911038809676,0.018857527598734974,0.05922618215547093,0.0788169633595705,0.06974600534020177,0.02346238974983003,0.041025836646124476,0.048935514766943154,0.05867441563300435,0.06657660616619547,0.027007198590488345,0.03741246931626021,0.07302729010305507
2560309,0.07126234915314475,0.05007060482512808,0.044274279909787,0.05207178807026205,0.0176828310317419,0.04645526853888455,0.049716912343315364,0.050208391837031685,0.011670068746035923,0.07922808033306986,0.11548768590213976,0.05973006401631447,0.027411915463109525,0.03412981220991972,0.048724135683908494,0.09225306034847407,0.06065491772292983,0.009468279990042653,0.02903956571901091,0.050459988155749425
1986112,0.05925663028938485,0.03622008771091602,0.04756226465850728,0.0528369126298989,0.030643158463360454,0.05730886308807598,0.04204666700686613,0.06782541970542771,0.01608472110166263,0.057022116230287856,0.08110506119759651,0.05565647626474017,0.03163635137160975,0.04784551108573727,0.035746393164878446,0.08022658625493018,0.038253668928678625,0.00814434215761698,0.05214751807991378,0.10236840495882957
1297661,0.08209953170771991,0.04165141319825728,0.06164514199439628,0.050433756001936066,0.020938078760788757,0.03827741248519445,0.043633198933805,0.05462739763759244,0.025702501597871814,0.07198391577710904,0.08996835442947795,0.04211415242328875,0.017391866652700406,0.03930020752693436,0.047021278259211985,0.07559371807009506,0.06625432988730495,0.009384361701804856,0.040024967062707764,0.0819544158918029
129950,0.08545932684732784,0.07362651393463938,0.03741251831129733,0.044967443786212584,0.02251750243717268,0.05892049832885867,0.039414035164427215,0.05889147933579492,0.02440769854935966,0.0406769909519866,0.0989151002537295,0.032729939999774686,0.022413623590558537,0.04863522067284802,0.06080240707221708,0.07581389534760229,0.059340267075365424,0.0127750150252639,0.031154124356001976,0.07112639895956172
1002359,0.03642045341389906,0.052138941489531514,0.04455257200629318,0.058824282060130816,0.0157706316687742,0.06713104667544809,0.033393228213385744,0.05616258990871642,0.025953366489754104,0.07808362602626313,0.08509330012785048,0.07100431184436116,0.032216093161097255,0.03275092720655049,0.050821470507473675,0.09244764592546371,0.06255356735232544,0.013526227973829871,0.037479798243679786,0.05367591970517188
3052499,0.05760877276110449,0.06055980619574572,0.03684144283697133,0.04288533331272451,0.01917944564713042,0.06437612842460808,0.04915907972203905,0.05950016242430319,0.028360589789639852,0.06655855643998831,0.08366766643230635,0.07251621461274933,0.03008088786583731,0.038982791228420875,0.03166472398281103,0.08835333914536544,0.06772887571598854,0.015598230594711942,0.023671163328190224,0.06270678953936398
3052593,0.07638306151524238,0.051712173140201344,0.04667722305080287,0.04979927703900495,0.015218798317039955,0.04278386937913261,0.05416577263567655,0.05813899511447449,0.018081062584608062,0.06005673416987461,0.10295184118556278,0.043484318678817475,0.024555084367593263,0.03193338470870114,0.05940468864529436,0.0867642276269013,0.07322611736480868,0.009404695660854313,0.03203887158054142,0.06321980323486746
334212,0.0616113452193693,0.06846818582638682,0.0414037413442205,0.057743224660591695,0.03169387572970188,0.05872925939259403,0.03660236431623549,0.08039702502030742,0.029719082036650777,0.05221659474532327,0.09188685533217182,0.04034023351918821,0.018503143447855124,0.04210302832963888,0.07157342592213442,0.0645128566356692,0.046946974537166584,0.007993288325321462,0.027311465200649705,0.07024403045882337
10990,0.03757587093586368,0.04426448606169104,0.06974682851527123,0.062117959430272145,0.014433235829990452,0.05569981237964085,0.03375197515048607,0.03758499942934219,0.022183287832565575,0.07143731693369568,0.10431353578130145,0.06310831215128176,0.023176315375652696,0.062111173504678235,0.03569723920462063,0.09099552182739591,0.06021134254506878,0.007629791739218096,0.04063205179905213,0.06332894357291138
10623,0.06443328790223495,0.058898197213400394,0.03447443940920362,0.06050052733960533,0.042339000094156976,0.06506772734169752,0.04517702046421918,0.06437008218710166,0.01860557509595714,0.036478078918987814,0.10033289238146179,0.0506754753109365,0.017749400398471324,0.03760427620464888,0.06186106259349159,0.07616501286613764,0.06143683245382553,0.011919916304253505,0.03017181643958346,0.06173937908062522
95342,0.10723550657773326,0.06415333104848277,0.04581081437346761,0.04252853866230787,0.00787746170678337,0.04088080989164536,0.056880915346286684,0.07980543618676017,0.02282170256518415,0.04039176399251272,0.08374416704015185,0.026979251799319814,0.024907068097334634,0.037984761804328915,0.06398592180538346,0.07302206638369671,0.06698478816798925,0.014776831615301468,0.020684927895388998,0.07832511665919696
1884878,0.04401119205545075,0.05743401692445076,0.04109632427610035,0.05214133476186006,0.02338559766290781,0.049684183691950455,0.02904969179084409,0.05614773424187408,0.02357108003144118,0.07531164987473482,0.11514726922016892,0.046548638740744906,0.03434379635869399,0.05025337800913312,0.046075022807647775,0.07429413875793923,0.057324368755809825,0.009171601587996061,0.043815461778688856,0.07119351867156296
55987,0.0541501051921348,0.06228976767697658,0.04252292682908219,0.05807322919569637,0.027553057603299784,0.07398323448695995,0.03103343023842138,0.08920229819716394,0.013446294821696783,0.049136230778941525,0.07274076058292675,0.07084774929059402,0.036138672934689225,0.04073166227751024,0.031492231998101035,0.07380474428539527,0.0643470521048071,0.014507426759977004,0.022996815002400237,0.06927519402647277
64320,0.07322505930477988,0.06439471767189046,0.024732428040420643,0.038856304985337244,0.02568317238545305,0.04547415805891253,0.0142275435679997,0.10279526308907858,0.020389637073425858,0.03529988606010796,0.0815174552178867,0.046859181500644415,0.025270373760203222,0.04235015036330015,0.07216878046958178,0.11017613986588715,0.06540803556418925,0.029736443954648188,0.019045706707510695,0.062389562358742545
3052396,0.06778382132979648,0.04834518684023879,0.058766518526337665,0.04996230061572555,0.024142176923274906,0.06435255899630772,0.037644590271607985,0.04504052959108773,0.024350114208472246,0.07102402401521868,0.09427460532021541,0.07149579117915077,0.034193244449135934,0.058338689777470226,0.036175691107051676,0.06375002435339695,0.057965572930360365,0.009396461247799642,0.034865297859149075,0.04813280045820225
2170060,0.06276040952801644,0.04997618124673021,0.05111548605925289,0.05696386387275879,0.02295526827097376,0.06391247000655383,0.03294190916383604,0.048547221628899774,0.021996603313321043,0.07794359836970323,0.09561528273516312,0.07899493201444652,0.02678358706376772,0.056028922614133926,0.03603813245029782,0.06428765523200931,0.055940368855839445,0.010836036400010081,0.03962627370384496,0.04673579747044104
1972614,0.03729800890951293,0.04533149910914476,0.05075070817131541,0.058681027805738806,0.020331768145579843,0.05203330869655935,0.031326158426472954,0.05870559103733451,0.02568899304439156,0.08325525897460453,0.0918597716549853,0.0753514434649803,0.02946043591195378,0.048704690305400276,0.0490938165337148,0.07742903813019274,0.04814183789077306,0.018701904019088892,0.04244361331126772,0.05541112645698856
1978537,0.048362255407461474,0.049386601449814785,0.044314333237704964,0.05557227152548815,0.025158083757109765,0.07996571782249301,0.04306045942767489,0.048672801161963805,0.03458591060390736,0.0580851290227186,0.08408832724149967,0.10521320444388955,0.023349679710494536,0.0349191524380188,0.052609944155583496,0.0698026221303026,0.045457789079624014,0.011881088727787386,0.028215746268209003,0.05729888238825412
138950,0.07566832804712278,0.044404168554599006,0.05120072496601722,0.050747621205256006,0.019030357951971,0.051653828726778435,0.03579519710013593,0.0666062528318985,0.022202084277299503,0.06162211146352515,0.07793384685092886,0.05527865881286815,0.03035795197100136,0.038060715903942,0.05527865881286815,0.06705935659265971,0.07566832804712278,0.012686905301314002,0.045310376076121435,0.06343452650657
60875,0.0840481323894673,0.05365725196736298,0.040124225465985625,0.04847950195587794,0.029591542246408784,0.06171502334105742,0.031463372731667355,0.052604674066301656,0.027836996649821925,0.04867575877094967,0.08455480569323626,0.06574730563720323,0.021106550707002972,0.032090367955027406,0.05803730129116256,0.06383253176280689,0.07225449977923142,0.009000382908402193,0.03673577167871878,0.07844400300230765
3052483,0.049166617033856705,0.047191149764344575,0.041081502814287026,0.050041003671235526,0.029881684820591975,0.07009778692334807,0.03829164844904501,0.05057117377507825,0.023776818003999202,0.0958928964674195,0.07857066677346203,0.0836242408362114,0.0329058201055465,0.03924652611782158,0.03835119232784451,0.05315527798064574,0.05459440668274102,0.014744501177153996,0.04717718797145184,0.061637898303915556
11978,0.07210701541123717,0.054647778087976974,0.06371137675194256,0.06046797990541689,0.011344871567140891,0.04245451269058975,0.059978742890377024,0.06350033407444912,0.01846752415383282,0.06525855801560992,0.09898694387692275,0.04724423268433123,0.020218826495313657,0.041951084372346396,0.044863930983863376,0.07031412140665018,0.05745581845779019,0.011597729881531302,0.0330632862448137,0.0623653320478641
2499678,0.07417375607745515,0.04389828345382461,0.04469700096701168,0.032316146600131455,0.026692550274279175,0.03254821150722177,0.03900453584569403,0.06915558253373881,0.03128129223779966,0.05982639514402287,0.10957470445122564,0.04749964981438456,0.023411213567790478,0.05451979191629779,0.035876848660694086,0.0774355711442152,0.06110200415301725,0.017271064824062946,0.027658081739825896,0.09205731508730698
3052764,0.045989940960666255,0.037598143320365936,0.045243192793505464,0.06371400627241512,0.022454910380909156,0.058135278622349705,0.026007357272999857,0.046720891614420314,0.02615134997837798,0.05932269176134077,0.0986476046227591,0.08397309737230044,0.028291831381178023,0.04646362325366659,0.04549248083971232,0.07577416515301434,0.06835102916299098,0.009497125362727317,0.04286077463236326,0.06931050524193706
129953,0.07043927685500044,0.07131637301073986,0.03420020810032469,0.049044623785619676,0.023842546945886247,0.05341091675081721,0.03385897165786811,0.07105875648667492,0.021669834571925176,0.0496397342683309,0.10554386583500873,0.04052346333977876,0.025403446787302872,0.043681523934324354,0.05292026606541232,0.08103845965306701,0.05306032454174254,0.013207961512121235,0.032087897971149144,0.0740515479269058
3052729,0.044647254926278857,0.0488187900754219,0.06520424971342961,0.05791656833354039,0.01346206020453162,0.05622900085151542,0.043564491686743756,0.0590027591895913,0.016852657237101266,0.0943806059101824,0.08860258591121872,0.06353032602834807,0.024128507651755216,0.029667916568976566,0.039144721402143534,0.08653958137054157,0.07483087339490573,0.008944407874214909,0.03367030057830536,0.050862341091253795
1972566,0.06129654470024322,0.059685530663658226,0.038987538952678244,0.06704036265409449,0.013175758566130832,0.06559133669896067,0.03676356804259851,0.06306450148273333,0.02435856302091636,0.058608430927971265,0.08513784500651382,0.05826750950385734,0.02617147409875912,0.04505268022114142,0.05013375890262569,0.09350012733876381,0.049900848120924414,0.018475757168915398,0.03430635891898023,0.05048150500953359
185954,0.03430185526702953,0.04694686489994745,0.061153205912347894,0.07159921301014982,0.012297808793046077,0.06392038852562763,0.03474154679368285,0.03831304108928564,0.025513673762774188,0.07493627473775326,0.09921873219231857,0.06685592929867974,0.019429904437047753,0.06162059375712463,0.035836529795829054,0.07657703589033295,0.06678637034587155,0.006092910976583187,0.04200161777527382,0.06185650273929446
2560318,0.07389365185267525,0.04300781542974569,0.051543817324485826,0.04763785909749337,0.013903969747678966,0.060625072768871455,0.04833656275814481,0.06212225635138561,0.013335991362955985,0.06806035643001986,0.10410391114346126,0.055484483755434945,0.01982331688582239,0.03470669200832614,0.042062028567936095,0.08659629696176718,0.0828395727910175,0.008394040641728542,0.0240705389379108,0.05945176518313831
40537,0.08583711782238551,0.06786677329920232,0.02990595311555562,0.048848472509156284,0.02990644173056929,0.04619775369789101,0.05841061141269763,0.06547627341241367,0.026716490060415533,0.04024190637693852,0.08554999984705042,0.05093642415483727,0.015611735736563373,0.03543378784022646,0.07208539098917476,0.07421013315979821,0.0626153204693325,0.016258019323053225,0.027020396447151953,0.06087099859558643
3052472,0.06511486167570599,0.04562486078648115,0.037385788068015346,0.05755073988054391,0.027582687750294054,0.059896904950863306,0.044385717142900266,0.057706231463193834,0.022095331700217245,0.06452027178639562,0.0906468834943227,0.06902413754382747,0.02829164378291535,0.04430096320273436,0.03886273343845345,0.0727212730545328,0.05503808463388513,0.013730495109553662,0.035142380354265625,0.07037801018089872
1755588,0.08078339948888043,0.04750625305856125,0.04631341416997445,0.042643140666630414,0.03838834212386494,0.03922095046490131,0.04415203088467185,0.04984775161763906,0.035258414441846554,0.05261744875210701,0.09129805339568267,0.02222214670219129,0.037487765754988855,0.03940106573867652,0.07855404817573813,0.05302185851775325,0.0625237888097439,0.025352074384209666,0.05448656951769887,0.058381137512913926
38170,0.08904486824352793,0.05670667701750138,0.04267722529347661,0.056921708320701495,0.020095822251049736,0.034734977058676945,0.04213934961278519,0.05766180398019304,0.020007048993259193,0.04711570093944328,0.09947989296463407,0.028085457486297996,0.024304107000473644,0.040165620266487664,0.05642120446178074,0.09945744264694896,0.06821119727206858,0.014672173511993424,0.029704230816775444,0.07239349186192466
1159902,0.060583248779375654,0.03322302962511561,0.05629412778424074,0.05987430076297835,0.025076129678306712,0.03827117228705705,0.03955375102465247,0.047776141395141095,0.025364793667004882,0.07946428598226002,0.08801375898810362,0.04696181291076334,0.02194525152648648,0.0478778303088394,0.041940617598398136,0.08835879324237697,0.0674668938963312,0.010710304414885281,0.04686845776739134,0.07437529836029161
1972686,0.02329218474971978,0.046759363492985075,0.08185819117658855,0.0591358869779073,0.01776030398138637,0.06419698658491825,0.024540533834379954,0.03075383830171911,0.018307129948207313,0.10429615488424558,0.08716136235474088,0.08502251593096094,0.0347998220761624,0.0379058050013407,0.027460473304994362,0.08094386969230992,0.05796854060998554,0.011012638741332537,0.05336707693115806,0.053457321424957405
1972587,0.022167726642562887,0.04133592986337602,0.06750442769741924,0.05705751728701983,0.020333481527364337,0.07645804937480176,0.023052401008655264,0.05946897355675964,0.0152798497177127,0.10770914695739324,0.09796452925765778,0.09073439773043233,0.030835566623507518,0.03673238934612136,0.034216857022716936,0.06008064652740748,0.04879033070738225,0.016014069841464366,0.04153659721913852,0.05272711209110658
219584,0.048002588288258353,0.050460283799432695,0.03621972425435712,0.06664604967874763,0.018025264503186984,0.0707081595748706,0.03325484323270788,0.06812583030141013,0.024630578728772633,0.05450420080507745,0.0896502437385922,0.06565717623621133,0.027132378273779456,0.040983410721500454,0.04805025623970839,0.0771801105741489,0.0541074036142446,0.01912307095977201,0.039008280604637825,0.06745310005339619
1972612,0.04068487798104805,0.04442186850230702,0.050875332423046656,0.05797388456120075,0.019243109053046246,0.05311474351007614,0.032356037325252524,0.05442147108480728,0.020834059068525163,0.08341146624540952,0.08840528893867984,0.07891704021920361,0.02628928892677735,0.04890569327972532,0.05089758327680999,0.08059635821262322,0.04643354597129319,0.01972897202167399,0.04380347373217945,0.05868590566631472
1972594,0.02803885370964725,0.057081947692653824,0.06955681162706825,0.05632117849517296,0.01529291940101375,0.07445230012866165,0.022605748228411323,0.051270092865318355,0.020084896600472125,0.08101304241701258,0.09094005845533394,0.11259072315677186,0.036850013420649204,0.0541400353821559,0.02985602580713166,0.06496457183526015,0.040700534775364436,0.011547408331881347,0.03389949453617231,0.04879334313384712
118027,0.0793995235959669,0.056760282401758184,0.03525842243540236,0.056326931787556093,0.018132484952303157,0.03162909086891636,0.03913124265234973,0.048508782532455386,0.02438041649059979,0.048169461188053465,0.10563913829784405,0.03285395467491786,0.0245677232524211,0.03967717917604396,0.05690735780188979,0.10884332593526909,0.06943593473317639,0.016049553270205904,0.028741720561165016,0.07958747339170545
3052767,0.052505044821294075,0.04346163541437599,0.0465912836896306,0.0589452459322355,0.021552050747551635,0.04703970537727397,0.0334988370543274,0.03778148234882913,0.025839809213008824,0.06884472884505904,0.09841940158022586,0.08389456130673252,0.02846545054020938,0.049152585487092865,0.047504573034067354,0.07718673626376071,0.06294710577954767,0.01200328191033657,0.04322764246348517,0.06113883819095572
1972593,0.027529778845176465,0.056693232498949,0.05907966598022383,0.05614179475950853,0.012539311983592621,0.07540981885968659,0.0358267329157323,0.05885798419134236,0.03445757200192748,0.09208642198053386,0.09469563225043491,0.09479569547170298,0.02626967758939719,0.042517621371001534,0.024026991623690666,0.06100496454960695,0.04008523846902119,0.015291395245230733,0.030834353275545553,0.06185611613769526
2499680,0.08044196563869936,0.05556306770435863,0.03338340113678692,0.034388428945419935,0.03133409466340522,0.03918769611050723,0.03587447919395766,0.06628219374743709,0.03168843684669333,0.04362887354429541,0.10231014658143513,0.045590572182684024,0.02493828660594453,0.04940186745889776,0.056617731561961905,0.07541568774623308,0.06485737878776862,0.01739151640017844,0.02796629669652599,0.0837378784468097
1986113,0.0770888463736315,0.03232111988562435,0.057098233849671,0.03522348731874891,0.014000083624290375,0.03743732842856527,0.04296653427406787,0.04370512524265592,0.029130618908467874,0.06522496687956977,0.10169859670520962,0.052006974190850576,0.02387473459828842,0.0449671496626697,0.062119827074241796,0.07526399386605592,0.09589865603833377,0.005371116038236639,0.04351973055130618,0.05903283964542601
1972595,0.02903188215550366,0.05632364235309007,0.0565710279270933,0.059374792542989725,0.01713799764865912,0.07586851937913809,0.020099654289706264,0.06247902357795136,0.020150395476240954,0.1047588642892357,0.09277401944127034,0.09876519864277787,0.030698315418355514,0.03885022446306358,0.03110336995073557,0.07046196919752729,0.03693871687630851,0.014587717547169633,0.03545268756568199,0.04857198125750148
11552,0.06551568176988758,0.05316353754780284,0.050306811944813186,0.04468613797293551,0.01973270969133108,0.08176236756546972,0.03021143428238363,0.05858403769120063,0.015321583932411145,0.07394960356300823,0.1134196766942066,0.08137866178967117,0.03702854726892216,0.04465924391614685,0.04135335606256539,0.05771126650128871,0.05092530390656731,0.01053002029117929,0.023007112997714463,0.046752904610494514
10986,0.05977275298362853,0.05167046354040326,0.06257570220177916,0.06189699377650163,0.012010945652298939,0.05630392846713531,0.027243021024071987,0.055524104996164225,0.01814564015044728,0.06898761016559433,0.07976023310276635,0.05940632369074197,0.03688229435241242,0.03992119946051705,0.040620747877006834,0.09169176758087189,0.061181940828888004,0.0072937108384357316,0.038408276647091254,0.07070234266324386
28295,0.07005281611998235,0.04318960763325674,0.06105860069135594,0.04868313978861014,0.023810152789927975,0.037937307016953144,0.03269032126440214,0.06764478572452698,0.017373699722046325,0.05270767169924589,0.09798867268201883,0.04830001953176403,0.016624783302637555,0.05429416258329497,0.03376001920429091,0.0775517942213973,0.06244242976212475,0.0163003865169447,0.044669884935746945,0.09291974480947239
2170203,0.05109049858495721,0.06180198167533276,0.04422310967653617,0.05015881538089867,0.017778406028154347,0.06767231645760267,0.050521407863898526,0.07024611833356004,0.026747713109771087,0.05301811306257623,0.07622028062398191,0.06246766597821998,0.016672511071825855,0.023021541460106782,0.0768345478869918,0.06814697330248996,0.06084195374310517,0.026185797384168426,0.04217826612574866,0.054171982250073726
337044,0.05069609012871724,0.04678063231412569,0.040392707275586706,0.049822546593717355,0.04140783503012624,0.053155605994150625,0.05788291989023215,0.05457010537364731,0.027829625099874467,0.05579729676744821,0.08198653399214502,0.03899539784023763,0.023735375927537217,0.039694372992001244,0.049994737248125566,0.060368698307412025,0.08390814569887865,0.014369468039412341,0.05351860433280025,0.0750933011538241
186538,0.06702055584234319,0.05211737985981964,0.045603304516947496,0.051603822351254096,0.01573051335253988,0.053096809854040104,0.053764804772357525,0.058639528280940545,0.028207996199324195,0.06178232563648614,0.10037978090454251,0.052319436694016536,0.018697426141948616,0.038413674089122725,0.05977225365286065,0.07441043089746481,0.08013243503319631,0.014213348121654189,0.021392682147748088,0.05270149165139274
3052622,0.06341463414634146,0.05109114249037227,0.037227214377406934,0.04441591784338896,0.01951219512195122,0.06854942233632863,0.029525032092426188,0.07573812580231065,0.019255455712451863,0.05725288831835687,0.09550706033376123,0.07830551989730423,0.02336328626444159,0.032349165596919124,0.042105263157894736,0.051347881899871634,0.072400513478819,0.01668806161745828,0.04261874197689345,0.07933247753530166
57483,0.05383669724462061,0.053272135265093334,0.04290201563167324,0.05839724471222899,0.019247352227979055,0.06699689566878594,0.03642084806977521,0.06257225970699973,0.021660419887960043,0.06260851472776055,0.08907607500465503,0.06340373175365381,0.02618288743446947,0.04340458506832887,0.049925547898053105,0.08616049794321033,0.051462268849083156,0.01534577781261739,0.03221681783894761,0.06481339810506825
3052718,0.07590707319314535,0.04156694621688249,0.0636179844416121,0.05259046759068734,0.014603468873235497,0.0497676630054778,0.05840188906158229,0.07530775162516032,0.02249653392359849,0.047453282883775566,0.07233511664795451,0.05550017380325471,0.020710555651003063,0.036575596424847076,0.05839789358446239,0.05803130855871154,0.07993251639144489,0.027042388016765024,0.03456087708713736,0.055200513019262196
1231903,0.09608482660086683,0.05778980500512049,0.037659108998704,0.05574809965619193,0.026238655715516163,0.04279897173818126,0.028201458279848074,0.048765202414368325,0.024440253720163386,0.04669948919463208,0.0874663645820266,0.046683043422085575,0.021489582335526666,0.03605002538512744,0.06666667981534184,0.0744452849667958,0.08477834200889629,0.009605420897155626,0.03540879696655449,0.07298058829689714
11320,0.06026156568187446,0.06702505491336169,0.054572872559131985,0.0466659941313369,0.01898084733826257,0.0690081134160753,0.03993536394388422,0.06674440880849603,0.017048803662082602,0.06899316409547905,0.0785898700176003,0.06090782677672828,0.037815324620956235,0.037076142670649154,0.037789417186655676,0.07555487006178961,0.06534047328551246,0.014650865105852742,0.025177297098969913,0.057596331843984466
333928,0.057775346215426265,0.05936562507425522,0.04994858398519653,0.06274933528472278,0.03846949226152053,0.0642007903857252,0.029112001032548112,0.04852770607080311,0.016375191185645354,0.05587452369495932,0.09868954684281012,0.05246143350301188,0.013668577983784026,0.05666519003109206,0.051131289333211795,0.0786563443456372,0.06445670298313058,0.012431781704782319,0.03275194551965822,0.0566885925620794
3052477,0.06148131803471609,0.045123565754633714,0.04105128959497892,0.0588194707126746,0.026525658807212207,0.057116939155774114,0.04216436206727469,0.0596807184185825,0.023025329578727636,0.06786449796158533,0.09497926561033358,0.06962411913868226,0.026142843133134395,0.04420032502556775,0.04055114249289007,0.07859909777385506,0.05687562168144692,0.013720772215917847,0.03033945558217403,0.06211420725983833
333757,0.05578478238180096,0.052809931791744966,0.038205845317044074,0.06329025094717997,0.028359751883391092,0.04023666956209312,0.04556861134086635,0.0479017680095053,0.03181751172492688,0.045286980250011225,0.11352505334413368,0.04309772070243264,0.029281303469134167,0.03879437167058651,0.04785548302517579,0.06929484707320745,0.0715463782171534,0.01902856406517835,0.03639319201071998,0.08192098321371409
565995,0.06323847693356417,0.05301727918669239,0.04339648876741103,0.053472017130932754,0.016344152481733074,0.051555900035546005,0.04790057273625454,0.06250016324719881,0.028351049733762092,0.06197834616421873,0.09393656206352023,0.044622166259703194,0.02081655842316606,0.04253797432102144,0.05974210177594188,0.07960971250817522,0.07174785243074307,0.018210001207835842,0.025477931851530647,0.06154469274104884
57747,0.0953483484344559,0.06255576563860087,0.039863304750185964,0.04847199388524135,0.021486524820662836,0.03513869293168883,0.035371522107503446,0.05239501926694099,0.0324991021073967,0.05121927790536839,0.10305848453423848,0.016786912881914067,0.022005765545121143,0.029668392252330922,0.07776119496316698,0.08907782759554539,0.06664250809208302,0.017778534987747164,0.029813765385026902,0.07305706191478066
694003,0.059885442129387796,0.038994500113060104,0.06006105274324099,0.058014226166364424,0.031120251447055238,0.03407827538944111,0.0361905204772406,0.061251591999092775,0.015957986593547788,0.06417928043125196,0.08427525309251668,0.052725228931630674,0.02303883109507749,0.062395854932797104,0.03923871180605326,0.061741345309016316,0.056951678680491474,0.015405293756722853,0.05869981141994548,0.08579486348606588
1980917,0.07265579691420963,0.06813305907240297,0.037102394734249255,0.06177872343669714,0.012871855610543007,0.07551618298139433,0.03527746011333421,0.06572415427058277,0.022148254652231938,0.05550010424247692,0.1024945279154152,0.06467909470557637,0.026292326452424724,0.03727161015055975,0.042163176592360796,0.06484539082813244,0.0644526748182829,0.00919991860594394,0.03006594485439361,0.05182734904878813
3052389,0.06933450628857661,0.04791724340271267,0.05935771119819681,0.049805316574681215,0.022415508475093538,0.06447449279485251,0.03752655303701379,0.04513586967649289,0.026691812937744752,0.07397974411578571,0.09664117425738224,0.07208742791781309,0.03215491044562435,0.05822637624125895,0.0339557717271068,0.05867246185468114,0.05907533942727159,0.009146377597997095,0.03546735778928533,0.047934044240428936
11263,0.06354943930482067,0.05257394548689967,0.05093652290539181,0.05643775081008993,0.02265131166548975,0.05053348631368512,0.03161653308648035,0.04774198717221884,0.022057187790997027,0.07971950017116072,0.09684580454126385,0.054797118019086245,0.03345049067228901,0.031238656318799237,0.042576674955984044,0.07434667374883713,0.06691463220380234,0.014041387439530402,0.036151409720329014,0.07181948767284485
11855,0.05885750522082269,0.029977307554567727,0.05090382136577043,0.04535208871614146,0.016902400587346822,0.04243565296470396,0.06376977731112551,0.07244589748167576,0.033908975235064455,0.060961787170809426,0.09301143185817502,0.06676082070952043,0.016513361474797983,0.035219430410914236,0.06540887085274627,0.07105053757061648,0.07716831380870096,0.022164966289152526,0.02762432536040435,0.04956272805694352
3052501,0.06323872014872654,0.04700896217395354,0.04307540341530299,0.0562680569581262,0.02598232225258071,0.05831169261726548,0.042586580965876135,0.057079429070141956,0.023058100063021742,0.06984705811829484,0.09296038754477169,0.06578750147512036,0.028513710961578093,0.04303798066051343,0.04256927370108146,0.07447028272047529,0.05896148290897571,0.013455826141619677,0.03160886762295797,0.06217836047961619
37124,0.08673757615530385,0.05508526018944191,0.03965914003007607,0.050576101583790944,0.029789125879920903,0.05926704827333828,0.034082631866742666,0.05289410908401065,0.026636260281612412,0.044422968824386455,0.0839012488500641,0.059724762277197994,0.025851771335469842,0.032512467897250125,0.05914093991010481,0.06319898670344641,0.07135114028954546,0.009545092008856953,0.0356689679532224,0.079316498403473
334204,0.05514003615192029,0.06713005755714475,0.04453785385720375,0.05960723752183528,0.025503780170348378,0.0676839077863042,0.05592481524845994,0.04838729006010578,0.0199753436590118,0.062463843483707406,0.08521541035736603,0.05233813166395134,0.019845790223657515,0.03473056126639497,0.06079332452695723,0.08001695503056287,0.05852838597177571,0.01088072042531976,0.033829379409519904,0.05746717562845304
1972577,0.05762655842212404,0.04284527700003175,0.03433492483715974,0.06461617266175307,0.01288570249165028,0.06318740064230856,0.03469932774434886,0.06596753639227657,0.02585931375048624,0.054908294196851434,0.0889385120915904,0.07076415193306376,0.029672483959523398,0.0443541717774818,0.0529185331911579,0.08412777100743032,0.05732899572174708,0.01865299792713363,0.04146430271485376,0.054847571537027406
1511892,0.06408633934673243,0.06521820871517457,0.04628958729583673,0.045261326241309935,0.008485040606225281,0.06762315666400441,0.05821730574470363,0.07102260719686677,0.011996195996739427,0.024680735440630375,0.09215390020117853,0.04362815730898332,0.011824110134951544,0.0384821862314843,0.0663325127005953,0.09764857157756351,0.0564831358600039,0.033917107859685526,0.02511547867041029,0.07153433620692021
11983,0.08716158494784691,0.052594647232739565,0.05104657744216051,0.04176290468305613,0.009246935324537443,0.041168601973626394,0.05094128690002847,0.08607827007111946,0.019588962598127622,0.04638707545412039,0.08337622296986123,0.03181637610695691,0.023210851781150357,0.03740820035788237,0.06900503074343207,0.0983549011956365,0.06313477540947299,0.014266604793092658,0.024923097475487866,0.06852709253966412
1972584,0.03469087089607052,0.03561735634284914,0.07533746554677169,0.0688440702863577,0.0168486285372194,0.047599887107456884,0.041692685469453136,0.044945863929119534,0.03930677213891881,0.07199359807423808,0.08696171799202417,0.0896537100853815,0.02642450300397072,0.03571329513051298,0.0344608069770727,0.08373060461851488,0.05647538646120914,0.014198404811151406,0.04878209478111518,0.0467222778105924
1548720,0.05193072236033153,0.059738547803121066,0.04500354051553015,0.05083946698235815,0.01449608728172963,0.06266205513658854,0.03328552441787219,0.05221771409718412,0.022420677534795277,0.06600984248230699,0.11459459398555275,0.052318675942627194,0.02619709420903365,0.036488529225485816,0.05702295168560624,0.08989363675714943,0.059367171053246105,0.011907123632981301,0.035842893382750006,0.05560399129205166
11660,0.05470909263673658,0.06862010878281875,0.04345348284006227,0.03936019047420067,0.02620523964731565,0.07465385440387513,0.06557157103873876,0.07392626443933661,0.023613052660777404,0.0574385056410464,0.07755921558659201,0.08040351524778121,0.03212502340063918,0.022110827195220655,0.04025340823285515,0.043263549311444396,0.05005826565499698,0.04127399087402206,0.031393985922819674,0.05400685600872046
1980456,0.06342578240302103,0.04224045313663797,0.034732157855695035,0.05223776027530922,0.02679074696455508,0.06282741290935395,0.04440150496630968,0.05578398256854766,0.02252666951305014,0.06284941656880769,0.09606501451138431,0.07064442229016395,0.025149185924308887,0.04428251771736077,0.04269227324888644,0.07369334467555312,0.06758015275078533,0.012869868814673162,0.030940110385556233,0.06826722252004033
53182,0.02526427061310782,0.07632135306553911,0.05306553911205074,0.04799154334038055,0.013636363636363636,0.1288583509513742,0.029809725158562367,0.05052854122621564,0.032346723044397466,0.029809725158562367,0.10560253699788583,0.052536997885835095,0.043974630021141645,0.034355179704016914,0.05052854122621564,0.09651162790697675,0.034355179704016914,0.00909090909090909,0.020718816067653276,0.06469344608879493
11723,0.057750334461315854,0.06518970057707849,0.03783848776888361,0.05141463530195769,0.025093931599831483,0.06622044167127791,0.04908451883661021,0.06946072610137925,0.038228842171956365,0.05000249179399696,0.08681590505672035,0.06629397027869992,0.02985649934471671,0.033442841234555744,0.0564373082061726,0.044668490174883294,0.04313738580617961,0.027912262126797795,0.03951174969433107,0.06163947779265505
1985693,0.048450837133626024,0.03882286953649998,0.050817137917194,0.06057293198407061,0.020882254705803238,0.06697844224834582,0.030713305434108763,0.06769535011788586,0.022137661524253012,0.06342681013933121,0.08567610059070621,0.07589069321973284,0.023567029526032575,0.04678545159952854,0.04442731037011353,0.08451013604478688,0.060663880132770374,0.020506809347010765,0.03746068184436834,0.0500143065838314
3052437,0.06712892502225262,0.037171004723528224,0.05728847566821372,0.047922989052541366,0.025110520847169828,0.05253608472711906,0.041511256468245834,0.04948163544255818,0.022263458090691496,0.08006654406847492,0.08098560150663166,0.07318206358245277,0.031824438958433766,0.05316973751771445,0.033778902595535135,0.06727480493823967,0.06283780873002005,0.012420604341921854,0.0432318752584849,0.060813268459770475
40050,0.07537336471358827,0.07064317902615655,0.040140952715762526,0.05892303166398707,0.013495041609845571,0.06857750264782114,0.03456124041610875,0.07214698210042755,0.01997779281379549,0.06671825310047991,0.08395402902489954,0.056271955938542326,0.036064256865549274,0.03251706594308613,0.03748058868856679,0.06125924088585814,0.05511056381198309,0.01221970875720209,0.03696185060076511,0.0676033986755747
3052313,0.03897522611849824,0.057725789211337065,0.0461796966349572,0.04982440898510106,0.020628672038572347,0.0419672370552301,0.03851765810177976,0.09859687455319807,0.028967393619521598,0.05530091987335797,0.10767895212829508,0.051675272806239264,0.028375427277294335,0.037263980860719234,0.04645963793375286,0.0928067322767753,0.04783790344377788,0.012743125738141266,0.026864009896723877,0.0716110814467275
60879,0.08635701584794248,0.05388333101393863,0.042325704130039325,0.050699687761866036,0.030172358151299598,0.0596205448108719,0.03067856743111481,0.05331479146095186,0.025977010425319424,0.052099688802549095,0.08450323270481612,0.06599478949915356,0.020744932011842975,0.03293406530994808,0.05690782171859066,0.060629520259497645,0.07106241230999646,0.008713368094362055,0.036195095526402404,0.07718606272949691
693999,0.0601572801407728,0.040288442861702016,0.05838313644564164,0.04696384399955206,0.02505214529662774,0.03444489721626462,0.031166985232225327,0.058768937311855646,0.01610456148230351,0.05945350707567543,0.10568185589399302,0.0765482867265195,0.021798407034895172,0.05142647188672571,0.0327404167821954,0.062238866615988875,0.0594554898872983,0.014313193901376364,0.04678726677931871,0.09822600742906816
3052211,0.06091879308030074,0.046238752692705,0.032774912006207746,0.047228206914531085,0.02827415329301942,0.05807433769680379,0.03224662986244149,0.06567287882479796,0.020197104209303804,0.06875905316996955,0.09196892151456472,0.06671316424615356,0.0298694523228643,0.0362688056635651,0.0414573421849711,0.09464972877923798,0.06546925102519062,0.012219992258305598,0.035653251468200385,0.06534526878686604
1985696,0.02997291722153009,0.04379172248817457,0.06394892231266013,0.07750552409257719,0.015046993062878223,0.07904952762218116,0.03516784975447829,0.05456018391379613,0.015240163694873276,0.08394627892592121,0.08886312153289655,0.06609263264688892,0.018459427361533432,0.05008396263978692,0.03895744569572112,0.07702362286399243,0.05284248298312446,0.01740103290180126,0.04483988852894205,0.047206299756242596
205908,0.06120957042616387,0.0560680834966057,0.05607524998093613,0.05832121668511656,0.014785435833295774,0.052047972818752335,0.042506046765602906,0.05105606470396735,0.023383732906471107,0.06762709706684461,0.09657756906636931,0.04709554180714085,0.03184280848031101,0.042049767710120055,0.04003732746441777,0.07401564598992673,0.06845157113897844,0.008316262171973237,0.04457431056987787,0.06395872491712841
1094373,0.048548101335656936,0.05062766800274995,0.04670042391471235,0.05196893660905003,0.012516684615553575,0.06346691948419082,0.03741306909016802,0.05346861995156101,0.030398623798296723,0.07003807823030049,0.09253124416508897,0.05145811937357673,0.028118193843727185,0.037394069310710425,0.05833560239228394,0.07635122640364411,0.07190494617137795,0.012396218593946606,0.04165224869873687,0.06471100601466731
3052395,0.049713684685983514,0.03324435386971829,0.05079367982148256,0.049305958492861,0.025713625570663215,0.06325355462145683,0.032775931325854164,0.04426096557909019,0.016866751142729917,0.08363814585812465,0.11751958566991878,0.10253406672516649,0.040036865656342555,0.05168124030097002,0.04182152352625726,0.06260818602441456,0.049191567980775217,0.00695758108834619,0.04301924413352311,0.03506348792632148
226613,0.07612541425803443,0.058617738731569204,0.04298995908830907,0.057297488007381776,0.01226948235200769,0.04689103077867115,0.038750926360804835,0.06255305443694549,0.018426395978851498,0.053125599135182895,0.08957073173836418,0.04241428484694301,0.030676581961181486,0.031031373719580303,0.05743300489858025,0.08455707988469974,0.07415450955445821,0.0161914443391903,0.03451592649355956,0.06834293278527838
1157337,0.0733206579875443,0.052833138793647594,0.04571870989355744,0.06514778818565374,0.013640431704873357,0.040986571135121996,0.03400197493168619,0.06450243574359976,0.020804991552003303,0.05638975577515688,0.09605347222791,0.043897285984086924,0.031005051902434484,0.04000647885832544,0.05099838408509525,0.07864790049805595,0.07245685817314096,0.014655243977239527,0.02992568114002615,0.07500718745084076
1884453,0.04131465818340084,0.057315370855043124,0.05198144517325467,0.047949804343231754,0.017744763499701652,0.0645018373108529,0.033408780490417386,0.05431034854091673,0.01583591122866296,0.08765522187219033,0.11542441690987694,0.07050330646790774,0.021328230935900163,0.03829492550099911,0.049696286897702495,0.08882185355856359,0.052034469021540866,0.009078957039462352,0.03038032477313992,0.052419087397234464
1972623,0.04116436727445901,0.0366157218807384,0.04709766159848889,0.05477235295661525,0.019221458777540126,0.05755456585491127,0.02951994273012931,0.04914603953892575,0.02771942971571378,0.09136538191190492,0.0920503148486931,0.07526211957668019,0.02635157720760869,0.045190545465473346,0.04706716272272301,0.08106194371810413,0.05813116393941182,0.017417268906138622,0.0502342697687503,0.052886527808487675
2509284,0.058610194226143185,0.045732328419538226,0.05119296375392381,0.051822451522166774,0.016710100648784653,0.06959629613889116,0.034739945057734235,0.04024412750918557,0.01696686779109032,0.07838048207686645,0.08823587888933355,0.07862974788024459,0.028251995208587396,0.04835388159119286,0.03489628771771591,0.09329406370107503,0.06428096050980378,0.008454245079023285,0.0330279919471528,0.0585791903315464
64894,0.050355450236966824,0.055983412322274884,0.03672985781990521,0.04413507109004739,0.02103080568720379,0.06101895734597156,0.024881516587677725,0.08590047393364929,0.022511848341232227,0.05479857819905213,0.09626777251184834,0.061611374407582936,0.034063981042654026,0.035841232227488154,0.03850710900473934,0.07079383886255924,0.06368483412322275,0.030213270142180094,0.027251184834123223,0.08382701421800948
249584,0.04030754287667351,0.05630091443343371,0.04300427064652543,0.06129016967537647,0.020635676093830737,0.07288065964520891,0.03052610768559925,0.056244946550143136,0.026075087740932923,0.06278865441449269,0.08938492881693506,0.0607284073367246,0.023666506260713174,0.03614118748663562,0.050857856891218765,0.1007796719714245,0.05089555999574635,0.015383066764168538,0.03829522223428365,0.06381356247993293
1985704,0.05106151075039481,0.05307940990172184,0.032557350764146564,0.05556156351439694,0.01809525348838397,0.06281941893381512,0.025196759819874726,0.06532448454080447,0.011686227940314634,0.07178076927444382,0.08784904464911861,0.07368346543984955,0.03157154000519305,0.04049889139970472,0.040131178117118776,0.09857458762108486,0.06175416399401564,0.012086063547808178,0.028589372545247738,0.07809894375256195
3052225,0.04784375848022573,0.04809501519051903,0.06087417852731082,0.06482540823089905,0.018244753569007226,0.053364648865449935,0.036005730957996536,0.05198218392202445,0.019115766896172986,0.09387260775476369,0.09500505799846276,0.060758103448730436,0.03238059987495373,0.04299791794149393,0.03678106935026165,0.07845419632460307,0.051757943391462044,0.008974804799215145,0.03780688612730163,0.06085936834914614
3052614,0.09656796769851951,0.0642664872139973,0.022543741588156124,0.04172274562584118,0.04172274562584118,0.043405114401076715,0.019851951547779273,0.09353970390309556,0.0211978465679677,0.03028263795423957,0.10733512786002691,0.027927321668909825,0.01648721399730821,0.033647375504710635,0.06662180349932706,0.063257065948856,0.061574697173620456,0.026244952893674293,0.027927321668909825,0.09387617765814267
694007,0.07169539166166958,0.03895035727098786,0.05336762696903344,0.04523185334148691,0.028028473008494512,0.03485071322734698,0.03143457174136487,0.05552936847072672,0.022519432902504216,0.057607348602440406,0.09720146262317646,0.044401850733515075,0.02706589496705936,0.05834104797078047,0.05309232876881956,0.07722788732077213,0.0647094503964599,0.012885818117741539,0.041342474966196266,0.08451664693942373
1431460,0.0722246990637539,0.04814979937583593,0.04458314757021846,0.058849754792688364,0.01560410164957646,0.04770396790013375,0.04814979937583593,0.06553722692822113,0.0231832367365136,0.04458314757021846,0.08827463218903255,0.04814979937583593,0.02630405706642889,0.055283102987070884,0.0637539010254124,0.06999554168524298,0.06286223807400802,0.018724921979491754,0.03165403477485511,0.0664288898796255
1167696,0.03973004506090851,0.05590997842593361,0.045691246362107765,0.057238297183893075,0.01974321125419636,0.07557774050368085,0.03535569718261159,0.05978945316702754,0.022722748346260833,0.0704729387404787,0.0908737332802736,0.06516916892168072,0.02875552548629511,0.04575034452646529,0.04186723924076406,0.09024807941439375,0.05190714812637846,0.016772221282088867,0.031274779981539616,0.05515040351302168
11318,0.056516526180135564,0.05375215211590408,0.03897669305956582,0.04409184310790399,0.0196804959666164,0.07825701899638855,0.0403068658689304,0.05640550299565836,0.02268666188877955,0.05410004732228287,0.09862863794760712,0.07534173367763654,0.02620446525096093,0.0324201672311932,0.04544710428905477,0.06984703278065463,0.06608959981789791,0.01624713559381416,0.03899514198031545,0.06600517392869971
3052405,0.04921552421794526,0.03677244648876405,0.059273861554815614,0.04288998015438986,0.0221117069300007,0.06793282644802584,0.02672932354035763,0.05010084997314773,0.021658839926303713,0.08038608510457508,0.0956375756251514,0.08255136420695051,0.028321605998659672,0.05376317479112028,0.03424223814283298,0.07602759165471663,0.06231074999891994,0.01365550156840434,0.040198047512089365,0.05622070616282938
1972683,0.025774235519410424,0.04951278494824018,0.07275319933397485,0.06639322116339334,0.017262398789474245,0.06101695528790574,0.025783328221210152,0.03157700069467944,0.019634834798211254,0.10061828736230956,0.089775042344313,0.08818093637505915,0.030323034604664702,0.04387728343403551,0.02858426727234512,0.07710080108277796,0.048062367486431314,0.011955179544086427,0.058029450459150346,0.05378539127832727
1308859,0.04566678444965936,0.0468954670300278,0.04634092939877001,0.0654746235950014,0.017048581398760893,0.05408929688200494,0.037887709200671436,0.05745352370575296,0.028241676330305818,0.07739003348991907,0.08193300386161605,0.06342928519579787,0.024875107578684788,0.038018309747691485,0.057382355982567,0.08212351996677035,0.06393874395326382,0.013986203967154559,0.04655145234726237,0.05127339191831796
64312,0.05982404692082111,0.05395894428152493,0.03812316715542522,0.041348973607038125,0.021700879765395895,0.06217008797653959,0.026392961876832845,0.08211143695014662,0.02346041055718475,0.05571847507331378,0.09442815249266862,0.0624633431085044,0.037243401759530795,0.0343108504398827,0.03988269794721408,0.06363636363636363,0.06627565982404691,0.029912023460410556,0.025806451612903226,0.0812316715542522
1972588,0.055836934102523404,0.053918080069361385,0.03730957192988382,0.06070093718589316,0.017583877628558515,0.06298624571524983,0.03487166904985415,0.06678824862636394,0.021745889907211567,0.05027675564519122,0.10815049678227369,0.057466147164258685,0.02441630899712341,0.04113569205015301,0.05817072199337973,0.08950343319147228,0.04674379917641032,0.017481591319785356,0.03456603977464863,0.06034755969040393
1933185,0.048195948760073895,0.051972835293326546,0.03467478206969339,0.04038472802175238,0.014089130866437927,0.06222306521917346,0.028159670008187792,0.13046321775918046,0.017747942149625863,0.05139664229170029,0.08557338990108454,0.043348873189404266,0.03907996044229476,0.048565376522223175,0.038313065391700554,0.08508247356519161,0.051525473197914375,0.02442616982851376,0.023431704642838478,0.08134555087968247
3052788,0.05310998474861361,0.04177976688538727,0.033328895240372094,0.05386296191742693,0.020895433282388652,0.06331239780824023,0.03477332773724498,0.05997173450634176,0.017280926748519686,0.07518473895475174,0.09756241968741595,0.08907774204772008,0.015794036643883864,0.03532246836591374,0.03749671145316149,0.08052589267036941,0.06851476550860011,0.010693106939007262,0.03625722279618,0.07525546605846115
3052212,0.07919921822887484,0.08725819792417086,0.028024150667230793,0.04662667284155318,0.022753284696572937,0.048148143912972216,0.021465687451639584,0.05957828765060815,0.030261241533353914,0.042760755546915795,0.08489856224247483,0.06532318098134955,0.04473143055349091,0.033539143825304076,0.03994169115657149,0.08224047371289826,0.052574232046136316,0.018413587799643992,0.02413425804164618,0.08812779918659211
44158,0.08201911526321908,0.05610186259738781,0.03643221334305759,0.05250132945732742,0.028337205719343606,0.052986819748322776,0.03665647159840137,0.05254470085520898,0.026778859667996587,0.045462877022083494,0.07977884679074727,0.06105907279784195,0.023596041593226185,0.03975910980478673,0.06572243495381362,0.060229923927237035,0.07637084241908054,0.009366391745031384,0.034348427900224195,0.07994745279566236
1933178,0.07539583390135733,0.03815546005298643,0.057594104840634326,0.04966338259999566,0.02497732856259328,0.047240564334138695,0.042829179898749646,0.045811648747738624,0.022916494372047028,0.07501042737463796,0.08138070996053513,0.07292897400299421,0.03023532130370681,0.05850813229166649,0.037378957322502286,0.0632528834479764,0.060133570698337045,0.012012312124985526,0.04137037834108118,0.06320433582133594
337050,0.04970985312104817,0.05290344782092887,0.03852487599652664,0.0585635354380757,0.03924619590527415,0.06061722733646738,0.0630878632178939,0.05994408428313531,0.029200583897445065,0.062856510228552,0.07049475524507802,0.05368727014390957,0.022348673932576238,0.03232743726097023,0.04688149723604593,0.06974500656522611,0.07094584660465113,0.015539858161147157,0.03825974307715616,0.06511573452789225
2560321,0.07658894189718386,0.04568447156261141,0.04995681282031955,0.0527303202460852,0.017050619681299384,0.048984569878205604,0.04144338624513608,0.06837173531476545,0.01535760264061909,0.07756991077691501,0.0910917930161614,0.05449161025110366,0.027617843691548183,0.029753861242527022,0.048763995789327975,0.09991810278283343,0.06589123245157688,0.007217667407745397,0.026306622564390713,0.05520889973964466
3052342,0.06716079181779386,0.04690039344335796,0.044877694155500386,0.04661762480495548,0.02084309759221215,0.03883693658257978,0.03741518164370852,0.10500558328989314,0.01812635679682261,0.06641904328779112,0.10026371731063499,0.04275444199515457,0.0253833577810171,0.04338431309673975,0.04425115406301374,0.09038342386376369,0.05198569138957983,0.013886555454688993,0.020992709454365023,0.0745119321764273
2560326,0.08140770846106499,0.05293569295550338,0.040235797069683804,0.05352948916124723,0.017897692023564952,0.04129780256163138,0.04767477135893421,0.059734383564455575,0.014956781176164837,0.058597237646291836,0.09140252717594244,0.04985312909142747,0.030391123444451263,0.04630018855588024,0.0441600369146649,0.09586258555440004,0.06267331117000273,0.009848340450883314,0.023219925313502976,0.0780214763503024
3052707,0.0620891015086271,0.04142903992768726,0.07798002433207209,0.05099854357966308,0.010791436517546623,0.04794261225571419,0.05129711541106952,0.05806281173260728,0.018925303949388544,0.05481417767208965,0.0639220008069833,0.07018205021056242,0.032008822191414654,0.03968405677714424,0.059794521693188725,0.06162437332057508,0.06811749461061856,0.029951444439492672,0.04091676474171771,0.05946830432183725
306276,0.0697412758973284,0.05887757343828106,0.04012638453628109,0.04516300682828949,0.012709352553045424,0.06824695918311809,0.03859104970568761,0.0478141000064181,0.023205129800892697,0.06257772450608638,0.10593263211913459,0.057308670266376406,0.030453457061372084,0.03573398197155671,0.04414345795283866,0.057417711357691206,0.07738548067200114,0.013122055326183999,0.03370622922468497,0.07774376759273187
1987018,0.03681739841790155,0.04610045175174823,0.04538647138655633,0.062397956899114156,0.014459655346610178,0.06721998167243885,0.03177956165665997,0.053210559311775325,0.028450079594168867,0.07287852602561029,0.09902691477311433,0.07456431738317448,0.030458066546733133,0.03293820118573471,0.04831601562611763,0.08691584065777401,0.06693415570380773,0.011459940168168035,0.03962403540878033,0.05106187048401189
2560340,0.06288506714679315,0.055853398215420846,0.055830913372967465,0.04318952085245263,0.01916246940828439,0.04090394194172258,0.05407398169775835,0.05997139528408332,0.013038918017637817,0.06888532119811099,0.09925463179846136,0.06332571505480691,0.0315958681248764,0.03391356262567563,0.06249642395062311,0.08000543802580053,0.05883608701911304,0.007979635229685752,0.025666611479456314,0.06290089697800054
1678147,0.07014261188389245,0.04116608361561874,0.0437574729403329,0.056803586641755326,0.019219894330082664,0.03233346084687472,0.03913834110426727,0.059777978596205275,0.026745503299643886,0.05364901250926321,0.0894978738502991,0.042337729778477565,0.017462425085794438,0.048602063501743606,0.07291418338664879,0.09625793956597348,0.09377881759834714,0.0073454267915190555,0.027353964654724748,0.06171563001853567
1985699,0.05456174722524715,0.0518861724043409,0.04599020623386451,0.05791294549467588,0.01701768237982807,0.06963193721882525,0.022092716044842857,0.0607663926123906,0.02564873464374448,0.07592622693666695,0.08576229103985375,0.07043395342577544,0.03823070751973378,0.031903163801482955,0.03453943668413473,0.08851914456818014,0.060569689035862226,0.01101841377699934,0.031454892154455676,0.06613354679909533
694001,0.06946649505841748,0.04273543412141753,0.04841111832708401,0.04789925346762959,0.03011856450398257,0.0375616015088648,0.03446207446714689,0.05646730741969269,0.01992847524502872,0.06189156607173933,0.09688803942881621,0.04149256572604104,0.020617767146360932,0.054029343091115074,0.0502661214241732,0.06861507514120585,0.05897419387218865,0.014231086480797035,0.04828792873068992,0.09765598876760846
2560525,0.06561542398304242,0.03957471404881345,0.05169245010198224,0.04931150284938078,0.01427028685598535,0.05003777926238813,0.04735833570530187,0.051102058345316295,0.015727281010862276,0.08659500010731518,0.10910013601084745,0.046583246823500006,0.025260841745668172,0.030210506481687154,0.06016297196029279,0.0850939729762308,0.06223765217502545,0.005514724709810687,0.048303074017881295,0.05624804082866821
1985697,0.03874472237476162,0.04383238984033229,0.0533620767746245,0.06318524845783817,0.029932716126569177,0.07717722566094941,0.03751507720752867,0.04282510638776601,0.019815652294139223,0.08167057358787543,0.08735048770749489,0.07210932509850622,0.03444791387917654,0.051009467232964324,0.03171886234054643,0.08438777535638353,0.04266783004634328,0.018988611370767395,0.04123830389856092,0.04802063435687199
11084,0.06879140191969718,0.08687708503174231,0.02135584587254183,0.03830729902786142,0.024528234897303436,0.05361325844629886,0.033924345523642534,0.08526538878032726,0.03531782609111256,0.03691019973972522,0.11349659908535127,0.027897536948503554,0.021134011467930622,0.05127344828575057,0.06399482181555995,0.0850843161915218,0.048287730625164726,0.022429854855162412,0.013188120217997194,0.06832267517680524
348823,0.06907018629956727,0.050568589401175736,0.036939345811009223,0.05327447060838472,0.014455948955559945,0.060680615702378066,0.0316782017921899,0.06427005435795459,0.022009223417100234,0.07051940241873313,0.09826927614640717,0.05756340479544328,0.02701641345031743,0.0273718467305898,0.049427110647047634,0.0864658162215829,0.0748250353090265,0.016153491810153426,0.03209750930094044,0.057344056824438605
205896,0.059636666921066055,0.0498604460014175,0.06043451315873083,0.058419051763117874,0.0159211568388021,0.05358640977051603,0.033109685280699234,0.04629336341589017,0.02517163333790269,0.07305167587990281,0.08778759344604158,0.05968435681118692,0.024775137783002624,0.047198959005742676,0.0456666985622673,0.0755006031937684,0.06627023342622063,0.00721325514981413,0.047712434950622766,0.06270612530328766
3052474,0.07021898637814022,0.04177059881112425,0.03134971411911434,0.05147273198464503,0.03196925768153031,0.059008487341874666,0.046064886052576165,0.06079625520335606,0.021609112554463142,0.06013824324980968,0.09152642576005443,0.07087699833168662,0.023550753980466153,0.04139198885631448,0.0464981616158344,0.06967030564149079,0.07456793922804063,0.012038581771651631,0.026111938968885147,0.06936863246894183
3052344,0.057536365607943105,0.058728460885125684,0.042570500563953804,0.059210283764806464,0.014027327403753115,0.051807666275095525,0.03317039725894113,0.0817212117027633,0.014266155397686801,0.08150408408599717,0.10726224755044818,0.05790191004259171,0.02718999952752701,0.032088359946483166,0.041584912129247295,0.08039585493858804,0.062302786012285,0.0066310002364588375,0.03305031577408575,0.057050160896218935
574549,0.06665955422192399,0.041073552789287454,0.05878837622562329,0.039984294568990754,0.02850010009602714,0.035653177755344136,0.046642793662111395,0.04789639316403404,0.02038883257928676,0.07043398075936716,0.10247735920307292,0.052211166049096286,0.018699176381568646,0.03998210148079137,0.05592657022048413,0.06574764116433389,0.07602703629180654,0.01289550465630019,0.043668545675846306,0.07634384305470365
3052479,0.07076807144088613,0.03690380657239852,0.030286018619959453,0.05050849408815636,0.023063088502744803,0.03536075785538759,0.043538444049322174,0.05861558516525603,0.019469502051957868,0.07174497339099219,0.07975041847673851,0.06234166266524763,0.025421006568364508,0.04900859826569271,0.05545830260662007,0.10275992604046673,0.044987242453886266,0.01512218752381899,0.03207514174422354,0.09281677191787997
3052298,0.04221586190074811,0.052364588447062675,0.05280973040586717,0.05823701231886071,0.02599509565249609,0.05549051596597752,0.032932651874153694,0.05373102391107686,0.026470777356664893,0.06758123471586425,0.11345508690806087,0.06814504539951288,0.027093989523055095,0.04756984842486733,0.03831596997788654,0.08463657501655523,0.04939592383669411,0.015617488816747968,0.02512857232798371,0.06281300721986428
11809,0.08182339322176996,0.06610802651577698,0.03043533757707206,0.05444514110138818,0.014436456612046643,0.04835123598273375,0.056642809624694763,0.06105064300982306,0.02987818268571369,0.03303014429834117,0.12266966625278028,0.042044375413227135,0.013289842593002053,0.018357693913996824,0.09233929589071181,0.060249138731193724,0.06932135666872359,0.017145494984070003,0.02409286670058358,0.06428889822235079
1985689,0.031836361410686166,0.05812494115732196,0.030649119885522193,0.061650402097604994,0.021324502601227178,0.078140345140471,0.018520585534060507,0.06583424419449838,0.013279895599011462,0.06726012576256646,0.10917626564315082,0.09548803209375793,0.024770603009291518,0.0462030646479114,0.04778862748256714,0.07127759823773978,0.042833449659487065,0.018766813171862292,0.029696019037622638,0.0673790036336391
1256869,0.05600628770085272,0.04656157510931117,0.045498410807610086,0.05428426761767237,0.012254838737322016,0.06767738006989303,0.03833877160131461,0.0656626974094848,0.021815784678663196,0.05712702541177498,0.09044082362545622,0.06877342036194452,0.032761007276801465,0.040888610743662866,0.05588995385965524,0.07902933114353905,0.054405241406863245,0.018132617834580752,0.0288377465890567,0.06561420801454095
519497,0.037463972483297685,0.04121370787345966,0.06708463530925486,0.06295955368394976,0.015148619186418556,0.05913858027572103,0.030679888168216738,0.03966953990412449,0.02500198911484418,0.07248987325154205,0.10504292728885604,0.06481871800727466,0.02210295860210944,0.06575369126009097,0.03412974637088225,0.08793762151318528,0.05974560800375422,0.007160895395430734,0.04099440687762682,0.06146306742996055
10567,0.060272707825396274,0.08220494783160368,0.03310901084400041,0.05335066848247962,0.030040830546357544,0.06074718935852743,0.03552158538785549,0.0717175487900381,0.02697314863531542,0.04137953739948708,0.08255677549836311,0.04014176658789405,0.019844426523941194,0.037067933057731796,0.0668451714006171,0.08109711321218299,0.06891357108662725,0.017174117702522224,0.034334481708883036,0.056707468120176185
3052594,0.06494687460643268,0.048152671537732894,0.049024770457121246,0.049862169032479,0.02104788643824652,0.04172315803996521,0.047112789815334837,0.05155398068761257,0.022812083059147448,0.0836193837825882,0.10408600147591292,0.0440918249895535,0.022559504622600143,0.03152674479878038,0.053148215807940845,0.10082919375570432,0.0723844831835255,0.006265187451581251,0.030412608775627677,0.05445270340878903
3052588,0.04928789987380252,0.05110228054036872,0.05106880753409273,0.05935675171721226,0.027366422925067496,0.05861596719816459,0.03866435370633041,0.04977662018496557,0.01969195027472925,0.06185435140087014,0.09396745250652533,0.0656693197710223,0.03432199185648728,0.04206257818970689,0.0399673965803139,0.09966361399578545,0.05255216892497305,0.011943640855154057,0.03480462789247467,0.05814252926279309
3052510,0.05414347166670604,0.04394831222091883,0.056972533041956604,0.04872514210028984,0.023934889403183345,0.06514437354817376,0.03847113590121468,0.06088634440595251,0.022385715742293356,0.06444763033662469,0.0929534022072116,0.07922604363448334,0.02474775544771497,0.044399657532677085,0.030584632590042123,0.07959105989270866,0.0576351412012846,0.016834689457056278,0.030798195179914944,0.0641698744895927
40053,0.08517780503991355,0.07291760540791549,0.03491255568224615,0.07066105282301952,0.012950501320022532,0.06732233812069154,0.024615454463335254,0.06527044280824454,0.02278278918870178,0.06529432208451182,0.08540998683653195,0.06054198154820039,0.029889056691397076,0.02708950127491132,0.036733313620686686,0.061006366785989405,0.058715495831070254,0.009781185116854857,0.0333537261596237,0.0755745191961322
205910,0.04963712399712659,0.05663202062231091,0.05417969237459113,0.06317788284161507,0.02068761551970643,0.05359770076821418,0.03135383175263081,0.04940746353548797,0.027717981938728643,0.08776410464177124,0.0962290749686337,0.05227933752545314,0.029978101996699032,0.04715373356014774,0.03211192262006895,0.07856452089207062,0.06300330373301329,0.00685194194098377,0.04710277933409673,0.05256986543665004
40051,0.07497431229521,0.06823560296357677,0.03909660408886159,0.06053680670141074,0.012046296922017882,0.06969461800023535,0.03988594776498869,0.05276548619734682,0.022373203805555405,0.06759529484557993,0.08512125116504611,0.05628583168053706,0.0400858224954446,0.04105124823962821,0.04453777718131455,0.055773807567120234,0.05256944754124473,0.013084026546763631,0.035764959543322754,0.06852165445479497
246280,0.059638319238486684,0.05183723722344882,0.06437675702781406,0.06925137956655315,0.012419561237659608,0.0452451781212142,0.024133698992151675,0.06824620035761471,0.02304556203964189,0.06500971904043157,0.08775382560713449,0.04573397387826684,0.027163121717366814,0.034586575609845675,0.044641350386497185,0.08832343163677123,0.05958104819936497,0.008674128048303214,0.04482375491484902,0.07551517715658417
36427,0.051402232100421746,0.04464808337135089,0.07953338444959573,0.057413438538573856,0.018152739248861065,0.05991904113479813,0.032251819470884874,0.03924199167603385,0.019969406477763022,0.08768423146929316,0.07681684133395866,0.06983301336251245,0.03321984821957194,0.0423164284524555,0.027019820568817257,0.08088112502315997,0.0669814371321618,0.01147456674135699,0.04537963765532394,0.05586091357310516
59380,0.05340443377440485,0.041756995047134746,0.05235154813882308,0.07613681093270498,0.015065240534757426,0.06603082944532164,0.03324294586252062,0.058911084006109206,0.021779186640959864,0.07225734005449595,0.07673673152232596,0.06438569965422768,0.030726519587379146,0.02399445322569258,0.0462039642174284,0.08184611706110247,0.07591009408232303,0.015614627654138711,0.0367626936177059,0.05688268494044376
1987013,0.036938261124248216,0.03516771843866952,0.06489658056927164,0.06535966330787953,0.021955588123587264,0.04818593937223964,0.031021689475650323,0.04389935910961627,0.026756175862618012,0.0818328257423362,0.08650237534477835,0.08609751689945122,0.024448263240854674,0.04224162267864943,0.03689857401834461,0.08630349351709485,0.05655493976632211,0.02000279557966993,0.04942224168340508,0.0555143761453131
1072176,0.056418877570687954,0.0516218136065455,0.04039151020207956,0.060927017815780846,0.019906158030337254,0.06683925739339255,0.03521118954788804,0.06335573123000314,0.02379331697205166,0.06586761243584091,0.09200581070627149,0.06306359797335619,0.02785739288120569,0.041651659075262984,0.04881832208158717,0.08573137236544526,0.0505135712982631,0.01534577781261739,0.032796189363312085,0.05788382163807123
12064,0.05543937708565072,0.08327771598071931,0.030752688172043012,0.04932146829810902,0.020407860585836116,0.048631813125695214,0.037278457545420834,0.08332962550982573,0.022017055988134963,0.04486466444197256,0.1103522432332221,0.04702261772339637,0.019629217649239895,0.04196514645902855,0.047942157953281425,0.058146088246199476,0.07188728216536894,0.01787912495365221,0.02675565443084909,0.08309974045235446
75888,0.057279293214983866,0.05023786453739028,0.05537083797958469,0.06071858832923596,0.01588179160691325,0.04901490698913499,0.03838972115204417,0.052206855317871066,0.02551500914354724,0.0710985030794063,0.09766686703321686,0.049765869038056514,0.027284359802350302,0.03987939198600762,0.047915408678112434,0.0805945205796119,0.05573614064869656,0.01736135018771143,0.04370540585290177,0.06437731484322275
3052335,0.05775733067134467,0.043938648955161766,0.045902396584793524,0.04144945457216666,0.02961082865089709,0.06770932592793169,0.031104446511099386,0.08559575471480613,0.017048069443421982,0.06029706638790675,0.09628394511213229,0.09470943269685908,0.01992754711997112,0.030272218629691178,0.02917195012531635,0.07395829739256446,0.06750105099420713,0.010043280503251855,0.02636629114426345,0.07135266386221345
207343,0.05503612474655373,0.06589426981738206,0.04162024780123407,0.06280909246833798,0.021907768379551884,0.06955179259063832,0.05421225044196785,0.06341728698442367,0.025044461490829898,0.04662321539418716,0.09394785690476502,0.043042391911272626,0.015332221035611214,0.02474148865706523,0.08938836325825782,0.0716702367289939,0.05804884932518093,0.02635211142605738,0.029656167735902125,0.04170380290178715
11137,0.05880239920330612,0.04068115094345434,0.052190364866787964,0.0477928127410994,0.02950891243977625,0.032420536493360325,0.031604143888722,0.053605377902932884,0.024751209528234463,0.06029156969426002,0.100345528740588,0.0545470985636239,0.02138034642013621,0.06302783056630337,0.03485631671293055,0.06549249834954979,0.058588107760572446,0.01905970865949507,0.04830456692377889,0.102749519601088
11029,0.09314409746541018,0.05462719233558023,0.03441059144546599,0.05417712804131632,0.02944213281552055,0.05863439082265776,0.033747557867925625,0.05334889933902285,0.027105924089535164,0.04251623365313708,0.08204984590375748,0.06431748890445292,0.024830846917889865,0.03388681294383732,0.06095996659909902,0.05750877798900389,0.07152855764681759,0.009240035130237573,0.03516621320990811,0.07935730687942448
1978545,0.054162607401282606,0.05477329967838379,0.04146749870406292,0.05533270933770066,0.021268526635778363,0.07674067354868055,0.037136560915174574,0.04818121487549125,0.023470077190251896,0.05493765612474745,0.08954617495515893,0.0671971136449663,0.024989766930358683,0.039361456432731756,0.05869506286826872,0.08367823782308367,0.057166519070574774,0.01682960104199276,0.03619551336386186,0.05886972945744847
1913642,0.057194589144231575,0.04292383026624139,0.06361554121847049,0.050484732758815,0.029193303114101295,0.0317832885077896,0.027453392037194897,0.05124476389247347,0.015740117184022982,0.07041889498019514,0.11515411041051699,0.05038910375629677,0.021910317436629207,0.054561080686209004,0.035342856088752136,0.06692838336044168,0.05568127309369822,0.013272871276319563,0.04390718591160239,0.10272325792866226
3052618,0.06238767650834403,0.05160462130937099,0.04184852374839538,0.045699614890885754,0.019255455712451863,0.06829268292682927,0.03183568677792041,0.07445442875481387,0.021309370988446725,0.05673940949935815,0.09730423620025674,0.07317073170731707,0.02336328626444159,0.031578947368421054,0.04236200256739409,0.04749679075738126,0.07496790757381258,0.01566110397946085,0.04261874197689345,0.07804878048780488
931244,0.06868536197483062,0.05121248635197065,0.02553984042259394,0.05235865088258112,0.036422883256078835,0.04433184550467442,0.03844446712751367,0.06936344421140928,0.022398392944495343,0.04491356425104998,0.08749731767752349,0.040116301021841515,0.01779684621212037,0.04096357978892256,0.0659664929034007,0.06493529822888171,0.07334671466265873,0.015578632883733868,0.04638646512079083,0.09374141457292835
3052717,0.06423882128171847,0.07405129117766725,0.05270506057563782,0.052174632835355096,0.010648854740336236,0.05947528840245255,0.03384485234426332,0.056510422207907675,0.03177061470618769,0.026416768383701803,0.07061225595165554,0.06689047638391588,0.019860694409786498,0.049304229687704516,0.04901681055355345,0.06739664356352011,0.08176469867577639,0.024948802962980157,0.022271355902586356,0.08609742525329316
3052482,0.06172955873506917,0.047624244749389755,0.03988730972852203,0.0610015467904099,0.024388407403923645,0.05720624191476859,0.04645355186973516,0.054613883750339674,0.021348313220412987,0.06469474840269503,0.09494541307548848,0.07041140255684919,0.029469354795630898,0.04386094330989923,0.03840725876688753,0.06915242533717011,0.06744184729973593,0.012871713796162754,0.03452420300230625,0.05996763149460366
1891754,0.07306286139313647,0.039177352946780916,0.04373786086436052,0.0576055583496064,0.028536336441281403,0.08197523136845061,0.026729157171163708,0.06633675250446006,0.023153983036718524,0.05128285504598172,0.12045031677184428,0.07304316614786421,0.02459613751000477,0.03501831635483482,0.04853160490537429,0.05050845019809771,0.06014827881317604,0.010464691941561528,0.036642420150188364,0.04899866808511366
2499930,0.08931058356975712,0.055587841070412494,0.03203555754075511,0.036849219188935654,0.02470635839562481,0.03214985211946357,0.039221981345143736,0.060453415963808745,0.031209027184468337,0.05632517615469401,0.10221851339347368,0.041176579236903335,0.02179866805367507,0.0626389145907916,0.04517075759746894,0.07244362588386338,0.06028430357291069,0.02149415360981119,0.02413712053860229,0.09078835098943622
1972637,0.060652509667704746,0.04866421036050984,0.03567237036341697,0.05812582602194389,0.018969782982685604,0.06708541282235786,0.027830451679635135,0.05176217817000504,0.01716127463195544,0.07683881358027517,0.08355996767344416,0.07138636333413025,0.02999807657280876,0.04443748086647567,0.05020147947585422,0.08190526845129438,0.06770851765342863,0.00895827723841352,0.03424106615404987,0.06395319599870809
74501,0.057796129227763414,0.04204045089920262,0.05319538893431958,0.042706959500350784,0.028314425607869904,0.03858916265487245,0.04705086353187501,0.053795608861199294,0.016713722065740212,0.053956064004003115,0.0900697002131242,0.04836380708936833,0.02634922331097377,0.05677369534871513,0.05248298653762351,0.08140402347132152,0.0593892058925052,0.018300013880684144,0.045563632121027,0.08701354375216797
3052789,0.056792604846937066,0.040285580465050305,0.041213246985045145,0.05615733926630163,0.026889094872035002,0.06086431512679486,0.04605458682496027,0.05780149696049771,0.02209091495238961,0.06857023904480797,0.09356351321944682,0.07512716316917241,0.027153444011924224,0.04185899400984891,0.040163437473051344,0.07236205748079787,0.06401808707349131,0.01400127981114637,0.04030593172901021,0.05472667267729098
3052390,0.06184101135564989,0.041890935791940954,0.05823252306536719,0.05727083190389488,0.02374318074183851,0.05897333269150482,0.033371243943700064,0.05569349802387335,0.02136233758358891,0.07632484398282202,0.09003898383852656,0.08010640866522989,0.02597419665278498,0.04853160547199809,0.037510734302672454,0.06425002537876424,0.056377112218513215,0.013774158970475162,0.04358926594459925,0.05114376947225555
249583,0.05217155062086351,0.04800246748262541,0.045774302152909646,0.05798503289281359,0.023026820384090752,0.06072289893200656,0.03245679805324952,0.05454672380964407,0.026117674068555904,0.06567192511011884,0.08812596905440755,0.06724067561773082,0.025723628274758745,0.05468892743498638,0.042031689119376166,0.09513481234227507,0.0462456195768153,0.013248323271254853,0.03775612154092279,0.0633280402605945
1897087,0.053215544536403286,0.0617903626325035,0.04202375866246239,0.052097183073597425,0.015709973031884306,0.06718680697526344,0.034874117867307985,0.055827417588376144,0.02118123487201524,0.0655914638967066,0.1118393648162856,0.0464219581998413,0.026493822671258393,0.03075148378405899,0.06331133513933258,0.08902006393333499,0.0728863087445548,0.010572385178215593,0.02883301177289652,0.05037240262370088
3052525,0.05564003522318047,0.04573315852770656,0.054001358795239734,0.058210849866792126,0.027012882645472355,0.058633946611986364,0.030298992451535074,0.05358304200030197,0.024718047693611855,0.05477818492731954,0.10258227868348252,0.07440122527258551,0.021768692062269404,0.03995324325839417,0.0335605084552151,0.08164055867129323,0.0645454615202853,0.018712548392785577,0.030834444163571548,0.06939054077697156
64295,0.07020648967551622,0.056342182890855456,0.035398230088495575,0.04926253687315634,0.01976401179941003,0.053392330383480825,0.02831858407079646,0.08495575221238938,0.026843657817109144,0.05545722713864307,0.08967551622418879,0.05545722713864307,0.03392330383480826,0.030678466076696165,0.03893805309734513,0.06932153392330384,0.06902654867256637,0.02743362831858407,0.02359882005899705,0.08200589970501475
356862,0.06003636518034601,0.06247447911999093,0.05066977870062844,0.05040375280101519,0.012078864564754554,0.07306738648306534,0.03330685382710144,0.05622580262657001,0.020231865391205917,0.07029059967584511,0.09227890284779366,0.0673853396130091,0.030639595712312423,0.03804991637348108,0.03710669140616934,0.07291111281837526,0.06395616168931564,0.010661583952491956,0.030534211714837056,0.06769073550169155
28875,0.052468629917116164,0.04655193004053932,0.06991490868115274,0.05974224628632895,0.014977609751416982,0.05858848982479368,0.040469188019145556,0.03379240742340828,0.014304045769373918,0.07038580984818847,0.09035164675230069,0.06874032587101345,0.034469764620243655,0.0406417753041924,0.0314566266669761,0.08214661298525322,0.067745968041721,0.011410433574422285,0.04818941670294383,0.06365216391946928
2499677,0.08886381491116717,0.06043381217020833,0.04921002905355307,0.038284786883083254,0.03265841816657533,0.03300977308327257,0.026916183959767737,0.0674446652692454,0.03435928929561343,0.05425946339301751,0.10612729210736305,0.027726284656060973,0.016669073381689648,0.03895432422905969,0.05769215304186465,0.06414472262285957,0.07539734571172049,0.00683864849860617,0.043332351056119316,0.07755609134685919
694015,0.0591704170699436,0.04253765234594138,0.050740848844444485,0.05042764813351126,0.026626982317755097,0.05208881009798282,0.025485870113531713,0.07010641351304518,0.025680266890540083,0.05584760614150679,0.09149329954601226,0.060553772120699914,0.026333390411487467,0.050938915094795124,0.050649372356905316,0.07333930696994868,0.05033430026756399,0.012280268482672708,0.04626223145220247,0.07910262782950958
183407,0.05805774745385056,0.04934702359010382,0.06046888397538347,0.06479605834116205,0.014541499978723739,0.07410993591851842,0.03879709973230095,0.03787172548431265,0.015276885543481574,0.07356656442381686,0.06926441355912206,0.08294273784159088,0.034750848967406565,0.042410672012129176,0.030738691572768522,0.0716086677144021,0.061148898913720794,0.009431207423612404,0.04490347656593371,0.06596696098765968
688436,0.06559726988413285,0.057673930543513566,0.040061158708771374,0.05371565719855558,0.022237483519852424,0.07416393252436514,0.02947902702886282,0.07075718480061284,0.02398169072367833,0.044085401212663446,0.09469827720238441,0.06804190460887052,0.04038619294947344,0.043379383048316754,0.03655730355135278,0.06934019691505275,0.05162044209512325,0.019592336653849494,0.033715596677347665,0.060915630153220546
64294,0.06598540145985402,0.05635036496350365,0.04291970802919708,0.04204379562043795,0.018102189781021898,0.05897810218978102,0.030948905109489052,0.07912408759124087,0.0254014598540146,0.053138686131386864,0.09839416058394161,0.059854014598540145,0.03591240875912409,0.03328467153284671,0.042335766423357665,0.055182481751824816,0.07182481751824818,0.02510948905109489,0.02802919708029197,0.07708029197080292
10564,0.06927273803033625,0.04742427289801789,0.032130670133521916,0.035219204827150886,0.026856290888598835,0.05245465358841952,0.03358902259238484,0.06951132968080459,0.02836016837015044,0.04604059611805008,0.0977821596171294,0.041189567857181524,0.020936658630639853,0.042929200708613675,0.05912688081984243,0.09548200544091968,0.06436695508512225,0.0243253422236852,0.03275703845235878,0.08024524403707194
90961,0.04467648848631968,0.053879833947361254,0.04489904626250207,0.05849771942721297,0.02066987317732104,0.0689723276649791,0.03392694739516984,0.05767135104771649,0.023696877986848195,0.07464548306157046,0.09434036277084937,0.061878727932849084,0.02764834446512699,0.0400565650833774,0.051006140040400216,0.09283343483542093,0.05149017603089103,0.015919927749619905,0.03156978232698193,0.051720590307482064
59301,0.09336751146513234,0.05867466358256194,0.03554581324312741,0.05082698009036584,0.02812019074659768,0.054268781833450096,0.034390816258564584,0.05164174989619493,0.030340756147662778,0.04660448033334017,0.08089348230936655,0.05724121754953112,0.025944111132708832,0.0323919595259581,0.056557288339680344,0.061215737940044236,0.07602878737837579,0.009121266479904107,0.03792053957241959,0.07890386617501356
1891767,0.061118615125157004,0.06296303366272732,0.03362358007213402,0.05623559695682181,0.02377476160242075,0.07305832970010837,0.04731231022270702,0.058006529305896545,0.015474913203222435,0.03180126908686419,0.10589918325655209,0.07977010541049365,0.027990927712913886,0.0414851706400057,0.04536790726794192,0.06382336475865716,0.05966173390757627,0.018245377101123013,0.029785468702598843,0.06460182230407799
11020,0.0811698243394611,0.05047295957222573,0.039049464642932886,0.05479031264432652,0.029723464840758735,0.05128327174265143,0.03300462377967948,0.05544747638738589,0.02935601225155395,0.053220904709262655,0.0784996206377744,0.06293007677163094,0.02306202422413971,0.03530072051395365,0.060862416746872434,0.07012128529116313,0.06908176396887922,0.011178388041645067,0.03458802843624738,0.07639466445749261
11034,0.08504888916678151,0.05280017442358128,0.036735377782394905,0.05220809281462511,0.027704211245219986,0.05631023408953514,0.033628690894984443,0.052275583824913374,0.02411480214970495,0.051067841633476684,0.08175399625080128,0.06529035812993883,0.023070204964332902,0.036496632058896916,0.06129352140230785,0.06462108224609531,0.07439119718862404,0.00895861506962812,0.03702228705662761,0.07520820760752973
1159904,0.06391014376327192,0.034615644376418286,0.04198663558596072,0.04434377277876313,0.026996313515699987,0.031600577300596525,0.037230351122368006,0.04411241914852345,0.02648475256908,0.06688221235115221,0.13585032677929204,0.05274473617638755,0.027983938472204494,0.040128781904253244,0.048264054885978284,0.05122670403662673,0.085534716210433,0.015477934328663765,0.041733055827269466,0.08289292886705722
1972592,0.02067251556355766,0.04161864413473284,0.06015900627530116,0.06475714894223794,0.019546605200336336,0.06966240388241368,0.02371699746783977,0.04922257577746257,0.018434864977963556,0.10244244615833455,0.09715935401190103,0.09767933418429446,0.027902994558173213,0.04954135650989412,0.028362480690645453,0.07980494520976263,0.053469333642421596,0.008262305612963136,0.045105600400139154,0.042479086799625136
334207,0.06561051866366965,0.07328665504042205,0.039178181310501395,0.05164525232500681,0.030405418388885035,0.08021185466767626,0.04813714657739505,0.06629995443897592,0.018798206260653066,0.061256266071652334,0.08972704032494859,0.04173358539722139,0.013847092332660472,0.04151877596154039,0.05143703223551719,0.061213317443221005,0.05782785893277489,0.011863719691312344,0.03376526285120748,0.06223686108475867
195060,0.052883160546937154,0.04745597501148262,0.05502232503480488,0.067836276669219,0.010820385928205408,0.059003861000962256,0.03243468605577502,0.05568320730550238,0.022708453178416237,0.0802260554032609,0.08188230915599973,0.058055335088442496,0.030245628258575782,0.02555907532718817,0.06319451619963032,0.08417666053265571,0.07690181871809428,0.01230905718459819,0.03309260424286686,0.05050860915738261
3052404,0.04762814011038264,0.04472336310831548,0.06387373596136721,0.050765110570063145,0.02077880288073969,0.06123197685637285,0.034871904720075286,0.050767022078855556,0.020291275646313008,0.09720903516542469,0.09746323953796814,0.07876950917849145,0.025058954891554016,0.05216393284569828,0.02903176022774735,0.07437844930565764,0.05171701202468656,0.011596616495776896,0.04257039393983195,0.04510976445467816
11041,0.13253807674072202,0.08882974751306488,0.01856855580795952,0.04770280236151131,0.03502012922827574,0.047467950318298535,0.03173220062329688,0.08602544178917047,0.03690027117346928,0.021382140728293197,0.08131315653076474,0.013630034903034608,0.014335253832418595,0.021857810012429705,0.09871540571960831,0.04254069700904987,0.0646373358631663,0.025854271545520863,0.02514640141715423,0.06580231688279094
1985691,0.03800160090010461,0.03786156560070042,0.04943737624984228,0.06806015917341877,0.01777256072980809,0.08539678872230116,0.025603073433012602,0.05094939729757295,0.02195650052873126,0.06350668582473477,0.10327199863552965,0.06528516790479277,0.02454797278277964,0.048177330030275266,0.04624702509191162,0.09753254859500929,0.04486288098520282,0.016828201400607666,0.03553562470588795,0.05916554140777641
3052727,0.04267158107368124,0.056069969899643995,0.05037106515173577,0.04541540422618304,0.020020872588050524,0.05923750084871163,0.03280272772391034,0.046818974565080204,0.031638087465244984,0.07227373094135617,0.1186702781410768,0.06424061050035831,0.03655532852399445,0.056324850791357316,0.04300661799849878,0.07690238694785836,0.05137434046819403,0.007380666526067581,0.017661729203804658,0.07056327641519182
1972567,0.0512749960174112,0.0601140849768621,0.035491886513319935,0.05619242513832646,0.03160207364312912,0.056672084899720115,0.025179743649927994,0.05136569485070496,0.028358458674296858,0.0472290430489849,0.0853000440842084,0.07999858267025614,0.034519867127079336,0.03874499831491068,0.053411083616123296,0.08065462305101101,0.04507663232030018,0.0206577620586465,0.03440188508880628,0.08375403025597451
1511779,0.06457550385828786,0.041367655076843694,0.044699240802709726,0.029046494454294167,0.016968863724279987,0.04879344687678083,0.0577234042478301,0.09159922626571308,0.013220879280626338,0.04410583743132326,0.07446479741304816,0.04629831043492371,0.019161336727880448,0.047752010100572784,0.06969143552665989,0.07081862474379863,0.10868961294630429,0.021915578415833428,0.023086325825132953,0.06602141584715668
381543,0.06749341992461298,0.04845017163843913,0.047642987644159994,0.05138178139600389,0.016900926382431177,0.06082369720885477,0.03145088328885816,0.07770783535326496,0.015524276109867811,0.06618803492359548,0.08618236913957748,0.054761899517691955,0.03247889458795884,0.02991170829732941,0.05233967912152133,0.07965849396716457,0.06799916167132869,0.010045139750026891,0.032354198706414435,0.07070444137089803
1511781,0.07760532150776053,0.040798226164079826,0.03991130820399113,0.04878048780487805,0.011529933481152993,0.05277161862527716,0.03725055432372506,0.070509977827051,0.015964523281596452,0.05809312638580931,0.09356984478935698,0.049223946784922396,0.021286031042128603,0.049223946784922396,0.06607538802660753,0.0811529933481153,0.05720620842572062,0.021729490022172948,0.03370288248337029,0.07361419068736141
3052505,0.05838146538979074,0.04477979731374301,0.06189837880070061,0.045767889453835385,0.01329149896092958,0.05134252495332875,0.05203541577009031,0.053410727223090086,0.030178921599565315,0.06107707497466907,0.10594724162939594,0.05454560456447627,0.023403000432537662,0.03750245886006075,0.06436444546240926,0.08129984493326285,0.07052227064140142,0.011093537516216183,0.025476282929109726,0.05368161859138709
3052637,0.07126122566827234,0.05769332803754375,0.04233554875314244,0.05387881137387093,0.021383811825729626,0.059920063604958884,0.03164115053934784,0.05746002041864993,0.02203194522927792,0.061977093998475036,0.0927430183374755,0.057431489974513625,0.03370602678940107,0.04587423788426068,0.03807707728697765,0.09572028846527707,0.052248139431183505,0.013033618122694298,0.03014971187090694,0.06143339238804095
40065,0.11082134643360483,0.09742170872426446,0.02347707006702721,0.04916358743894212,0.012188387415235398,0.05680597866565251,0.031894435981086905,0.059440041986318574,0.022525418295622514,0.0441461890712674,0.0854849891386643,0.031238367218586992,0.025268764440267176,0.0330232511168994,0.06705680433637219,0.0659790375788766,0.06648317107767297,0.010187611673071657,0.02920734126453296,0.07818649807603381
1803957,0.0641114953333781,0.044492378969985896,0.03456741422144632,0.03029527294702209,0.02260290069160008,0.042843114214731755,0.037328778620828576,0.07541714228160881,0.045251964009937556,0.051164976834754586,0.08942959779762305,0.04217585442825489,0.022510575438125294,0.029183173302893977,0.042444436983817904,0.11711038743033639,0.0722109380245753,0.017885919559524607,0.03238937755992748,0.08658430134962734
3052613,0.09436758893280633,0.05264602547211243,0.02860122968818621,0.02777777777777778,0.027393500219587176,0.02256258234519104,0.012516469038208168,0.13636363636363635,0.029918752744839704,0.03474967061923584,0.10496267018006147,0.03732981993851559,0.02080588493631972,0.018390425999121652,0.06340579710144928,0.05786122090469917,0.0802042160737813,0.040733421168203776,0.014163372859025032,0.09524593763724198
1972619,0.03932168627197188,0.04095203957949954,0.061504123120877476,0.05672093524337461,0.016167310459173502,0.061211785537088205,0.029132421606855592,0.04746350821034789,0.024648229075002706,0.09575548442527562,0.09428086357676597,0.07612726746638507,0.02469803068022498,0.05169097616410142,0.03884839398428626,0.07746849812928178,0.04531933846118337,0.021620531077797274,0.04762958388145705,0.049438993049049765
195059,0.06493484759109629,0.045592847636603706,0.04632630142251346,0.052050214875852235,0.018546014638816877,0.06836178616129068,0.02944274803872422,0.05457406946732057,0.02618091634775362,0.06450306276587393,0.07874256263657797,0.07234387290517257,0.0339310065846658,0.031120049241342224,0.046287812125705076,0.08582570103976685,0.067182521625321,0.012649361376199411,0.037699912926825355,0.0637043905925781
35269,0.05394457394457394,0.061445221445221444,0.054167314167314164,0.03463869463869464,0.020968660968660967,0.025091945091945095,0.05407407407407408,0.04614866614866615,0.024729344729344727,0.056741776741776745,0.09173271173271175,0.03796425796425796,0.012944832944832946,0.04323232323232323,0.09268065268065268,0.08124838124838125,0.07581973581973582,0.03160839160839161,0.03698523698523699,0.06383320383320383
1972613,0.052706743592172284,0.04403994082001061,0.06902531838215537,0.062079205496384265,0.01758661123581037,0.061349173941236325,0.032881589171271625,0.046185230571565955,0.029601783481946586,0.0755199186701576,0.08983681317937671,0.0852382187398098,0.032379472759844624,0.03859279459438754,0.03760481724858262,0.07166391374700082,0.046879896296705616,0.014227227044575526,0.038326086491094626,0.054275244535911135
64296,0.07556600999705969,0.057042046456924435,0.0344016465745369,0.0455748309320788,0.01822993237283152,0.05557189062040576,0.026168773890032342,0.0893854748603352,0.02469861805351367,0.05292561011467216,0.08644516318729785,0.056159952955013234,0.04028226992061158,0.03087327256689209,0.038812114084092915,0.06204057630108792,0.06262863863569539,0.027050867391943546,0.027050867391943546,0.08909144369303146
1986118,0.061768540679528874,0.04249372543559723,0.05798856200147199,0.03804968102657955,0.025130774489782265,0.0364477793938461,0.05975337698826828,0.048610512298607175,0.022738200523474576,0.05808987016645875,0.08567485800314749,0.0553046969931599,0.016562414137308648,0.05877657718153911,0.04839471913637795,0.07536714224230151,0.07662403288855994,0.010506322056498388,0.040738555207115355,0.08097965915037693
3052413,0.05123913079480451,0.03960720104117968,0.07779998488607627,0.03794332113782992,0.01717209481283729,0.04850745209919268,0.032828703432742815,0.06891733242581373,0.0414437698669517,0.07862996385662256,0.08410539238102241,0.0730780464360889,0.03816887349818455,0.07943265751459778,0.027581883305834325,0.054343660226305546,0.05228473740827782,0.015014095753639718,0.042539643502513,0.03936205561948476
694014,0.0658465942021359,0.036660750094864365,0.06375840341220908,0.05356584001459454,0.028940509024182316,0.05652694270086848,0.04137739092281277,0.06825182116467879,0.011742509194899668,0.059865548161267323,0.0838049861797011,0.0563710600626092,0.015317059294892977,0.05839584772749575,0.04120418173080898,0.06605835109135835,0.05313980505030095,0.017197560501505664,0.04802525733693368,0.07394958213188015
183405,0.06161360106262503,0.04746554593247574,0.06437894092617213,0.05895217115392643,0.01615125881277305,0.05819440162462126,0.04701242982783038,0.035823789473573904,0.016747598173400033,0.07180708681363686,0.08408158032399782,0.06783401848508014,0.03349687405617166,0.03598339361052876,0.026965164621954665,0.07406152531275183,0.0726169588284765,0.008558556188845988,0.0481832116644701,0.07007189310668772
405554,0.05517733974893857,0.030914919689389576,0.05453495174522645,0.04015951864359141,0.01938803878417531,0.033387351417299406,0.04794422568916129,0.0456350893366916,0.025082686601062935,0.06321410722775135,0.0995937718315922,0.05701680851125372,0.027106990339712013,0.04272878668415808,0.05664120127029112,0.08651937442264779,0.10110305367166816,0.005804875899454877,0.043826886029295166,0.06422002245663896
35244,0.15660612070915322,0.0963646328096456,0.021030151190911145,0.046970962297962666,0.016871966177775456,0.04990691928945491,0.030120743949753816,0.07222454199070932,0.010826069558258086,0.020451658924439342,0.09392017676635872,0.017406962785114045,0.012626789846373332,0.0481931903196061,0.06204220818762288,0.05719679176018233,0.043304278233032345,0.01627172608173704,0.04212554587052213,0.0855385632513875
1330524,0.08318264014466546,0.07614526823387582,0.0229957805907173,0.06271850512356841,0.006962025316455696,0.012658227848101266,0.015189873417721518,0.10644966847498492,0.009915611814345991,0.0606088004822182,0.0653254972875226,0.048372513562386976,0.023553345388788425,0.021518987341772152,0.11678722121760096,0.10399336949969862,0.07115732368896927,0.007805907172995781,0.01751054852320675,0.06693791440626884
1980915,0.06989913323335759,0.059870594223722456,0.03489988471998882,0.06440916687856972,0.012353839449974624,0.062243804531079305,0.037718185968966575,0.06653264887372658,0.018072670031156996,0.04962952417390776,0.104571182857292,0.06537740881813243,0.02960835370394593,0.03994102573730251,0.052158717055372415,0.06897621285621537,0.06078630273732763,0.009439798894712225,0.03173401947122828,0.06177752578402076
1987019,0.041484759379111794,0.04284057069841496,0.04793194601240562,0.04744618962991617,0.0242082932981068,0.05179707604167871,0.029359201242788638,0.052906968136004005,0.029653004889594454,0.08479609482159178,0.09943746271280567,0.08271310240938881,0.027450100605237678,0.03236095701274142,0.055443303497278426,0.08795487050403189,0.06976268499025498,0.013977569307667269,0.03374300385797801,0.044732840953002936
1972574,0.04503410274075805,0.037831171378789476,0.03805134941150427,0.05534576845773704,0.009096916513458068,0.056239229161517225,0.033563351891356806,0.05265333316557096,0.02495495698182283,0.056174987340391704,0.09959017555496409,0.07249565658139409,0.028203021223815832,0.055719481731544805,0.052982844863879046,0.08760950390154727,0.05383554618595942,0.02014343428509315,0.05789927039484932,0.06257589823404652
3052045,0.07432827581553572,0.05188158668239741,0.05767720850968083,0.05269839795113324,0.021406039916142074,0.07332995280839238,0.04136618252425371,0.07777966383339505,0.030519852744517278,0.04601299911579778,0.07362682944897826,0.04564281914462129,0.03393696190594796,0.031931022706478226,0.033759869455202124,0.0762379549881382,0.05817985792600231,0.035168078455260356,0.03509386370167149,0.0494225823664543
10991,0.07566077140077364,0.04884114580212548,0.051772951330105614,0.0654792112638579,0.014893418322102238,0.04215222170271636,0.031461522763901864,0.05970388533853621,0.019212964146412263,0.05691616187004843,0.09326965628294251,0.060494529980902816,0.025532166011920522,0.04348093469989241,0.03949365537702872,0.09539003161772135,0.06161343579211679,0.006868746629174584,0.03542781254702947,0.07233477712069082
1159907,0.06843690753975169,0.03984538193241203,0.05290806197707195,0.05457225761124398,0.02220317203648291,0.036074721085245454,0.04459888785298422,0.05535517617556123,0.02270958953345839,0.07002067700481089,0.10398092364082047,0.05409760308966941,0.018719387548815716,0.0333461783718409,0.0536531898638748,0.0709521885208926,0.06634933011209046,0.011355283384736724,0.041035511229654535,0.07978557148858166
1978546,0.05807742109215036,0.05066450724196768,0.03974632388077799,0.05167103576419043,0.02051329492127077,0.07481461177707632,0.034807012547022044,0.05302721905425974,0.024079460540711813,0.05851072496306723,0.09484471347133246,0.06641669495903779,0.02460512949748082,0.03902334934864787,0.06504967440079815,0.08161502861561239,0.05898194405946766,0.017645463908756626,0.030237328461713436,0.055669061494658445
1239569,0.05624173402200346,0.048853379174782656,0.04543738184221522,0.05597737666945723,0.014356260115424102,0.057352465769618305,0.04549146697936441,0.06787873870651684,0.022274428640045186,0.052048363145944465,0.08441330802958318,0.06203070911523959,0.01841193346816415,0.04888579231636154,0.06174815875584752,0.0693017497588508,0.06917498308509358,0.019456348560453775,0.031609445032023946,0.06905597681301005
118140,0.045165814222075565,0.056096353737007096,0.06859429137106088,0.03790628609140406,0.009754990925589837,0.058591816531925425,0.028831875928064677,0.09812737172083814,0.04611450255733377,0.04632073915195513,0.07900923939943903,0.062448440851344655,0.024294670846394986,0.03518396304240225,0.06766622669526481,0.0749257548259363,0.053353407028543146,0.00839382940108893,0.043598416102953313,0.05562200956937799
11757,0.058851223519930385,0.05541333431160569,0.033059241142535487,0.05440119156111055,0.014632923547292998,0.05639162007296704,0.044647996799450064,0.06835766344289812,0.024772404249942943,0.056174659691674234,0.10795094407346051,0.06562326134437133,0.02022017032866926,0.03356350951108801,0.06535068471080342,0.0716039768681694,0.06066482020233693,0.021018599974922704,0.030445385306429533,0.05685638934034141
48543,0.08357477419137209,0.05261873463029785,0.03839744006839535,0.05082947790485698,0.02696314048735458,0.05545118481867306,0.037397765020503876,0.050839064641771285,0.024465772372265614,0.054844485734699355,0.07565003979252018,0.06400302484081256,0.024303061742342025,0.03974154472104279,0.06427124204766514,0.0632999367655006,0.07740250363406313,0.009299140979914085,0.03455163382395975,0.07209603178198973
1511783,0.06566347469220246,0.04286365709074327,0.049247606019151846,0.05791153670770634,0.023711810305517556,0.04879160966712266,0.030551755585955312,0.0702234382124943,0.024623803009575923,0.04149566803465572,0.09575923392612859,0.045599635202918376,0.026903784769721842,0.0533515731874145,0.049247606019151846,0.08253533971728226,0.05927952576379389,0.0168718650250798,0.0392156862745098,0.07615139078887369
59302,0.0716987287764888,0.04645172409727861,0.06507931199950931,0.0455015062576139,0.021449035766530476,0.06314967567895864,0.03991208835905393,0.04710480053038392,0.02125779053564999,0.057327020719413584,0.07864605100624461,0.07054716950286115,0.02592896457372196,0.0904099383927923,0.05151920861278543,0.049542147543254526,0.050196039353424676,0.006676561407991803,0.025695578040251757,0.07190665884579063
48544,0.08602267332090353,0.052747150874631936,0.038540400582712075,0.054444154255615794,0.03000859499473146,0.05570453340004896,0.030524425071164808,0.05533000370734572,0.027712583957931344,0.059555127758981564,0.08365431677109565,0.05548290750131493,0.020575599206597118,0.03312624206054534,0.05636339952018618,0.06362260656864202,0.06807957096517654,0.009603359209396067,0.03830755776334993,0.08059479250962898
3052610,0.09743076409743076,0.05905905905905906,0.017350684017350685,0.041374708041374705,0.03670337003670337,0.04971638304971638,0.01901901901901902,0.09542876209542876,0.022689356022689355,0.030363697030363696,0.0980980980980981,0.0333667000333667,0.02135468802135469,0.028028028028028028,0.06606606606606606,0.060393727060393726,0.06339673006339673,0.027360694027360695,0.02902902902902903,0.09542876209542876
11665,0.05423943600587367,0.042068927695136114,0.059451651424021035,0.04121096312100281,0.021941719432293158,0.067398917968903,0.06176765382540856,0.07360175777346398,0.021841060536385598,0.07203220119348436,0.08327781394141498,0.07629294781801567,0.023169941875677866,0.029642030769719916,0.050381598592096045,0.054503181153051784,0.062403083291432494,0.022824754530901825,0.030290320710546298,0.051660038341170826
333926,0.06243257462381487,0.06720294815332227,0.04097276806294901,0.06400256715704865,0.03885506839892084,0.06674767057200766,0.04156500797838044,0.053768965795961444,0.015661142315109438,0.052758519598937216,0.1085600964950615,0.04211732356130284,0.014909457362611666,0.04459932737769176,0.04538318281024142,0.07686413740934415,0.060970409176997926,0.010608111571319514,0.03732182346846364,0.05469889811051374
122291,0.05538144414092621,0.05950094777521541,0.04462130254993011,0.06849648610685777,0.03422844225893877,0.05924873025517041,0.04803409369360665,0.06776113814820471,0.01610195922646426,0.050565324539840396,0.0933480763885584,0.044214662917308266,0.015120249136736113,0.04205982207342602,0.06365163267601742,0.07489912984004549,0.05886050695841353,0.011976582514475266,0.025221902612407004,0.06670756618745778
1330068,0.06801552389018163,0.04382933587679557,0.038558339294572946,0.07775835464305193,0.016536012739237563,0.07224523580471252,0.009189079557196382,0.06522752749707418,0.03040297979756452,0.06934415401102349,0.07145528248053347,0.050852964312045536,0.029189956613138845,0.04410078469098853,0.058711659636515125,0.07030085759626374,0.07569332642651778,0.014076418980586916,0.026941514072636674,0.06718533562464199
40052,0.07041086135357857,0.060057492404319755,0.04809848473521524,0.05475541223047564,0.011090685549642982,0.07401080477550023,0.03680241758634718,0.064923795195406,0.023901032636098662,0.06907736954509983,0.08243736424464518,0.06448842189373333,0.037213932185879886,0.03587235854085216,0.0403196991061047,0.053324630100566726,0.051370422865165286,0.01223285427829568,0.03573701195397028,0.07387494881910274
2170196,0.04522321367908246,0.0678275345785519,0.0365026525243558,0.035401320494756076,0.010866977990899583,0.08002519439019111,0.054260757144135766,0.07351653182187644,0.02852731559599072,0.058941540213612045,0.08794780872906595,0.06794186977539848,0.025462416801268317,0.03414546093173646,0.05935840302623077,0.08077384641951059,0.04809930827642022,0.023032890770268478,0.031153411854992562,0.050991544981656284
3052321,0.03504632688196325,0.06520869912770917,0.05587326302525806,0.06794063632903916,0.018132760597452596,0.04222085613889785,0.04066891569642918,0.05276410373703151,0.031007444954980305,0.06733963097511589,0.11125195132064805,0.06569146749240323,0.027604884599490336,0.036620271521536095,0.037459764046297576,0.08726722589399578,0.049610725115259754,0.014095846793345182,0.030815626509070645,0.06337959924407635
138951,0.07338195077484047,0.03965360072926162,0.05150410209662717,0.04831358249772106,0.020054694621695533,0.05332725615314494,0.037830446672743843,0.06517775752051048,0.020054694621695533,0.06608933454876938,0.08021877848678213,0.059708295350957154,0.02871467639015497,0.041932543299908843,0.053783044667274384,0.06608933454876938,0.0715587967183227,0.01276207839562443,0.04238833181403829,0.06608933454876938
3052305,0.049189714406133477,0.04640067285173064,0.05676313960468507,0.05449008787656995,0.02753773178201505,0.05421244056083054,0.04186782334143694,0.061054114988742046,0.026366211761327262,0.05715857669073816,0.11287151766073755,0.06695835319347802,0.02675022303191783,0.03558867297006054,0.03521482028812666,0.07751699081081909,0.053676528267218165,0.01574045267169635,0.03208780311234228,0.06855412412939442
1978542,0.03220601327863201,0.05038706486416617,0.05543678783421455,0.06814588895727793,0.017372705831570245,0.06749287845712656,0.03992644235521272,0.04719570791140809,0.047562085973038966,0.07544177705618611,0.08653947716356138,0.0917707702300492,0.023406881052672076,0.029709480052287438,0.04516902736579195,0.05882707636896031,0.05168335430006913,0.013395394022884609,0.04052395379414187,0.05780723313074863
2169991,0.05426690293334239,0.05703985505679843,0.04485169463454677,0.05310497152505041,0.023630374129911594,0.05876418578789677,0.0484087086954802,0.04881578468705398,0.02819484741778914,0.051891184932715675,0.13454076711002558,0.05100723865902307,0.019815499807709754,0.043396132111746304,0.05541982078619695,0.08806321125713501,0.049406709958830314,0.02277923301780354,0.021165733002239163,0.04543714448870493
3052408,0.06796848693713166,0.040430994149574094,0.04304466180599894,0.051337059473882486,0.023101447226868323,0.06413715563754434,0.03873208265537885,0.0453925035163698,0.020077567188217613,0.08620534686873116,0.08798416655374415,0.08711476731689223,0.0331293748241144,0.04461260333247894,0.03733594441031601,0.05786424856132034,0.06838196786369888,0.010628581346383885,0.04156747439981439,0.0509535659315395
694006,0.06856569106750841,0.05081256386095049,0.05666497490158925,0.05047825950514352,0.03491541206634366,0.037621891481865705,0.03027189947185301,0.05528998412377718,0.020089901771272865,0.05781654983128806,0.10568574746009672,0.03767723109177988,0.02377651948116069,0.05739128572582029,0.043811227155892064,0.0632771705516696,0.060911910750454226,0.012646805577857186,0.03784979877247771,0.09441911128572657
3052393,0.05635246922544737,0.04840798845984969,0.05136606802994628,0.052415339454199544,0.024601167759084875,0.05869366407841372,0.03558076901666891,0.0425718644066894,0.026684776938009927,0.07287601650126212,0.09165747779987556,0.07257157926432328,0.028256372266168537,0.04933096850640497,0.03520355297606113,0.07229472736064206,0.07220121156368996,0.01140618464100539,0.03895440975781018,0.05857339199444708
1933263,0.06757205221346034,0.046463934234748205,0.0605433973629416,0.04902356504528473,0.022775057830651518,0.06342010714397185,0.03930779549781661,0.043600171311942514,0.025408164861037506,0.07381085861584198,0.09828158290432948,0.07303638834267924,0.03082775137630354,0.056768545788779844,0.03333122121539452,0.06113025596076429,0.05768923228502909,0.00937642903409217,0.037893659817084924,0.04973982915784606
3052328,0.04171971819030642,0.05398025986261281,0.052624358506711454,0.056598844834138955,0.025274739980622334,0.06158844100020571,0.03622499504852446,0.057114104172927706,0.023989382812912224,0.06279935397582456,0.12083481495246202,0.0668847227670757,0.02433235374411845,0.04684069095833802,0.03913474207591855,0.08340636281812752,0.049409761174467055,0.015678780384662735,0.024043409337526984,0.05752016340251634
1985703,0.05752596444195604,0.0463544424458524,0.04818875506316996,0.06133377202492781,0.017354299984330687,0.05800753203428877,0.032142960444123125,0.06290418623099599,0.018220417391529145,0.06555403119635772,0.09359826292522805,0.06481788611377783,0.029777463138760386,0.032362668606494165,0.04416238921585188,0.0861651811674284,0.06895275984475735,0.012885793277013965,0.030015513171399277,0.06870672903369501
11657,0.05934887238161474,0.050051005015742306,0.04735709371753131,0.04360634933808855,0.021426568448477235,0.07027907784922637,0.05474608916104238,0.06461388034313231,0.023108371341178213,0.06675671572398281,0.0960609429737622,0.0667614558392229,0.019320916082425577,0.028197560424024947,0.05551063910736151,0.06043589086688853,0.06170470965593492,0.026552940546122807,0.0273761072077492,0.05678481397649118
40062,0.0662826498643699,0.06696457020024253,0.044911327041354615,0.052556439324708555,0.009835962516912341,0.0788633705921248,0.03560500940551478,0.0626235706801439,0.016878973954126863,0.0677546338939724,0.07126387470637817,0.06299628925189794,0.036959162618211805,0.034461362933076646,0.040726247746389804,0.0636998663626103,0.061676792731544604,0.01103731725044809,0.03993854510392551,0.07496403382204643
201490,0.07042360502172287,0.06971598843547881,0.04138493196220855,0.06020887326900248,0.014525349927487372,0.06561883119938529,0.034160389991554976,0.07007649513731,0.021358202212926457,0.06159937104855877,0.08314199646795503,0.05229053350474636,0.03529580628707156,0.03483395081102063,0.04678387132037602,0.06393909041906252,0.05727852900841569,0.011454201103162545,0.03315607987319332,0.07256196441970618
2501999,0.0927020601583575,0.046783691980127474,0.03160918354841606,0.032004213698511384,0.0274991637677111,0.024793410044047347,0.03028570835647427,0.0647339057066998,0.03170214234131478,0.07553193529527276,0.1072274257016845,0.037817344888243856,0.01741508837530976,0.05376080060766743,0.05034098956366688,0.08268878499653018,0.06650743764731346,0.013904151975733399,0.039680687865073186,0.07301187348184487
2560317,0.0748152591255458,0.03830868526098013,0.05295201389057851,0.04683437572464746,0.016349776613871655,0.04493121982805993,0.05753483208634924,0.058132559724576004,0.010515966168464017,0.08350658201284983,0.10661163713053777,0.050835897462120826,0.02533853356233295,0.030577841559394973,0.04825796071504767,0.09351637776298538,0.06210913572826133,0.00823474512184306,0.027894832654296816,0.06274176786725667
3052441,0.06582150546981926,0.0391251474074042,0.05465194538218593,0.04835159823573439,0.024541736327496334,0.05531116218552971,0.04423895122372801,0.05016452533439716,0.02062581115199548,0.07293112477423193,0.08698285208137975,0.07610879739597176,0.028449958129387224,0.05588646695173113,0.03640203449575286,0.05803352417329222,0.06447198873713392,0.012252088999817468,0.03889959521656738,0.06674918632644389
3052397,0.05293828898963918,0.045121297802136674,0.06547549016949071,0.046404661567920176,0.022389663789947903,0.0625069441899404,0.03320728531117018,0.04702780096513648,0.01964897374958254,0.08694303843275662,0.0927889887397307,0.07455366522850128,0.024193804436820163,0.05460439713647747,0.032886549397156066,0.073331255359378,0.06186973993510273,0.01161719479393044,0.04467480663133861,0.04781615337384365
11024,0.0876444666627113,0.05233324680815756,0.03836792709501817,0.05655223364665576,0.02828954205694001,0.04974397287191454,0.029438467849015923,0.05419650694548609,0.027956062716673346,0.06026853715186949,0.08536251991149081,0.06033708017484444,0.018123546528090964,0.03313671047961908,0.06156972495797708,0.0629397946211343,0.06947922757886965,0.009754059722849966,0.03519006423988527,0.07931630798079621
59816,0.07713580004266446,0.050676040066249775,0.04817070101555815,0.060174277160847445,0.005949655927844318,0.06508009175257484,0.03658478124872666,0.0672726379344645,0.01476957591998255,0.04681406681063927,0.0928443537891081,0.06163517565536697,0.025363786495497462,0.0295391518399651,0.0714995362036773,0.0644017746501154,0.07849243424758334,0.013829998873466295,0.03334899295077527,0.05641716741489278
1972564,0.04000137824969693,0.047846886196984746,0.038288293860202605,0.06965671015994845,0.016605602439344624,0.06518986195070425,0.029601135824231694,0.05792432157962059,0.023868702715873307,0.06559710654583645,0.08677492750821683,0.07065866149275726,0.026478028001717842,0.04136068321088094,0.05376352475982884,0.09229858417846368,0.05361263655222217,0.018352479287942876,0.03721133839333269,0.06269432239683446
1972572,0.05105015567148313,0.0444098100794215,0.03950661866460976,0.05461469744722482,0.01049015000777972,0.05461380521957299,0.027640716870134766,0.05962913337614937,0.02213244399733767,0.049011338141355,0.11539309906933282,0.07519724444257318,0.030081360339309488,0.05360455657936821,0.05691652053127618,0.06979627060273776,0.057871072283141554,0.015272182487979222,0.049472129176276934,0.06329669501293596
3052596,0.0649747544290201,0.04189687245490451,0.045450287064028004,0.04616658981179247,0.018956783819627464,0.051859498322119106,0.048102779238441466,0.060967193609176226,0.018062758496715098,0.07644092636322995,0.10633023223317724,0.05224485408308705,0.03126990303295137,0.03152495479708885,0.043669886701735446,0.08556064594783121,0.06777937709110368,0.009361139871215953,0.02970929467166023,0.06960861131949055
3052235,0.10785039350652555,0.0698474082846076,0.015283842794759825,0.02594182517948338,0.02134063602496731,0.03987491673451262,0.016246021760047368,0.10782572225100535,0.027138381072212767,0.035637628598919405,0.09651703550193669,0.025889398761502973,0.02362889497446525,0.03254446993807515,0.05562751338415612,0.08674413440900007,0.08190856832704216,0.035612957343399206,0.02448622110379197,0.07005403004958922
3052605,0.1109802767147483,0.05622608183691492,0.024433323520753607,0.044745363556078895,0.035914041801589636,0.04327347659699735,0.024433323520753607,0.08595819841036209,0.023255813953488372,0.03238151309979394,0.09802767147483073,0.02943773918163085,0.016485133941713276,0.030909626140712392,0.06152487488960848,0.06535178098322049,0.06888430968501619,0.026788342655284073,0.024433323520753607,0.09655578451574919
1985706,0.04895158557844238,0.05404225472338526,0.06473847728460617,0.0687730221688214,0.012341728647643045,0.05263776780954867,0.026210615669657072,0.05809460948207879,0.0215768531483603,0.0995383309445794,0.07876301917050134,0.07657827920359597,0.046525217729528626,0.030316032299253896,0.03000571227093792,0.07890637448589019,0.0641097482332618,0.010175653853617135,0.020645776573488858,0.057068940722801775
2169701,0.08427551769634703,0.04937638192845111,0.03772081248685122,0.04826317630028408,0.03418230936527773,0.05443004289812427,0.03382041304247876,0.05920888558224556,0.030281909920905275,0.0524840229217259,0.0767523235903459,0.056939631931585924,0.021883059072347222,0.029324748135485065,0.06012459822193614,0.06656767635392416,0.07787110221289675,0.011101753124708288,0.03827880854953068,0.07711282666454894
333929,0.060037189761262065,0.053941368161883975,0.05232841618570727,0.06604619980556187,0.035385591838750424,0.05851788202537922,0.03979024260532784,0.05469496141694945,0.020151310394596368,0.05277242214978293,0.09506718178157479,0.05692791973892632,0.014641081117585275,0.0484534739823758,0.05418331950034968,0.06991163204044396,0.051790136041385916,0.011658834430391701,0.04922803970041977,0.054472797321345336
72149,0.09292763157894737,0.04564144736842105,0.04111842105263158,0.046463815789473686,0.012335526315789474,0.038651315789473686,0.0390625,0.06455592105263158,0.02425986842105263,0.04564144736842105,0.09169407894736842,0.02837171052631579,0.014802631578947368,0.04070723684210526,0.0884046052631579,0.08675986842105263,0.07730263157894737,0.020148026315789474,0.03536184210526316,0.06537828947368421
2560316,0.08368896331740305,0.051933162096636995,0.044758392762155604,0.04524910131345868,0.01901217476850308,0.052431250442675555,0.046211801059884636,0.05942804081090341,0.01926718649243561,0.06649623746909916,0.09686182988293021,0.04400265027225366,0.027497268292447207,0.02821514035678479,0.05013439830588017,0.08729875043460165,0.07238749369630375,0.01001721363639337,0.02846295821749693,0.06664598637175245
1714619,0.06217948717948718,0.06217948717948718,0.04294871794871795,0.028846153846153848,0.009615384615384616,0.14807692307692308,0.035897435897435895,0.019230769230769232,0.0,0.06474358974358975,0.11474358974358975,0.06217948717948718,0.08397435897435897,0.0,0.026282051282051282,0.06217948717948718,0.09807692307692309,0.016666666666666666,0.019230769230769232,0.04294871794871795
3052602,0.07228126350004763,0.053074906832961205,0.05238989453089021,0.044761157129740166,0.021071684934420493,0.04220930168306789,0.05442718858163548,0.06022569544799439,0.015266378949478724,0.08050878446056724,0.09823071453083769,0.04652128388028423,0.025466744934712137,0.033519662711492565,0.0571554344537143,0.07908865250523305,0.06706121788564924,0.009441618543146473,0.029829587662944673,0.05746882684118227
12092,0.05511811023622047,0.06299212598425197,0.03937007874015748,0.03937007874015748,0.015748031496062992,0.12598425196850394,0.03937007874015748,0.023622047244094488,0.015748031496062992,0.047244094488188976,0.09448818897637795,0.06299212598425197,0.023622047244094488,0.047244094488188976,0.05511811023622047,0.13385826771653545,0.023622047244094488,0.0,0.05511811023622047,0.03937007874015748
11569,0.05945050909565425,0.05602350064474559,0.03989041721203386,0.05352369209745583,0.023419269889227278,0.07091983598668683,0.040557478502945034,0.054249837036117576,0.023755076737916252,0.0572186900533806,0.09068743813319619,0.06731069610266453,0.02544863258716858,0.039859473162483824,0.04727639270746251,0.07469076598965965,0.05743680051644708,0.018934717784860458,0.035617485202864875,0.06372929055702918
3052470,0.06377675465330311,0.041809263498273706,0.035300120351126306,0.057055794551712426,0.02566783257910769,0.06117785377866353,0.04262596149422541,0.05724955791722602,0.021644891549383052,0.0625944166789897,0.09516623111102533,0.07027884691100329,0.021675438530205583,0.044596770113994544,0.04341360320176493,0.07201462641125887,0.06372720745104345,0.012591552354288054,0.031026675425174566,0.07660660143823045
1985982,0.07097933513027853,0.04941599281221923,0.035489667565139264,0.05750224618149147,0.022911051212938006,0.04672057502246182,0.04043126684636118,0.07232704402515723,0.023809523809523808,0.04941599281221923,0.08849955076370171,0.04806828391734052,0.021114106019766397,0.04941599281221923,0.051662174303683736,0.07726864330637916,0.06064690026954178,0.016621743036837375,0.03593890386343217,0.08176100628930817
11082,0.08257686676427525,0.05915080527086384,0.03718887262079063,0.04480234260614934,0.01815519765739385,0.0629575402635432,0.02459736456808199,0.08550512445095168,0.019619326500732063,0.05183016105417277,0.08931185944363104,0.05651537335285505,0.03367496339677892,0.031039531478770133,0.04070278184480234,0.05739385065885798,0.0726207906295754,0.02752562225475842,0.025183016105417278,0.07964860907759883
3052306,0.049113441481681584,0.059037580129985105,0.04341559611831822,0.047396319197588195,0.03318539567385154,0.05489353133632933,0.03350615130538055,0.08623468561913014,0.018170329927783863,0.04895137677785599,0.10836313083345349,0.048471707649092886,0.03197950114117726,0.04206673076913983,0.05175359809430413,0.0743575688109358,0.0405731571992283,0.030906306900839682,0.02943414254580281,0.06562711110623687
3052202,0.04886196427898478,0.038875804872458515,0.07043857988256409,0.04770218042020454,0.032392398940396465,0.050703113682357005,0.01693384404918614,0.04587397073921414,0.005681202107084081,0.07196335508904461,0.09182045518407722,0.08647434732588681,0.03176149036636643,0.05172650618240696,0.02094139163296199,0.07301707355305138,0.06583231772310329,0.004994649853903883,0.06612297298488788,0.0778823811318598
64280,0.06674577276772471,0.055176505487985764,0.036487689113022845,0.04568377336102047,0.01809552061702759,0.0625927024621774,0.029961435775734204,0.0848412933847523,0.022841886680510234,0.05013349154553545,0.09759715218036191,0.060516167309403734,0.030258083654701867,0.03203797092850786,0.042717294571343815,0.06348264609908039,0.05903292791456541,0.030554731533669534,0.026698309107089886,0.08454464550578464
369960,0.0651979633351398,0.060297389837897085,0.02818286922733673,0.03962971845712793,0.016577322987942213,0.055338904055516,0.05317916293544858,0.06606345286075241,0.025471139572480858,0.03654660197937386,0.11166971324279762,0.06961202657901296,0.009795112565735979,0.02977979842493218,0.08271649264932479,0.06083764447281903,0.06289678802480574,0.026656765570986698,0.030277590280392036,0.06927354294017748
64310,0.07902467685076381,0.07285546415981199,0.029670975323149235,0.04289071680376028,0.02144535840188014,0.06286721504112809,0.028789659224441832,0.09929494712103408,0.02379553466509988,0.04524089306698002,0.0863689776733255,0.043478260869565216,0.033490011750881316,0.02790834312573443,0.0399529964747356,0.055522914218566394,0.06198589894242068,0.030846063454759105,0.02379553466509988,0.09077555816686252
693998,0.06782422619625847,0.04006661021517883,0.050130101263273254,0.04104944569636995,0.02341065574949152,0.03364355586717431,0.028923972923126567,0.05618498391749817,0.015675546330807283,0.06553151688643337,0.12517792962561583,0.04026562115562449,0.024186823741951673,0.06342994445314276,0.040783317475355324,0.07363974221550118,0.059679885345504564,0.014713963815989006,0.04481108461190522,0.09087107251379827
3052538,0.09867875473236704,0.029019622901283577,0.03187146170212531,0.050167286589646844,0.04356746499538262,0.0816930229457199,0.02119390263097357,0.06937858417296142,0.04356271883045339,0.038739515203719196,0.08114246341117867,0.06491046613962599,0.027527505632768796,0.028246316273776228,0.05599494752943592,0.06333085993105607,0.05570221871889084,0.023661754297909905,0.02449528489018519,0.06686158963504502
1239565,0.07181789698067442,0.057760685927122885,0.045247198151052534,0.05460811079602962,0.012025903570982228,0.05334470443067943,0.03755234489277548,0.06797443087305736,0.022166598897742855,0.05054945635241248,0.08887366288392856,0.05866280471812528,0.024405173673269297,0.039291453898649374,0.056216962649641704,0.06098631067739,0.08398593926848288,0.01657214221968749,0.03411945284955123,0.06383876628874491
60876,0.08928557315985865,0.06034894939464124,0.035551002361066814,0.052884267968163694,0.03080928231552244,0.05980449242696161,0.029532553411888946,0.055761065199577714,0.029294902404184465,0.04595101994397443,0.0852913599029602,0.057645354347754175,0.02377064151276269,0.0338119950074157,0.05841088192413204,0.06033813711655062,0.06751547327313924,0.009426104935141075,0.035263562735137775,0.07930338065916649
3052619,0.051939910641013956,0.09463618127108597,0.02486436582474697,0.02824952129114617,0.009528585757271816,0.062386021701468036,0.033344351235524754,0.08874920215191029,0.021895231147989424,0.07642244916567886,0.08336372754627519,0.059963982857663904,0.023775873073766753,0.015045135406218655,0.05047528950487827,0.08845285857572718,0.0698231056806784,0.013580514270082977,0.03217607367557217,0.07132761922130026
3052484,0.056464200397148036,0.047142257733721965,0.033180340826575755,0.06341101139821771,0.027028231987296078,0.05774421116234552,0.04663104633632084,0.05767541467411807,0.01984806633357025,0.06191787033405957,0.09783869715139192,0.06609309533383496,0.02748198156673891,0.04659084564424928,0.04187051258617963,0.07439507869790758,0.06549538766835923,0.013667926210615432,0.030226996613365618,0.06514293383828956
3052223,0.05171177251383847,0.05118403183148259,0.05670257731853046,0.06090953422264782,0.019700307095915477,0.0492905341975509,0.03547990737690893,0.05570807508083098,0.01261663361751565,0.0897363041054656,0.1028791119678326,0.058897874080188116,0.025328788502216686,0.027864337007614173,0.048028376469800946,0.08552708458365099,0.05989720706464493,0.00782923526668691,0.03564233144092542,0.06506597625575232
11216,0.040462243576697025,0.05615844337010762,0.0688867907686105,0.05701312810139512,0.01240343167953777,0.05082721810160811,0.04903078570452315,0.04763598656335345,0.02126215045826824,0.08993756142586877,0.07929082984156247,0.07634744095301065,0.030533044511924488,0.02585664505039867,0.03563534206210197,0.09059040179280961,0.08337037267276268,0.008228393902224542,0.028206504532749328,0.04832328493048586
3052765,0.04983501051541054,0.030284197331135018,0.039653105086529035,0.06367530331813186,0.025383319067049232,0.05521024954676009,0.027518896375137547,0.0435406716608242,0.02852913371670342,0.06669188687886338,0.10167470022218679,0.09220245160274065,0.026240858465478984,0.047924933395057906,0.04249709483365311,0.08147286040262534,0.06620185802804644,0.00956450734729942,0.03985824648061271,0.062040715725754314
745716,0.06163992600039867,0.048634627399212475,0.042907587057366414,0.05489546812927012,0.03076980778909587,0.054477882948697945,0.02692686143018841,0.05564419395752978,0.024958466468087075,0.08114312674876209,0.09333767778303084,0.05452571584448269,0.05551260805356353,0.023479205002151636,0.04682959390902378,0.09452259155615088,0.045602008007939,0.01381290315788153,0.023968109074060624,0.06641163968310661
40012,0.07860900058445354,0.07860900058445354,0.026592635885447108,0.04500292226767972,0.019579193454120396,0.06779661016949153,0.022209234365867914,0.10081823495032145,0.021917007597895968,0.055230859146697835,0.0853302162478083,0.04266510812390415,0.034774985388661604,0.02951490356516657,0.03974284044418469,0.052893045002922266,0.06341320864991233,0.029807130333138514,0.020748100526008183,0.0847457627118644
3052426,0.0606093705820259,0.04409859347594388,0.05732622647232427,0.05195522356264345,0.021230995914540213,0.05838293920273602,0.044003672656419496,0.05575010011878836,0.01729800988537097,0.08086215028169477,0.09008400173144261,0.0760827576682656,0.026767255907136262,0.0516071672500688,0.03275033362017179,0.06698907487556732,0.056680863908488664,0.012940850436247717,0.04274999603165821,0.05183041641846565
11673,0.04850929619563055,0.0633238184175279,0.03628154451894094,0.0504204552037149,0.02502333288379762,0.08399952806451616,0.04767963381648854,0.05493371703606501,0.013232321896552905,0.06231879091682443,0.08876900890562643,0.07633761832262263,0.034214676574783005,0.03505513726173153,0.04473763614011528,0.056834259314785994,0.0604372779211324,0.03179160240593957,0.030749649771753113,0.05535069443145109
1972616,0.05077256846355051,0.05739473009092011,0.05269566850373912,0.05645112805989011,0.016281232900649863,0.062364609398884066,0.03234826745174125,0.0519449583898777,0.02094880835833405,0.0705457773389076,0.09268564012038112,0.05429180664908716,0.030159861664592537,0.044156421300140816,0.05116423645072975,0.07455851118576534,0.06051910389207924,0.020711491975521225,0.04691998497064902,0.053085192834559425
70796,0.06679380256960839,0.0629293061108277,0.02730060621878448,0.04640065011329529,0.02367041154069733,0.04804076257815003,0.023667445695372095,0.08366946247019325,0.02167736348213968,0.058705942367693636,0.07675014532642094,0.03948429881484821,0.02472328663115561,0.042770455435208146,0.0540228725991482,0.09292586573025044,0.06608793138220256,0.026719300535038498,0.03140237030358393,0.08225772009538158
3052315,0.045455954758456575,0.05222231922799782,0.048581165493846785,0.04486835587677844,0.022904642625448748,0.04478127323249731,0.04249930397465375,0.08900639336028793,0.029433670488582458,0.05735315084839021,0.12737219130017305,0.05166595481597408,0.030955438377161033,0.04090557351067009,0.030389953033236067,0.07830914862063411,0.03966656128683448,0.013916550797958388,0.03270938641478197,0.07700301195563666
333930,0.0534321963003325,0.06310017506558181,0.047708536913943334,0.057810508748631535,0.03537732179344235,0.0668303321403597,0.0413091396050004,0.052881695497029285,0.012410638481765148,0.0519280447113743,0.10270195952365212,0.04675197415721875,0.015581584170481286,0.04999877998431923,0.05551779185213804,0.07367349429432075,0.06681946512733489,0.011284151631186047,0.03765135271975449,0.057230857282134014
1972565,0.06019324593379819,0.04443390261494474,0.04186251918267547,0.06421280862755728,0.013241133008674133,0.06233701804375212,0.036394613742349896,0.06237139686133349,0.023383338967276977,0.05739336332566132,0.09122374153007505,0.06772340481044556,0.027328043431402264,0.041597290140482183,0.053979190847562655,0.07553806227674303,0.05795023096398806,0.018304041967567596,0.04164004895331027,0.05889260477039969
3052319,0.04421878742264836,0.040787587581194606,0.057820407789478244,0.048533881620377306,0.023247213098131353,0.05340755622477069,0.040453471991068406,0.060814760268004524,0.022828143889882666,0.06401240885817806,0.11619059434510544,0.0697658687877613,0.031629070920871256,0.043148540712284994,0.03591535593421543,0.08470965039745972,0.055002379910433795,0.013009146449379344,0.030242376854481823,0.06426279694427267
11033,0.0911879773200838,0.05218179782754216,0.03600720672689125,0.05096004882399888,0.03170030757937429,0.04832318519469357,0.03374476328797722,0.05947174744414311,0.030515491737969556,0.04313202407188605,0.07414865778322893,0.06195217861336823,0.02207404819958221,0.03181110706578995,0.06348679253707187,0.062207099505817876,0.0740834912704778,0.011514282628314835,0.037216644676388355,0.08428114770540009
2083198,0.08879062902488737,0.054555351106304245,0.039542362180005404,0.04698268398188268,0.028861651757856852,0.06284855491764592,0.028002526444230114,0.05366320839290117,0.026724394053974296,0.048976123954398876,0.08509462573909693,0.0659678392478826,0.02478083110186305,0.03314061730336337,0.05908593260711404,0.0658290558794464,0.06726306649135129,0.009311643284856294,0.036528259593239826,0.07405064293769927
47000,0.07270408163265306,0.030612244897959183,0.044642857142857144,0.042091836734693876,0.012755102040816327,0.039540816326530615,0.03316326530612245,0.07397959183673469,0.030612244897959183,0.03188775510204082,0.07525510204081633,0.039540816326530615,0.017857142857142856,0.04974489795918367,0.0778061224489796,0.10076530612244898,0.08418367346938775,0.01913265306122449,0.030612244897959183,0.09311224489795919
3052496,0.054943236375275206,0.043969582197737535,0.06363135246630393,0.05994208057314853,0.020408394194801963,0.054340279461638684,0.044221757207194096,0.07911021017817134,0.027539410427759942,0.05320650223562845,0.0777683077440359,0.08541296890811453,0.02088688011018108,0.03363303363303363,0.047621876505371655,0.07819324688256728,0.05959938120132295,0.010363422984782208,0.023301940777668933,0.06168548280198766
1972621,0.04889093128790567,0.05141695879096898,0.052938322930850296,0.06272089980625,0.016816090471124878,0.04773600566414671,0.030809534981772295,0.06298108742538089,0.023876751792546568,0.08117307122812525,0.09293680316326607,0.06405042861525452,0.0280180831091595,0.04753432948224935,0.04727071395426788,0.06829397782326109,0.049071371604773865,0.013920552977927544,0.04571353683032581,0.06383054806044289
2003652,0.06954887218045112,0.04276315789473684,0.04887218045112782,0.0606203007518797,0.01738721804511278,0.046522556390977444,0.02631578947368421,0.06484962406015038,0.020206766917293232,0.051221804511278196,0.08787593984962407,0.0587406015037594,0.02725563909774436,0.044642857142857144,0.06296992481203008,0.0700187969924812,0.08317669172932331,0.011278195488721804,0.03994360902255639,0.06578947368421052
3052429,0.06453879846105995,0.05115469532430664,0.05279958557343717,0.05303561769992865,0.023121734959190787,0.059071925326342284,0.0400823361954104,0.05166676668443453,0.021223211417557706,0.07186709050666648,0.08123046956969218,0.06961546502182543,0.03239170527156393,0.0645653914205151,0.034293366625522105,0.062268512798548135,0.05864028982403541,0.012777573819976648,0.03511434580339174,0.06054111769659473
312185,0.07611432985708769,0.048196214754731556,0.04182309772112785,0.0580030899961375,0.01907686365392043,0.03433371958285052,0.04182309772112785,0.049161838547701814,0.021587485515643108,0.03989185013518733,0.10345307068366164,0.031243723445345692,0.02753186558516802,0.025878717651602934,0.08418308227114717,0.11592120509849363,0.06707995365005794,0.00656624179219776,0.029312475859405177,0.07881807647740441
186541,0.061869369775396525,0.05325885911327724,0.052044725708337,0.04552084728134195,0.015508009089717936,0.04892724477907055,0.0531077492522166,0.05140982881792127,0.031196637701623682,0.05998295011581218,0.0992362265389149,0.05527475801537591,0.018981039650266936,0.03488156520941299,0.07466150976249486,0.07951552089288166,0.08778788061980004,0.013593019993464074,0.01999188850993851,0.0432503691727352
3052529,0.07165634147585007,0.053160355832876045,0.033431324746007934,0.04898370758226336,0.035211572874699226,0.05840211976352202,0.05633033321216543,0.07106752264217955,0.014705480026797113,0.06632658944511718,0.09029840609315297,0.07744339882757997,0.025729209794990493,0.026595717855731348,0.026386707281324265,0.08885214138412646,0.05339987121269602,0.011385105213857343,0.01724668907961338,0.07338740565544982
3052331,0.04037119614357703,0.04500217064820625,0.05562654233768501,0.053949525344496436,0.025079571586022063,0.05574893815854526,0.035963602826326324,0.05560160283377691,0.02621236656134732,0.07180748738589295,0.11276453901898142,0.070622095934801,0.026005000806259768,0.04474807575329409,0.03580900318086775,0.0896388102586045,0.05202788634344963,0.015379780947469649,0.0250799108537466,0.06256189307665003
3052296,0.043851832489553384,0.049850287728235666,0.05553089245993962,0.05336084521098203,0.026445167455540316,0.06240283437010588,0.03490939030422264,0.06145936736876867,0.027609563739673243,0.04963853274424641,0.12718142354358694,0.07412974452440947,0.024235556372663825,0.04521574764726974,0.03755599528265328,0.07756288517929862,0.04973288214046232,0.014551328786378997,0.025762553439279513,0.05901316921272947
82676,0.04960648577766561,0.06016448890045565,0.03834148019953757,0.05379366780861294,0.025978049049466267,0.05526170605220012,0.03837972166139996,0.06611647452381043,0.016995971275400184,0.04271513639016305,0.09436800368595134,0.0736517467545799,0.015153940976781343,0.042949938647161325,0.05742087186250847,0.0895444794121568,0.05972664123999306,0.014834518970348971,0.033177400377530884,0.0718192764342761
1972575,0.05894309419638498,0.050568444970105854,0.04174819178778992,0.058519100730080056,0.014389982535495654,0.06722227759182628,0.034879574959850626,0.05798069316232736,0.021380426809611074,0.05225569867992452,0.08766163850375566,0.06403295041494009,0.02907862590990775,0.04268801263487581,0.056375006717966504,0.09221049443981424,0.056273192247347024,0.018175852010745414,0.03555534728601264,0.06006139441123852
2499932,0.07994341074112073,0.05053873669695352,0.03789790318933995,0.035670069924376484,0.03332943536486033,0.0281468556883978,0.029481411367086218,0.06508787072728928,0.03002438938448478,0.04970721160982866,0.11232283137465204,0.032916823538286726,0.02142826864269784,0.052971050216477834,0.04584691670767654,0.09390010145988578,0.06418850530665252,0.01499792420758988,0.04568027696555029,0.07592000688679279
3052519,0.0641091504159325,0.04912910395061761,0.04543839657056382,0.05035156895514662,0.03037291732892114,0.06615155674379784,0.03493910196330383,0.06092910303520215,0.01971166997225209,0.05084851262781694,0.1028309571789559,0.07941712841947117,0.018515501606948554,0.036396075106665156,0.038451654290579805,0.08725036056178846,0.05966175813648416,0.015293018688527742,0.02878651207500874,0.06141595237201575
3052456,0.043243243243243246,0.016216216216216217,0.043243243243243246,0.04864864864864865,0.043243243243243246,0.05945945945945946,0.05405405405405406,0.043243243243243246,0.032432432432432434,0.07567567567567568,0.05405405405405406,0.0918918918918919,0.021621621621621623,0.05945945945945946,0.010810810810810811,0.08108108108108109,0.0918918918918919,0.016216216216216217,0.02702702702702703,0.08648648648648649
1239439,0.05785292553187552,0.053249917251368385,0.04695058446330219,0.0560869859713003,0.016025656379644777,0.06524278470403974,0.04807308654444684,0.05800125465674729,0.013796222751930626,0.052809326633520094,0.08458137368608665,0.07200163211642602,0.025124265779020688,0.04179419426599234,0.046877045871788536,0.061389298258124336,0.07087619387733289,0.021421891863272795,0.03219691438318695,0.07564844501059302
1933189,0.0680479467780232,0.057009967142683596,0.036551010727289834,0.05431880456598454,0.018308610871625535,0.06592888826301178,0.0226037840163475,0.05765035361648029,0.01979467664527427,0.06350510504845222,0.09049454461719106,0.07518027945251847,0.03447005930892787,0.043675941970660825,0.04404536818229463,0.08270072122867123,0.058050101829783804,0.012761642948434076,0.03268855984684717,0.062213632939498116
84589,0.10286920933472657,0.06233455242075932,0.03259752699407872,0.05279519331243469,0.028526645768025077,0.048227969348659,0.02933646812957158,0.06626175548589341,0.0257183908045977,0.04322535701846047,0.07260971786833856,0.05235109717868339,0.019257227446882616,0.027816962730755835,0.056713688610240336,0.07237896203413444,0.07311912225705329,0.010087948450017415,0.034082201323580634,0.08949843260188087
64299,0.06312981624184943,0.05868405453467694,0.036751630112625965,0.05068168346176645,0.02074688796680498,0.056609365737996444,0.028156490812092472,0.08032009484291643,0.02133965619442798,0.04860699466508595,0.0951393005334914,0.056609365737996444,0.03852993479549496,0.03467694131594547,0.03971547125074096,0.06609365737996444,0.05986959098992294,0.027267338470657973,0.026674570243034972,0.09039715471250741
1978543,0.05607472703806867,0.04698270808421141,0.04191068109223356,0.056091856912354764,0.026608083304326624,0.06055577420180369,0.03369213903655538,0.05513573189583391,0.029015270509741047,0.06582774326817539,0.08372498866914391,0.06361325840597522,0.030372782747416782,0.04089024457243046,0.060878922286185494,0.06479348803768796,0.07030906069542832,0.02153283420244058,0.02794008954248774,0.06404961549749906
3052452,0.062024384622797024,0.04730696053471036,0.0474294368911593,0.05675353632598076,0.02289765443694197,0.06766515426618233,0.03244497803250853,0.04184697665182496,0.02253746272778508,0.07581159506294656,0.0910473557962444,0.08213081654234093,0.031638345604130556,0.04825906364949636,0.03084759178182749,0.06768982743056923,0.06635575717381409,0.008329565522059401,0.03715816441306775,0.05982537253361294
1933181,0.058383540404778556,0.04987365010139073,0.05276899850575987,0.05226869038542114,0.024601167759084875,0.05988721431972144,0.03390572714062201,0.04299062487570112,0.027312917641527514,0.07251998719797784,0.09228561850339316,0.07242493019554487,0.027000090859133363,0.05016848944442842,0.034784792507049404,0.0713105573538402,0.06962591758389215,0.010778043937487802,0.037907508585280865,0.059201532697964666
11039,0.0829254401957051,0.05363058382082888,0.03994229675567312,0.05621350807259353,0.030053446244959633,0.05175298356599329,0.028236857736599064,0.05612378012328553,0.02908917351672145,0.06023713104764608,0.08308264461927585,0.05565063565889905,0.019509747747501725,0.03411856597334779,0.057698442840652515,0.06575718538619767,0.07281689289280581,0.009704137982071042,0.034301280926389593,0.07915526489285324
1972578,0.03582705742018075,0.034797556633525274,0.042468590879018504,0.07501069262872383,0.013185299578097649,0.06391073626655307,0.039386765261162006,0.06573734507316577,0.016969140984370665,0.054068098075671485,0.08828562037640542,0.08936311164451656,0.0281848953745826,0.04775791614223779,0.048056083275126456,0.0764290046997886,0.06889234606126922,0.015255988528797839,0.046173054893679094,0.0502406962031274
11786,0.0646454844407206,0.06381406276087172,0.03218675229668698,0.04768727787735579,0.02067709101011198,0.054531999421994805,0.04791952339961347,0.07072399859789541,0.023333149199968786,0.028813353036747025,0.11606112253552005,0.05090067150013721,0.012551195483346484,0.027079454515570717,0.09173462395415764,0.06398741318947761,0.07519606452708542,0.0232368044611915,0.028887724213402216,0.056032233578144595
3052607,0.10218068535825545,0.06386292834890965,0.022741433021806853,0.04330218068535826,0.028348909657320873,0.0426791277258567,0.020249221183800622,0.08785046728971962,0.02336448598130841,0.037694704049844235,0.10778816199376948,0.023052959501557634,0.01339563862928349,0.03208722741433022,0.07071651090342679,0.0735202492211838,0.07009345794392523,0.02554517133956386,0.02897196261682243,0.08255451713395638
1972579,0.04975122023563709,0.04670928794028717,0.03256675702173293,0.04569106287776808,0.010280285153323554,0.053444951920266937,0.023905072956951774,0.06306844175797474,0.02657327677144122,0.05201503004570719,0.10381211438953777,0.07396594648427914,0.03437726932862364,0.0771610725685936,0.044148967972649764,0.06966004817086022,0.0566071784197469,0.013920704457380789,0.04308225878529954,0.07925905274193797
3051976,0.10333800222868816,0.05997531418312388,0.048840579149384014,0.050996718875750635,0.00727225592769145,0.05970736860026001,0.03205286943601808,0.06428372438556305,0.017239444685197794,0.04893053921872098,0.0913994304463567,0.05261406549866898,0.027292724261747045,0.029719711508698076,0.06616998390391877,0.07532753203739244,0.072721591964341,0.011312720547266761,0.02549932675044883,0.055306096390763324
11976,0.07616925043426961,0.043736503046260186,0.09244935342080635,0.03709408992749427,0.011717085641244141,0.04032789631426189,0.03883663086901264,0.08257313391527282,0.01386021070724948,0.04671903393675869,0.10073234061303937,0.05590515624601692,0.02966325441826081,0.03882388501050623,0.03538978656149513,0.08345077731528519,0.047106872202739264,0.007882403067746058,0.027946205193755257,0.08961613115852571
3052471,0.05715743659074119,0.04428617030099958,0.036384518877975704,0.05621474671138316,0.02776725533108808,0.058717288603722134,0.045157171269872814,0.056477931566880225,0.02309905270182323,0.07438603466797573,0.09181811997349361,0.06901803998192423,0.029682360677830536,0.045321793242607246,0.04180986450734537,0.07256491234562551,0.06477085058036497,0.013201673089874848,0.03209951418301015,0.06006526479546165
186540,0.05527703961532313,0.04904376755449959,0.05286662576676323,0.048177005550506066,0.014277431584918506,0.05228688739774777,0.05086475082201164,0.04944411758059785,0.029376018858032916,0.07514650418392593,0.105943289233465,0.06127625506564147,0.019345754504591663,0.03665465416223204,0.05533272400198948,0.07271044126393521,0.0740761928137599,0.011758007135258562,0.02890606061511229,0.05723647228968774
64307,0.07581967213114754,0.0743559718969555,0.025468384074941453,0.04566744730679157,0.020491803278688523,0.06352459016393443,0.026053864168618268,0.0977751756440281,0.022833723653395786,0.04478922716627635,0.09514051522248243,0.0430327868852459,0.03834894613583138,0.029859484777517563,0.04069086651053864,0.05503512880562061,0.06440281030444965,0.03015222482435597,0.021662763466042154,0.08489461358313817
3052609,0.12169919632606199,0.05797933409873708,0.01722158438576349,0.04362801377726751,0.033582089552238806,0.04075774971297359,0.02066590126291619,0.09385763490241102,0.022388059701492536,0.029850746268656716,0.09931113662456946,0.026119402985074626,0.01578645235361653,0.03243398392652124,0.06285878300803674,0.0708955223880597,0.06716417910447761,0.02497129735935706,0.02898966704936854,0.08983926521239954
3052026,0.05075911817348603,0.04205074845199369,0.0609446246903034,0.060276935738828995,0.03221747415010608,0.0631860816563,0.044252361178378885,0.06694989247219564,0.03156460264765965,0.04380033960163069,0.06344900199515163,0.06692988097099498,0.028910968344526267,0.04765124762126314,0.04526274832932269,0.06495866368696902,0.06488407987852393,0.02702174359345941,0.04254704361303593,0.05190828483697469
11864,0.0703083462756479,0.04386474221699671,0.028773181809151373,0.03802828308597014,0.027476276675020946,0.0576246716558035,0.03334359331411174,0.0786409782275717,0.024839611970586307,0.07182268015001383,0.10610067556243434,0.06385710991243135,0.03359821710336987,0.028547045207962155,0.05710992893092514,0.060378467458253746,0.05940626398017768,0.017357950683347036,0.03928817995342197,0.05963379582680256
3052236,0.09241781263429308,0.08667812634293082,0.03739256553502364,0.02164804469273743,0.03423936398796734,0.04892565535023636,0.035646755479157716,0.0927777180919639,0.04072034808766652,0.021822625698324022,0.09993553932101418,0.037032660077352814,0.018167168027503223,0.025324989256553503,0.07267941555651053,0.0712827675118178,0.06078642028362699,0.0262086377309841,0.020076815642458102,0.05623657069187796
211977,0.051960900003552746,0.052271076501694956,0.04044263247478437,0.06244005114687621,0.01976824372600968,0.06487398977192045,0.035829430625367836,0.05877211043988184,0.019924057316386724,0.06559889167915835,0.08955203819206434,0.06521665574142425,0.026291583950794756,0.04062084768743058,0.052767762378422255,0.08829247868753945,0.054213526441281835,0.0161790731889832,0.0326954608924972,0.06228918915392897
1972580,0.04999603996371687,0.049305799339414175,0.044740817462779865,0.05780945003214705,0.016303943768201514,0.06215280066107025,0.03881140995359157,0.06569011836885831,0.020948382054157007,0.0611589515256486,0.09782342401773823,0.06632937620822543,0.015729321977281847,0.043365787973639644,0.04534210665735937,0.0892196444272111,0.058252431574129085,0.01849249437179167,0.03233035264473717,0.06619734701830124
1511772,0.06789838337182448,0.04849884526558892,0.045727482678983834,0.057736720554272515,0.022170900692840646,0.052193995381062355,0.039722863741339494,0.06928406466512702,0.023094688221709007,0.05404157043879908,0.0836027713625866,0.0535796766743649,0.024942263279445726,0.045727482678983834,0.04988452655889145,0.07621247113163972,0.0651270207852194,0.014780600461893764,0.03556581986143187,0.0697459584295612
2003649,0.06649546310563259,0.028158705701078583,0.029733778462592023,0.04595959595959596,0.02955401472350625,0.04673857216230098,0.03183530217428522,0.0643040575243965,0.020154939222735833,0.03216058894024996,0.11455658277692175,0.06077298407806882,0.025406608457455914,0.043605546995377505,0.0884437596302003,0.07803030303030303,0.07136620441705188,0.014269816812189693,0.02455487074131142,0.08366290018832392
33756,0.06965723383801971,0.04130242129295843,0.0843059060322038,0.032853430665705355,0.01348458904109589,0.04622161139149243,0.03776886565729392,0.08238704638308099,0.015088019706801249,0.041944544580629656,0.11651345830329247,0.05510243931747176,0.02118631338620524,0.03937605142994473,0.03702535448209565,0.10035523311703917,0.05671338019706801,0.007705479452054794,0.027070565969718817,0.07393805575582793
2003650,0.07055503292568203,0.041392285983066796,0.05079962370649106,0.06114769520225776,0.015051740357478834,0.041392285983066796,0.03857008466603951,0.06632173095014111,0.017873941674506115,0.05879586077140169,0.08513640639698965,0.059266227657572904,0.02398871119473189,0.05174035747883349,0.05644402634054563,0.07478833490122296,0.07196613358419568,0.011759172154280339,0.034807149576669805,0.06820319849482596
3052473,0.06458048760840022,0.04644307003226906,0.03913510976617773,0.057875864808510445,0.025420357353002982,0.05926719080541896,0.04764025921489514,0.056662002596468614,0.02309912141526219,0.061235680895875076,0.08908491555639614,0.06788358620882892,0.029760372448479244,0.04329330492862046,0.04177469476316564,0.07114626821847696,0.05788189920471474,0.012880706918935073,0.03560039834311679,0.06933470891298561
3052486,0.03458417468185234,0.0361543660526362,0.05682212148121829,0.04248018170102048,0.024519153064763377,0.04820064093792188,0.03123355664721436,0.039040917510539785,0.012214041026108862,0.06505633881850029,0.13516236705152318,0.09872354809163489,0.035020170272333374,0.05966604931845861,0.029839053204825095,0.07066474018857122,0.04897171644697444,0.00790418867104569,0.041448955816140554,0.08229371901671709
59305,0.09472799940262633,0.06032983602427374,0.03468027796677309,0.04959011177337467,0.03192270828043065,0.0559665496891601,0.03138995300505001,0.05481319361263005,0.029079553246549844,0.041891742408181894,0.08233571906793846,0.05876774735474339,0.025329416889956338,0.0331155939750433,0.05902956427564742,0.05724201465339349,0.07302920530375957,0.008972331290467357,0.03312844081993054,0.08465804096006975
64305,0.07966151152611614,0.058360081704114386,0.03647505106507149,0.04318646046104464,0.016049022468631456,0.06186168660636125,0.025094835132769187,0.085205719288007,0.022176831047563468,0.04960606944849723,0.08899912459877443,0.059819083746717246,0.038225853516194924,0.031222643711701196,0.0426028596440035,0.06011088415523782,0.06944849722789612,0.026845637583892617,0.02451123431572804,0.08053691275167785
3052314,0.07220119300063867,0.06489081680428563,0.03786424702772607,0.05173288986922979,0.025720615910160165,0.049098318381998095,0.0298095759760415,0.09579596162427488,0.020236766723562803,0.050024206427672586,0.11279643190759643,0.05614073441473875,0.027336776837589935,0.04613887260038077,0.04913168898949884,0.08429336947866925,0.04054107867046378,0.013208792536681342,0.018983403904241754,0.05405425891454897
1659771,0.07107734398107068,0.08775140490979,0.02019557823129252,0.03957778763679385,0.016174948240165632,0.025316104702750666,0.04556713989943804,0.05894151138716356,0.04131543921916593,0.033837991718426504,0.09536749482401657,0.014243197278911565,0.008715986394557822,0.05088176574977817,0.08129991126885537,0.09685559006211181,0.07536601597160603,0.036425983436853,0.024040594498669035,0.07704821058858326
1511084,0.07096822579108143,0.05099774707336475,0.04592152701699508,0.04548480760586306,0.01970877208374944,0.07378535141148396,0.029975219915168032,0.07328340119493462,0.008927292801712462,0.05157929741147622,0.10165835938255673,0.07839884775201196,0.03896318522912383,0.03789267829743152,0.03643169547766894,0.06756375933345782,0.06022081024850026,0.010432575956290841,0.030518666183790018,0.06728777983333906
698672,0.04887292429106992,0.048458234813655354,0.0464620526365548,0.05070205711038809,0.014836883750375762,0.07065234140238098,0.031467013139747424,0.0673576498366943,0.022969202104721816,0.06058283573205435,0.08966939725228242,0.06886709903296613,0.025239438343249772,0.03159196090370423,0.04822893323141166,0.09053844500349283,0.07125143963450467,0.01653726151481502,0.03121363906673328,0.06450119119919719
1965074,0.07546840035643884,0.029811785382282806,0.053977496550492964,0.038714511364005146,0.0194359127912807,0.032528134025567326,0.04640549959689436,0.04707611210248425,0.03136518717007375,0.05894655046268053,0.10415222919088687,0.04888529544444582,0.023692085783548193,0.0485069472329152,0.056545827680118274,0.08421389477616494,0.08293317939897023,0.006478574447840307,0.03776360978712864,0.07309876645578084
138948,0.06353169174646603,0.05961582307341541,0.06075581395348837,0.03849179206566347,0.021847925216598268,0.025079799361605107,0.01937984496124031,0.09783971728226173,0.011399908800729594,0.09122777017783858,0.08036365709074328,0.0503077975376197,0.023899908800729595,0.04529183766529868,0.0655437756497948,0.06239170086639307,0.0587437300501596,0.007067943456452348,0.03256383948928408,0.08465572275421797
332097,0.09106115053726638,0.05337325315821434,0.04312254773648816,0.048199420670864725,0.02885418109017529,0.057421535841641,0.032709020585220225,0.05621464400296373,0.02569386103535248,0.05174813960758708,0.08222408025822052,0.06425931454629791,0.02233742658571315,0.03400524325401578,0.057472970293901894,0.060048908463369945,0.07253939252238689,0.008957022568004132,0.034902453678031374,0.07485543356428496
11072,0.08362470862470862,0.06118881118881119,0.035547785547785545,0.047494172494172496,0.016317016317016316,0.058857808857808856,0.026515151515151516,0.08886946386946387,0.020396270396270396,0.04895104895104895,0.08945221445221445,0.05506993006993007,0.032342657342657344,0.032342657342657344,0.04195804195804196,0.05652680652680653,0.07109557109557109,0.027389277389277388,0.024766899766899768,0.08129370629370629
1002360,0.05227282497820446,0.050031717664506,0.05319504063676003,0.05146967843849809,0.013078479805963689,0.059134853161812516,0.03976937552487175,0.051092342755102244,0.023771720430760594,0.07066577201312779,0.10540418297885244,0.055449404854338774,0.02445080707916732,0.03962353350392978,0.056294251634747106,0.0890114159304724,0.06049143467878531,0.013973219385618704,0.03525148429020397,0.05556846025427703
1972573,0.05130533615846389,0.04852276891671485,0.037819463883170985,0.0646731734190003,0.0159862417225032,0.05527965358916746,0.03546367852692471,0.05727525766267962,0.018321565067757534,0.0631111469081837,0.09464390567812561,0.06681297372334323,0.034824194042027606,0.03706417268071641,0.05272313508460567,0.09396409457007018,0.05973201421856263,0.019462756876586235,0.036250751607706425,0.05676371566368976
3052238,0.08881697231211794,0.05645451276519238,0.03380079108234448,0.04135203164329378,0.03200287666307084,0.04746494066882417,0.02409205321826681,0.06975907946781733,0.018338727076591153,0.04422869471413161,0.10032362459546926,0.039913700107874865,0.022653721682847898,0.035239122617763394,0.07227615965480043,0.0744336569579288,0.05969075871988493,0.02229413879899317,0.03308162531463502,0.08378281193815175
186539,0.06475959710632609,0.04922621993523897,0.050845356119028885,0.05523303201818097,0.01618300496184622,0.04894618395010027,0.05084860954932872,0.053865477721605576,0.026253492086238894,0.06069403373488163,0.10588903060587404,0.05307802186369972,0.021889574613437213,0.033803439332638484,0.06824231675749814,0.07923834488282203,0.07197521034405359,0.014357398290572199,0.024488298786266675,0.05018335734036165
3052608,0.09676296554124608,0.06056387051862165,0.01775147928994083,0.044204664114166375,0.032718412808910545,0.044900800556909155,0.021232161503654718,0.08980160111381831,0.01740341106856944,0.03550295857988166,0.1054646710755308,0.02888966237382527,0.020884093282283328,0.030281935259310826,0.06717716672467804,0.06996171249564914,0.06543682561782109,0.02610511660285416,0.028193525931082493,0.09676296554124608
11840,0.07391974766011367,0.0667925354895506,0.031856184517143754,0.04580377790789114,0.018993801673115228,0.056864754942201313,0.047307936342246455,0.0644098531838508,0.018072784720220256,0.04019744778234645,0.11653230399203408,0.05281997579684466,0.008834368148433023,0.026533264119229908,0.0838642926572241,0.06730467139248542,0.07013008355393592,0.02462168803592893,0.02449244590354374,0.06064808218166056
3052518,0.058598343474714355,0.0443588313778517,0.05004860284277768,0.04894048993739667,0.027949713907353447,0.06646142984497748,0.03316596963369372,0.0580094852326734,0.02306394554567012,0.05827439764983217,0.09868573286186381,0.07540895592637577,0.021795716488070663,0.04056498162186311,0.038096009062425835,0.08584906194718504,0.06912173047659505,0.012867519858958018,0.027406526781422826,0.06133255552829914
3052234,0.0929148434870414,0.06093346796813643,0.014473241332884551,0.05487490182878941,0.01666105688320431,0.02238303601480983,0.030635027487938966,0.12237742623134747,0.009256142712891283,0.02305621003029283,0.13163356894423875,0.021541568495456076,0.009087849209020532,0.034505778076966226,0.1185066756423202,0.03971726691349714,0.09881072590598003,0.027942331426006956,0.01699764389094581,0.053691237518231794
1511803,0.07779002159091927,0.08197382213024432,0.024648139686976465,0.03395194452656758,0.021187769326560413,0.040915239963806097,0.04052552835040001,0.09877845566694439,0.03545927737612098,0.0364357961315523,0.08952840415334032,0.031125415468415442,0.01660977772999704,0.04247408641743041,0.09118355864935809,0.08792028381756122,0.059086103869343584,0.027324607376748102,0.023868716460164308,0.03921305130754965
2031165,0.07254814151365875,0.050604567845947156,0.048813255709807435,0.05553067622033139,0.020600089565606806,0.050604567845947156,0.040304523063143756,0.05553067622033139,0.019704433497536946,0.04433497536945813,0.09404388714733543,0.042991491267353334,0.033139274518584866,0.04970891177787729,0.0438871473354232,0.0747872816838334,0.0761307657859382,0.012987012987012988,0.03851321092700403,0.07523510971786834
1755590,0.07981254655300836,0.061351692460481666,0.026530042208060912,0.05531531904328395,0.021414383845071588,0.03971488868658446,0.051120375734503024,0.06535525117934288,0.02497310270628155,0.030533600926922123,0.08270400562774145,0.029452536621699908,0.016490110072001987,0.03631651907638832,0.11603078705619466,0.09188529338740378,0.06624493089464537,0.019412604485640982,0.022273028221468177,0.06306898121327484
11970,0.06265543869981527,0.0787396963868523,0.02247481397986523,0.04305121997866496,0.02177920397910006,0.07945444900418379,0.042362708455775444,0.06592029652651082,0.0284231373467478,0.05107030122616457,0.12066812886736385,0.044491293309595795,0.012891146138162633,0.03303835044031795,0.07853038111782837,0.06957232558874493,0.04974993942713875,0.01346833180584379,0.012714155789887667,0.06894468193143602
64292,0.07732710825795155,0.05952728333819667,0.03705865188211264,0.044353662095126936,0.01779982491975489,0.0592354829296761,0.0259702363583309,0.08812372337321273,0.020134228187919462,0.05281587394222352,0.08812372337321273,0.05806828129559381,0.03793405310767435,0.031514444120221766,0.04377006127808579,0.05748468047855267,0.06915669681937554,0.028304639626495477,0.025094835132769187,0.07820250948351327
3052189,0.06160659935769611,0.024831552654226402,0.0530635377091161,0.047637539094477446,0.01959446695073571,0.05073361180495792,0.04168678239331668,0.08164186310111038,0.030918746457882916,0.041025587204298816,0.08493734388446926,0.05381918935370794,0.016519384563716127,0.043796309901135574,0.06087193803656515,0.08366742931508575,0.07054847715203291,0.021840431561050356,0.03848575806553179,0.07277345143888668
1330520,0.07628294036061026,0.04623208506703652,0.043920480813684694,0.052704576976421634,0.016181229773462782,0.053629218677762366,0.042071197411003236,0.07027276930189552,0.021729079981507166,0.059639389736477116,0.08183079056865465,0.053629218677762366,0.02727693018955155,0.044845122515025426,0.050392972723069814,0.06241331484049931,0.07027276930189552,0.012944983818770227,0.038834951456310676,0.07489597780859916
3052733,0.05548018630633215,0.04979135662421618,0.05618059755221145,0.053542280968891014,0.015896566084716134,0.059488401896249064,0.03220759961282304,0.06579707371731827,0.01733329416803255,0.0873570392616592,0.09488251541775544,0.06680496355114136,0.02499422689973271,0.0255030363731779,0.04013508761784338,0.0850818442492242,0.06505996721849283,0.008598296654684217,0.03332606582525526,0.06253960000024365
3052322,0.0386115973165309,0.049053876259758614,0.06166979684531867,0.04123057574196094,0.04001423889943814,0.054359398643079856,0.03797266641194535,0.05903126289748681,0.026456891969225932,0.060377652289416994,0.10935907876135581,0.06511496371553298,0.025103601716504942,0.037876401254010365,0.04945336302072545,0.09557861941638032,0.05495128158790397,0.014309753517533403,0.029742353864744758,0.0497326258711458
2560260,0.07047342188359429,0.049382288382493526,0.04542175540157927,0.04278443217958691,0.02644277458856624,0.045850823857582906,0.04092618614836118,0.07393265451068019,0.016001768234042726,0.07151000345573608,0.09118628134195594,0.04936698394647217,0.027162320395165265,0.04196666661056772,0.05549080811036282,0.08148960868706247,0.05987758609235172,0.013686874442870796,0.02734895853968959,0.06969780319127813
3052330,0.04385297532801181,0.04363438297170164,0.048678305700224495,0.0472408710638535,0.02548963783870491,0.04327808592774768,0.04872515876870948,0.06194440877489153,0.030644695125393466,0.06228442250996617,0.10513832548503473,0.05365360361153973,0.024064602034857087,0.038418912280784916,0.057657581625810195,0.08934847297655207,0.05680929099173759,0.010316820789829824,0.024450814135387838,0.04969879035612724
394239,0.0737246201248221,0.09196059608180403,0.03916721970127204,0.028137029953432334,0.01580921703555124,0.06801267092676774,0.03685519213711611,0.07252309396436414,0.027610248907231728,0.025811371088942176,0.1333679724023739,0.04885268432126205,0.01048157050764322,0.030515876866467118,0.05972220479238015,0.07730266866852324,0.04617562980447198,0.019853124029699538,0.028890784594686903,0.0652262240911882
11307,0.05463050406797529,0.04455350001219303,0.05085222387517393,0.06612806452227758,0.018961284428640368,0.05483360225504929,0.027159519930059658,0.05896193765129562,0.027342212857489653,0.07773896663303236,0.07591766564904334,0.0690857695447963,0.03581041554272801,0.03078498473777348,0.038246780947111585,0.0932020609993049,0.06503477625772731,0.011825472255794141,0.04211148284813345,0.05681877498440069
1985688,0.07865168539325842,0.03932584269662921,0.033707865168539325,0.03932584269662921,0.033707865168539325,0.0449438202247191,0.028089887640449437,0.07865168539325842,0.05056179775280899,0.02247191011235955,0.0898876404494382,0.028089887640449437,0.03932584269662921,0.05056179775280899,0.06741573033707865,0.10674157303370786,0.06741573033707865,0.02247191011235955,0.02247191011235955,0.056179775280898875
3052516,0.05730248491261425,0.04692862084424432,0.048498904583799275,0.056328338003650925,0.029538230082600758,0.06482830325621956,0.032902407279922954,0.062180609963339774,0.02072393056590628,0.052371656597285536,0.0950947505872297,0.07351026899333313,0.026916279952004584,0.0437789384866284,0.037785933284950696,0.07602807491298512,0.05900932378851504,0.016131487447300162,0.03440196598139967,0.06573949047606988
39720,0.06874439602238544,0.04976864117745541,0.04133870626554147,0.032036025918174296,0.021366779530227212,0.06884174473182758,0.057721871429354074,0.03937266020513616,0.03869610530213945,0.07306180909872545,0.10197059813878293,0.04587222055498841,0.02697475025317364,0.033077534536925655,0.054233556347788474,0.07505239997290208,0.07308679753581639,0.017297119929962124,0.03396617509668395,0.04752010795200982
2031166,0.07351188977831478,0.0655532061286479,0.035765829263790294,0.037351692426454544,0.030752320059071303,0.0328206548188424,0.01971001359311282,0.06535602208461293,0.031431975700213124,0.03531272550302908,0.16726660960915604,0.035765829263790294,0.0158586316266425,0.04072060279581802,0.05428434778230881,0.06538538992095856,0.061987111715249454,0.007702763932940644,0.03483025390592223,0.0886321300911242
1511776,0.08367016976556184,0.043249797898140666,0.04244139046079224,0.054567502021018593,0.019401778496362168,0.037590945836701695,0.037186742118027485,0.06184316895715441,0.019401778496362168,0.05375909458367017,0.08124494745351657,0.039207760711398545,0.01818916734033953,0.04931285367825384,0.08973322554567502,0.09175424413904608,0.06669361358124495,0.014551333872271624,0.03354890864995958,0.06265157639450283
3052316,0.05682557162897407,0.06891632834000344,0.03320244757150469,0.05799478331657716,0.05361901890470999,0.04849753218001844,0.029630392482046485,0.06852594318434854,0.026005511759461374,0.04812534781349799,0.09061206581929444,0.06667111157012884,0.027813392423275907,0.036412850051634936,0.04019625576833498,0.07453568443036374,0.03725533501131308,0.021128238813702176,0.018250475547075522,0.09578171338373416
144752,0.04660656048513143,0.049015121210704386,0.057646772308756505,0.05542329173044375,0.027952874511934418,0.05517739278798237,0.036060140605288164,0.06293753521416114,0.027223258870452766,0.058652932428849225,0.11514042188723082,0.06845404657250405,0.02949155329786113,0.03412160054288777,0.03647333059097765,0.07369117978964673,0.05402125845159545,0.016378937092113292,0.03072382919752407,0.06480796242395485
12538,0.050191810933257884,0.05454965155191262,0.042059306496186874,0.060141481852504355,0.02025518541043835,0.0727635484533389,0.031192105217228094,0.05985066765522455,0.023998945342710035,0.06375716131244774,0.08990676628345481,0.06102266399003646,0.028589346177498486,0.04221082709842477,0.05083724857146142,0.08668846882686367,0.04940406740739135,0.01578162396590993,0.031169533048595384,0.06562959040511428
1239567,0.05921052631578947,0.125,0.05921052631578947,0.013157894736842105,0.0,0.019736842105263157,0.046052631578947366,0.07894736842105263,0.006578947368421052,0.03289473684210526,0.07236842105263158,0.046052631578947366,0.02631578947368421,0.006578947368421052,0.046052631578947366,0.10526315789473684,0.15789473684210525,0.006578947368421052,0.019736842105263157,0.07236842105263158
3052386,0.06601810185046623,0.0493242648140147,0.05616334705409926,0.048748013086994474,0.023701744747977652,0.06942379265130864,0.030517958171258523,0.05083413087654904,0.021890161085122126,0.07952053863130909,0.09148024143138771,0.07386942581763097,0.03281443797563326,0.05942032065858558,0.0337756219111744,0.06133079199260496,0.06137800249752149,0.009425839994843727,0.03458756100251204,0.0457757037490061
1987126,0.07135896707133867,0.08596776158187502,0.02344796784278696,0.03968492427625969,0.05729018636566649,0.036558528563888096,0.0269560274473182,0.06762759348735231,0.010049129075480124,0.03745178448170855,0.08989402736611313,0.030147387226440375,0.025392829591132406,0.062044744000974456,0.05556863859677616,0.059941532339924476,0.03745178448170855,0.018023468269113645,0.05422875472004547,0.11091396321409719
64309,0.07463126843657818,0.05545722713864307,0.04218289085545723,0.044837758112094395,0.016519174041297935,0.058997050147492625,0.023893805309734513,0.08702064896755163,0.02182890855457227,0.04837758112094395,0.09469026548672567,0.058997050147492625,0.03303834808259587,0.03333333333333333,0.03805309734513274,0.06902654867256637,0.06430678466076696,0.02831858407079646,0.023893805309734513,0.08259587020648967
2025079,0.05374887082204156,0.03297199638663053,0.05600722673893405,0.056910569105691054,0.02122854561878952,0.051490514905149054,0.03929539295392954,0.06549232158988257,0.016260162601626018,0.07452574525745258,0.07407407407407407,0.05962059620596206,0.026196928635953028,0.04878048780487805,0.04742547425474255,0.07091237579042457,0.08807588075880758,0.011291779584462511,0.037940379403794036,0.06775067750677506
1239438,0.06392845178045357,0.052538363548805506,0.03358756176231037,0.05542773778780219,0.012902248567750867,0.05913609289105437,0.049078397647810586,0.07176086577931871,0.014784970323326152,0.050552992415525556,0.09120465456379401,0.06447573220069099,0.02282573442881829,0.042885838076439496,0.0567087234695414,0.059247799183892835,0.08174375134418556,0.01692423590963443,0.031260624556836175,0.06902522376200897
1678144,0.09434988240822775,0.06530061889271879,0.034343587853233395,0.052512109473520835,0.022448603449502363,0.03556369680077087,0.044020927239686744,0.083435188718088,0.023273685957753188,0.03296827070035547,0.09010429129131071,0.025078520262215638,0.024975587042701655,0.024270683110113753,0.07074961251840403,0.06378841672540866,0.07411892397600309,0.018546841620804798,0.0289118395836971,0.09123871237548314
3052325,0.05057002628697247,0.05781252279308536,0.04555406073663014,0.05184386688650712,0.03635134972145474,0.05590565479995993,0.030843770172517222,0.07549994429828347,0.02480852076533099,0.0518522603446889,0.12438852646100468,0.05925930866550015,0.02882133639786493,0.03364267090097506,0.040523976716275015,0.07737198140092384,0.049364717236979716,0.02771563083884992,0.023801688299876854,0.054068186276319465
1511805,0.07816867498179597,0.023095623987034037,0.026897916519860007,0.04908921147205976,0.018591595612242502,0.029126441641415923,0.05385749183754962,0.09160148450896108,0.017983816033636343,0.04782667418316774,0.09124327625490335,0.07159173654663754,0.023406854109412067,0.023095623987034037,0.07188828600286568,0.09950261903084115,0.05597738002959622,0.02360944730228079,0.02466939139830409,0.07857386136753342
2003391,0.06776859504132231,0.0512396694214876,0.032231404958677684,0.06363636363636363,0.015702479338842976,0.04504132231404959,0.04008264462809917,0.06611570247933884,0.02727272727272727,0.048347107438016526,0.0871900826446281,0.04008264462809917,0.023140495867768594,0.05537190082644628,0.05330578512396694,0.06900826446280992,0.06322314049586777,0.01487603305785124,0.03801652892561983,0.09834710743801653
2560293,0.060138155221454694,0.04510361641609102,0.04307192198293377,0.049979683055668425,0.030475416497358798,0.056074766355140186,0.04307192198293377,0.07192198293376677,0.023567655424624138,0.05160503860219423,0.07314099959366112,0.05770012190166599,0.030475416497358798,0.042259244209670865,0.06054449410808614,0.0633888663145063,0.07273466070702966,0.016253555465258026,0.03778951645672491,0.0707029662738724
1914568,0.07613988490482515,0.03718459495351926,0.043382027445772464,0.06064630367419212,0.015050907481186366,0.05444887118193891,0.03629924745462594,0.0681717574147853,0.019477644975652943,0.049136786188579015,0.08543603364320496,0.0650730411686587,0.03142983621071271,0.046923417441345726,0.043824701195219126,0.06640106241699867,0.07835325365205843,0.01416555998229305,0.03231518370960602,0.07613988490482515
3052243,0.04203224699261023,0.034647335563633155,0.05689464521278136,0.061179136634121944,0.024523814446773994,0.05243884250471768,0.03732898852181296,0.05463021546240126,0.016482053529952596,0.08258003509482909,0.08761527465907977,0.08809430667036085,0.024768899309820073,0.05460760920956686,0.028690863627779773,0.07309693257960778,0.058143833662088897,0.008649372883248354,0.053225926063768934,0.060369667371044426
3052372,0.050387596899224806,0.07281284606866002,0.01744186046511628,0.025193798449612403,0.02768549280177187,0.06450719822812846,0.009689922480620155,0.05287929125138427,0.013565891472868217,0.0946843853820598,0.058693244739756366,0.0960686600221484,0.0946843853820598,0.03875968992248062,0.01744186046511628,0.07475083056478404,0.058693244739756366,0.003875968992248062,0.035437430786267994,0.09274640088593576
64300,0.06422287390029326,0.05278592375366569,0.041348973607038125,0.04633431085043988,0.01964809384164223,0.06334310850439882,0.026099706744868036,0.0841642228739003,0.01788856304985337,0.046041055718475075,0.09560117302052785,0.06451612903225806,0.03782991202346041,0.035483870967741936,0.03782991202346041,0.060703812316715546,0.06099706744868035,0.02873900293255132,0.02756598240469208,0.08885630498533724
3052448,0.058913942838902424,0.03941578755590125,0.05335967706047009,0.05720259052183219,0.023100794185078335,0.06963994079719062,0.028264673608553583,0.052912483911265996,0.029486994386760706,0.06673890318655747,0.08367818582423907,0.08996427716736989,0.033714649122168754,0.05717633195542191,0.03579359096022992,0.05861738978677301,0.0608368151983992,0.010917006688625793,0.03636819516279954,0.05389777008146024
337049,0.04745074161023611,0.055050829296047876,0.048969396677671154,0.0533269387196717,0.03660316313676787,0.05047520718676792,0.05086800293652784,0.054980135584441356,0.025362073168993894,0.05048590988742128,0.07936601838410336,0.054976024436989304,0.01732630753462378,0.038366978991536134,0.0619082682593335,0.0727693438722243,0.07355110354213029,0.01593909990540578,0.043676151268076675,0.0685483056010299
3052503,0.05144488469538567,0.03356646990868323,0.029709089504659565,0.05083764745443146,0.026633729343737526,0.05842307056889967,0.0403370383455172,0.043457094758033096,0.045940423396299786,0.05802403625486144,0.0919052743480712,0.06471990713538424,0.025009334212208675,0.046528926911116195,0.05205889477384719,0.0744151911777701,0.1020052688116883,0.016191206631276163,0.040856992689199095,0.04793551907893021
64293,0.07766423357664233,0.058686131386861316,0.03678832116788321,0.043795620437956206,0.01635036496350365,0.06072992700729927,0.027737226277372264,0.08905109489051095,0.01956204379562044,0.049927007299270076,0.08817518248175182,0.05693430656934306,0.03795620437956204,0.032116788321167884,0.04321167883211679,0.06072992700729927,0.06773722627737226,0.02802919708029197,0.024525547445255473,0.08029197080291971
59300,0.09018633342570752,0.056659716406857207,0.03693191006990444,0.05369174064209773,0.02871024565046378,0.05603998451362916,0.03447699275256231,0.055041975260133234,0.026299742609556545,0.04651939423316868,0.07905305125184436,0.06110816210579381,0.02520594892872712,0.03242740572140195,0.06155724655298534,0.059712430947361346,0.07360428274701965,0.009194581153404465,0.03562055693256263,0.07795829809481873
1548722,0.060997505466715986,0.06566831917891455,0.03683010237077637,0.052619409589594726,0.019385166560197363,0.06411625841005475,0.035695682659344724,0.05405319481263469,0.018951989468147818,0.06760095001274263,0.11127499239895736,0.046561883000600886,0.029679838850140857,0.03245682526257998,0.05871143334712223,0.08905765808231257,0.06612063899348895,0.01296525746718015,0.030559696101981063,0.04669319796651235
59563,0.08674065420560748,0.05957943925233645,0.037675233644859814,0.04293224299065421,0.018983644859813083,0.056950934579439255,0.027745327102803738,0.08498831775700935,0.02044392523364486,0.053738317757009345,0.08703271028037383,0.05286214953271028,0.03533878504672897,0.03212616822429906,0.04351635514018692,0.057535046728971966,0.07768691588785047,0.027745327102803738,0.024824766355140186,0.071553738317757
3052428,0.05719541810155775,0.04164739599093998,0.052564935196253916,0.04368383214371142,0.022174649503132454,0.07478342865480377,0.03701017102052444,0.044430161398565614,0.021080943832243678,0.07540814287098742,0.09466139979313089,0.085398390919109,0.028410658801804198,0.05442219773430934,0.03707240431287993,0.06958185101951558,0.06010939215900609,0.011246864513624888,0.03792825536655401,0.0511895066673456
11083,0.0753847802021212,0.1088954754847695,0.025079455772595793,0.0488411955861872,0.02127272077991644,0.0314787701317716,0.025079455772595793,0.08460879191515194,0.036396100417812376,0.031668035567617756,0.12221904795914723,0.03620683498196622,0.017276720351390922,0.03800664214548441,0.020497803806734993,0.07777023890297469,0.04279541477698818,0.01478770131771596,0.02332250116058994,0.11841231296646787
3052401,0.0481548854627048,0.04046181524636559,0.06112202699272538,0.0538923726534317,0.021478293740909826,0.05774638134831831,0.028119056375533923,0.04915662785256306,0.026524731631907272,0.0861113224272994,0.09267165717771492,0.07964355662853131,0.02446699101123508,0.05310213058305735,0.03580264896218691,0.07309646951611072,0.06565254040585429,0.012104763275357878,0.04380148798509654,0.04689024072309572
38767,0.051082335599417196,0.057434909988276314,0.04321225576280203,0.059151252917308196,0.01939331870548433,0.06834318220343384,0.034963391683634014,0.058394730858341605,0.023135590187448422,0.0672614503404654,0.09006099876427538,0.059133738434688665,0.025688198524899453,0.042192722975175095,0.05106559537175622,0.0914456773899667,0.04816735688992009,0.016244719976918374,0.03072079714397736,0.06281348113801125
1821751,0.07865168539325842,0.036300777873811585,0.046672428694900604,0.052722558340535866,0.021607605877268798,0.04883318928262748,0.04105445116681072,0.06006914433880726,0.023336214347450302,0.04235090751944685,0.08729472774416594,0.05358686257562662,0.024200518582541054,0.05185825410544512,0.06309420916162489,0.07260155574762317,0.07303370786516854,0.012100259291270527,0.03932584269662921,0.07130509939498704
2170004,0.077103599425028,0.06215598570509284,0.022514687693259122,0.046332895105216536,0.006747159090909091,0.04942190712279998,0.030253017976232265,0.08249866285580572,0.010030148423005565,0.08268252018252019,0.10390524453024452,0.04196452075916362,0.023269116461080746,0.028788361935683366,0.06651299954871383,0.07257265237175951,0.06689083418994134,0.008254580241187384,0.01887658472479901,0.09922452165755737
3052241,0.040193604202031205,0.03274512628139526,0.06279252061780245,0.060079459820161364,0.023852588348216016,0.05307448255580313,0.03165753698970878,0.056205171614472395,0.013228793231023037,0.0872248988066262,0.08610594543119664,0.08873817436034748,0.028168023104913207,0.05576630206921609,0.025452608202002642,0.07806954256942877,0.05903563441748486,0.009038452074425154,0.050155994132171595,0.05841514117157368
3052418,0.05919856271506715,0.0395470786360852,0.053719088337156,0.046707601299033584,0.02281372959465359,0.07074171188544781,0.03437061317963116,0.04371728787018764,0.02093668932620006,0.07750118721834484,0.09372090542461853,0.08599306080518625,0.032197480539111,0.054479796235511746,0.0370509163038573,0.06958462467864122,0.062195880556853385,0.011661659786085063,0.03643655012523326,0.04742557548309523
3052329,0.038296272974346485,0.055642444179401396,0.05074810898335658,0.05169213096159444,0.027162500510526672,0.06024731721464919,0.03486574053250905,0.04939121956162432,0.025997103827424924,0.06557525111449912,0.11822076155586818,0.06592773423868453,0.024706078808774543,0.043528667300495226,0.03670642829336233,0.09415094115268909,0.055065742910658605,0.01618687499256828,0.026693332961101227,0.05919534792586584
1239570,0.06604735479532403,0.05213213247498392,0.048183664664307596,0.0530768060592078,0.017820687377155153,0.060864490728467564,0.03459593957945152,0.06277849441392336,0.01705974668391912,0.05200343829455584,0.08434693798785099,0.056081697277142205,0.026900527139368663,0.044749417628772326,0.052262194169349276,0.06320948826791682,0.06609390414442579,0.02018484272082361,0.04398874745799162,0.07761948813506278
3052616,0.0603027970233513,0.0533743905568386,0.04208365409289197,0.04003079291762895,0.022324865280985373,0.0705671028996664,0.033615601744932,0.06620477290223249,0.02258147292789325,0.06594816525532461,0.09468822170900693,0.07210674878111367,0.02386451116243264,0.03104952527585322,0.04208365409289197,0.05671028996664101,0.07082371054657428,0.016422889402104183,0.04157043879907621,0.07364639466256094
44024,0.08242886476972719,0.06248166617776474,0.03578762100322675,0.045761220299207976,0.019067175124669992,0.05984159577588736,0.021120563215019067,0.08653564095042535,0.024933998239953067,0.05162804341449105,0.09621589909064242,0.05280140803754767,0.029040774420651217,0.031387503666764446,0.040774420651217363,0.06306834848929305,0.06805514813728367,0.025814021707245526,0.026987386330302142,0.07626870049867997
310907,0.06873008648156577,0.0487027765134274,0.05325443786982249,0.04961310878470642,0.020937642239417388,0.04915794264906691,0.03959945380063723,0.07100591715976332,0.019116977696859355,0.06144742831133364,0.08010923987255349,0.04688211197086937,0.023668639053254437,0.047337278106508875,0.05097860719162494,0.06781975421028676,0.07282658170232134,0.014110150204824761,0.04005461993627674,0.07464724624487938
11021,0.0868157553118659,0.052678168868810056,0.041469724501282605,0.0542480475231904,0.02921817143843053,0.049799518130402454,0.030083905400208156,0.053785729017497876,0.028140040841461263,0.05559017794656112,0.07774953173637648,0.05891305894696541,0.022142457685866618,0.03628651022459669,0.06394808993348201,0.06049634358035135,0.07181279085503144,0.009714402420703358,0.03605677882277456,0.08105079681414172
11768,0.0711921718689363,0.0587317235862998,0.030114057015442768,0.04336318069600378,0.018067114407349663,0.055842488476230016,0.054433113019561614,0.06574774097332912,0.023432744297633114,0.04076626779857524,0.11288671647799912,0.05422574927489526,0.013382567630472882,0.027820087651299383,0.08872673229142775,0.06196878275310438,0.07417990218707267,0.022816925449458483,0.029659251581584806,0.052642682563323884
1239572,0.05587057278852923,0.04827716058722315,0.04117954573098761,0.05372054794597957,0.015838161396095254,0.06447692929792943,0.03722991938638549,0.07333802730613194,0.014998450960722212,0.0507382941581088,0.08159641506303782,0.06811494657851153,0.030031548695988647,0.032344141431736105,0.04919269248078582,0.06372078080809322,0.06933656029836112,0.029372100378121924,0.03966796099387716,0.08095524371339397
1985983,0.07123034227567067,0.04764107308048104,0.05087881591119334,0.05920444033302498,0.022664199814986123,0.05041628122109158,0.035615171137835334,0.07446808510638298,0.02543940795559667,0.05874190564292322,0.0851063829787234,0.04764107308048104,0.021739130434782608,0.04810360777058279,0.05550416281221091,0.07169287696577244,0.058279370952821465,0.016188714153561518,0.033765032377428304,0.06567992599444958
1170234,0.027522935779816515,0.06422018348623854,0.03669724770642202,0.08256880733944955,0.027522935779816515,0.08256880733944955,0.01834862385321101,0.027522935779816515,0.009174311926605505,0.027522935779816515,0.11009174311926606,0.08256880733944955,0.03669724770642202,0.06422018348623854,0.045871559633027525,0.10091743119266056,0.01834862385321101,0.01834862385321101,0.07339449541284404,0.045871559633027525
3052431,0.06204551805372752,0.04937431678885945,0.049376154670979756,0.05681721072389389,0.02289889387012377,0.06335350012144902,0.033647529463247526,0.04737411887192863,0.02201047235674658,0.07845000222086125,0.09539853473908133,0.07920843403896154,0.026944265603372496,0.05567925885858007,0.035650191813021474,0.0666216448202266,0.05795762180079481,0.011046825440572063,0.038750136359627624,0.04739536938394457
3052444,0.0501470142905136,0.04431355460333599,0.049823200179741005,0.0484917088518619,0.02551738820020735,0.06644081607169933,0.03061764732114985,0.04437800780548218,0.022084296914120585,0.08298035802945765,0.10155437526199841,0.07874864673970981,0.024176865226954863,0.0583381029255056,0.03912043708661588,0.07091826753801976,0.05862645089252533,0.008875903111447488,0.04189869267304849,0.05294826627660492
10320,0.08173076923076923,0.09615384615384616,0.019230769230769232,0.07211538461538461,0.014423076923076924,0.0673076923076923,0.019230769230769232,0.0673076923076923,0.019230769230769232,0.028846153846153848,0.0625,0.04807692307692308,0.019230769230769232,0.02403846153846154,0.052884615384615384,0.0673076923076923,0.07211538461538461,0.03365384615384615,0.057692307692307696,0.07692307692307693
64288,0.08187134502923976,0.0847953216374269,0.017543859649122806,0.06140350877192982,0.023391812865497075,0.06725146198830409,0.023391812865497075,0.09941520467836257,0.03216374269005848,0.03508771929824561,0.0935672514619883,0.038011695906432746,0.02631578947368421,0.038011695906432746,0.03508771929824561,0.05847953216374269,0.05263157894736842,0.03508771929824561,0.023391812865497075,0.07309941520467836
3052631,0.06573863300821628,0.06263605786778383,0.059371460908980406,0.0485657457140135,0.018589353213258605,0.06150986690487507,0.032923050372298694,0.05306842467605192,0.015783331734993564,0.0691015213772733,0.10485962929521885,0.05289516023679549,0.02403860425297631,0.04589632237430278,0.03158569188589214,0.0774607639878327,0.0646570088847899,0.007355644697942347,0.025517139743581597,0.0784465888629227
3052304,0.040554060486945924,0.049454890457672686,0.05791307240233127,0.05301831575849036,0.02527804447621465,0.058377383998509086,0.038903592992488835,0.058566425171556524,0.02780378898663938,0.04688671753533787,0.12347028006061256,0.06944774086308027,0.02481530646570453,0.047327454547059104,0.03895923952400753,0.07711573946456818,0.05612420074826108,0.014098831173011105,0.026943404255650505,0.06494151063185856
12110,0.13615023474178403,0.06103286384976526,0.056338028169014086,0.03286384976525822,0.009389671361502348,0.046948356807511735,0.03755868544600939,0.04225352112676056,0.04225352112676056,0.023474178403755867,0.10328638497652583,0.051643192488262914,0.009389671361502348,0.018779342723004695,0.06572769953051644,0.028169014084507043,0.09859154929577464,0.004694835680751174,0.046948356807511735,0.08450704225352113
3052720,0.05633475781245924,0.03528977453573982,0.07964821105249702,0.04014630913805968,0.01467526572014464,0.06032512562027456,0.05029246173995168,0.06540341979347661,0.02752036274647924,0.060111192857776455,0.0789985859566186,0.05255310489488596,0.026440263189476596,0.03485930007461557,0.062382271757222836,0.05493245464364541,0.10662721955241092,0.02298603175597055,0.034320554764178265,0.036153332394116326
3052308,0.051615004560881216,0.046792006694321674,0.05458753447866818,0.056839852790859485,0.025752583621920563,0.050034029048490115,0.038672862574568055,0.057551965323210226,0.026706831709879194,0.06289073426375599,0.11822647875444404,0.06424771299466171,0.030608611281769976,0.043273699957849306,0.03677565253521387,0.08215720615059523,0.05099737586616095,0.013455546588040159,0.033849924396477944,0.05496438640823209
686984,0.06029285099052541,0.03962101636520241,0.05167958656330749,0.05512489233419466,0.01937984496124031,0.04565030146425495,0.04263565891472868,0.06847545219638243,0.020671834625323,0.05512489233419466,0.08613264427217916,0.056416881998277345,0.02885443583118002,0.04478897502153316,0.05254091300602928,0.06675279931093885,0.07708871662360034,0.014211886304909561,0.04478897502153316,0.06976744186046512
3052226,0.08101235456399183,0.05244892247411139,0.02156850985566351,0.03486066130902403,0.02442525288872896,0.0565211307024909,0.026922154252129064,0.08778337531486147,0.021726440366238855,0.050987565471192674,0.08476870177122067,0.055801447363160214,0.010795250089960417,0.024987005717484308,0.07109471832393746,0.11538123225780657,0.06412178641397784,0.02244612370556955,0.032319779297109275,0.060027587861341006
3052523,0.06527309188516545,0.043746061155692705,0.052981285670546795,0.04540405828841212,0.026215750434877227,0.07114615571605717,0.03293873535880484,0.06261809258563465,0.02093591987391182,0.05457811229872253,0.08692203021914903,0.0796129650123205,0.02321078010998215,0.040629402199710105,0.03930574476982653,0.08915154148210917,0.05683007908155779,0.01704612693341923,0.02677705012047807,0.06467701680362213
3052302,0.041563701877481006,0.04563978883400275,0.05850012652370128,0.05638041496221979,0.022870397780286936,0.05752667636089703,0.036882986497839575,0.052484753929516424,0.02520621107762247,0.05654754737250552,0.1294605554369174,0.07443784599543606,0.026550623084828282,0.04323973243469537,0.03701600155408899,0.07934563447764466,0.0552199675997026,0.014153800108465125,0.024365775971067632,0.06260745812108112
1298633,0.07851975195222784,0.03541762364109631,0.01969453376205788,0.037427269943347115,0.03184810901852703,0.04390598683203185,0.02958964936456898,0.06746669728984842,0.046767340376665134,0.06083486449242076,0.0918312662685653,0.01507234726688103,0.03225003827897718,0.023110932475884246,0.07751492880110243,0.05571505129382943,0.09871191241770019,0.02094817026489052,0.028785790843668658,0.10458773541570969
3052612,0.1035868005738881,0.05738880918220947,0.02410329985652798,0.045050215208034435,0.03931133428981349,0.0436154949784792,0.018651362984218076,0.09325681492109039,0.01836441893830703,0.04218077474892396,0.09870875179340029,0.02926829268292683,0.018938307030129126,0.028407460545193688,0.059110473457675755,0.06915351506456241,0.06599713055954089,0.024677187948350072,0.028694404591104734,0.0915351506456241
145856,0.08700643993145214,0.06455076534766326,0.05618074456618668,0.045936368359426494,0.0074295717309884384,0.06706097192174378,0.04845505617977528,0.06212924837741643,0.020929050255503606,0.043450393917540964,0.08464114150789774,0.046996766464279895,0.036529939283969574,0.03140072386225293,0.03434565488791185,0.0771863683594265,0.06598506525228558,0.015058089267297866,0.04238999581268756,0.06233764471429346
1987130,0.05398230088495575,0.04026548672566372,0.03893805309734513,0.061504424778761065,0.01504424778761062,0.05619469026548673,0.04115044247787611,0.061061946902654866,0.02256637168141593,0.07123893805309735,0.08230088495575222,0.0752212389380531,0.02831858407079646,0.047787610619469026,0.04380530973451328,0.0743362831858407,0.05575221238938053,0.016814159292035398,0.03849557522123894,0.0752212389380531
10406,0.06018366312082425,0.08673847508344525,0.042126613878378905,0.031848500214533684,0.03233886291576349,0.04095085785611198,0.037175622286984775,0.04503535626521935,0.03838481212979009,0.040803191815400736,0.10971308209674634,0.03291002401662775,0.012353796688937307,0.04843446135328961,0.0694002529825754,0.08402476331641211,0.07253745980976156,0.02882552560752038,0.03147236973347673,0.05474230882820031
138949,0.06571691176470588,0.04181985294117647,0.04871323529411765,0.050551470588235295,0.022058823529411766,0.05193014705882353,0.03952205882352941,0.06847426470588236,0.025735294117647058,0.05422794117647059,0.07720588235294118,0.05560661764705882,0.03262867647058824,0.04411764705882353,0.0546875,0.06847426470588236,0.0661764705882353,0.014246323529411764,0.04136029411764706,0.07674632352941177
64290,0.07297139521307647,0.060128429655575015,0.03794512551079977,0.04553415061295972,0.01780502043199066,0.06071220081727963,0.025394045534150613,0.0893169877408056,0.021015761821366025,0.05195563339171045,0.0893169877408056,0.057209573847051956,0.03765323992994746,0.03152364273204904,0.04407472270869819,0.056333917104495035,0.07151196730881494,0.028021015761821366,0.024518388791593695,0.07705779334500876
3052227,0.09000900090009001,0.0594059405940594,0.0306030603060306,0.050705070507050705,0.026702670267026704,0.039903990399039906,0.030303030303030304,0.0786078607860786,0.021902190219021903,0.041404140414041404,0.09450945094509451,0.0372037203720372,0.0177017701770177,0.0348034803480348,0.06810681068106811,0.075007500750075,0.0666066606660666,0.020702070207020702,0.0333033303330333,0.08250825082508251
463676,0.05643656716417911,0.03451492537313433,0.05177238805970149,0.06436567164179105,0.020988805970149255,0.037779850746268655,0.04291044776119403,0.06576492537313433,0.026119402985074626,0.06996268656716417,0.08815298507462686,0.0625,0.02332089552238806,0.03591417910447761,0.060167910447761194,0.06110074626865672,0.07882462686567164,0.013526119402985074,0.04151119402985075,0.06436567164179105
1972581,0.04988787479387768,0.044838387796928725,0.045129367769349164,0.06069180136798307,0.021785101420935496,0.05222001247620709,0.03736569676004891,0.06449663644773025,0.019884849688062117,0.050170231874517614,0.11756343761805144,0.053006492165985734,0.029188787451737776,0.057432335191915894,0.047061521459621565,0.07997823334760756,0.052164518798825714,0.023864752492473097,0.031606698845334597,0.06166326223280653
194965,0.0881039382866423,0.046691027202598455,0.0389768574908648,0.05278116118554608,0.015022330491270807,0.0389768574908648,0.03329273244011368,0.06739748274462039,0.022330491270807957,0.04425497360941941,0.08891595615103533,0.036946812829882256,0.015022330491270807,0.04506699147381242,0.08038976857490865,0.08120178643930166,0.07714169711733658,0.01908241981323589,0.04100690215184734,0.06739748274462039
11080,0.07959183673469387,0.058017492711370265,0.039941690962099125,0.044897959183673466,0.019533527696793004,0.060641399416909623,0.026239067055393587,0.08950437317784257,0.01924198250728863,0.05422740524781341,0.09067055393586006,0.05889212827988338,0.03469387755102041,0.0314868804664723,0.043731778425655975,0.04956268221574344,0.07317784256559767,0.026239067055393587,0.02565597667638484,0.07376093294460641
1239577,0.0789845526414391,0.05483973433920211,0.0411568765441915,0.054978421335556825,0.011306756678579518,0.058767237605467204,0.03519587883692816,0.06481010209618565,0.018442983991558432,0.04207245009851199,0.08595199849074629,0.05954174904866333,0.02537766259155676,0.04075932381847421,0.060523358053756034,0.06470734778594198,0.05825317253569869,0.02324696268923081,0.04124616633917775,0.07983726447913368
2560259,0.0678479266481776,0.05356708929088992,0.04816031572974995,0.049164506644071564,0.020328615294057432,0.053631588641008685,0.054368658137558146,0.05495340916177144,0.016153329171846427,0.07397314913874513,0.08712211496540267,0.059626191479163655,0.03296457382102153,0.03490415511626867,0.058484652452542106,0.07821493500954854,0.05832818039309334,0.009505149601729683,0.026748096533336183,0.06195336277001734
2169685,0.05149253731343283,0.047388059701492534,0.05,0.05447761194029851,0.019402985074626865,0.058208955223880594,0.04477611940298507,0.06492537313432836,0.023880597014925373,0.05559701492537313,0.07462686567164178,0.05783582089552239,0.029477611940298507,0.041044776119402986,0.05447761194029851,0.062313432835820894,0.07201492537313432,0.016044776119402984,0.036940298507462686,0.08507462686567165
1678145,0.1013840623922328,0.06147988282508271,0.03627088551949947,0.04278855081306204,0.01913519075030601,0.040183190022699794,0.04547775685067777,0.07928207625464702,0.023959845232095014,0.030947422871846566,0.09400757544177446,0.022712114264492437,0.02079788463651901,0.028702075572516188,0.0810849859215777,0.0672457831051353,0.07154415470727113,0.018773756153388485,0.032944076641187814,0.08127873002398828
3052627,0.054411005585388056,0.03887060901717849,0.05844277280196758,0.03985418785822438,0.021939864238307318,0.04685482956991535,0.023252869628517504,0.04256014998236583,0.011598923944444003,0.08897397772805907,0.13257935736773838,0.0769938683949911,0.027784760113620244,0.05916890821703416,0.03251508406876971,0.09706207937916592,0.052207514392010976,0.022852662877595315,0.022336170625760807,0.0497404042089458
2040663,0.07902033271719039,0.044824399260628464,0.04205175600739371,0.05314232902033272,0.018946395563770795,0.04990757855822551,0.041589648798521256,0.06700554528650647,0.02264325323475046,0.05683918669131238,0.08456561922365989,0.04990757855822551,0.024491682070240297,0.04390018484288355,0.054528650646950096,0.0688539741219963,0.0688539741219963,0.012939001848428836,0.03927911275415896,0.0767097966728281
1821750,0.05242265726136694,0.05362473910861008,0.06964809384164222,0.059509656283849834,0.01002615518744551,0.06507093603867797,0.03498586563102692,0.09068452616839714,0.02539563023433991,0.02048823016564952,0.10158252093735964,0.05297085942247233,0.027357269292753165,0.04326834165543843,0.046319780190747936,0.08272568756439724,0.055692055692055695,0.008064516129032258,0.017436791630340016,0.08272568756439724
48981,0.06205900098748858,0.047229211813389876,0.06141393231920132,0.05362315185401466,0.0024716315290164497,0.05629218409580773,0.04081732625342177,0.060912427805660696,0.016692243073514548,0.061951327871428596,0.09263186076605057,0.05697314380278165,0.03003546422633471,0.023605633147023276,0.05958736945847212,0.08790297391206502,0.06454857803584836,0.013826780147017454,0.04540264895266069,0.06202310994880192
3052232,0.09716882209017826,0.053827333100314574,0.026214610276127228,0.03914715134568333,0.027263194687172317,0.04648724222299895,0.031807060468367704,0.08039147151345684,0.020272631946871723,0.04893393918210416,0.09681929395316323,0.04648724222299895,0.019573575672841664,0.034253757427472914,0.06501223348479553,0.06850751485494583,0.06571128975882559,0.019923103809856693,0.032855644879412796,0.07899335896539672
11002,0.08218581829692942,0.05100932622300144,0.047126037938003754,0.06016753110770205,0.005375970974261572,0.06369104146881925,0.038482236345484214,0.06654552316945479,0.012527089877517227,0.048874400370126865,0.09543550782867022,0.060631407212603794,0.02654686244429834,0.028604475613022623,0.06819283122701927,0.0630993254924879,0.0800776779409258,0.013428056590449752,0.034057759271434486,0.053941120607787274
10561,0.06369343666876112,0.06320976634194123,0.04511826192981822,0.06066735942213793,0.02557966811452337,0.06849593597644874,0.04490025406874636,0.06031329075987304,0.02164149108885386,0.04823004662031458,0.0875835234592373,0.04243088850806409,0.015851364619151216,0.03732649965496006,0.06804476229078416,0.0785135830193542,0.05754710650326146,0.011539504457991427,0.031363947591775215,0.0679493089040024
3052228,0.06293524499763667,0.03995982353867969,0.015077989601386482,0.025303292894280762,0.015424610051993068,0.019410745233968803,0.011785095320623917,0.059815660942177405,0.009358752166377816,0.0220103986135182,0.07090751536158815,0.03129431227351505,0.03121947376713408,0.3735898849850323,0.04481250984717189,0.04072790294627383,0.03552859618717504,0.011091854419410746,0.040578225933511895,0.03916811091854419
64319,0.08279883381924198,0.05947521865889213,0.03760932944606414,0.0478134110787172,0.016034985422740525,0.0597667638483965,0.02565597667638484,0.08483965014577259,0.022157434402332362,0.05014577259475218,0.09008746355685131,0.05772594752186589,0.035568513119533525,0.02944606413994169,0.041107871720116616,0.053644314868804666,0.07055393586005831,0.027113702623906704,0.026239067055393587,0.08221574344023323
35279,0.07804735457468577,0.07775504238526747,0.028646594562993278,0.0467699503069278,0.019877228880444315,0.06518561824028062,0.022215726395790704,0.10406313943291436,0.021338789827535808,0.0470622624963461,0.08535515931014323,0.04209295527623502,0.033615901783104356,0.029231218941829874,0.03975445776088863,0.05495469161064016,0.06167787196726104,0.029231218941829874,0.0230926629640456,0.09003215434083602
1511891,0.07829510956800893,0.04618583816037407,0.061564397375950874,0.05662249633610161,0.017040398841510224,0.05828760729988136,0.04976904354804941,0.06996301207341754,0.021426172447484123,0.03834335089678275,0.06915717251727266,0.056559250471072645,0.01994425640309861,0.04624908402540303,0.06749206155349291,0.06786172273012771,0.05989601507432479,0.021426172447484123,0.033221526275385584,0.06069531195477703
64285,0.039428310408276185,0.0458586924353745,0.03358124134144825,0.03106999326616656,0.02196752319312377,0.05377309125845482,0.036536407735759224,0.08084353058747334,0.047477814806713245,0.05148165780974562,0.11892721884100863,0.03994835964675253,0.02618689175684428,0.029218189070602314,0.05864761463600842,0.09939910186960382,0.05340530385887258,0.03320916487598166,0.02463103310729956,0.07440885949449069
3052300,0.0440316331364162,0.05152827538630369,0.06072682738979079,0.056441204230351705,0.02640907378072622,0.055274195587024504,0.040511317123994,0.057006180386486784,0.026759455152625542,0.06496536526533019,0.11146228393158576,0.06350967280098375,0.028264046144995742,0.03881864487466172,0.034916041481355485,0.07221304378128142,0.061299842064664885,0.015736005830731595,0.02966461480670345,0.060462276843986584
164416,0.07136563876651983,0.055506607929515416,0.035535976505139504,0.0513950073421439,0.018208516886930984,0.053744493392070485,0.02525697503671072,0.08340675477239354,0.021439060205580028,0.055212922173274594,0.08898678414096917,0.05961820851688693,0.03671071953010279,0.032305433186490456,0.04229074889867841,0.06431718061674009,0.0684287812041116,0.027606461086637297,0.026138032305433188,0.08252569750367107
1603962,0.06706792777300086,0.040842648323301804,0.04428202923473775,0.05460017196904557,0.029234737747205503,0.05588993981083405,0.03869303525365434,0.06835769561478934,0.02235597592433362,0.061049011177987965,0.07007738607050731,0.06663800515907137,0.027515047291487533,0.04256233877901978,0.05975924333619948,0.061908856405846945,0.06276870163370593,0.018486672398968184,0.03654342218400688,0.07136715391229578
64284,0.07817109144542773,0.05486725663716814,0.03982300884955752,0.043952802359882005,0.017699115044247787,0.058997050147492625,0.024778761061946902,0.0855457227138643,0.021533923303834808,0.05073746312684366,0.09026548672566372,0.058112094395280235,0.033628318584070796,0.03392330383480826,0.03952802359882006,0.06548672566371681,0.06460176991150443,0.028908554572271386,0.025073746312684365,0.08436578171091445
38837,0.07839669908635426,0.05511346890657236,0.0394930739758326,0.044503389330975536,0.01768346595932803,0.05688181550250516,0.025346301208370173,0.0842911877394636,0.024167403477748307,0.04921898025346301,0.09048040082522842,0.05717653993516063,0.03595638078396699,0.029472443265546714,0.038314176245210725,0.06660772178013558,0.06690244621279104,0.028293545534924844,0.023872679045092837,0.0878278809313292
147712,0.05176362803481448,0.03847915712322492,0.05405405405405406,0.05130554283096656,0.018781493357764543,0.04901511681172698,0.0407695831424645,0.06550618415025194,0.0233623453962437,0.06779661016949153,0.0874942739349519,0.059092991296381125,0.022904260192395786,0.03985341273476867,0.058176820888685296,0.07420980302336234,0.07970682546953733,0.011452130096197893,0.04031149793861658,0.06596426935409987
1986958,0.09090909090909091,0.05108608205953339,0.03660498793242156,0.052695092518101366,0.016894609814963796,0.039420756234915526,0.03459372485921158,0.083266291230893,0.019308125502815767,0.04062751407884151,0.09533386967015285,0.028962188254223652,0.015687851971037812,0.042236524537409496,0.07240547063555913,0.08728881737731295,0.06275140788415125,0.02252614641995173,0.031375703942075624,0.07602574416733708
3052684,0.04371584699453552,0.07650273224043716,0.04371584699453552,0.01092896174863388,0.0273224043715847,0.03825136612021858,0.03278688524590164,0.0546448087431694,0.01639344262295082,0.09289617486338798,0.1092896174863388,0.0546448087431694,0.02185792349726776,0.03825136612021858,0.03278688524590164,0.08196721311475409,0.1092896174863388,0.02185792349726776,0.01639344262295082,0.07650273224043716
3052625,0.0633658286300667,0.04874294510005131,0.04079014879425346,0.046177526936890714,0.018984094407388404,0.06695741405849154,0.03078501795792714,0.0741405849153412,0.020266803488968702,0.05413032324268856,0.09748589020010262,0.07567983581323756,0.024371472550025655,0.03258081067213956,0.04361210877373012,0.05002565418163161,0.0767060030785018,0.01616213442791175,0.04207285787583376,0.07696254489481785
1330066,0.0702439024390244,0.0448780487804878,0.04878048780487805,0.055609756097560976,0.026341463414634145,0.04341463414634146,0.02878048780487805,0.055121951219512196,0.020975609756097562,0.04829268292682927,0.09073170731707317,0.04731707317073171,0.024878048780487806,0.05024390243902439,0.07121951219512195,0.08,0.0575609756097561,0.008292682926829269,0.042439024390243905,0.08487804878048781
3052231,0.09226190476190477,0.06183862433862434,0.028769841269841268,0.05125661375661376,0.02943121693121693,0.045304232804232805,0.027116402116402115,0.08564814814814815,0.021825396825396824,0.055224867724867725,0.08928571428571429,0.03869047619047619,0.022156084656084655,0.03373015873015873,0.06944444444444445,0.061507936507936505,0.060515873015873016,0.022817460317460316,0.032407407407407406,0.07076719576719577
1933180,0.05449716721775918,0.04141477529245014,0.05312897001688077,0.05130224357005767,0.022947638905626205,0.058463731210617216,0.035294334153961944,0.043806689899783376,0.02210877028179094,0.08768867001892046,0.09008288931188597,0.08231728101317293,0.034772052130944316,0.05501895110253346,0.038674604722526366,0.07346634541718612,0.05565002346027284,0.009150354900566192,0.03991706087428969,0.050297446498774205
1330521,0.07897153351698806,0.03856749311294766,0.046372819100091826,0.0472910927456382,0.02203856749311295,0.05188246097337006,0.03581267217630854,0.06978879706152434,0.02203856749311295,0.06106519742883379,0.08080808080808081,0.05417814508723599,0.027548209366391185,0.045454545454545456,0.05555555555555555,0.07300275482093664,0.0707070707070707,0.015151515151515152,0.03948576675849403,0.0642791551882461
390157,0.0761118752865658,0.04355800091701054,0.049060064190738197,0.05685465382851903,0.009170105456212746,0.04309949564419991,0.03897294818890417,0.06969280146721687,0.01925722145804677,0.03622191655204035,0.09720311783585511,0.04493351673544246,0.02063273727647868,0.0541036221916552,0.06831728564878496,0.07977991746905089,0.07106831728564879,0.012379642365887207,0.037138927097661624,0.0724438331040807
3052481,0.05943819087420149,0.04429385788578119,0.04050566434175084,0.05729319861471464,0.027178661214940832,0.06052208167426983,0.050351632385118604,0.05521148975902917,0.021268063208608783,0.07213023007156882,0.09163641524144335,0.06982142776276652,0.030458690282982454,0.042362056312637404,0.03716215032644318,0.06941076802441772,0.06438483137107133,0.013230119192804988,0.03319877321239531,0.06014169824305355
691956,0.06002667852378835,0.048465984882169855,0.04490884837705647,0.0542463317029791,0.023566029346376166,0.05602489995553579,0.04357492218763895,0.0658070253445976,0.0213428190306803,0.05824811027123166,0.08759448643841708,0.05869275233437083,0.02401067140951534,0.04668741662961316,0.048910626945309024,0.06936416184971098,0.07114273010226767,0.0164517563361494,0.032458870609159626,0.06847487772343264
64291,0.07324190253866356,0.06011088415523782,0.0385176539247155,0.0446454625036475,0.017508024511234316,0.06098628538079953,0.025386635541289757,0.08987452582433615,0.02071782900496061,0.0519404727166618,0.08899912459877443,0.05631747884447038,0.03764225269915378,0.031222643711701196,0.04377006127808579,0.05515027721038809,0.07207470090458126,0.02859644003501605,0.024803034724248614,0.07732710825795155
44025,0.07835712205068453,0.05971453539178561,0.03815904456743373,0.043984852898339644,0.018351296242353626,0.06175356830760268,0.026507427905621904,0.08476551121468104,0.019807748325080105,0.05301485581124381,0.09088260996213225,0.05738421205942325,0.03204194581998252,0.030002912904165454,0.04252840081561317,0.06204485872414797,0.06874453830468978,0.026798718322167202,0.02475968540635013,0.0803961549665016
1481452,0.07137254901960784,0.045098039215686274,0.04392156862745098,0.05450980392156863,0.0196078431372549,0.0596078431372549,0.040392156862745096,0.06549019607843137,0.019215686274509803,0.05137254901960785,0.07607843137254902,0.05254901960784314,0.032549019607843135,0.044313725490196076,0.05843137254901961,0.05529411764705883,0.0780392156862745,0.013725490196078431,0.0392156862745098,0.0792156862745098
11079,0.08415841584158416,0.05998835177635411,0.0361094933022714,0.04688410017472335,0.016598718695398952,0.060570762958648806,0.025043680838672103,0.08532323820617356,0.019510774606872453,0.054455445544554455,0.0896913220733838,0.05736750145602795,0.029994175888177054,0.032615026208503206,0.041933605125218404,0.057076295864880604,0.0716365754222481,0.026790914385556204,0.025917297612114153,0.07833430401863715
3052475,0.06794932709566856,0.046418012881427516,0.03635185952259123,0.05877861975422951,0.03326653021774973,0.05542323530128408,0.04248596931523761,0.06514623587794319,0.023107989571404204,0.07067932067932067,0.08029775102945835,0.06792496121764414,0.028959861276934444,0.04259053954175905,0.044792605768215525,0.07371591822811335,0.06121419231175329,0.013231687012174817,0.027040033137594115,0.0606253502594966
1972568,0.029411764705882353,0.058823529411764705,0.07352941176470588,0.04411764705882353,0.007352941176470588,0.058823529411764705,0.029411764705882353,0.07352941176470588,0.029411764705882353,0.058823529411764705,0.08088235294117647,0.051470588235294115,0.03676470588235294,0.051470588235294115,0.029411764705882353,0.08823529411764706,0.051470588235294115,0.022058823529411766,0.058823529411764705,0.0661764705882353
1986959,0.07636518771331058,0.042662116040955635,0.04138225255972696,0.05546075085324232,0.020477815699658702,0.04906143344709898,0.04223549488054607,0.06996587030716724,0.024744027303754267,0.05844709897610922,0.08191126279863481,0.05418088737201365,0.030290102389078498,0.0439419795221843,0.05674061433447099,0.0674061433447099,0.06697952218430034,0.013225255972696246,0.03668941979522184,0.06783276450511945
35612,0.08618921906706274,0.05676051250043292,0.06300712660048947,0.0717908114859838,0.010957486368553267,0.042214420906514914,0.03149911407288087,0.06202945944668296,0.02478578613423572,0.05052259461749664,0.09349022421325147,0.05442125537478041,0.01843577805737127,0.045037961262903076,0.04517080609129562,0.06975872800634418,0.06446306041621006,0.00983810121132743,0.04848767981135276,0.05113987435483044
1914574,0.07448630136986302,0.05094178082191781,0.045376712328767124,0.06164383561643835,0.013270547945205479,0.06292808219178082,0.04323630136986301,0.061215753424657536,0.020976027397260275,0.052226027397260275,0.09118150684931507,0.0547945205479452,0.036815068493150686,0.039383561643835614,0.038527397260273974,0.054366438356164386,0.07148972602739725,0.0136986301369863,0.034674657534246575,0.07876712328767123
1678146,0.08403036310013054,0.06360887922349717,0.0414567025862707,0.04806372580458959,0.022307090413402706,0.034868920250980054,0.0408355674136405,0.07883828481835126,0.02607682341901611,0.04272117395040983,0.09737564222614056,0.0240348230381453,0.015391719710656587,0.03235773833780478,0.07711055219360868,0.08181864826383099,0.06737713216118532,0.013823341065865982,0.031881156465874076,0.07602171555659928
1987124,0.04130024792863046,0.04502447500582738,0.034784174948613085,0.04913542836557818,0.02611197050285012,0.060244538153461466,0.018896611642050393,0.06067894301879596,0.023055243584581806,0.06371977707613741,0.11465639634676103,0.06001144285986735,0.03393125807887097,0.05633489436545104,0.04044733105888834,0.06676061113347884,0.0648216821004005,0.03939310461740586,0.016507384882710686,0.08418448432963913
64297,0.07544945475979958,0.05363984674329502,0.0394930739758326,0.04597701149425287,0.016799292661361626,0.05776598880047156,0.025346301208370173,0.08517536103743001,0.023872679045092837,0.05658709106984969,0.0869437076333628,0.060418508694370765,0.032419687592101384,0.03300913645741232,0.03772472737989979,0.06395520188623637,0.06690244621279104,0.027998821102269377,0.023872679045092837,0.08664898320070734
2003499,0.07685473123056419,0.033762772101288314,0.0422034651266104,0.053753887161261664,0.01288316303864949,0.043536206130608615,0.04264771212794314,0.053753887161261664,0.02310084406930253,0.04531319413593958,0.07952021323856064,0.05508662816525989,0.027543314082629944,0.06219458018658374,0.07063527321190582,0.08485117725455353,0.0812972012438916,0.014215904042647711,0.029764549089293647,0.0670812972012439
3051624,0.04429877417862664,0.02851769345944564,0.07163081717367223,0.06202510073159746,0.018319151785170847,0.05775481137932294,0.0529318677038065,0.07290289595734581,0.02187610317837101,0.05876760520517596,0.0756479080694835,0.09184895738231749,0.020477425166465814,0.03283424022203557,0.05487711353759632,0.04671024601638486,0.0775128120853571,0.021916274087329123,0.04328598035277362,0.04586422232772158
3052237,0.09327983951855567,0.05315947843530592,0.026078234704112337,0.03945168839852892,0.034770979605483116,0.04546974256101638,0.031761952524239384,0.07923771313941826,0.02039451688398529,0.04379806084921431,0.09093948512203276,0.04680708793045804,0.023737880307589436,0.03510531594784353,0.0641925777331996,0.07221664994984955,0.06486125041792043,0.021397525911066532,0.037111334002006016,0.07622868605817452
1914575,0.07051564565888056,0.05376817981489643,0.038342882327016305,0.0744821507271926,0.012780960775672102,0.05200528867342442,0.03349493168796827,0.06170118995152049,0.020273248126928163,0.050683120317320404,0.09343323049801674,0.0502423975319524,0.03261348611723226,0.049801674746584396,0.04275011018069634,0.0744821507271926,0.060379021595416485,0.013662406346408109,0.03305420890260027,0.08153371529308065
1987128,0.04913557779799818,0.039126478616924476,0.048225659690627844,0.061419472247497726,0.01637852593266606,0.06005459508644222,0.034576888080072796,0.06187443130118289,0.019563239308462238,0.07097361237488627,0.08780709736123748,0.07097361237488627,0.029572338489535943,0.05141037306642402,0.04322111010009099,0.07734303912647862,0.061419472247497726,0.014558689717925387,0.034576888080072796,0.06778889899909009
1897731,0.08729846637829336,0.04522217852929611,0.03617774282343689,0.05230043255996854,0.017695635076681086,0.03853716083366103,0.040503342508847816,0.07235548564687377,0.02634683444750295,0.05072748721981911,0.08611875737318128,0.029885961462839165,0.013370035391270154,0.04758159653952025,0.08533228470310657,0.07825403067243414,0.07196224931183641,0.018088871411718443,0.039323633503735744,0.06291781360597719
40004,0.07593831830084376,0.0741926098341577,0.029967995344777423,0.04218795461157986,0.019784695955775384,0.07128309572301425,0.02531277276694792,0.10183299389002037,0.01862089031131801,0.04160605178935118,0.0881582775676462,0.04742508001163805,0.03724178062263602,0.025603724178062264,0.03724178062263602,0.054698865289496655,0.06430026185627,0.028804189700320046,0.024730869944719232,0.09106779167878964
693066,0.06315789473684211,0.04342105263157895,0.04824561403508772,0.060087719298245613,0.016666666666666666,0.05482456140350877,0.02675438596491228,0.07017543859649122,0.02894736842105263,0.04692982456140351,0.09035087719298246,0.05789473684210526,0.02280701754385965,0.04517543859649123,0.05,0.06535087719298245,0.08070175438596491,0.010526315789473684,0.04078947368421053,0.07719298245614035
2003651,0.06909607193563654,0.041173686701372454,0.05205868433506862,0.06105063890203502,0.012304779933743492,0.04637955513487932,0.03028868906767629,0.06814955040227165,0.01893043066729768,0.05111216280170374,0.08613345953620445,0.061997160435399906,0.02555608140085187,0.05395172740179839,0.057264552768575484,0.07572172266919072,0.07335541883577851,0.011831519167061051,0.03502129673450071,0.06862281116895409
64311,0.08705813613789073,0.05667543090855974,0.03155127081507449,0.04352906806894537,0.018989190768331873,0.06281040023371312,0.02424773590417762,0.08910312591294187,0.021910604732690624,0.04294478527607362,0.09290096406660824,0.06281040023371312,0.0338884019865615,0.026292725679228746,0.04411335086181712,0.06456324861232837,0.06251825883727724,0.028921998247151623,0.023955594507741748,0.08121530820917323
1987123,0.05296229802513465,0.03949730700179533,0.04847396768402154,0.06014362657091562,0.019299820466786355,0.057001795332136444,0.036355475763016155,0.06059245960502693,0.02064631956912029,0.06642728904847396,0.08752244165170557,0.07136445242369839,0.03500897666068223,0.0466786355475763,0.043536804308797125,0.07405745062836624,0.05834829443447038,0.013913824057450628,0.036355475763016155,0.07136445242369839
44026,0.0657856093979442,0.055506607929515416,0.03700440528634361,0.048458149779735685,0.018795888399412628,0.05491923641703377,0.024963289280469897,0.08575624082232011,0.02290748898678414,0.055506607929515416,0.08839941262848752,0.05991189427312775,0.039353891336270194,0.033480176211453744,0.042584434654919234,0.0631424375917768,0.06901615271659324,0.027312775330396475,0.02643171806167401,0.08076358296622614
11085,0.08172231985940245,0.0773286467486819,0.026654950205038077,0.04540128881077914,0.019332161687170474,0.06473345049794962,0.025483304042179262,0.09519625073227886,0.023432923257176334,0.03632103104862332,0.09812536613942589,0.040421792618629174,0.03427065026362039,0.028119507908611598,0.03866432337434095,0.05506736965436438,0.06736965436438196,0.02899824253075571,0.020503807850029292,0.09285295840656121
3052233,0.09562171628721541,0.0542907180385289,0.026619964973730297,0.04483362521891419,0.03152364273204904,0.047635726795096325,0.025218914185639228,0.07810858143607706,0.022066549912434327,0.04553415061295972,0.09281961471103327,0.05218914185639229,0.025569176882661998,0.03327495621716287,0.05884413309982487,0.06269702276707531,0.07005253940455342,0.021015761821366025,0.037828371278458846,0.07250437828371278
3052611,0.09388016661326498,0.061839154117270104,0.018263377122717077,0.04485741749439282,0.03620634412047421,0.041973726369753286,0.019224607497596923,0.09323934636334508,0.017942966997757128,0.031079782121115028,0.10669657161166293,0.036847164370394106,0.017942966997757128,0.03075937199615508,0.06824735661646908,0.06728612624158924,0.06568407561678949,0.026273630246715796,0.02819609099647549,0.09355975648830503
64303,0.08836395450568679,0.05861767279090114,0.035287255759696705,0.04461942257217848,0.018664333624963548,0.06153397491980169,0.026538349372995044,0.0863225430154564,0.02216389617964421,0.05074365704286964,0.08923884514435695,0.06036745406824147,0.033245844269466314,0.034412365121026536,0.045494313210848646,0.05890930300379119,0.06065908428113152,0.025955088947214933,0.021872265966754154,0.07699037620297462
11089,0.07333133792277761,0.059862316671655195,0.03531876683627656,0.047590541753965876,0.019155941334929663,0.06285543250523795,0.02693804250224484,0.08799760550733314,0.02394492666866208,0.05118228075426519,0.09099072134091589,0.05567195450463933,0.038311882669859326,0.032026339419335526,0.04070637533672553,0.06285543250523795,0.05866507033822209,0.025142173002095182,0.0236456150853038,0.08290930859024244
3052537,0.0453257790368272,0.05047643574555756,0.052536698429049705,0.05459696111254185,0.02111769250579449,0.06824620139067732,0.03167653875869173,0.04275045068246201,0.019830028328611898,0.06901879989698687,0.11434457893381406,0.08035024465619367,0.02086015967035797,0.046613443214009787,0.028328611898016998,0.09245428792171002,0.05768735513778007,0.010043780582024209,0.031419005923255215,0.06232294617563739
1803956,0.04726938962826985,0.03212482790270767,0.05002294630564479,0.06103717301514456,0.021110601193207894,0.05323542909591556,0.03809086737035337,0.056906837999082145,0.025240936209270308,0.06700321248279027,0.0867370353373107,0.07296925195043598,0.029371271225332722,0.04405690683799908,0.045433685176686556,0.07755851307939422,0.07342817806333181,0.012391005048187242,0.04038549793483249,0.0656264341441028
147711,0.056377079482439925,0.03743068391866913,0.04436229205175601,0.05822550831792976,0.021256931608133085,0.04528650646950092,0.03743068391866913,0.06377079482439926,0.026802218114602587,0.07024029574861368,0.0822550831792976,0.059149722735674676,0.021256931608133085,0.04205175600739371,0.05683918669131238,0.0878003696857671,0.06561922365988909,0.012939001848428836,0.04066543438077634,0.07024029574861368
3052239,0.09720785935884178,0.05618752154429507,0.023440193036883834,0.0479145122371596,0.02998965873836608,0.04998276456394347,0.024129610479145122,0.07135470527404343,0.017924853498793518,0.037917959324370906,0.09203722854188211,0.046190968631506374,0.025163736642537057,0.028955532574974147,0.06549465701482247,0.0796277145811789,0.05928990003447087,0.028955532574974147,0.02930024129610479,0.0889348500517063
3052604,0.11991626794258373,0.06549043062200957,0.017045454545454544,0.04007177033492823,0.03349282296650718,0.04007177033492823,0.026614832535885168,0.09061004784688995,0.018241626794258375,0.030502392344497607,0.09300239234449761,0.020933014354066987,0.017643540669856458,0.03199760765550239,0.07177033492822966,0.07625598086124402,0.0645933014354067,0.02242822966507177,0.02900717703349282,0.09001196172248804
106966,0.07571560480147738,0.04155124653739612,0.043859649122807015,0.04662973222530009,0.02123730378578024,0.05678670360110803,0.04293628808864266,0.06879039704524469,0.023545706371191136,0.05493998153277932,0.07940904893813482,0.05170821791320406,0.02816251154201293,0.04155124653739612,0.055863342566943676,0.06555863342566944,0.07156048014773776,0.014312096029547553,0.043859649122807015,0.07202216066481995
1987129,0.04674977738201247,0.04942119323241318,0.0458593054318789,0.054764024933214604,0.020035618878005344,0.06188780053428317,0.037399821905609976,0.06010685663401603,0.020480854853072127,0.0609973285841496,0.08726625111308994,0.058771148708815675,0.032056990204808546,0.057435440783615316,0.043187889581478185,0.0823686553873553,0.05832591273374889,0.014247551202137132,0.03695458593054319,0.07168299198575245
1155188,0.07709648331830478,0.04328223624887286,0.03742110009017133,0.06176735798016231,0.014427412082957619,0.05049594229035167,0.03742110009017133,0.08160504959422904,0.024346257889990983,0.03651938683498648,0.08746618575293057,0.05049594229035167,0.022091974752028856,0.05184851217312895,0.05590622182146077,0.057709648331830475,0.07168620378719567,0.01127141568981064,0.03787195671776375,0.08926961226330027
3052626,0.06209905055170644,0.04849884526558892,0.04080061585835258,0.0451629458557865,0.020015396458814474,0.06825763407749551,0.030536309982037466,0.07364639466256094,0.019758788811906593,0.06415191172696946,0.09930715935334873,0.07775211701308699,0.023351295868616884,0.02950987939440595,0.04695919938414165,0.04849884526558892,0.06877084937131127,0.016422889402104183,0.0405440082114447,0.07595586348473185
12542,0.08113649677797305,0.07205623901581722,0.026654950205038077,0.04510837727006444,0.019039250146455772,0.06590509666080843,0.026654950205038077,0.09256004686584651,0.023725834797891036,0.037785588752196834,0.09783245459871119,0.04803749267721148,0.033391915641476276,0.028119507908611598,0.037785588752196834,0.05975395430579965,0.06239015817223199,0.029876977152899824,0.0210896309314587,0.09109548916227299
1658615,0.09924058772675409,0.05203537072627105,0.03224653788350517,0.03295387356412398,0.03157534347489712,0.033698579818888304,0.034417164296499984,0.05602950297087977,0.03595930996167942,0.05858705198218434,0.11648798532039722,0.03468637814349305,0.026682568175901696,0.05181217697035934,0.044079426790873594,0.07041033846936949,0.05560078549518202,0.015403321418709003,0.038683080161084696,0.07168591366695458
10276,0.026159233130061275,0.039498660054968195,0.07795402866226561,0.06582050927666706,0.023298174680736087,0.04882908131335722,0.019607840582055537,0.03432998382717681,0.018001002738760742,0.12025878347841203,0.0859674386755219,0.08153442911257196,0.026390338903379773,0.04801049988042251,0.02761438689502364,0.07934213665155118,0.05601022928127973,0.0070953656793361864,0.05558881968455956,0.053130698938167804
10273,0.04703859767319925,0.049227379113271,0.05384612067889495,0.06067741876975607,0.02356768340532919,0.057946911149249575,0.021062904528021748,0.043144655135221255,0.020545087525929494,0.07291559064506103,0.08961028329504447,0.07324650563646826,0.024206361993891038,0.04694042276007961,0.03588339949728487,0.07171124779016697,0.06516648679156384,0.007865897092715197,0.050235540387448846,0.07967151793700752
10255,0.03763980327239075,0.04199536045318985,0.06859563905245168,0.066296054899041,0.021611003668417676,0.053715571402400686,0.023027993340937938,0.04068085499116998,0.01953403817023041,0.09462717784111803,0.08800863460507712,0.07373889879513071,0.030559016085965503,0.04320176725748277,0.0317050324968214,0.07531961551329458,0.06073770065891978,0.007179226734508416,0.05183456698897815,0.06328410183509008
10279,0.10847639581360605,0.09497294915942654,0.027435921753894504,0.046901360712970436,0.030390086134334915,0.05948319594016739,0.027860962589469834,0.05412517035941694,0.02508402961799896,0.027725935638755212,0.1161114410547148,0.029396316885762084,0.022157002405997304,0.042069581716010496,0.05000657199019173,0.06645934259771313,0.048283268654908,0.006763569744159076,0.030785327094395343,0.08039975039526319
10381,0.04973339141474864,0.032705752626226096,0.054368973446207086,0.04546485041271168,0.0314591755294881,0.05766663938031381,0.036496048607382335,0.03843962498588148,0.02510200967853995,0.07060149803448955,0.10467423269490847,0.07011909923647197,0.02397780037556153,0.046865990923930956,0.04834430106714011,0.08426353732171195,0.06570700636258468,0.01130802096174667,0.03760519020552512,0.06119580425597533
154334,0.07977795653574606,0.06779868759727062,0.03754222229259946,0.045420396488516535,0.028645922460312993,0.04694209469207813,0.03192902727137222,0.07312425439986506,0.025419631165043442,0.04285572758980595,0.0984516332218485,0.03840075324457027,0.023011016038382393,0.04401554430212755,0.06491031972766598,0.071339666394038,0.06099176128638515,0.012164366374182889,0.027685742572265783,0.07486769573305524
10258,0.10891314873570113,0.08348827698993784,0.029579687474707697,0.05826585168593452,0.02523608481110681,0.06229656453759628,0.022530127385453513,0.054194920250739076,0.01987749010968138,0.03417313573991888,0.10253065001002806,0.03378936759377932,0.030013418447932778,0.04299876957452483,0.052705079354059284,0.06533257705801575,0.051052191741043675,0.007239556324833712,0.025277446153777628,0.08452457513391766
10298,0.11774684276300372,0.09920081781479945,0.021398396529540502,0.04618302038311437,0.019393007944004278,0.05311030585073895,0.028079136602372132,0.09009126164118468,0.02487395734123396,0.027877726420960078,0.08798416494006013,0.018055873696691916,0.0183379642906713,0.030477265476495853,0.09449439322255862,0.060482512045152294,0.05882407204113989,0.012140572058633566,0.022189731509699072,0.0656430843007581
10345,0.13839482493988783,0.10625102941702322,0.01736000011810601,0.050192889354977475,0.018041955696831473,0.055913381559320394,0.020716937871183227,0.09016430853451926,0.022019647125022385,0.020617717605692285,0.09024863962952381,0.012831823818378657,0.018205215555938535,0.032174204548098745,0.09445117109533072,0.06137208763859969,0.04573962014002907,0.01151213920435249,0.019159885998167658,0.0710181819895095
37296,0.0754920760058869,0.06746477692805286,0.03190280390326804,0.04190849355457152,0.029256363989578087,0.04691580117859896,0.03895176047174408,0.07132423249499523,0.026969601754750137,0.04329225779528471,0.10259698186927681,0.03738905124532845,0.023168670564569987,0.04140077463281728,0.06646228849709569,0.07267049794318464,0.06143258712141983,0.01460957463425621,0.028231328969130852,0.073216458376053
10366,0.07649001054398716,0.0762366277383819,0.03269561196403063,0.05861620678540415,0.023493643841954702,0.05447847788916167,0.025437045193149273,0.06593636579269194,0.02112573069204214,0.04679855975951416,0.08815041284928557,0.03378105962683101,0.024257560440086066,0.037450118233504824,0.05718179797080131,0.08100790643915173,0.06706672660881856,0.011641411476697883,0.03125559103898462,0.0822832432550406
10359,0.07330080059727079,0.07751555460091178,0.03316209392889092,0.04675878670332649,0.02716862164718268,0.050200462370095386,0.032447831239785334,0.06144885046315115,0.03073578452279176,0.038647923611304626,0.10235857366247726,0.02936613922673275,0.02498794064775575,0.04025529407813913,0.05565397201404433,0.07249615074147574,0.06764872060044418,0.01675619211799382,0.03424953057423894,0.07899710761918975
10497,0.050392843851611184,0.035060006231752025,0.058907622076658964,0.04576043397292455,0.02293614601854267,0.0591181043732958,0.039985811603124845,0.04064273275503614,0.02870002621798763,0.08608983328457777,0.10211787722052247,0.07747484555357456,0.029454505390415935,0.048593373799620455,0.041023998264538376,0.06291606841406668,0.05574664530372111,0.010771425082873346,0.04622888561756234,0.051790686639681525
99000,0.028798325683069,0.02670703699420943,0.08727778445291175,0.052920921916233855,0.023080092175926454,0.0532307895691792,0.019890669575621973,0.0347672949894323,0.01379972048180503,0.10229660608452096,0.09376254722231363,0.09919831430129998,0.024011617982122712,0.05866340658969362,0.027065539655788614,0.07807021802476173,0.05178797989105158,0.007016902548834366,0.04883722646793898,0.06323065032096639
170325,0.0405561010970747,0.04266862941834576,0.07009139991403734,0.05047575086755671,0.020913430970990264,0.056794832371478546,0.029512346951923053,0.04456956614677405,0.018018348755476876,0.08403699730254831,0.09524658229915081,0.06421668787281774,0.02369966504834324,0.05077356441563853,0.05056542334726264,0.09680049138750707,0.059461443972583676,0.00862888426912672,0.03767386330827102,0.05122645342498084
12643,0.03735282611093106,0.04170088792251895,0.06952202839677918,0.06965304861439457,0.022463667952812783,0.05398222829716249,0.02245598531796213,0.04229744001457295,0.021658854441909094,0.09709876798559873,0.0839850112621802,0.07090074119180192,0.030109417117911843,0.04285075411220873,0.030637071673715495,0.0741891103411018,0.05994865448797243,0.007102666032745734,0.053212973774426006,0.062234551174869125
10243,0.03958161082397269,0.04297582702875883,0.06806001423307367,0.07008491232714849,0.023193654302727486,0.05448737940339333,0.021687228973596213,0.04097486055147084,0.020782024585527345,0.09341265061248438,0.08515904042342083,0.0715264427862512,0.02838031769350886,0.043091788624223554,0.03308095170256017,0.0764226011287975,0.06091024078466762,0.0071108036086953656,0.05164355289570226,0.06254035037504772
47929,0.06312008718272089,0.06072459727577294,0.04143304126835573,0.044346296890745984,0.03059951494907391,0.04761009803191336,0.03659280143759281,0.048121519053129405,0.030708482324045053,0.05571429609205133,0.10151584900054704,0.03671012508658195,0.03015236597149159,0.03996298257231491,0.04928025269189966,0.0754018394240916,0.07032931659685657,0.014926290146387654,0.0390671302682372,0.07782235874012343
12657,0.07043367786678278,0.06761761515014202,0.03715417172514408,0.04463309673835603,0.025496618883573872,0.055328512303980996,0.031111851733086875,0.07235756220648597,0.02088702482402644,0.03881412284167844,0.10249693363842481,0.046181906747328194,0.023982599494841314,0.04627091876061112,0.06075187202368632,0.07753326103090037,0.052662037995984186,0.014666247043598627,0.029436244835261312,0.07734745386573547
10376,0.09133065580352563,0.07480765535776154,0.0226710739045717,0.04035909866527854,0.019824890855623604,0.05743159700991697,0.03613670999530563,0.10812652867030834,0.022233663147720305,0.028548284340870558,0.10590045597265123,0.03026517726616081,0.020946109264321715,0.029321667771705962,0.07335293921138226,0.06954056822270488,0.05637525165482955,0.019034651804456303,0.021785491178668907,0.0670446763015135
108098,0.07275150940837327,0.07068756789655792,0.0417832414715002,0.046332570902323664,0.024058137698467277,0.052766352971401725,0.04033832526663608,0.06559399229134505,0.020342981977204556,0.05558111981160384,0.09803386551539821,0.03856137450036039,0.027812771237410598,0.04092539506590362,0.06215552168489041,0.06867937330418734,0.05918548936497365,0.01216579631750526,0.03150266187838477,0.06460885064936456
1978536,0.04687343279313726,0.052247786764858126,0.03950911642570524,0.05861865856372733,0.020626981027843876,0.08806746560511429,0.027105336162629213,0.05083092808576519,0.034270869929669524,0.06302223843132279,0.09133791628349418,0.06263151107838451,0.02641227407507854,0.03667283230231448,0.05239543569365941,0.06903534056086172,0.06006172845954942,0.01613969249561653,0.03828537979922457,0.06319933557396032
38804,0.028188620407813288,0.03114453823767,0.08055689475615675,0.05800404757190282,0.023865389417914416,0.05216120220049344,0.01904861845301025,0.03575322577982655,0.015390863180181463,0.09795021322626617,0.09106533744802299,0.09528921863892484,0.02582485151217397,0.05801215271028463,0.026813469312453698,0.08086342692199996,0.05144446198195753,0.0069630504642471175,0.04708202885586902,0.06899868018652906
45455,0.08875787871553731,0.07362531724398796,0.02623116780429136,0.03541937474197452,0.02040017520465168,0.051927853015265674,0.03645884118145786,0.08207017574055252,0.022160135178989283,0.034472853530544884,0.10960815311049425,0.029172173644904858,0.022694181929513745,0.035006993826005334,0.08942762639078566,0.07594086865558702,0.05623957142926371,0.014717953664906944,0.02361293611600856,0.06679303891096634
130309,0.0772707113522881,0.07051356825395981,0.04804740594072963,0.04042353646863001,0.022531706673998723,0.058083989634424765,0.046600379405272827,0.06148829334115811,0.01653054260858674,0.04442284339251691,0.10465016081699609,0.03991969499240446,0.026089417935727575,0.04138110353887346,0.05892410806659856,0.06542976668089659,0.05689307042413219,0.01336413620631171,0.032169367996610534,0.06977537790591677
10335,0.07642434095708442,0.06770825606095143,0.03885687480252068,0.04993300091859438,0.02357441654171838,0.04996167838162418,0.0346447033013679,0.0636430697248845,0.026376966151032234,0.0542439784214684,0.09486715473458404,0.034602971314952,0.022197617474659644,0.040851594998603025,0.06045259300817273,0.07215269427401944,0.07155580194274865,0.010271355109845507,0.03376879913520718,0.07081223933966026
10310,0.1341023611197602,0.0932514641840598,0.01962090338958644,0.04908077434598765,0.02018707891420253,0.047576012280022076,0.025278244654941624,0.08560077444474619,0.023560617673539737,0.025519137882033055,0.08903669797038367,0.014908440790418934,0.016403449713239822,0.030022260665355155,0.10412744616242207,0.06298337316284239,0.054391381238630625,0.013109338684882035,0.022237261026924922,0.06583682013439296
10326,0.09464911959091671,0.07496553414763227,0.034051007199437835,0.04768497845814658,0.021129822122282774,0.0537186183992726,0.02857198321599242,0.08312533488339421,0.0231123774297853,0.038332154175424474,0.0900829868317282,0.031782807520835794,0.02762757825982863,0.03623739734894945,0.0646087995919594,0.07803486528475935,0.05565209686743971,0.011196356252705604,0.028790390629488558,0.07165497602316219
130310,0.06930183383556081,0.07336290386654071,0.0402252717254909,0.041858907286411576,0.022908741411191518,0.05432782138857405,0.04478775052167768,0.06326832765920269,0.02631119332051204,0.04951572920440261,0.09912114462795686,0.039242104227721675,0.027506600584767255,0.043274978801959206,0.057655520629901674,0.06557041793658916,0.06192117278012355,0.013871965710077356,0.03282528718492187,0.06671013355355908
3241440,0.06793551238814041,0.07887327803675692,0.04158832909080619,0.05150277796523767,0.022139389006716758,0.058412727588363564,0.03727182824515716,0.06345453891685793,0.020246787261588628,0.051637662145296796,0.09654674160820707,0.035964301587296764,0.0256017355938851,0.046712955374339206,0.051468998473846,0.07060760434653393,0.04932188246899695,0.014936141773211198,0.03328111625052898,0.07654931045542046
129956,0.0839720089036616,0.07381903702825693,0.03680674171725243,0.042919339035558925,0.02174946629823288,0.059094313048532694,0.04453332216687892,0.06615118239077691,0.026963155603705134,0.03923061956395853,0.09906705810363076,0.032093053019583664,0.025280165491995694,0.03974395098452641,0.06631474405451437,0.07197091950601572,0.0521603174554853,0.014950077229968432,0.0297316113622356,0.06905467038624297
3052343,0.06192831842645147,0.06417457503798987,0.03730810899187727,0.05086420815065406,0.020266943008098028,0.0527035283108892,0.02742725234424457,0.09950080178441027,0.016081815394284372,0.06393733901390472,0.10366745187521313,0.04769978698534427,0.01794836847919009,0.033062200941295646,0.054239888593247694,0.0841739511496323,0.05061937062271383,0.012377668124709293,0.028200302047909652,0.07190922492170748
129951,0.08268602400343404,0.07983256744606303,0.03756293245692435,0.04364898766238349,0.0223609329215958,0.05704221175779986,0.04096345291482359,0.06269304225914481,0.027814309802360958,0.04787776474780499,0.0991882306531173,0.03243175528000666,0.028217102854414186,0.03958919286167923,0.06438489421484461,0.06539545018145267,0.05517424741055982,0.01117146641932936,0.028645541003311542,0.06827649160801683
333924,0.05676314606319626,0.06367716860275689,0.04187181583187544,0.05093123315752697,0.03053099149954207,0.06660737909834787,0.04848364930688427,0.07309189867221846,0.029044269196192546,0.04868066030005602,0.09553738494987192,0.04544252150737206,0.017564034798893024,0.04196057790314224,0.04596062878351338,0.056198817901621574,0.0661022367683315,0.011374190198701397,0.03536734159234819,0.06881652670978958
11520,0.06277746276576307,0.05198744751799697,0.046931666045535024,0.04565085147525339,0.01904627111821093,0.08393434313097797,0.030675995472010054,0.07251016106290549,0.019936000886609143,0.06581248676637838,0.08819220103035688,0.07977975678676578,0.04046811048662198,0.031038910129901447,0.03764648544346718,0.07111708306517273,0.05694866941850564,0.010064983052321074,0.027254186245717064,0.05448283947368299
3052480,0.07906976744186046,0.06511627906976744,0.030232558139534883,0.06511627906976744,0.011627906976744186,0.06976744186046512,0.053488372093023255,0.06046511627906977,0.013953488372093023,0.06976744186046512,0.1,0.06744186046511629,0.03255813953488372,0.02558139534883721,0.044186046511627906,0.06511627906976744,0.05581395348837209,0.011627906976744186,0.023255813953488372,0.053488372093023255
10537,0.0736953925434924,0.06285192357336822,0.04476751674898282,0.04418721095965403,0.024576992521509678,0.05672412899876766,0.03625811538717315,0.061086043410669456,0.025350125435717796,0.045697994581018794,0.09696872971645484,0.04236741921175506,0.025327074641598384,0.047652775056639146,0.057487049569106975,0.07461397459712102,0.05862171674647197,0.012935151054525385,0.02921442299822114,0.07376714415509628
35258,0.04089428195529831,0.05632395791766082,0.04245306606821696,0.04745036788905347,0.039576977632710404,0.06603345695500354,0.04740500266480181,0.06926579304930683,0.019937055083218705,0.044429243268473376,0.09410198029767014,0.06876872181471247,0.01918807346689537,0.0427070523163989,0.0446189224516471,0.07649420935619639,0.058428834118251095,0.01081085876372593,0.038818479196238626,0.06565446904088085
1637496,0.05330496735645396,0.04404363344830725,0.07434185429981956,0.06185367431373526,0.017863445240603706,0.06182687345384239,0.04490981475425345,0.04299104917619077,0.01773537038176084,0.0792084832819776,0.08886969809270807,0.06705795883211604,0.024536447116495858,0.04379100489528529,0.03320630144519885,0.07851865498820666,0.06686877435343382,0.008241640962259522,0.032162476101668454,0.0550824426030189
337041,0.0471090222963082,0.049890741033403185,0.041051961860094015,0.0631731435834929,0.04202191161138355,0.05373928811841803,0.04760402475822927,0.053085504413769725,0.030465198394758735,0.05556843944505002,0.08652299211908164,0.0529735946088346,0.019531277931028983,0.030869019095953052,0.05785662970090689,0.06723768331874302,0.08806597204767151,0.009874830555178597,0.046747678139157145,0.05248658538869338
129875,0.07270748420252025,0.07083263193072313,0.04522918352282911,0.04473708220870022,0.023417507644759066,0.05566432663849895,0.042798502822223534,0.05933852380393194,0.024776110705591478,0.04633338752125462,0.10245684828954961,0.03805826101366158,0.025220705997041883,0.04296250185625168,0.06372583663373386,0.06466159779241641,0.059217193580556535,0.011420089975422988,0.03325132719673842,0.06765508633840642
11241,0.07418940433835883,0.056255027589660306,0.028396121161684416,0.054346023619641325,0.023583621677222968,0.04485173955547317,0.0312734671535054,0.09967231173843429,0.011331136001474808,0.059928281644091724,0.10340007163638837,0.04586327762532497,0.017578466558307488,0.030772691152048934,0.05015159848494988,0.08666797013474024,0.051419118835347034,0.02387558094952502,0.030958500262414645,0.06944185346999597
2560580,0.06380083911222748,0.042624522502933665,0.045364287842822947,0.05045172716985578,0.017924393906727728,0.06697819208933543,0.047307751239039665,0.059401484558998026,0.011968698345163264,0.07622559030502919,0.09236990152264726,0.047346726691895824,0.026669308413207086,0.03169835916365488,0.058136242431120644,0.07413638213345167,0.0780545639881809,0.008278531979310376,0.027697392721035757,0.06735239867890094
333754,0.05056697419339347,0.03307900650558078,0.036526917438438986,0.05388886259623472,0.043014606798907895,0.044205092767575824,0.04554219727167631,0.053160464454316235,0.0358259657334392,0.05657601240498058,0.10225050037885461,0.04810338282218491,0.027000093511518525,0.03754816094895399,0.049468317494668596,0.05637139197620619,0.08311111442942723,0.015569429455270544,0.04296900693096979,0.07900873542766142
337039,0.06524103052288169,0.06290386888749329,0.024360888451648636,0.05686984502435113,0.0444308694405513,0.055786240367525976,0.03898689595566685,0.06331688433201817,0.026204488962132257,0.04856364499232791,0.10512504905625274,0.035807256288415835,0.015582161772294281,0.03345314653502505,0.057159769863143355,0.062317896449860126,0.06536241658077126,0.013191775494571423,0.042290304424254306,0.07792806578927629
11234,0.0707879139443501,0.06198929973460833,0.031148507230833962,0.04797258646440386,0.02414170520761687,0.04735026883255868,0.028833026498766727,0.11380644269162671,0.014822772765493469,0.05550322627683418,0.11017302039933508,0.03744834979120808,0.021470712703662503,0.03527857673656528,0.0520298237383988,0.08538054954952602,0.04430407589108167,0.01857344107746948,0.022670640699300224,0.0730619138107012
337052,0.06832306263491422,0.0538407607514341,0.026775524342542704,0.03764514737474523,0.027987441780937383,0.04934627262688526,0.026297597901904675,0.08109969566124207,0.026013879029075183,0.030398712137821166,0.12380871637628486,0.0489799464729653,0.022861768421308513,0.05612505696837647,0.05450581838557473,0.08385627432660375,0.04825827749777957,0.019169831492859894,0.03363801724773201,0.07248668388096476
1335626,0.0635677132883103,0.04648670142063261,0.04762498533387091,0.04258010555645903,0.025326127796155142,0.029503589825162806,0.037174753914850235,0.051441332386518414,0.023695339967697515,0.053523801381401434,0.10076558395225427,0.03950688841410288,0.025438638602494654,0.05359222966765827,0.05509832739594372,0.08509107595497743,0.07121699763729156,0.011721501363431159,0.0434573510923581,0.08890475243506817
694009,0.06675196926736893,0.04266057486635802,0.05351458934241327,0.04896322791119829,0.022278962198556598,0.042326211678112846,0.035597714736728014,0.05346263166940515,0.015765031723334544,0.0679245909425357,0.10679073525531359,0.047145696039329235,0.02363193058092595,0.05135788729785237,0.04257296678242439,0.06665955541202004,0.06867095803889281,0.013577984715968584,0.04369487826049971,0.08157998753985446
194440,0.06299014867284233,0.060112367895575204,0.03028789764950416,0.0357217701450117,0.022352193865961878,0.0651152527265382,0.06031521909393217,0.05580108981236104,0.0346104550559537,0.04141383370517342,0.13025817027885797,0.05014342211267593,0.012436191643995894,0.0314234869852647,0.09290096620457586,0.07177904133247263,0.05270535606496514,0.01966227927206669,0.027059153572921584,0.040256870394550524
3052731,0.063121028432071,0.06900120596531692,0.04638136543911845,0.0564307111115213,0.01296575868403753,0.05613323465183638,0.033846841638738294,0.06696709975026621,0.024468066316300725,0.062387517936867136,0.09421440225508901,0.05409176114549068,0.017924824576946385,0.03383120270606042,0.043677329647586305,0.07690324509528255,0.06473876805550828,0.010812185547081571,0.029242567093770995,0.07856275094596656
3052493,0.0588992470054337,0.04810305788420769,0.034970335827585096,0.06168087959365411,0.026879884295368837,0.05880764190011769,0.04741736023009891,0.057356662163074314,0.019043012408641462,0.06547208598574365,0.09319870295785261,0.06843417029245362,0.02823739276211645,0.04424430489992032,0.044211902269823765,0.06703779840374854,0.06589681226502998,0.013026312042467292,0.031624229088319376,0.06424876121609126
11709,0.0559254753359964,0.061239361504823175,0.0389484262928612,0.050463816248714884,0.014221801880895826,0.08553130996088096,0.04960115670679387,0.06802293622894298,0.030547586910396315,0.0541312331044293,0.08158368917659677,0.062160877437420894,0.025384836692443662,0.03269856749083434,0.05334465416267839,0.04926004367305721,0.051146135184994494,0.031889543192525016,0.048159112776488947,0.05199587783912556
1891763,0.06292803485504847,0.0567981781514903,0.04316390040249653,0.05525450769732644,0.028296714664018535,0.06204961255510941,0.04164394678074733,0.06312929811368728,0.021404426262539036,0.03485833165426555,0.09608502859212564,0.06036014804580496,0.02927381967531626,0.05015478906111327,0.05437826668633575,0.06462954517651799,0.05535989918397305,0.01777154573780637,0.034216013269432806,0.06519793210809358
2169971,0.05037469535339998,0.07508647660805529,0.04648726859016649,0.0290310854012863,0.02875188461717241,0.08042575624109487,0.07158729106136938,0.0729794788077259,0.020299016466558954,0.05559518909861079,0.07456242288106507,0.06781143545114095,0.03254066070981616,0.023441970867083998,0.04267221844012418,0.0415429035488683,0.04157271664028696,0.04619494712662006,0.032137114439466416,0.06308858455818722
2560602,0.062159232694448154,0.06648732655922834,0.05510233757315785,0.04169774257641545,0.02267057166276228,0.04372793377675497,0.058393385536081546,0.06250362971485214,0.020911297471173734,0.08060326616077759,0.08572135860308847,0.040824204558006685,0.026205712015013947,0.03357804402112886,0.0564575895647402,0.08032222789241701,0.0558466936550645,0.01082992794402934,0.03210420638475605,0.05781923169993096
2748958,0.06840551548407203,0.05910560438634957,0.03461804935554284,0.04685289632202086,0.02449385373760048,0.06638311013962395,0.02520005543064428,0.07056709635201038,0.022260554328037394,0.04952717775151334,0.10572081752709683,0.06554530284337476,0.03139602168718897,0.038217526206061905,0.04839542658719313,0.08087699205143187,0.050819397897954435,0.0205756835805038,0.024883352032909093,0.06401784662271895
10407,0.06564735020292273,0.0805088477389326,0.032784777257011205,0.03793115681141162,0.04418840053791286,0.05972753959961574,0.021193425049600458,0.04382643914351453,0.026937472295163287,0.05986092193627542,0.09409225459086888,0.04403405354956181,0.02755610463801707,0.06173605718859961,0.07413841345703913,0.07055723078881124,0.04411960393193899,0.01480839533561004,0.027819451107796205,0.05875579952931758
3052310,0.06544158146960151,0.0639386331165882,0.04005562238536817,0.049712870625841496,0.018736078283304113,0.03781925763740572,0.04231559051562763,0.08562875629121686,0.029588690564752915,0.04932866288869258,0.1322360108962447,0.052993052167295995,0.03578273950328135,0.03334980395659557,0.029466153983689704,0.07587777714888497,0.049897132240795256,0.009255274281253128,0.026441679067398124,0.06552576752984991
237020,0.0532449772587782,0.042708360425733734,0.054682646245884856,0.042330434680989286,0.025677722627197214,0.03567364781793626,0.05609464826053496,0.04864616120184278,0.01995187910332979,0.05573530051820807,0.09121033787545729,0.04517332955998769,0.025383777053905283,0.06423599304915974,0.06032472913542862,0.07709132695990063,0.06417705437317443,0.014109742795313832,0.049604788829755546,0.07139786278880886
194441,0.050576570041331315,0.054379901589219695,0.03185755283421668,0.03798690487543099,0.02778571284108461,0.0579071093216878,0.06272823026677517,0.06260093861101305,0.03286656665355393,0.04394402466348866,0.1281814051508668,0.040914694368040586,0.012284407551749426,0.0366234507613307,0.10013685686003755,0.07227046392089051,0.06197481320569398,0.01869655914731217,0.023071698379861602,0.04044907309621854
11292,0.052257917566214916,0.05944077397152379,0.03986736763970936,0.06656453999739508,0.022354881734986065,0.06209925903822691,0.0361412883894297,0.05673495291478702,0.018472623635141718,0.0511158656218939,0.10266567117000969,0.05528889968666265,0.032114091336078544,0.051286511501635795,0.042945635102338786,0.10030794418593818,0.045056142046279585,0.013260873683752901,0.03206165000401296,0.055000392266111635
3052562,0.08537891673669727,0.049755975268605625,0.03974741079027248,0.038666373714357744,0.024088150096897947,0.049006242094210874,0.04971424832387167,0.0606700821065191,0.012970937650685894,0.06502259975552259,0.10797064009928352,0.03525383670357723,0.031180931161014495,0.03467068890657655,0.06636528063159908,0.07480743028072888,0.07359959864565278,0.008254418896204357,0.029389936529992902,0.059145031055885
337042,0.05327519404852326,0.05309180455786194,0.04702186349826624,0.05422756280900634,0.030643810241345264,0.04267404902545958,0.04799877945672053,0.05523174038564738,0.03000487946352749,0.05507554652622851,0.08359497013531132,0.05640520281515284,0.01688475841750509,0.03307379652418869,0.05375458442161862,0.06616209155383775,0.08306791711149242,0.011915714381109312,0.04753535057975568,0.07110747678379098
337048,0.05766803281042108,0.049533391904726776,0.03182642463158649,0.0569677452492421,0.036904007615418,0.04473229208949947,0.059857891983730725,0.05098534565105656,0.028510549755379665,0.05470461419590718,0.08878369852906105,0.05136251893931181,0.022514778849033055,0.03235886577479709,0.05478133119344474,0.06723623202668062,0.08468980128470716,0.013181823571355935,0.04145997669316715,0.06607243757925074
12637,0.07043913940465664,0.055997642204538754,0.03713527851458886,0.042440318302387266,0.017388741526672562,0.0645446507515473,0.032419687592101384,0.0825228411435308,0.021220159151193633,0.058060713233127025,0.09401709401709402,0.06130268199233716,0.03713527851458886,0.03153551429413498,0.04096669613910993,0.05982905982905983,0.07633362805776599,0.028293545534924844,0.021220159151193633,0.06690244621279104
3052381,0.053038551533284496,0.04123258679237607,0.05536366402974143,0.04715873803145654,0.021779913120376304,0.06510842335730539,0.02729415443175509,0.05081319813969065,0.021844301997762616,0.07866213829818323,0.09255624008268737,0.07963639940613372,0.02679958353908732,0.05301819242404643,0.033850958894079984,0.06829429120088616,0.06784705097796905,0.013884529169857161,0.04122780048505258,0.05878345665421859
337051,0.0552688516247714,0.06627852864379119,0.04069340371376745,0.06088066400713495,0.03539801184017372,0.07257643432819626,0.04886497023078803,0.06593581607081012,0.022356789396210386,0.052957026432609106,0.08513926725027478,0.04823267702422232,0.012035870640220695,0.04314593695107836,0.052635999268881496,0.06814399002085259,0.06096166129089738,0.011256005095542719,0.033734069587393285,0.059604908112278226
1891730,0.059284092075225205,0.060608948803323695,0.03541699058097282,0.05138066727359856,0.022169127901866356,0.06286049340704045,0.04686332646077257,0.06752850235490657,0.024525631920686092,0.03999040292871312,0.12951064875324625,0.042389585697519064,0.031248592614984905,0.030586147935754003,0.05887429231695949,0.05990288578011989,0.06168775675816549,0.01693305530052757,0.034376452318630166,0.0604691979854677
133704,0.05463872104733132,0.08609642497482377,0.05562688821752266,0.03062688821752266,0.010574018126888218,0.04818101711983887,0.04198136958710977,0.060681017119838865,0.03140735146022155,0.04010574018126888,0.08151435045317221,0.052920443101711984,0.00510448136958711,0.05541918429003021,0.07073262839879155,0.05823262839879154,0.07281596173212487,0.027032980866062435,0.05562688821752266,0.05708710976837865
334203,0.0556797901250531,0.06857103634032649,0.04405136795773193,0.053594910244042046,0.02433047046612095,0.0687535443425172,0.04864316402749288,0.052199510208677836,0.017894124330295462,0.050147223919958704,0.10045167544390296,0.04356661329922139,0.014999996833443819,0.04271384675461213,0.05106643495249667,0.0833654691180461,0.0633053965432705,0.012219217776992097,0.0343793799139336,0.06703798287782965
1891770,0.07074459637199615,0.03963399525680507,0.04889810607542537,0.04830906078778767,0.03557667497564129,0.05935730733332216,0.036873217343028376,0.04983391365745786,0.018227324044421345,0.05198830875106424,0.11327125821349594,0.053751194647977056,0.025941862328115073,0.051454070559216344,0.06223878428150657,0.061316506728220144,0.049015777736791805,0.02257123175891305,0.04467533985755512,0.05271280569481471
10995,0.09163256946601309,0.050596644745430075,0.047747334116556156,0.050262424659815716,0.005983327256604503,0.05714263207882642,0.03349065309080433,0.0750262199595785,0.012635094684437723,0.048415774287784874,0.09857241885316373,0.05289679913935515,0.023873667058278078,0.029463132261128292,0.07368933961712107,0.0712305150815407,0.0615538870808745,0.012916424722833646,0.036508761742715806,0.06530007787215462
1891729,0.057685703809887016,0.04854319781751297,0.046195443996399015,0.04638934225906455,0.024438921585660717,0.062325636163283814,0.05032337316909445,0.07036220408141745,0.017782714426814703,0.0482866990595063,0.10370842506743487,0.05486672946304763,0.026172913174201184,0.036438546269848104,0.05581898467202564,0.06574600501073861,0.05606005397174661,0.019063996550488134,0.04345518402599328,0.06339978950638037
3052676,0.07610607338346374,0.059249986742305555,0.03747761102892631,0.058206320012929365,0.023123982162751692,0.06178517964376766,0.0294568605286526,0.05856046693987403,0.02343094076079576,0.05504329650086293,0.09390164534826476,0.05349909675713742,0.03651850862213393,0.045437057018576546,0.05233968584974967,0.07940843463980124,0.04506744049904072,0.012056584763564315,0.028071843372800862,0.06905968063010343
3052303,0.04894272721840387,0.05002199005825836,0.05205600430621802,0.05636560356134875,0.024726607909634848,0.05219456977537527,0.03867875989696862,0.060080636989400714,0.02336301334923362,0.057873775863034486,0.11087486351516669,0.06935063693356398,0.03150165868799944,0.0475558586142823,0.03347015678933941,0.08525773130511938,0.055131243665897146,0.013201371397110325,0.028742605173495417,0.05919511805146316
1678143,0.1094455543878694,0.07288419563944734,0.030903460388048858,0.04530005338980868,0.01565049840852176,0.04235384206743817,0.03535231499454109,0.07485988506533367,0.023881501275225796,0.0391242472347899,0.09694514352619699,0.01842747913933141,0.012804226411876167,0.035635698504818854,0.07561631471737604,0.07272518106784948,0.07965741687491061,0.013222194880796814,0.03254068863081347,0.0716200742127224
1239566,0.06989650503789828,0.0589901783232609,0.03644086044211176,0.06314508028291539,0.01565077320745115,0.05838194369099364,0.039124820249377044,0.07002968011464632,0.023143472092673877,0.04386090887559561,0.08588275945153821,0.05962021571735595,0.024349176967348868,0.03882122547644048,0.05549401973884613,0.06221778359907846,0.05322543658032186,0.02431488401083234,0.03829061534223659,0.07766666023797307
85708,0.04502743695665577,0.08992539614032924,0.052740612861458785,0.04465750046242062,0.011104260435291943,0.04592761575929465,0.03951538319255195,0.06074357235341267,0.024859732412602503,0.03959553609963623,0.06837659535113139,0.057192182008755164,0.012694987360503115,0.051230038843331896,0.07351871262100007,0.07147789629446946,0.06792650594981195,0.02682039583204883,0.04926937542388557,0.06384487329675073
3052498,0.06674100877194145,0.048526364240417084,0.03934900041019843,0.054830333299951406,0.026072011820714173,0.061174512469807964,0.042434956209647934,0.06080055440272092,0.024137444703647547,0.07082199558121437,0.09044933010734113,0.06571559413089335,0.029237031234199892,0.04362700520505804,0.041580375183957054,0.07562254869836346,0.05284798660548325,0.013791654891624388,0.03228663458591647,0.05872801531066029
162145,0.06455554908640083,0.03781553951012509,0.05181586652570579,0.046588372630099614,0.020808112390892402,0.06962950141232499,0.035703708442305804,0.04142607225707478,0.020301483277677983,0.0806809108433882,0.08989506603388184,0.0816822087682107,0.023456527037164512,0.023903009450991147,0.03660199913434256,0.0929746895229327,0.08046295121992723,0.008255233197619581,0.03267680612573545,0.05615500991430912
3052599,0.06511625339326499,0.041495257530191114,0.04215127852755774,0.040091107157387534,0.03365156567844885,0.055452703208038814,0.05337187701005576,0.07907567584992722,0.01750028981306362,0.06476492667796296,0.10603000594128228,0.04386345072831889,0.030976036826105734,0.030746124616241304,0.05066083280506511,0.08313292738690296,0.05497161486137341,0.013867716130227515,0.024171469077020117,0.06310612568045638
2170199,0.058851053204043276,0.05365557582706052,0.04916960252650441,0.04925591221412804,0.022088544635092845,0.06727309578807136,0.05336444465104436,0.06277109725051326,0.026675179658217456,0.04655260436267277,0.0867115610103613,0.05179565931473388,0.021424323713722035,0.02703553088292282,0.07900425285783459,0.06642657140455477,0.054608135970890724,0.021819819231458454,0.047722972475958636,0.05065516022281547
38525,0.06377517728060401,0.04486881765885399,0.05373833918767499,0.044028193127875426,0.021002762385766104,0.07415664831746686,0.031195660854407458,0.05105726787802926,0.01392956645309914,0.06279924643728953,0.09856462832168736,0.08248327506260125,0.02628012402135461,0.025138649939545194,0.038742803053758004,0.07601493897619106,0.08592983778827487,0.01045972417267453,0.027184300343941238,0.06400016099824649
272636,0.07011480921441647,0.042967045213778254,0.060122917254689434,0.056828341862392655,0.015618461870895913,0.05500089461360445,0.05313158412380465,0.06410762995128465,0.022945897549870566,0.04561240965727207,0.05978430314150925,0.06266266861624047,0.01955768852615177,0.044734160589843044,0.058067031190741254,0.07787962474242394,0.06834461521872356,0.02246736974910218,0.03453889142458227,0.06551365548867316
338079,0.05913220469320142,0.05575061821999352,0.04664142931444507,0.04965787178629762,0.016078059053594357,0.06047122644645575,0.06134219059110009,0.0654268795733567,0.023585734028823892,0.057074164833218755,0.09320216397603628,0.055736693791555283,0.022046636099104684,0.022500723088308812,0.08107577346107828,0.06543040688315008,0.04961950853082951,0.022952024140531636,0.03767026098286914,0.05460543050604916
2955291,0.054567102192112915,0.06759661807549393,0.05105503939532151,0.046263188670118215,0.017889008093278785,0.07492243465993487,0.043163116743945185,0.06661615758633041,0.0174888722215936,0.06517043561560491,0.08545654951122619,0.053345440131324987,0.041385852240047566,0.040674127286242666,0.03544663520408541,0.07993150051270585,0.06138913853911325,0.016960200517418794,0.026434326947887672,0.05424425585621322
2955292,0.05984686254406683,0.04907463655187826,0.059378617938170654,0.04570371056104558,0.02576989086914945,0.031070802970510056,0.055910349302555895,0.03163690573130887,0.03288454467834799,0.06729695203896628,0.08462739083370668,0.04732665998727068,0.019150529908370708,0.03907522519558476,0.05246208782264758,0.06847962197909459,0.08946535695032724,0.006709156741797111,0.06469980254595052,0.0692461202742318
2955297,0.05604085530499553,0.05505418610766508,0.04801445536150776,0.03535486177766691,0.022257849057625654,0.06657101709941783,0.053193606291374394,0.06912723169503308,0.016748760315904356,0.044432026223639495,0.10634509937338696,0.057340536067111925,0.02434267485904199,0.03797042825044616,0.056134507593431394,0.07703075673445983,0.057789056571513356,0.021093321871397498,0.04272402910209973,0.052434740342281086
1891727,0.052793516770978356,0.0547345765460691,0.04087234032958124,0.052596841487072075,0.024618990561421302,0.06766898826578159,0.04240851029669974,0.0676808610224546,0.0310677411662606,0.04541947007487394,0.10071116203926037,0.05696778135920557,0.030364853446878025,0.036615223749365655,0.05405301162014321,0.06132136107403896,0.04895161511154057,0.02277179302723831,0.050041326592208876,0.05834003545892792
2734294,0.05367845057447,0.033799220345119625,0.06565584602940502,0.041236834479344286,0.02465774107024398,0.05662767265708592,0.0417434308341724,0.07267720059537629,0.019242904710764064,0.04889292984596597,0.11940369270389346,0.059028720337017095,0.02418072561137988,0.03824119457679313,0.06617544908212968,0.07455091769701064,0.06062975256146382,0.016725583172647423,0.03130334393076082,0.05154838918495652
1891726,0.04786720256319541,0.0350848650163498,0.04667439585444229,0.04056968120668229,0.03150127304129131,0.06398964256102616,0.04951151061669255,0.0663348230295126,0.021003908508657944,0.05435530939410487,0.11467882951998426,0.0670042220435553,0.022714766558466125,0.04245850326792193,0.05598022976832541,0.0882501669371472,0.057787903485623765,0.01926704045439167,0.027224429946040254,0.04774129622658886
1891728,0.05555171024905386,0.03739803730555078,0.035149919131093825,0.03224481867623063,0.028946288173232304,0.06843167536466627,0.04588597797867509,0.06411677973907724,0.019651092242430234,0.056397472327743094,0.11422048035471048,0.0627130519898438,0.031010356635437924,0.04585056726626019,0.06402326773414442,0.0867503420832521,0.056699221946367895,0.015558646406648377,0.026456376323143,0.052943918072438485
3048425,0.04332674882169407,0.09682164866332521,0.035724129144726176,0.036434849600041376,0.014917245807261758,0.06534725730492912,0.042827391820699466,0.09966098279512518,0.023507542230118594,0.020619249983759465,0.09154087348214078,0.062418600236260356,0.022838684510440927,0.017034822227646244,0.08462169647041164,0.11877601244750206,0.04605468550442468,0.021978645747597503,0.021395563275327822,0.034153369926567555
3048413,0.07771086555442902,0.09203697913995548,0.03515569584548076,0.03776914033682732,0.015782171125216814,0.045507892376740584,0.044131061057349014,0.06366846922015809,0.018734229711657193,0.021252150045565188,0.09442832458192461,0.045404902235389885,0.02040089637832386,0.02793642473065255,0.10017598320202933,0.10789507416013433,0.06446217136191908,0.021302276681276457,0.020640585364699014,0.04560470689027141
3048414,0.09213726088726089,0.09500324943873331,0.04293263486811874,0.03935997544868513,0.01275224178449985,0.05295149145955598,0.02808803353158192,0.09997677800097156,0.03554574159412869,0.02532125132931585,0.07451389709454224,0.059272306248112694,0.018384602255569996,0.028931082358501715,0.10403324274292015,0.059251792114695334,0.043894091273123534,0.01724491905943519,0.02306469665340633,0.047340711856840884
3048415,0.07119767025427404,0.08746913463894596,0.030097261229336703,0.06115111303790549,0.01699715378960662,0.059280342299210226,0.0543136109173845,0.08746913463894596,0.021351290219214746,0.020319303338171262,0.08792622471867756,0.0427402785893352,0.016653158162592125,0.039837520969596446,0.08678114338491696,0.06833261078544098,0.04927148323374739,0.02062560081428006,0.039111831564661755,0.039074133413756054
3048417,0.06315362651844092,0.09047289192248559,0.058904526178850794,0.04430721924681951,0.0225548666137289,0.04842538309483181,0.06062359560053388,0.060230786125800406,0.022153609623409756,0.03130649276047914,0.07283025562182162,0.04642754565882174,0.01950108972951055,0.045633479193769116,0.1000354795654598,0.060361722617378225,0.06009140211863691,0.02480612951730896,0.02970991231478822,0.03846998597712413
3048420,0.09710956478774654,0.09529377856466423,0.036142792440400216,0.05176843578869354,0.016585004323300533,0.043237122740560796,0.040169638077984106,0.10075348952114299,0.029814303948614486,0.0354716515008029,0.07142092477457077,0.043813562811380574,0.018598427142092477,0.04151191995717874,0.0942355992918022,0.04218306089677605,0.03902087536542183,0.02463869559846832,0.040074937209206574,0.036142792440400216
3048422,0.10274847322205999,0.10069129196148546,0.028262050284342387,0.06441992220285948,0.01447325828964641,0.045150510053124746,0.0416196623154854,0.07565191757512521,0.025016361311078667,0.029283808605991658,0.05553407096905867,0.038835851898011114,0.016531315100156874,0.03795481316972022,0.10903101620552356,0.07116616488597925,0.05633860957839554,0.02065297306566866,0.027661357814917197,0.038976571491369495
3048423,0.06856430898984091,0.09407226375311481,0.042730496453900715,0.06130438949587886,0.02718995591336017,0.04306593827870424,0.04678455050795477,0.07329403871957063,0.02499520797393138,0.043406172129576384,0.08967797584818862,0.045941153919877326,0.01942208165612421,0.0503306497987349,0.08748322790875983,0.03969235192639448,0.054216982940387196,0.021281387770749473,0.037665324899367456,0.02888154111558367
3048424,0.09436239173777011,0.10047945852510973,0.033958798546114756,0.06035382577406729,0.018544719287578535,0.04863800319761422,0.04301039457560478,0.09026078458799897,0.019637812189511515,0.022433953144643637,0.07483159889441582,0.03455708689584586,0.013503309991508967,0.037714964860420606,0.11025962851723177,0.06563875865638817,0.058234630023490594,0.02264749640602145,0.0214525148336642,0.029479869354999032
3048427,0.08099599698427515,0.07266847271088134,0.0426475376566701,0.044427216717327654,0.01267983154224807,0.05038561686731608,0.032170349560805146,0.0884069737639916,0.02750907759109005,0.027562306530879266,0.05948396350414462,0.06679272077419561,0.023075306359349942,0.02659957327094453,0.11141845525876994,0.10579893771491028,0.048598645317249466,0.023924289250297187,0.030020935054211245,0.024833793570442703
3048428,0.07588980982502615,0.12198196162209991,0.03158650674797469,0.043768669001078564,0.015023499013449152,0.042909477693312874,0.06128434676885425,0.08007955647374343,0.034274898797352425,0.027417680955845028,0.0645795025104232,0.05179487081821474,0.0113089951433339,0.020471418656795175,0.09475611508269115,0.08989933555548163,0.05034287706004623,0.03210118447790773,0.023531778421756484,0.026997515374613285
3048430,0.0872434017595308,0.06318520189487932,0.039668396120009025,0.06318520189487932,0.022518610421836227,0.03710805323708549,0.04786826077148658,0.10095871870065419,0.02984434919918791,0.033549515001127905,0.0774419129257839,0.051697496052334764,0.01841867809609745,0.027763365666591475,0.07783667944958267,0.06279043537108053,0.058690503045341756,0.023392736295962103,0.031801263252876154,0.045037220843672454
3048431,0.08288420943914684,0.09998182346165657,0.04321773775598532,0.06445502480829324,0.022780739659042856,0.04934193263852513,0.05330227317883785,0.09271956115280175,0.02158221055717579,0.01716849226341577,0.07523893410715386,0.03588577914899195,0.013340566017200232,0.030106341039581652,0.11576336296989982,0.06166075811068857,0.039179773749662486,0.023847648410930747,0.021272857416111936,0.03626997411489762
3048432,0.04769166164410669,0.07114847334676855,0.035359901219030876,0.05810880709938584,0.023325502239813587,0.04908686514787906,0.051985276076796934,0.06181190658534758,0.01404158873876236,0.030162981262128862,0.060800597139762685,0.07303223005331573,0.023774133913209733,0.05480503080323627,0.11365983102187678,0.06092856182582518,0.05496234320819337,0.03488192182674013,0.04079278978336852,0.039639597064451255
3048433,0.11875,0.06875,0.05,0.0625,0.025,0.04375,0.05625,0.1375,0.0375,0.00625,0.09375,0.03125,0.0125,0.03125,0.10625,0.04375,0.00625,0.025,0.01875,0.025
2050976,0.050387596899224806,0.03875968992248062,0.023255813953488372,0.03875968992248062,0.007751937984496124,0.10465116279069768,0.07364341085271318,0.027131782945736434,0.011627906976744186,0.06589147286821706,0.11627906976744186,0.09302325581395349,0.03488372093023256,0.031007751937984496,0.04263565891472868,0.08914728682170543,0.06201550387596899,0.027131782945736434,0.023255813953488372,0.03875968992248062
2055263,0.03474808324205915,0.042196056955093104,0.04448247535596933,0.0619934282584885,0.019660460021905805,0.06430722891566265,0.0452354874041621,0.08014786418400877,0.027970974808324205,0.06723713033953997,0.10047918948521359,0.06115826944140197,0.012828587075575028,0.03095564074479737,0.06266429353778752,0.06497809419496166,0.0944550930996714,0.020358707557502735,0.053600766703176345,0.010542168674698794
2749445,0.047683923705722074,0.10762942779291552,0.0340599455040872,0.04904632152588556,0.01634877384196185,0.03678474114441417,0.06267029972752043,0.05722070844686648,0.020435967302452316,0.047683923705722074,0.0776566757493188,0.05313351498637602,0.017711171662125342,0.043596730245231606,0.07084468664850137,0.05722070844686648,0.08038147138964577,0.0326975476839237,0.039509536784741145,0.047683923705722074
2749446,0.047683923705722074,0.10762942779291552,0.0340599455040872,0.04904632152588556,0.01634877384196185,0.03678474114441417,0.06267029972752043,0.05722070844686648,0.020435967302452316,0.047683923705722074,0.0776566757493188,0.05313351498637602,0.017711171662125342,0.043596730245231606,0.07084468664850137,0.05722070844686648,0.08038147138964577,0.0326975476839237,0.039509536784741145,0.047683923705722074
2749447,0.047683923705722074,0.10762942779291552,0.0340599455040872,0.04904632152588556,0.01634877384196185,0.03678474114441417,0.06267029972752043,0.05722070844686648,0.020435967302452316,0.047683923705722074,0.0776566757493188,0.05313351498637602,0.017711171662125342,0.043596730245231606,0.07084468664850137,0.05722070844686648,0.08038147138964577,0.0326975476839237,0.039509536784741145,0.047683923705722074
683172,0.06372009186546558,0.05535857396817639,0.04510154495240123,0.054538124639392144,0.015137411775457223,0.062353036418896335,0.03367689844371052,0.06542340674000464,0.020868560248591017,0.05264002679866494,0.08019888990230918,0.05741380433751487,0.02583810871463997,0.045456231855847094,0.05124890871612414,0.062294990371802604,0.06602510280983176,0.021869032094542037,0.043642644734021234,0.07719461061260709
1247114,0.05738242160563708,0.05273657518032138,0.047939412865165204,0.05344548109770983,0.016206089252727426,0.06399804538186686,0.03344086380547205,0.067348524331982,0.022328523601583328,0.05072289135544297,0.08830634263014252,0.05426982653337726,0.025807638423145447,0.04390059535680749,0.0509949051102927,0.0643497687493063,0.06698185811680747,0.021400042040365597,0.0449084203659344,0.07353177419591271
683174,0.05282181541373889,0.04975342957643749,0.043631078934313366,0.057186346551177714,0.011704534921231082,0.06161903498335656,0.04503212561586814,0.07028394440886858,0.018060759003330634,0.05728066789874084,0.0810569082921974,0.06835051394416088,0.024781940818886447,0.03565608452686393,0.05408795566242878,0.05666627156558066,0.06654835007892435,0.02571745343802852,0.03798638884616747,0.08177439551969828
1247113,0.06175356527186498,0.04766787848267592,0.04077479067605936,0.0575064872208663,0.015438698905900985,0.06190895457570029,0.042977655992186004,0.0727874499318956,0.019553925243349545,0.05290283282816896,0.08332631326420076,0.0711315966441703,0.023249544731592058,0.033340100856582656,0.048521375642504104,0.05729329689498506,0.06920495216143228,0.02910392917713923,0.03773277837915879,0.0738238731195668
1805494,0.07235294117647059,0.055,0.039705882352941174,0.047058823529411764,0.018823529411764704,0.05588235294117647,0.023823529411764705,0.09147058823529412,0.025,0.05617647058823529,0.09,0.060294117647058824,0.037941176470588235,0.02911764705882353,0.04029411764705882,0.06529411764705882,0.05588235294117647,0.029705882352941176,0.025294117647058825,0.08088235294117647
3048183,0.07688874198100155,0.05965320570253489,0.030047643341720852,0.05390192095700954,0.02685920423125482,0.06287553423500329,0.030848548704301263,0.059708719696699726,0.01420503001788879,0.056108182888389764,0.0950644453714804,0.06488580965280949,0.028426963007620577,0.04980691055547491,0.04745095540253049,0.08137197283853354,0.05762858509856408,0.01836921606682336,0.02800570361256151,0.05789270663779715
3051989,0.07101565950304084,0.05749831060426239,0.03484480449278024,0.05454851368916748,0.024497271945962597,0.06457770707856207,0.035657386648856954,0.06230252252680325,0.01635293155334647,0.06358841856641251,0.09943262349692347,0.06877924324192497,0.027832328904874554,0.0428707053918092,0.042241715887124553,0.07855331393778417,0.05605446680922429,0.01571101839786725,0.023000739861218856,0.060640317462053867
3051991,0.07275446067006823,0.05271667600936888,0.039229183924609196,0.04433348139992733,0.02567479784022659,0.06722650173048789,0.02465113187216588,0.06916485418450684,0.0226012588885477,0.054115948725945925,0.10314458123184597,0.06721892520760679,0.032547360064982656,0.04141412670025351,0.046003576719448575,0.08135692399694702,0.04895376151052858,0.021090190538999028,0.026071234947722576,0.05973102383581083
3051992,0.08140605755592571,0.05311644007207655,0.039500975505072006,0.04955077743470013,0.026997608712558914,0.06111743092714465,0.029243836797349383,0.06603434486003144,0.02030406832987507,0.05044373942284957,0.10064543729269357,0.06111925929267789,0.03293630368696805,0.03712125515548273,0.04678046825038266,0.07896306330224863,0.047536771746353,0.02038502583148634,0.028237852491175455,0.06855928333294825
2748253,0.04994931067055824,0.04340503749019592,0.053176352625957025,0.05325663993439095,0.023753218360105948,0.062471665814172406,0.03143592751053669,0.040799913434932354,0.020976711923851015,0.0806759919629239,0.10140039815535745,0.08180480563234833,0.02605044611886335,0.05207112200767363,0.037507487847662904,0.08099361945442288,0.05988774150873299,0.011638192427857222,0.03618975980708198,0.05255565731237482
2025396,0.10622160991552969,0.05377090623084619,0.022175673625617027,0.04879578185273673,0.010765533943767974,0.04606163125805601,0.045366888981810044,0.07582716131196911,0.03353553480379501,0.04336280735993477,0.09972281518848065,0.023732379347846246,0.023338697641950106,0.04044662575391137,0.07897360812971717,0.06075011223083091,0.06337263818730719,0.02331496952724606,0.026427991986217536,0.0740366327224302
1146877,0.08947701887360103,0.07553921628672897,0.03857237180201493,0.04339507061574837,0.021340351236268703,0.058423843690513316,0.04099355886262595,0.06150402342224328,0.02175255758009106,0.03982521314423581,0.09723183057376171,0.036047575773720836,0.023701278364307684,0.04210494465660163,0.07029222675688963,0.07325936746869958,0.0564513103719585,0.012757065371031218,0.0283366142398439,0.06899456090911389
2015370,0.08108529663157002,0.07574741481045145,0.03964395658316254,0.047101696287339505,0.022417118318681394,0.06467102375599867,0.04639159692613571,0.060986292590405375,0.02393108677150107,0.03818308122177801,0.09451277574846564,0.04048533919297856,0.019558601942201055,0.040947453068319276,0.0665318791549842,0.07656018832178704,0.05094445615864555,0.012853598994585293,0.033814448139833676,0.063632695381176
2304647,0.06784139758223154,0.05315603734196091,0.03682307152389301,0.04800348085155094,0.014892275853343335,0.06628152874300741,0.044469911946957305,0.06573326826505682,0.021425462180570492,0.045018172424907896,0.11159811904482181,0.06439556541621104,0.02577615006672511,0.0383676899858115,0.05042433704162261,0.0837863260221895,0.06463392316521016,0.011819230688127149,0.02813694612888941,0.057417105726912054
2955465,0.05785211664893872,0.051722879271503146,0.05825657895577532,0.043331857519192225,0.022562019048342163,0.07135059900572004,0.030173716438952735,0.06677473797682099,0.02040832978571716,0.07878679376356139,0.09073663826331635,0.07391930475985585,0.039184939595800265,0.03300389639286095,0.03726057784169837,0.07269217452183284,0.06403344141438978,0.010245495399495224,0.026752066381280172,0.0507013987479791
1891765,0.0660147569185423,0.056754391029077964,0.04628144159767109,0.04052453634256403,0.02275165535160506,0.06530577804487255,0.03824008243104424,0.0747911294490485,0.018564270387910704,0.044807654958473886,0.09779081909692001,0.06260431043918883,0.018398448869011617,0.03441171090918137,0.054920675359109127,0.06446675188094905,0.06807936679163187,0.01661753773288287,0.039405671917363286,0.06926901049295166
1891764,0.06805515771727222,0.052415491701875525,0.04952604447553981,0.03926901901571837,0.02355651875871428,0.06334622575116947,0.04223631388248712,0.060947056649915655,0.020284155725874255,0.053352193443801696,0.09815465298159512,0.05774146471982926,0.017491943959860694,0.03225872582528655,0.05927186430468865,0.0769580192650933,0.06183242592710984,0.017256114862407832,0.04320238837022688,0.06284422266153344
3048395,0.03456724544337838,0.051367263149740494,0.05356727864280734,0.05842103515819528,0.017581310934785255,0.06748558591458893,0.06707391299536315,0.047432024169184295,0.03392649646426082,0.03786062879718469,0.08886491152352179,0.0937651472394675,0.013918307271781593,0.039007115744275865,0.03868397463563627,0.09276031118931422,0.0938105197923929,0.01895355399887122,0.032091674689862,0.018861702245388048
3048396,0.024690004206810928,0.05865602068333161,0.05235665944699558,0.05408257708677877,0.021645931099712613,0.07460974483033306,0.05107895139407745,0.03368430705615579,0.026249375041391847,0.04556121982592572,0.07457671879940787,0.11881594129493289,0.024242482540801868,0.041038898076713196,0.05613248213038129,0.0867064891224555,0.07427059984833094,0.012977626948215183,0.03958350822846621,0.029040462338781665
3048397,0.051193511512834154,0.04655535271790808,0.057445577200365576,0.07052966595003572,0.014743984591167297,0.044816799737164625,0.05223855735202151,0.05603344746766172,0.019065937030524092,0.056944716679364064,0.08765749727726281,0.09216943218546675,0.015035075497144933,0.046909555567246776,0.0728937255399188,0.06176220133630745,0.08310332392499797,0.01636854809060247,0.03140095943603995,0.02313213090596522
3048398,0.02812531040358196,0.05880605502981638,0.06134479358051597,0.057877121801337,0.024188704218961406,0.056476903181706506,0.049625368590478273,0.04111882730334886,0.02985416651973006,0.03832732564649168,0.09137011369660765,0.08075767696016373,0.02305608471101096,0.04372906428858585,0.08303219134937176,0.06683000139883649,0.08027525652927506,0.018147727052322364,0.03579313753883535,0.031264170199022695
3052004,0.04028500959166895,0.040199369690326114,0.03458139216223623,0.06885448067963826,0.037518840778295426,0.07647643189915045,0.05705330227459578,0.06780967388325568,0.03390483694162784,0.04657954234036722,0.1123852425322006,0.07667340367223896,0.015526514113455741,0.030290833104960262,0.05648807892573308,0.03277439024390244,0.09705570019183338,0.012957317073170731,0.02972560975609756,0.03286003014524527
3050361,0.0226313704641878,0.08444793653771981,0.04423830669960701,0.062237441494407436,0.017039590955999624,0.05809435948754834,0.0649891588746078,0.06576184966277845,0.04399750862599159,0.044915095224692746,0.09270048263856313,0.07945215832212736,0.012135545339879705,0.020991650248616194,0.047842720288540724,0.09609015855145886,0.07944460080682991,0.015139787972605309,0.027191158228309933,0.020659119575528243
3048400,0.03662401745032085,0.04740243087859921,0.04055197971087097,0.07287641045826475,0.030175010138600633,0.04602887413821894,0.055324330852358126,0.05491934594098141,0.03266977683150838,0.04769093370547961,0.09104593829766931,0.08762248324148954,0.011126555082420858,0.034570578079152654,0.05820712266513991,0.08970928308165749,0.09027641105465302,0.018106347956773777,0.033880631396264224,0.021191539039576324
3052013,0.035056381526969764,0.0674660633484163,0.0472800402212167,0.0737075342957696,0.02687926452632335,0.059474969474969476,0.062199238669826906,0.03878618113912232,0.04513395101630396,0.05399985635279753,0.08111829347123466,0.07617036558213029,0.017884794943618474,0.026961143431731668,0.04447604682898801,0.06264885441356029,0.10080155138978668,0.019975579975579975,0.038682036917331034,0.021297852474323063
3052014,0.0323423280810742,0.04875635045678269,0.049280436259224486,0.0566248728154626,0.02015468387708606,0.06375458840006858,0.058353895533935336,0.038115457322781744,0.04170044977392907,0.05528801916907222,0.10973469462628976,0.0947265172506887,0.015517500197692387,0.03269503176014045,0.05219853665246058,0.08244627554123497,0.09053960447198446,0.013700849689911638,0.02029171649172535,0.023778191628454664
3048401,0.030488404184358983,0.049678906322481904,0.05984798230861899,0.0762904253350058,0.018274564839725806,0.05232535943431486,0.06141155632103216,0.040088423001069705,0.04523748451232493,0.04613986021740859,0.07512444615989183,0.10003306697869634,0.015230269674048872,0.045695576769795875,0.045616997225206186,0.08076825861054343,0.08380828046166065,0.021804569882590153,0.03492053771576221,0.017215030045462768
3048402,0.04123399536243573,0.03607554524985718,0.04553550425110058,0.06383371979702256,0.03038780791074369,0.07544443324259838,0.04142722720704372,0.06842087576032531,0.051458480357562925,0.0392764727627113,0.10172396410928522,0.06966428067345498,0.016962395402762377,0.05208018281412777,0.05408811372114125,0.050408307289041235,0.09059212958295527,0.012232415902140673,0.042191753200927516,0.016962395402762377
3048403,0.024889310749966486,0.0450602827652008,0.05070366033480788,0.048674685969767935,0.02676156569599193,0.06682555453047256,0.08284789739707772,0.035206672501754466,0.027368730237582694,0.04988901505294948,0.0931189332828677,0.0954238915304489,0.01875359764704027,0.031172872361396955,0.03961354371190436,0.08691028158241272,0.0956116591362493,0.01617265551691781,0.045354008468762565,0.01964118152642743
3048404,0.022344702276183293,0.04757115317839481,0.05944403534609719,0.04831456469940251,0.018787791707077603,0.07455158829938814,0.057333087874324985,0.04320422788174862,0.036509932109630376,0.052460876228791746,0.11555626399415687,0.09575505585689141,0.016676844235305386,0.02925961181555851,0.04953258019325407,0.07809383119604392,0.0788996551600273,0.01683654226085707,0.03230839230336339,0.026559263383502757
3048405,0.026541353383458643,0.04507518796992481,0.04255639097744361,0.07255639097744361,0.02526315789473684,0.0863157894736842,0.06157894736842105,0.04229323308270677,0.022030075187969927,0.05533834586466166,0.09360902255639098,0.09011278195488721,0.015526315789473683,0.04180451127819549,0.056090225563909774,0.04556390977443609,0.09710526315789474,0.014774436090225565,0.047593984962406015,0.018270676691729323
3048406,0.030707070707070707,0.049966329966329964,0.05858585858585859,0.07198653198653199,0.02255892255892256,0.06915824915824915,0.04538720538720539,0.05595959595959596,0.03205387205387206,0.05414141414141414,0.09434343434343434,0.0760942760942761,0.010976430976430977,0.051043771043771044,0.05797979797979798,0.04626262626262626,0.10296296296296295,0.015420875420875422,0.03542087542087542,0.01898989898989899
3048407,0.030484597344359265,0.06193537826359776,0.056172631804435234,0.0526427576144299,0.027038589747864685,0.06032796890267131,0.06428647211637854,0.05364855047202746,0.03395970563836118,0.03997405187805595,0.09614668368249119,0.08629205581271276,0.024105684033114166,0.03414724346674184,0.04915309897167431,0.07905527818953244,0.08341856402203973,0.012935462130191267,0.03456657643429558,0.01970864947502544
3052040,0.04986097297840114,0.05277518561735757,0.05388270504929875,0.053271439651666586,0.02285249897095624,0.0612911629436289,0.05244925614519595,0.062124356030995385,0.034453548537866654,0.044912946109008485,0.08670841824106655,0.05378725476143426,0.03231905607435628,0.04135657961302832,0.05776155176633483,0.07173855332040781,0.07993875905018348,0.01675022337925017,0.033675667123464606,0.03808986463609802
3052041,0.05610796156143387,0.054312595947004,0.06889074095776826,0.04915577359291813,0.021154495064845978,0.06045834368637607,0.04662282367658196,0.06730779021225541,0.03583802268764082,0.05036665405853687,0.06808638325367074,0.06041407167115944,0.024273482516691224,0.03411897290462922,0.05947818895224416,0.07459360774346306,0.06029497799875598,0.023480070811328954,0.04168295338621425,0.043362089316481583
1883111,0.05534449080439149,0.053429451484238326,0.06546417472402355,0.053739050547053316,0.022294209946932708,0.0510237724014008,0.051177203375731846,0.07272010384809596,0.03538573939069045,0.04852469901129408,0.06371289666791853,0.0564120608018366,0.02551441407122464,0.03789031287166854,0.05799426061882815,0.0738385897362365,0.0732855139972321,0.022346661720345933,0.04051318997993417,0.03938920400092227
2602439,0.0396979976988704,0.043321768309277565,0.06803943731681912,0.06923631264011051,0.023454632982533224,0.05328353392039257,0.02128088971169383,0.040470035045270976,0.020065416816884212,0.09773099459617454,0.08553911062606318,0.07241254522512963,0.029598237799233835,0.04399922249852804,0.03112624713660781,0.07866817430286928,0.06084722166927985,0.007288980571947893,0.05195032041620183,0.061988920716111624
12455,0.05875998922752159,0.07195891054649224,0.036669018103658906,0.05382732375201821,0.014900228998399045,0.0619079732126779,0.03141418598346291,0.06433434328383171,0.019730447383165328,0.05683684768571557,0.10965999777081854,0.04583096718531613,0.025125029358625442,0.032459418953208315,0.07176393497476481,0.08083124327442029,0.0716949432019406,0.00974584974624187,0.027501589357854312,0.055047757999866276
2732654,0.04047518532061297,0.058950016066660026,0.05704622765903223,0.03924303870402996,0.012368668904918613,0.049991578854059325,0.03722262850557901,0.046596859799000544,0.02209115890480781,0.08062283238595441,0.1311025606931933,0.07705104765703776,0.023212168555884278,0.05890414298219371,0.038651508603973456,0.05788357765737016,0.051516083280701175,0.01766717636760518,0.04650993362807345,0.05289360546931268
1391667,0.056738558670469605,0.03872155537365968,0.06496000677011707,0.03934756801911438,0.01308509339058907,0.04975925545688851,0.05294568510408873,0.06714825392885582,0.02696968184693945,0.06676106865112369,0.09497312405485815,0.06570675390156168,0.023385085238934934,0.05297965642753538,0.05460206975913399,0.05193757281790683,0.08530573971578095,0.033234180485818096,0.033860712671168275,0.027578377715455755
1518574,0.07122558404725857,0.04490188811500881,0.03874253920466316,0.05218498672648727,0.011507502428125843,0.06436656845319405,0.04261860628297743,0.07415471832833195,0.020398306969528424,0.05891351663370511,0.0804238363045902,0.07112175604382925,0.026132266735746257,0.03564057896243471,0.04590900251465674,0.05674530093703708,0.06776566345250651,0.026471360813513766,0.031757645648548154,0.07901837139785672
2734523,0.0644880174291939,0.04226579520697168,0.0579520697167756,0.05359477124183006,0.02091503267973856,0.042701525054466234,0.04793028322440087,0.05315904139433551,0.024400871459694988,0.048366013071895426,0.0840958605664488,0.05228758169934641,0.022657952069716776,0.054466230936819175,0.058387799564270156,0.0710239651416122,0.08061002178649238,0.013071895424836602,0.03398692810457516,0.07363834422657953
2170194,0.05129955788155557,0.05826772751346075,0.04645341498060098,0.0448347942014622,0.017955698531927265,0.06848209647980488,0.056105961941140536,0.06469353924009719,0.026779199602147495,0.057884423234250706,0.08251108726885803,0.05263787385656099,0.020200539987648453,0.026170889691094334,0.07859835872033269,0.074558648261181,0.05519804603130609,0.01875188935718933,0.03880146828150345,0.05981478493787805
1407638,0.03013631143843999,0.06418971224928023,0.05738933397917269,0.06255910691902745,0.009211039932354427,0.08445620280348093,0.03226438927296664,0.051712006470340466,0.010164616868316186,0.06120635887520935,0.07937174157673013,0.09882281501193807,0.029173429964731566,0.03753123174709987,0.03151089936813619,0.05300555489303614,0.0649968277849326,0.029541002313781012,0.055185297851451445,0.057572120679574575
1954248,0.054069276260208396,0.05367502112081104,0.06208110391439031,0.05343565192903407,0.00974373415939172,0.06474232610532245,0.03489157983666573,0.04707124753590537,0.014460715291467193,0.060504083356800895,0.08132920304139679,0.09060827935792734,0.021768515911010984,0.04243874964798648,0.05147845677274007,0.06508025908194875,0.05352013517319065,0.020585750492818924,0.06405237961137708,0.05446353139960575
3052121,0.05908883222544843,0.08460948899730275,0.059995283505534514,0.04542573732073636,0.013029315960912053,0.04388550709685027,0.043797072825622355,0.08080681533450262,0.011039544858284081,0.054475511076392466,0.07048948369124648,0.06008371777676243,0.013301988297198107,0.059634176898020544,0.04569840965702242,0.04804928736716435,0.0790012822969328,0.025970197650596195,0.04841039397467832,0.05320795318879243
3048279,0.03890680954593915,0.09144774609770098,0.05178234602662585,0.04700527596293158,0.01170006287416965,0.04839260818457669,0.03842158497580711,0.06182171072414641,0.024575599354856346,0.043266996528252374,0.06555999015882562,0.06022935403624832,0.011768404362920641,0.05448183483228998,0.07580437932259916,0.06403597495967853,0.06777425439435772,0.028245537300784558,0.0475588420218146,0.0672206883354747
2805939,0.06956944427280201,0.06204603273525263,0.023659791357342478,0.062176294630220404,0.024690381569957436,0.06760830686607006,0.04880045478379232,0.08538603952640812,0.029832298476580223,0.034654371968181615,0.06392681205859696,0.060615358721897473,0.02410995551616607,0.04331800909685283,0.056323689774838474,0.08024418146861974,0.05963520196037237,0.011074585601220288,0.037195641184532884,0.05513314843029562
2748762,0.0768880677480161,0.07026375584472268,0.03400170824466215,0.05400357683711302,0.015339776105704351,0.06185676105358054,0.036113526443349156,0.07013629196993237,0.02390325888187655,0.04666870509629614,0.09689534611839878,0.04023664246260726,0.02673662811486504,0.046344025699424855,0.05098810363479122,0.06582786000175386,0.05532467925482286,0.015140539180961839,0.03273372284555253,0.08039434450752435
2749448,0.05943330965117202,0.036130463188172035,0.05937018782242729,0.052937558429297,0.028778951146628397,0.02527157807334755,0.039713660494419246,0.06304854750374687,0.012077275651282826,0.0749400005059258,0.08897823089013861,0.04557608943319941,0.024376379269939307,0.0575309513078378,0.04268306595731711,0.06998898312857273,0.06518717111808672,0.013438949650673812,0.05710568038952458,0.0834329663882909
2749449,0.05955567871627237,0.035858821220963476,0.05937018782242729,0.05308341821556248,0.028384940114319492,0.02527157807334755,0.039985302461627806,0.06292617843864654,0.012077275651282826,0.0749400005059258,0.08897823089013861,0.04557608943319941,0.024376379269939307,0.0575309513078378,0.04268306595731711,0.07011135219367308,0.06506480205298638,0.013832960682982717,0.05698331132442424,0.08340947566712575
2749450,0.05953218799510723,0.036130463188172035,0.05937018782242729,0.052937558429297,0.028778951146628397,0.02527157807334755,0.039713660494419246,0.06304854750374687,0.012077275651282826,0.0749400005059258,0.08897823089013861,0.04557608943319941,0.024376379269939307,0.0575309513078378,0.04268306595731711,0.07011135219367308,0.06506480205298638,0.013438949650673812,0.05698331132442424,0.08345645710945604
1582094,0.0585181689476168,0.038697498820198205,0.05521472392638037,0.06229353468617272,0.01557338367154318,0.04247286455875413,0.03256252949504483,0.06465313827277018,0.020292590844738084,0.05143935818782445,0.0882491741387447,0.06087777253421425,0.021708352996696555,0.05474280320906088,0.0632373761208117,0.0778669183577159,0.0726757904672015,0.011326097215667769,0.03964134025483719,0.06795658329400661
12066,0.07223989095865516,0.04497955474784189,0.050431621990004546,0.052703316674238984,0.016810540663334848,0.04906860517946388,0.043162199000454336,0.06724216265333939,0.020899591094956836,0.05997273966378919,0.07905497501135847,0.05134029986369832,0.021808268968650613,0.04134484325306679,0.05497501135847342,0.07496592457973648,0.07042253521126761,0.014084507042253521,0.040436165379373015,0.0740572467060427
2202563,0.06493506493506493,0.07126623376623377,0.03587662337662338,0.07142857142857142,0.0137987012987013,0.06363636363636363,0.031980519480519484,0.06834415584415585,0.01753246753246753,0.04350649350649351,0.07548701298701299,0.04188311688311688,0.028409090909090908,0.04253246753246753,0.05957792207792208,0.059415584415584415,0.05698051948051948,0.023051948051948053,0.05649350649350649,0.07386363636363635
2748378,0.06493506493506493,0.07126623376623377,0.03587662337662338,0.07142857142857142,0.0137987012987013,0.06363636363636363,0.031980519480519484,0.06834415584415585,0.01753246753246753,0.04350649350649351,0.07548701298701299,0.04188311688311688,0.028409090909090908,0.04253246753246753,0.05957792207792208,0.059415584415584415,0.05698051948051948,0.023051948051948053,0.05649350649350649,0.07386363636363635
2609450,0.050671686939760846,0.05723694405186725,0.043174443120243045,0.04380019044143098,0.016976067707941852,0.0660677019160283,0.0436788550704809,0.034376630025212684,0.018199350390730326,0.07242216648440133,0.11783818180699512,0.07315441645057742,0.03162207619851908,0.0382146635969213,0.028782456756620813,0.08391127461604873,0.0808112136410462,0.015743271199469576,0.029814697328853418,0.05350371225685084
3047962,0.06000756000756001,0.10602910602910603,0.04175329175329175,0.03449253449253449,0.02023877023877024,0.05597555597555597,0.0355005355005355,0.07674982674982675,0.015498015498015499,0.05799155799155799,0.061755811755811754,0.058731808731808735,0.005748755748755749,0.048746298746298745,0.05126630126630127,0.0715050715050715,0.0544950544950545,0.021246771246771247,0.05173880173880174,0.07052857052857053
3047963,0.05820885635743384,0.08294969032557215,0.03508263504785877,0.044447388467525585,0.02098168449640645,0.04903454443082834,0.04508495346603518,0.054938230715728814,0.0200046368363528,0.04625244261915013,0.059185904017487495,0.08509422713874076,0.017860100023184184,0.047718014109230614,0.04410790580598152,0.06328453615076343,0.06918822243566389,0.021809690987977345,0.06591759679395887,0.06884873977411983
3047957,0.05025346811158668,0.08660413441398779,0.04572291533861518,0.04565461554806788,0.022516164283762862,0.059177974076435054,0.043613210697264974,0.0585556870958929,0.01891904198160459,0.07481103724615246,0.0465880460188811,0.07332361958534438,0.018053911301338675,0.050496311811310444,0.04088121907537261,0.0630862398688644,0.056825425735361076,0.015010776189175241,0.06401967033967762,0.06588653128130408
3047960,0.044413784041260146,0.09678558523044578,0.05077855523800138,0.04344469629775631,0.015842120823888833,0.059631746657468544,0.04164613514667718,0.04655727472816268,0.019923786997799023,0.05651916822706218,0.05631385302716731,0.07056272789987189,0.022206892020630073,0.06890378108472126,0.048979994086922246,0.05403074800433626,0.07706711343254163,0.011275910778226733,0.05015439703032095,0.0649617292467396
3047956,0.058455642530984994,0.08108284409654272,0.04683626875407697,0.04276744944553164,0.021135029354207434,0.04227005870841487,0.052894651011089366,0.05904272667971298,0.01577788649706458,0.06846868884540117,0.05368558382257012,0.06668297455968689,0.016275277234181342,0.06202707110241357,0.04425962165688193,0.06916992824527071,0.08187377690802347,0.013494781474233528,0.0511986301369863,0.05260110893672537
3047958,0.06086956521739131,0.07934782608695652,0.05652173913043478,0.04710144927536232,0.027898550724637684,0.04384057971014493,0.04384057971014493,0.04601449275362319,0.02934782608695652,0.07210144927536231,0.053623188405797106,0.07572463768115942,0.019927536231884056,0.052173913043478265,0.04855072463768116,0.05398550724637681,0.07789855072463768,0.017391304347826087,0.051449275362318844,0.042391304347826085
3047961,0.04852684883759166,0.08371970668508105,0.051321890105553915,0.04702245897865904,0.011254151458353885,0.04960376179671829,0.03985400019729703,0.06745092236361844,0.013547729440005261,0.0643681562592483,0.061285390154878175,0.07512084443129131,0.01684423399427839,0.05160961494196179,0.04214757817894841,0.0627897800138108,0.07383019302226168,0.01584130742165664,0.06157311499128605,0.06228831672749992
3047959,0.059714795008912656,0.1010362186832775,0.035415564827329535,0.03767800826624356,0.01544533897475074,0.051546492722963314,0.031184501772737065,0.04662984074748781,0.011018393371334548,0.051252668899727724,0.0727997492703375,0.053710994887465474,0.01780572368807663,0.04446533858298564,0.06591447767918356,0.0658165364047717,0.07761845997140115,0.01790366496248849,0.07496425143483967,0.06807897984368573
3047964,0.061094061183845375,0.09371837147801104,0.05650690522054262,0.03689314048777302,0.0198504685102354,0.05112801593261288,0.033848640177609454,0.05749453132652062,0.018071109079630415,0.059788109308171994,0.05804956087368181,0.06283260961833556,0.014512390218420452,0.05065460837768128,0.05449084201247184,0.04503901531228574,0.08731104508798851,0.01296973456528127,0.05800874987756701,0.06773809135133371
3047967,0.06791489885015065,0.10400910041197811,0.051835454713152554,0.039798930086699866,0.030806124331304186,0.0566623624177581,0.03575601057615446,0.05778454159749123,0.01753981430240423,0.05160486995019369,0.05407981307261883,0.058799114554510236,0.010007378712414684,0.0590296993174691,0.04576338928856914,0.055770768000983836,0.06543995572772551,0.01652524134538523,0.06262682161962738,0.05824571112340897
3047965,0.044040741866828825,0.08364244451200972,0.05533596837944664,0.04229249011857708,0.030525995743387047,0.05278200060808756,0.03879598662207358,0.062374581939799334,0.02093341441167528,0.05760109455761629,0.06710246275463667,0.06974764366068714,0.019610823958650048,0.04923989054423837,0.04923989054423837,0.05665855883247188,0.06232897537245363,0.01266342353298875,0.05930373973852235,0.06577987230161143
3047966,0.06442058496853018,0.09397753918301863,0.044150314698259904,0.03298161174873503,0.023340120942860667,0.05514932740960138,0.031716648155004315,0.06758299395285697,0.01811057632975441,0.06577810687399728,0.0669505121559916,0.06469825990373936,0.005676909786498827,0.04145069727261508,0.049194742687893374,0.05892879180550413,0.07136245834875972,0.02099531037887202,0.06181352585462174,0.06172096754288535
1572667,0.06086956521739131,0.07934782608695652,0.05652173913043478,0.04710144927536232,0.027898550724637684,0.04384057971014493,0.04565217391304348,0.04601449275362319,0.02934782608695652,0.07427536231884058,0.053623188405797106,0.07391304347826087,0.017753623188405798,0.052173913043478265,0.050362318840579706,0.052173913043478265,0.07789855072463768,0.017391304347826087,0.051449275362318844,0.042391304347826085
742919,0.04852684883759166,0.08192759198974056,0.051321890105553915,0.04702245897865904,0.011254151458353885,0.04960376179671829,0.03806188550195653,0.06745092236361844,0.015339844135345764,0.06845384893624018,0.061285390154878175,0.07691295912663182,0.01684423399427839,0.05390319292361317,0.04214757817894841,0.0627897800138108,0.07203807832692119,0.01584130742165664,0.059279537009634675,0.05999473874584854
1983780,0.06175399225940742,0.08609783068266823,0.045077568543272516,0.0396786678375126,0.0198393339187563,0.04511009204149998,0.04012586593814031,0.057729209353758096,0.020286532019384004,0.05683481315250268,0.05408657755228152,0.06402250626077341,0.01892867596838716,0.045988226493641655,0.053192181351026116,0.043288776140761695,0.07889387582528376,0.018944937717500894,0.061323055907893456,0.08879728103554818
3050258,0.06576861187162256,0.06434778125905245,0.04236668119116618,0.04452318396067746,0.03188541156302501,0.05126519699499104,0.036153819605568356,0.045864241138613315,0.028190941713769877,0.05303037780039969,0.10260778569938227,0.04048651590925301,0.02742705718374863,0.039944624983615215,0.05501714420181964,0.07427643016872254,0.07257100381264509,0.015330047355031665,0.03608909012261503,0.0728540534642808
3050295,0.0740033953430579,0.07678449359108373,0.03297462661920951,0.0485305934057948,0.027913633158362205,0.051005914648121355,0.033751093371755095,0.05762633452179922,0.030454618044291976,0.037440616842304174,0.10603740421804578,0.0284838157136428,0.023265255860299563,0.03835881822563548,0.056253463170248895,0.07707315909529919,0.07108509408586132,0.017875902314734793,0.03316918144509736,0.0779125863253547
1208309,0.059990763463533915,0.04824483683480328,0.047507436440758645,0.050911305386533566,0.024380647535682903,0.07002134802928028,0.04716197643243632,0.07132279971647662,0.01613733792810653,0.051363887012065124,0.10438905049608752,0.046674021658790976,0.022262197825877728,0.04704149340631928,0.053490973089545445,0.056771438282331554,0.050726764533951904,0.020043229251560844,0.039017452457455255,0.0725410402184023
2955745,0.07135096156404046,0.052481506408315615,0.050292856170741765,0.04208391649498423,0.018743634063344193,0.0686155378417524,0.051743962294805136,0.08241222885539522,0.01687585290400546,0.043263211254538234,0.11067936348704241,0.058214589074935444,0.026468001617737345,0.029010946162407514,0.05665562226907397,0.051860979699368814,0.052601579759686046,0.029900020191266825,0.028887615548209587,0.057857614338349336
2955746,0.07011880432823288,0.04985707786342834,0.04820565052391817,0.041487685215750816,0.02487484941888562,0.06773280273719373,0.050264190519403465,0.08504401581699583,0.014049838068944392,0.04571785056725312,0.10564455969938402,0.053157404234680274,0.023687103007980548,0.03169194386355223,0.05228042622808281,0.0651769482192637,0.04658896127934116,0.03179760003303702,0.02937195467202438,0.06325033370264749
1891745,0.048463482535650075,0.05210816903542525,0.04947009503579907,0.047838163862750464,0.02971174851451068,0.06080007358833234,0.05550137087266683,0.05645413822299685,0.015374310641746726,0.0530911628323529,0.11696703380002116,0.04691346975681545,0.02845252034730493,0.03894762106355045,0.05778980219415131,0.07041272680780351,0.05886601604425585,0.01871226102817863,0.03532599882444095,0.05879983499124661
2844074,0.04154085789599808,0.11994967649173258,0.03920440929786724,0.06347951114306255,0.002336448598130841,0.11271267673136831,0.029175653007428706,0.13231488138030195,0.00980110232446681,0.031739755571531275,0.08074526719386532,0.10781212556913491,0.014701653486700217,0.024275101845195303,0.07048885693745507,0.05857895998082914,0.01960220464893362,0.012137550922597651,0.0,0.029403306973400434
2844075,0.03430385813563383,0.1320872274143302,0.03430385813563383,0.05390606278456746,0.002336448598130841,0.11994967649173258,0.026611550443326144,0.13231488138030195,0.00980110232446681,0.04410496046010065,0.06581595974119339,0.0980110232446681,0.014701653486700217,0.01960220464893362,0.07048885693745507,0.05134196022046489,0.05134196022046489,0.012137550922597651,0.0,0.026839204409297865
2844078,0.041237113402061855,0.17525773195876287,0.030927835051546393,0.07731958762886598,0.0,0.11855670103092783,0.030927835051546393,0.1134020618556701,0.015463917525773196,0.02577319587628866,0.061855670103092786,0.07731958762886598,0.015463917525773196,0.020618556701030927,0.07731958762886598,0.041237113402061855,0.02577319587628866,0.010309278350515464,0.0,0.041237113402061855
2030127,0.05394313681244192,0.04263793841997938,0.06801624649810173,0.05682255576575476,0.02335186935435111,0.06823452287035385,0.030925918146515085,0.04152008661389208,0.02763506210620963,0.05151134260311008,0.1000919688530628,0.07888383769510092,0.019467107824834143,0.04511611551562081,0.04051860912397695,0.076922022167034,0.06240837037978087,0.01173256911127531,0.044676581593944026,0.05558413854466053
2170195,0.052917658661103574,0.0604148766546236,0.04501552686233356,0.04634601131221343,0.019651741301320438,0.062205205507100216,0.05525055524559149,0.06736894896659654,0.02698836274772643,0.05686593541238714,0.08116052959275454,0.05202400876494077,0.021369583757248265,0.026661210397116563,0.07819141835702102,0.07393775344603024,0.05627639237175597,0.020334587238446018,0.04033185002076665,0.05668784338292356
33758,0.06697038724373576,0.04054669703872437,0.04965831435079727,0.05056947608200456,0.02232346241457859,0.05375854214123007,0.0387243735763098,0.0683371298405467,0.025968109339407745,0.05330296127562642,0.0774487471526196,0.05284738041002278,0.03052391799544419,0.0428246013667426,0.05421412300683371,0.06970387243735764,0.06697038724373576,0.014123006833712985,0.0428246013667426,0.07835990888382688
2747210,0.07529692664249013,0.06889354742545922,0.03402418610606578,0.05794570996781326,0.014080820314536805,0.05996391160471261,0.03624458362501505,0.07103309570038983,0.021800749591398806,0.04935478560578474,0.10147850288319746,0.041700649617352537,0.026189031415779676,0.0459390288812,0.053119542623367225,0.06206431312142251,0.05128585153579611,0.015412153442498014,0.033743186448116406,0.08030164425005719
2955935,0.06946436043085365,0.05571474182845637,0.04966696582915885,0.05049193609684091,0.022917175140067275,0.07824258197864917,0.027300222535413192,0.05654878876293672,0.0142354487149314,0.07588739678992183,0.09239613368632991,0.07841635065339073,0.042250444811175264,0.037819830830423874,0.03789359433306108,0.071322550336956,0.05774391127904858,0.013159264167338843,0.022850858770776573,0.045677443024269765
1175852,0.046786961486533975,0.06277557098677126,0.03643190405481879,0.06446509182057299,0.031090938982865614,0.06727839477179069,0.05393799746911005,0.05507137421012288,0.01820581868214204,0.056215061800495826,0.10875646785922463,0.053155343385426414,0.014562497042473286,0.042025229522009856,0.06549978176392857,0.0688054222056736,0.06084397721621366,0.011493614490966352,0.031020148764910455,0.05157840348394912
1513256,0.05714216504524303,0.07009481199891822,0.03914296566303853,0.06732386542606271,0.033034205160465305,0.07067196757885673,0.04076418334703423,0.045443246767463856,0.019135379390883785,0.048411780053452494,0.11129456960198854,0.049867510482627726,0.014824083287692828,0.04250463371311886,0.06420213097882588,0.07727451057038423,0.055219385180267665,0.011631823511743937,0.028665365550941246,0.0533514166909902
1513257,0.05677435835511927,0.07089902162536711,0.04571830274777826,0.06103298623685919,0.03186207828159533,0.07379648736813975,0.03858017334292386,0.05408952310569749,0.0268689095413995,0.038699366434476086,0.10916286024353093,0.04700472061169741,0.012522361336019389,0.043727797024290846,0.06977360366448403,0.06618643720878686,0.054499624348910945,0.0105081623729484,0.02853801363767818,0.05975521251229716
1513258,0.04220373724786995,0.06572099562091527,0.052341406179773044,0.06507294373488622,0.033939455707663053,0.06606622308424673,0.050405268910924804,0.04798146482956129,0.021968843601766926,0.04746727263201612,0.1087195437387203,0.048288085523768835,0.01671194306794303,0.04765317025838474,0.04938207610973993,0.08120302644424796,0.05820398747435745,0.01112209233432537,0.03338354859903251,0.05216491489985648
1513259,0.050977652573953314,0.05713682182513096,0.051185158636715924,0.06459216030650772,0.032586887201633295,0.05978833039129313,0.031018660969996746,0.053285456013584594,0.029515331023283835,0.04593127542602011,0.11979194562217028,0.05094927084430676,0.012092719538790583,0.04014858671536449,0.061544956101716494,0.0813671277405685,0.06013969544083203,0.01240683328862371,0.0297021224333735,0.055839007906134
1513260,0.0513973741527841,0.06225463389500278,0.04694493708463957,0.07013252818016091,0.03127320214127673,0.0629640930713609,0.04071705420440142,0.051715217987625184,0.021093380433714465,0.05161314472143001,0.09851794572850754,0.05333689121326459,0.012411774164263395,0.044202932578278974,0.06699002891616376,0.06750965152175449,0.06380387807595272,0.010917808338436944,0.0312849833542865,0.060918540236695
1513261,0.05368651819757294,0.06435951785253123,0.051864127527450996,0.062176808926565644,0.03201275291516807,0.07100329631791323,0.041903515724070646,0.04829919754724783,0.021980891049064866,0.046294045343591286,0.11265196681848429,0.0494439665576719,0.012548641521393799,0.0428453906966927,0.05843224606113836,0.07776438810877682,0.057072474372764435,0.008367510848040693,0.03464369471218459,0.052649048901675655
1513262,0.0580045228979502,0.07370330789477643,0.03967106723128788,0.06883844086724357,0.028702397140297608,0.07257188651212698,0.04512203079360116,0.04847305578452492,0.024163711312120726,0.05597941442915607,0.10279613856483272,0.047781622818276706,0.019047145140539044,0.04775553663218253,0.06078332229715046,0.0659240194193103,0.051217872634165225,0.01041115199481214,0.024174161187517692,0.054879194448127666
1513263,0.03999908249432571,0.06089352083581362,0.04378777329721314,0.0647072859683654,0.038183559748555855,0.06603136366112729,0.04328988883894253,0.04778204636494231,0.02339187482885568,0.054712417323807286,0.11037708735251386,0.05675847139587552,0.016907273883975397,0.04732195613403441,0.05482221555878248,0.07401448542010405,0.054780896440440666,0.009780705271458186,0.03145162036540227,0.06100647481546432
1513264,0.05735686974219464,0.06687055796774075,0.04625539606832909,0.06544984387451976,0.04352995820178934,0.06470216111746682,0.03316874959159761,0.05695967564811552,0.017538074162195872,0.05038123742234978,0.10039185653159156,0.044968562390045284,0.014163113077035773,0.04467285454095723,0.0586542400355729,0.07608104423236262,0.050310356817335644,0.013478350397076786,0.031137686637834196,0.06392941154388884
1513265,0.056332532072563245,0.0613009045094732,0.04190549505661848,0.05884607621627211,0.04018885526836898,0.06839257458525377,0.045227116630128746,0.0548427815504226,0.019963716635670602,0.0558768725338879,0.09501139083253869,0.047009302275570604,0.015340317517225867,0.04721455270168342,0.049140524522276685,0.07125290737077415,0.06020696429939345,0.012151098448728253,0.031052254190471806,0.06874376278267741
1961678,0.051248676277851755,0.06252310378151044,0.05328084661706981,0.059182153848989116,0.044799624683885236,0.07191946456814573,0.03964530652789021,0.051571857272798866,0.01903628508817822,0.06039331151192338,0.09342210728609666,0.051000069871327956,0.013918847935109405,0.05527720670165171,0.047266183963695814,0.06874444568161099,0.05718410026603227,0.010892163430642846,0.038405713455346914,0.050288531230242656
1961679,0.05006345335964023,0.05742498042484888,0.04614590309763269,0.0637356602634346,0.037339651306553666,0.06582305422437393,0.03917951187605549,0.05104961594281882,0.01617328805920241,0.05194237822395217,0.09942685900683776,0.05540652243383261,0.014935897672255767,0.04500582412310021,0.07096774014517178,0.0690650425683222,0.06034097770833595,0.01390589852482417,0.03354722469489987,0.05852051634390681
1961680,0.05390269221496875,0.06808182249853417,0.04222298866407439,0.05920352178572484,0.03571891175380365,0.07269365398260097,0.04361628960917515,0.05070386013231728,0.02411594415883806,0.04859694552582533,0.11024845511703134,0.04593742270893968,0.01570441838105169,0.04181484037108222,0.06368900692601659,0.0647588479763353,0.06074784539769788,0.012536350673908915,0.03093138638248612,0.054491349027569504
1961681,0.05576652638859954,0.05990872409117077,0.04146441723356297,0.06274724668090148,0.03634492261716012,0.06722036637227995,0.05197502522277462,0.05021119754818001,0.01942892400920689,0.05150043356217819,0.09290605956155311,0.055930300340276205,0.01541810029884858,0.04559221488965197,0.061009318428057686,0.063012968449339,0.05826447192556663,0.011304068634371238,0.03308684675501032,0.0669078669913107
1961682,0.0571223631254818,0.05708065106512089,0.044998976656859424,0.05923139516650807,0.03486587886360605,0.06490184446858692,0.04407829477032096,0.049018427968999835,0.016937313883165397,0.047674599202598665,0.10442123194426169,0.051025493469043615,0.016037446214345406,0.04689966750564014,0.05413577015794213,0.07338003825957166,0.06557830793377455,0.01192705281856455,0.03975110681030808,0.06093413971530017
1961683,0.054216905336821684,0.06565211006721412,0.040068999925297534,0.062480365503744494,0.03483907337242046,0.06307985807359685,0.04733036037931356,0.051649351144718775,0.014066682101519267,0.04911730427524677,0.09982541665211896,0.04851890357439168,0.014977115159382505,0.04508862097122305,0.05419368573701466,0.0746854072097974,0.06770093788008875,0.011986191688365571,0.03599118041617073,0.06453153053155318
2169902,0.04501996927249382,0.06384522443577967,0.042446457084378234,0.053278500528437724,0.039029440525539735,0.07813644832722007,0.049652626425124614,0.05430041720592712,0.026945761405223145,0.054320913607923745,0.10274417502431547,0.049909415651393,0.014603745972740433,0.04495576561839774,0.06143710424275252,0.06944421271353934,0.0573938714278116,0.010374967299198007,0.03272964980480304,0.04943133342700098
1175848,0.05512246612904421,0.06476697989668675,0.03675410521156377,0.06802453859847844,0.02639143516987928,0.0667448422745428,0.05484048295767585,0.06974155415301475,0.020334954531376532,0.05213745570950102,0.08961881034470277,0.04380572717430001,0.015365183160261203,0.029295606057454543,0.06994904374980544,0.06064465939782476,0.06809355441893052,0.01069652535540084,0.027029163446283196,0.07064291226327325
1175849,0.04746850370479673,0.07105871082497979,0.04490459784423649,0.05877101274972152,0.03072035127956721,0.06733460876236684,0.03330833622712529,0.05685795979565238,0.020198684889620903,0.04541822003277994,0.10953214408732502,0.05109288292967972,0.0178842053644927,0.03553156950548051,0.058073888276997464,0.07727782140937155,0.06780953055489791,0.009809103578345479,0.03293608544499476,0.0640117827375678
1175850,0.05426540079819492,0.06096498932223702,0.04354590814202569,0.05640887283015937,0.02983707627658149,0.0721477317949594,0.05605754318410178,0.05212440775924332,0.019601650371741917,0.053188421778989685,0.09807316981962677,0.04832809078310445,0.015834610503263402,0.04797339067822567,0.05406042508261795,0.07604424547481227,0.06161128309995579,0.011312258928415846,0.0337017445335532,0.05491877883819006
1175851,0.049494503351763364,0.05664462672435757,0.05037594847939394,0.05807913602271655,0.03749788938558545,0.0629321179026705,0.0486756692345013,0.05328928103222331,0.022111468198152667,0.05412371928321619,0.10324636277000031,0.056408645592959085,0.01731249732288754,0.04566272933994359,0.05661276116220632,0.0622833638179842,0.062366946276848446,0.01488216643486343,0.02895024695984444,0.059049920707881794
2049444,0.04693018026570564,0.057077204064147485,0.0567869387384907,0.06120442082826702,0.044124762372885186,0.06824899944310246,0.04405600711916174,0.051190368733053694,0.015089431504013739,0.0492898547940635,0.10029025355798515,0.051061592160520856,0.01404311486512931,0.050182143029720634,0.05286004581343909,0.06544617930803305,0.06100932176904247,0.01109562531976325,0.03839037771435304,0.061623178599121975
3048380,0.07278662838949868,0.06496595515799537,0.06057057409286923,0.052838405450637185,0.029426110078436943,0.07408370736432451,0.061971767015649964,0.042712071974241164,0.026643251143592936,0.047887712289415865,0.07345977652102269,0.07652583215475853,0.024720145772211703,0.036727739363465316,0.04303143268173129,0.07555589323516472,0.07311039103210282,0.016298526304499836,0.029810380263143768,0.016873699715237486
3048381,0.0836032796112631,0.05384801729278473,0.0490820949634326,0.054368556037128625,0.020502660618138133,0.08536442165193447,0.0453637379314427,0.04987598488635168,0.036849938012995895,0.05896293851283805,0.07408867183389456,0.08438739329027675,0.02317791229304781,0.027810146028447155,0.05863635578896138,0.0592030696446736,0.06843430336691922,0.012015195585166089,0.03574172163834227,0.018683601011961135
3048382,0.06873311246539779,0.05299179122420697,0.05281852364142644,0.050418992020797256,0.022890995684771057,0.07231493125697934,0.045678087262168585,0.05083481301085066,0.036211451144124315,0.04861509183222937,0.05926313770009785,0.0786246092345998,0.02414807881648567,0.04517290580477463,0.07714206992189153,0.07403485283653387,0.0741778673493051,0.011620304076329576,0.030549034931171594,0.023759349785858617
3048383,0.06397492007431767,0.05247968162124789,0.034618351636423926,0.06450227948721925,0.018844012819916434,0.06797563981298921,0.052950207920087436,0.05327462955475004,0.04854144575530118,0.05548425759269133,0.062209085326555204,0.0843681800760114,0.028305427928921906,0.04083720785528014,0.05538058331733031,0.06792826438910776,0.08649344183982738,0.016077968939414725,0.027040902944517404,0.01871351110808942
3048384,0.05186386999780476,0.05228052095783155,0.0430021930164953,0.0567105694968923,0.020416257370109783,0.0828477948986312,0.06775098840960847,0.06650635730868758,0.027734618395173147,0.04652382494007455,0.07313050332943807,0.08698927550628968,0.020147978721752995,0.0453755124984201,0.06685260556525056,0.06893300545260624,0.06673644110453526,0.011877684449539556,0.0286166755732554,0.015703323007603492
3048385,0.07279000796154811,0.04793444951231718,0.05619287470999208,0.05638866820391765,0.015931694553196537,0.0709299979530343,0.05490274704655107,0.05231271120945104,0.03160073765077583,0.05122447757196089,0.07503333712494885,0.07807586710193398,0.01780803227990601,0.038168895444133294,0.06624778093379806,0.07756506382665375,0.07843007560092884,0.012891716401008689,0.0328204124534556,0.01275045246048824
3048386,0.05733179334824947,0.056740139170325346,0.04052172601457841,0.05970856815687268,0.013871233148992457,0.06616599561662727,0.07186435818417201,0.04402774259822132,0.038049988390746366,0.04857430450016886,0.07394417356185973,0.07753659993104807,0.017507370117077564,0.02898083065968704,0.08545147244033546,0.06415561588849487,0.06744719108831476,0.028503773886918833,0.02783815469154565,0.03177896860576382
3048387,0.06517635132204855,0.05924385199481598,0.05422031301884066,0.07077338108686973,0.0175427814817209,0.05323996233642472,0.062240448256866115,0.05154783731131659,0.027545122548428152,0.04881993393636633,0.08285543008100636,0.07864249384824652,0.014091817540798574,0.04096954663754133,0.06629198331263106,0.07298691937207447,0.06414057297220642,0.01562915117173904,0.0315250798398134,0.02251702193024511
3048388,0.0642993465743676,0.061331435595523065,0.04594196804037006,0.047996053567962736,0.032808759785210584,0.08303681180047874,0.03975545060490393,0.06843177848224105,0.026622242349744453,0.06919195186646826,0.08437924564922042,0.07089021155463544,0.018559552306398396,0.041073623600957496,0.05907517629552954,0.05119039917189623,0.058695089603415934,0.016505466778805718,0.04239179659701106,0.017823639774859287
3048389,0.06589852507235676,0.07877465164142766,0.04268626589679785,0.0505976179288519,0.01929225612937188,0.0678880659735021,0.04952890089568105,0.04979946589664083,0.0369478736947226,0.062472840455561986,0.06949369309744226,0.07286510769409531,0.01778476647404244,0.037704022890368276,0.0640662003959258,0.07367552690988272,0.06490115397886591,0.012851592201918234,0.03927284846357942,0.023498624308965016
3048390,0.07895403538594596,0.06964825898215496,0.03325090515081854,0.0840708527027623,0.0243436260820927,0.054865010921181054,0.05888457512942754,0.042599835149363774,0.030100722419374046,0.05094941771061075,0.07200299989618716,0.06972420606607288,0.017040881430103575,0.034008449376306996,0.07058829881642938,0.07319536432233646,0.07401570065166,0.012613453207660764,0.03106668291563418,0.018076723683877034
3048391,0.07132565563151462,0.053031642935317216,0.05218480844300109,0.05329573721827942,0.015469467055365765,0.08233784997935942,0.05211347466064447,0.045023653814120546,0.03997378198172637,0.05429801599017091,0.07373971943286739,0.0763151201989335,0.019738003857169693,0.034915804299121084,0.05818751578930328,0.06076758912409359,0.0737418175729993,0.02047601666072371,0.030679949917288545,0.03238437543800007
3048392,0.0671251327593993,0.05476496018247789,0.06875681556770623,0.054393707469716494,0.023153456351069156,0.056525077600172974,0.07714415330110025,0.05735589245100844,0.03432913119440095,0.055118845389625866,0.06772203839431432,0.07171475292387886,0.015995761825956807,0.03841979786544176,0.06566398635043187,0.06639601500164456,0.06880473693986508,0.013482566897188807,0.024578633960071282,0.018554537574529115
3048393,0.08061740396223045,0.049991434144171634,0.03186993522545455,0.0529693239125392,0.029453660904388924,0.07506322691926187,0.05782201753915911,0.05623170578871192,0.0392322677374229,0.04569187262089438,0.0807779937040442,0.08632344923875396,0.019596165589748887,0.03674962385585584,0.05589419352051489,0.07370022520202502,0.06495367734502672,0.01681871811205994,0.02916538349065423,0.017077721187081375
3048394,0.06693774852733354,0.058766510696430074,0.04072605313245237,0.0647524028557531,0.023167981060633475,0.06885966680391122,0.055758174349159126,0.04412288310988656,0.029754771909715972,0.049012247705443004,0.07243681085030439,0.07959949932650212,0.011894228661999844,0.04219438695379325,0.058248613966395385,0.06737293168402188,0.09472800099460296,0.011671847360229456,0.03220498758416285,0.027790252467269426
2583509,0.06856560559006211,0.10738548136645963,0.038897515527950316,0.07011840062111802,0.0140430900621118,0.05765722049689441,0.026484860248447206,0.07632958074534162,0.0312111801242236,0.031182065217391305,0.0685461956521739,0.034268245341614906,0.018662655279503105,0.054522515527950316,0.04985442546583851,0.06850737577639751,0.05448369565217391,0.028057065217391305,0.0451669254658385,0.05605590062111801
1862824,0.0694561974604893,0.048027679733688315,0.026253606457469117,0.07717100147357658,0.009610123612269535,0.07633366428967286,0.022116000120291968,0.06694351080080693,0.023816347770210432,0.034744239948102607,0.12320353001683473,0.041350819703823996,0.03323878369479228,0.0353586265603433,0.042755849810570845,0.09611299297458095,0.04330913531557308,0.020799884802030724,0.028048664851239954,0.08134934060363244
1983771,0.05369631376342786,0.10315012999576759,0.0710038897958361,0.050164258217949495,0.012541064554487374,0.049458854827982346,0.034972892355442695,0.07144728621238688,0.029233931918495677,0.047513956909930065,0.05652296591893907,0.03612169216196062,0.017750972448959026,0.0469849043674547,0.05272386480440172,0.0774532922183929,0.05404901545841143,0.02808513211197775,0.060936775701876375,0.04618880625592035
2844554,0.07115154857090342,0.09345648377906442,0.03391232423490488,0.07880709493612718,0.018343902214869957,0.047155592316882634,0.03323223968385259,0.0823913243268082,0.0325521551328003,0.048396287105964525,0.0728701406120761,0.02965720062494256,0.015007811782005331,0.03403179854792759,0.06081242532855436,0.05098796066538003,0.06672180865729253,0.029813436265049172,0.03705541770057899,0.06364304751401526
2844581,0.055029305023203585,0.10825965974001239,0.03807174840988298,0.051473960665168274,0.016793928668333777,0.055476470424565126,0.030201883454381098,0.0726481072174246,0.028379005936477898,0.03956637876762145,0.08717773549725565,0.033250107655360926,0.03235775939301997,0.03973000671260828,0.04610148131999179,0.09498487697687476,0.053799207079555995,0.02399878805255537,0.030424474884870805,0.062275114120835286
2844582,0.06534359755284835,0.08875770288522201,0.054543980309048425,0.059232188396911294,0.010792675205928609,0.049236820124579035,0.03442853699606359,0.06805376913781001,0.03368298989683576,0.03691375878584313,0.08250450954780121,0.028567957552492914,0.028178536996063586,0.04350141950790393,0.06041797176978647,0.07897115111205892,0.05921230640044784,0.025857785967531258,0.035833744301975314,0.05596859755284835
2844583,0.06712739740705025,0.09823743705132326,0.04583735133397621,0.06054323368691739,0.017995285545912353,0.03926925961641487,0.029443908711025396,0.09492660452159005,0.02616522018643523,0.04581592199721419,0.062171863280831456,0.0376406300225008,0.01473266902389371,0.049083895853423334,0.0392906889531769,0.08673524054430515,0.05566270223936569,0.024541947926711667,0.04747133826208079,0.057307403835851284
2844584,0.0624796815998492,0.061790827721126707,0.04872299456188239,0.05732193386925819,0.010758123993698169,0.052158607595667206,0.03669440549082522,0.08411173244538318,0.023241364319254245,0.04489659497277093,0.07784010356853625,0.04667961273369767,0.02694638250722806,0.03829467787761446,0.03673470565491133,0.0905837079613503,0.08082712479970146,0.03082164243847733,0.038433660543734816,0.05066211534503288
2844585,0.05492363245986434,0.06242497438149613,0.027854633289415898,0.07989801395598496,0.011517347386912605,0.03908895720489924,0.02013858390669985,0.1201276045478944,0.025202508173522663,0.03589640365002684,0.07618455082223198,0.040057580637290785,0.03538281364368321,0.038715659005514075,0.04287683599277802,0.05773190845654613,0.1141767920753428,0.017237593324549844,0.027415458937198062,0.07314814814814814
2844646,0.05802873858801114,0.09874469301379858,0.039349307052966034,0.05658782971399279,0.011244794386641492,0.04707967000169175,0.043134191805717204,0.06848876572009893,0.029538537617057343,0.04273855481743553,0.07264707973601191,0.028197539930998574,0.023673434977761153,0.0500057145993302,0.05561700793009102,0.07446372823100711,0.08822667118553795,0.021579826445920935,0.036410060410670346,0.05424385383525998
2202565,0.055040197897340756,0.09570191713048856,0.048608534322820036,0.07377860235003092,0.015708101422387138,0.04523809523809524,0.03348794063079777,0.06679035250463822,0.02535559678416821,0.047495361781076065,0.05318491032776747,0.050896722325293756,0.016079158936301796,0.051082251082251076,0.0575139146567718,0.07507730364873222,0.057297464440321584,0.02251082251082251,0.052968460111317256,0.05618429189857761
2853105,0.07816617239535223,0.0821041372939861,0.04098400505615246,0.06391657348436969,0.019947493801351548,0.05034274879673294,0.04234041518790413,0.0896980893577714,0.021303903933103212,0.038810831834313775,0.054144586513685644,0.054280713695366814,0.020900384073119744,0.05061500316009529,0.04016724196606544,0.06622587388788954,0.05862706013904419,0.029311099226992078,0.04654577276484029,0.05156789343186348
2170197,0.057425599327104046,0.04843292973565268,0.049929460501750976,0.04814095585221735,0.01631854614150396,0.06399677940818557,0.06021966905735234,0.07079919014326257,0.025826895999000954,0.053190070025844374,0.09236372543801591,0.05513154044897818,0.0251961643567085,0.026120521441573268,0.07641458495745786,0.06644406505434253,0.0544062019748882,0.02281971296304587,0.03208175254469957,0.05474163462841526
3047743,0.07769558535570549,0.10438247290342856,0.040556801962619606,0.0479996814106283,0.022174115681573334,0.04905498029949673,0.04327188444249928,0.06765240763351042,0.019379556288174768,0.04282371191158394,0.06329802149637474,0.04102602252531388,0.01766105976641173,0.03115992095711337,0.0836557573666975,0.08660455537353695,0.08084250754831844,0.02107907833594545,0.025377109149127774,0.03430476959193973
2844800,0.0723149143205244,0.1025096689192061,0.03232930385805561,0.052123114535456753,0.016418644469135355,0.046594577309864826,0.044029556231519766,0.07427217476305835,0.01984400203194032,0.04082257153785906,0.0787323242442457,0.04164526450641458,0.017162103908246965,0.02368384303868175,0.0717465174688176,0.0846166534104823,0.08658646169165103,0.021701486918878226,0.029766003047910484,0.043100813788050814
2844802,0.0662574020019821,0.09817676845266604,0.033847101102204714,0.04888533034512051,0.01590654605372156,0.05136761946073603,0.04011656439869748,0.07991375150239027,0.02077822460395637,0.04384209464079694,0.06880133505637541,0.04531125911600712,0.01337543339629064,0.028145566932051294,0.06674469757900539,0.09149700425639588,0.08903062014453071,0.028055197592560796,0.02204710652436508,0.04790037684014568
2844803,0.07652500182301507,0.1016913602344066,0.031152742146119627,0.05119768775397915,0.021636736073822164,0.05124753892965814,0.034046231662125705,0.08680548097766642,0.01407977513937779,0.03714893701648669,0.07297575721416781,0.03336024766488343,0.01553182321394242,0.0280402256561197,0.06963360711705083,0.09008796876346546,0.08560348427898096,0.023615403482953153,0.019170959038508708,0.05644903181327023
2844804,0.060320224130708006,0.09668255131964809,0.032480624214495185,0.05018721198156682,0.016129032258064516,0.051954597821533305,0.036205226225387514,0.09204152702136573,0.019696533305404273,0.02660897570171764,0.06972664432341852,0.042044145370758276,0.014898408043569334,0.05997329283619607,0.052681189777963974,0.08727613112693758,0.06404482614160033,0.03282755550900712,0.030176476749057397,0.06404482614160033
2844805,0.05383287124860159,0.08668142095108387,0.029334273716296187,0.04021758516140538,0.02270295247823338,0.06947484475574363,0.05418551485967216,0.10372180877798855,0.018803605882257567,0.031283947014284094,0.07883814063589345,0.046496262788397615,0.016501288973199083,0.04626522042252379,0.04720155001053877,0.08078781393388136,0.04786225010944112,0.033861893412455206,0.023562267944290418,0.06838448692381277
93830,0.06527177461503673,0.046773105638053196,0.038381132517862286,0.05553370669032476,0.02689748791899825,0.06047105087895458,0.04130593971524427,0.05933226799169697,0.024069960136168456,0.06904635739907522,0.093190915987812,0.06718018636990859,0.025843850060022436,0.04293705081126975,0.04027655535221938,0.07513786227221429,0.05998246257033788,0.01457893376496956,0.033864349028487416,0.05992505028134395
12475,0.04672897196261682,0.1261682242990654,0.03271028037383177,0.06542056074766354,0.004672897196261682,0.09813084112149532,0.04672897196261682,0.10747663551401869,0.004672897196261682,0.02336448598130841,0.0794392523364486,0.08878504672897196,0.014018691588785047,0.018691588785046728,0.09345794392523364,0.04205607476635514,0.03271028037383177,0.009345794392523364,0.0,0.04205607476635514
291484,0.10511952233103428,0.06586490896074992,0.025018985766309593,0.0316375796370281,0.035189228391615014,0.033262897976227467,0.029984748079962303,0.08043995066106426,0.022786705329511617,0.03846264292502604,0.10621734150651897,0.012350130197155694,0.010640069121103992,0.035120439016249894,0.11351642221305537,0.08633360352756676,0.06201291918406913,0.008823361089650041,0.02231951240449824,0.07489903168160332
28300,0.03827433628318584,0.030774336283185842,0.03577433628318584,0.020387168141592922,0.04501106194690266,0.008174778761061947,0.035486725663716814,0.07347345132743363,0.009712389380530973,0.05472345132743363,0.1302212389380531,0.009424778761061948,0.023274336283185842,0.07011061946902655,0.11684734513274336,0.10434734513274335,0.07857300884955752,0.05126106194690265,0.02202433628318584,0.04212389380530973
682382,0.0602271591364436,0.046551916317722285,0.04139620328572668,0.047483681093618106,0.014505125660724495,0.06495852811111125,0.042272741948966706,0.073287558814069,0.016046360642672595,0.05078886007528116,0.07951691860985917,0.0688235466533285,0.029512178301825568,0.030102266521746274,0.043913004843693836,0.06443116776711415,0.07057616806947732,0.02811662705389334,0.03506905165890043,0.09242093543382555
1960046,0.0829417010391873,0.050142391751425576,0.06667946168579413,0.06792626050306193,0.011148857645465984,0.04394127043801139,0.03285700185263215,0.05854382099815125,0.022292352590540392,0.054518178895711034,0.0929424451641001,0.057691678529017985,0.014234171890443648,0.045416544404018794,0.04591793009945532,0.07618357108381045,0.06636372321169849,0.01063460102257007,0.04802077619975518,0.05160326099514886
2021738,0.09732077318326401,0.07632330152516108,0.03989478835331539,0.059778973982546287,0.012800750346627518,0.04968599624826686,0.044372400293613896,0.07108718701574096,0.01105537884348748,0.036783296631596116,0.07058151863632656,0.03751733137590735,0.028207324035559905,0.03579642769757768,0.04573852051219313,0.07920642688198352,0.07432509583231384,0.016646276812658022,0.04338553135959547,0.06949270043226491
3043599,0.08190458709336758,0.08245955005590998,0.03593550800941261,0.044724665224548654,0.02410789985642344,0.060781198071582644,0.03889529320344553,0.05808839321691007,0.02701616210295096,0.04572580856049184,0.09887435983757052,0.03131463215236881,0.02713881009433456,0.03556066168908601,0.07112791658727703,0.0668541232273959,0.05939769116353743,0.013031155265935734,0.028187500325120553,0.06887408426233023
1904885,0.07183057244735427,0.0775903383699319,0.03921555258783733,0.0504816180339638,0.022867291657587604,0.06632265180913977,0.041175942848041165,0.062115841836459476,0.02407151335924109,0.04341335017636168,0.0993705596984809,0.036391394981738164,0.02792599134213661,0.03969677501108739,0.06450480938940842,0.06483279127417815,0.05927657765970475,0.01401436388758837,0.030995803085524343,0.06390626054423489
2461378,0.07452576994263471,0.08231324063760988,0.03999409605457251,0.04694766546506959,0.023808735619961125,0.06470191433733716,0.04135777469496068,0.06341800308197765,0.02655687012521253,0.042194416017142994,0.09817320102482589,0.03428664894596871,0.025686652996446936,0.038315172103978445,0.0648716060533221,0.06686139841698732,0.05883992690383733,0.013243654823692524,0.03008460737485058,0.06381864537961143
1907210,0.08504925286171834,0.0895992482602375,0.03411181541979834,0.041839726633051445,0.02355857243188349,0.05693108533721809,0.04011823108567835,0.06307011003508185,0.02559161503984368,0.043930142014092725,0.09718745388633346,0.03192695969548529,0.027101365455550887,0.03294868862450622,0.07048717563470663,0.07458883084253,0.05739274633134269,0.014981405321105734,0.024612179660625545,0.06497339542920975
2778524,0.04171780847316214,0.04742251475541547,0.06658029727140694,0.06428463273693644,0.01474769012082445,0.07398149006520194,0.045238249745063505,0.06121566082630327,0.014232409381663112,0.05076527301381292,0.08346373721454839,0.056639473440252164,0.026370631315472327,0.04316044003584561,0.08761920212601589,0.04208383548098019,0.08055576156484658,0.01602469021352863,0.04432125088841507,0.039574951330304996
2169934,0.047852854380787624,0.06424264780706218,0.04539788338251755,0.07212908313829246,0.013674061259794444,0.05407932227536379,0.0350564770530172,0.06809682507377633,0.012796377327770428,0.05206319324310573,0.06608069604151827,0.05407932227536379,0.02918617075404498,0.04136562531800142,0.06318688307723619,0.06608069604151827,0.05845502187849802,0.028486567619822937,0.05258471557952579,0.0751055764729826
2169935,0.05496058307303287,0.05836308195745946,0.05356611631712033,0.06500074371560316,0.010040160642570281,0.046017402945113785,0.03874758292428975,0.06823590658932024,0.012196935891715008,0.050647032574743414,0.07163840547374684,0.05713595121225643,0.029953145917001336,0.04445560017849175,0.058511825078090135,0.07734642272794884,0.05140934106797561,0.031812434924884725,0.052803807823888146,0.06715751896474788
2169936,0.04550509731232623,0.06029039233858511,0.0422181031819586,0.06289774482545567,0.012647513129440839,0.05507568736484399,0.02790237874575224,0.06657398826073525,0.015724436206363917,0.04905159097930182,0.08430645659561323,0.05614457831325301,0.028371949335804756,0.04127896200185357,0.06657398826073525,0.06811244979919678,0.06670373802903923,0.032258263824528885,0.05225826382452888,0.06610441767068273
2170113,0.07242251739405439,0.05232812728068895,0.057144942344183325,0.049080426215151074,0.006787330316742082,0.049998783632559725,0.04731061158954897,0.07383350362477498,0.01485184644577434,0.05855592857490391,0.054456770301172575,0.056853014158517005,0.03826083783389286,0.04180046708509706,0.0512090692356347,0.06662044470393616,0.07284824599815112,0.029344864496667154,0.039179195251301514,0.0671130735172481
1868658,0.07122558404725857,0.04490188811500881,0.03874253920466316,0.05218498672648727,0.011507502428125843,0.06436656845319405,0.04261860628297743,0.07415471832833195,0.020398306969528424,0.05891351663370511,0.0804238363045902,0.07112175604382925,0.026132266735746257,0.03564057896243471,0.04590900251465674,0.05674530093703708,0.06776566345250651,0.026471360813513766,0.031757645648548154,0.07901837139785672
1609138,0.05734302166670698,0.05307804131771552,0.049036835662151834,0.052860257506814425,0.015660481699854224,0.06436085315284815,0.0336542801413434,0.06766153495792664,0.02203302405960762,0.05084981887125153,0.08840922024845997,0.05457706166626588,0.02445469108745342,0.043676234593455564,0.04990787951941262,0.06532354735872854,0.06732332425420164,0.021471180818989383,0.045143178335392865,0.07317553308141976
10368,0.05474704733034186,0.06056327252860367,0.047414999317094995,0.044393599251754234,0.02878440165835379,0.05511824533340449,0.03359929647902783,0.046818536562915444,0.025463840437681524,0.060842098990591995,0.10194362923849233,0.05996825947540529,0.026483857477526296,0.051452860529304215,0.047831649179476056,0.08464913993916247,0.06173263322450409,0.010107090481334152,0.03236583894169932,0.06571970362332602
2184748,0.06864229720421047,0.06124625453772599,0.042904638016133714,0.06062288057597097,0.016660309580603105,0.06886432080702734,0.035397583548240796,0.06062098293834006,0.01771824255983726,0.051399412870917,0.07221365122558926,0.05249434978395395,0.025700655254273952,0.05231122775257083,0.04676822823267314,0.0644124629249048,0.0645566833848542,0.0166233056468003,0.03871180767063083,0.07549466668943833
329641,0.05815299240881579,0.056727101991140644,0.06518019114442286,0.05043729840072386,0.020747113729026725,0.05446658969579763,0.05008708140352561,0.07169720175937914,0.03401007769447929,0.04965807670366472,0.06337338139031534,0.05316481101340089,0.023444947068447654,0.038376981157422135,0.059673318054363864,0.08117216746891058,0.06141981682636157,0.02398248604016754,0.04105845212934915,0.04316991392028503
645161,0.05363802984929229,0.050526797187647556,0.06486904286477052,0.05164473393860454,0.023276240272415753,0.05778870840444024,0.051163703422649774,0.06708425030346873,0.03278715900314595,0.0495087032336318,0.07806649113201891,0.05854037005990892,0.02220143409136035,0.03618784958639314,0.05970927206405974,0.07693641418780911,0.0652687206651504,0.022080826032320353,0.037580114127534946,0.041141139573377006
3025750,0.04539838428639316,0.09867733248851576,0.0519958815143355,0.03815935371455726,0.023316964992871853,0.04727546332963726,0.030555995564707745,0.07292887692063994,0.010399176302867099,0.04709329954063045,0.07998574370346903,0.07508316172976398,0.020568667828290827,0.02991446222081419,0.050712814826548394,0.05708062727704736,0.06770948835735784,0.03990178995723111,0.05959923966418501,0.053643275780136224
1525173,0.0424966174966175,0.08708543708543709,0.04635102135102136,0.04604659604659604,0.015381315381315382,0.033347358347358344,0.04199171699171699,0.057146157146157145,0.03425815925815926,0.07049879549879551,0.06514289014289014,0.050095700095700094,0.02913820413820414,0.026664026664026664,0.07331947331947332,0.09292891792891794,0.08567633567633567,0.015381315381315382,0.034193809193809196,0.05285615285615286
749224,0.04522613065326633,0.08040201005025126,0.02512562814070352,0.05025125628140704,0.010050251256281407,0.03015075376884422,0.03015075376884422,0.05025125628140704,0.03015075376884422,0.03015075376884422,0.08542713567839195,0.035175879396984924,0.035175879396984924,0.010050251256281407,0.09547738693467336,0.20603015075376885,0.06532663316582915,0.0,0.010050251256281407,0.07537688442211055
1233383,0.061291843470061294,0.039132484677039135,0.055634134842055635,0.058934464875058934,0.017444601603017446,0.04101838755304102,0.034417727487034415,0.06883545497406883,0.018387553041018388,0.056577086280056574,0.0876944837340877,0.0594059405940594,0.024045261669024046,0.055162659123055166,0.056105610561056105,0.07449316360207449,0.07779349363507779,0.011315417256011316,0.031117397454031116,0.07119283356907119
1455626,0.06791489885015065,0.10400910041197811,0.051835454713152554,0.039798930086699866,0.030806124331304186,0.0566623624177581,0.03575601057615446,0.05778454159749123,0.01753981430240423,0.05160486995019369,0.05407981307261883,0.058799114554510236,0.010007378712414684,0.0590296993174691,0.04576338928856914,0.055770768000983836,0.06543995572772551,0.01652524134538523,0.06262682161962738,0.05824571112340897
1904876,0.04522613065326633,0.08040201005025126,0.02512562814070352,0.05025125628140704,0.010050251256281407,0.03015075376884422,0.03015075376884422,0.05025125628140704,0.03015075376884422,0.03015075376884422,0.08040201005025126,0.035175879396984924,0.035175879396984924,0.010050251256281407,0.10050251256281408,0.20603015075376885,0.06532663316582915,0.0,0.010050251256281407,0.07537688442211055
11827,0.058655221745350504,0.058655221745350504,0.05150214592274678,0.03862660944206009,0.02575107296137339,0.05007153075822604,0.045779685264663805,0.04148783977110158,0.02575107296137339,0.06151645207439199,0.09012875536480687,0.05293276108726753,0.034334763948497854,0.022889842632331903,0.06723891273247497,0.07725321888412018,0.06580829756795423,0.02861230329041488,0.022889842632331903,0.08011444921316166
57282,0.0643426479436519,0.055418156388887384,0.04001069331597066,0.03887630255834309,0.025786248885945707,0.06275374915212842,0.06008561497034659,0.0684577636762256,0.01996316370346707,0.04555167799050913,0.1003434962840758,0.06395236407714523,0.014021338858008388,0.03008465944429013,0.07329601904468228,0.048894138281097455,0.06768302114629136,0.023756434201044178,0.02754970469862129,0.06917280537926838
45617,0.058655221745350504,0.058655221745350504,0.05150214592274678,0.03862660944206009,0.02575107296137339,0.05007153075822604,0.045779685264663805,0.04148783977110158,0.02575107296137339,0.06151645207439199,0.09012875536480687,0.05293276108726753,0.034334763948497854,0.022889842632331903,0.06723891273247497,0.07725321888412018,0.06580829756795423,0.02861230329041488,0.022889842632331903,0.08011444921316166
1193974,0.07751937984496124,0.04468764249886001,0.04696762425900593,0.05198358413132695,0.018695850433196534,0.04970360237118103,0.03875968992248062,0.07113543091655267,0.022799817601459188,0.05927952576379389,0.08481532147742818,0.0506155950752394,0.022343821249430004,0.04103967168262654,0.056543547651618786,0.07387140902872777,0.06703146374829001,0.014135886912904697,0.04012767897856817,0.06794345645234838
72197,0.058618080034359206,0.03323318226908812,0.04074415408677115,0.02980340007467554,0.017992824134963833,0.04114987228533865,0.05151834242581397,0.06177162740119813,0.02744127955277668,0.029884765220776304,0.09587962180098336,0.05884993112999243,0.03773310437413994,0.02772696266524703,0.09254279017243032,0.08050155182876871,0.07890110006142746,0.018412816839545366,0.04555530680499698,0.07173928683670683
2017081,0.04530887881963039,0.03913864551106143,0.07792651305412641,0.07354451921687179,0.013504593240315929,0.051441412321422755,0.029057423076445293,0.03749622342135372,0.017013118035701928,0.08125102202154691,0.07903422628723826,0.058726832768934,0.01648410315018419,0.05272592532831681,0.055459943027223534,0.07789698486940186,0.06981979415763681,0.016511936339522547,0.06287379596742168,0.04478410938564373
2017082,0.055030736161881685,0.07330814200243699,0.061629769581467944,0.047137908845716794,0.012301310223025424,0.04405060171684396,0.05084815377664599,0.06217740720964937,0.018277405840555302,0.0691255596172013,0.07022083487356418,0.0656891335003628,0.02253528839966594,0.05084815377664599,0.036828630495201325,0.07131611012992703,0.06225270738352433,0.010856915978696896,0.08107775085226106,0.034487479634725704
2017083,0.0614989331971031,0.07918382065691018,0.04099928879806873,0.04290751369814987,0.022207530726928507,0.054211617633801126,0.03662689946008755,0.07898348208472318,0.028538229608037584,0.05084592962105959,0.06963768769219982,0.06456411335156415,0.028438060321944084,0.03949174104236159,0.04903787400707195,0.05994130079834921,0.06797988600735241,0.0237651631256824,0.055268403602087526,0.045872524566517414
2017080,0.0448764408673177,0.04675129883396584,0.08639568170446459,0.07054272855165702,0.013639914413646115,0.05478908814961127,0.030335070293104265,0.03506981610634797,0.01621325548406836,0.08448057818318999,0.07623986600758474,0.05454288011848561,0.016846332834257592,0.05484798007346344,0.05494748142125783,0.07584968319805882,0.0605733000069027,0.014714141300685163,0.06302152997777165,0.04532293247415932
1820160,0.05850515463917526,0.09392719072164948,0.032570876288659796,0.06299935567010309,0.022809278350515466,0.04726159793814433,0.04249355670103093,0.08240979381443299,0.021246778350515465,0.04378221649484536,0.05455863402061856,0.053511597938144334,0.029526417525773195,0.03550257731958763,0.04838917525773195,0.05674935567010309,0.06596327319587629,0.03319909793814433,0.050579896907216496,0.06401417525773195
1914415,0.06325199297963671,0.05183332980905457,0.046261445095261255,0.04921655283246283,0.010927026284070966,0.0561734790975027,0.04558478357404157,0.07260895307775264,0.014558795542492228,0.06414539764437208,0.06272863758431838,0.05860523143938593,0.026685838743101223,0.03533441881119029,0.054048339007422126,0.06845382842401303,0.0699921761011609,0.0317343680615762,0.043676386627476686,0.07417901926370768
12721,0.06246386948915957,0.08615911164540435,0.03218685460070735,0.04368344009670539,0.023857201108213436,0.07105560072389634,0.05715956117218868,0.07232299218268004,0.0237546446585168,0.04952141628175964,0.0837565047543422,0.054812126427954834,0.020776646799575624,0.02596950837478485,0.07256953776819816,0.051433172782527604,0.0662759572570019,0.027137713411052915,0.03257789378389361,0.04239823848891237
2927897,0.05152471779107634,0.052138251539394935,0.041532840502228,0.04840633711606743,0.02854795398190731,0.06687542864183271,0.04437656982556304,0.0649348540648969,0.030407856594373794,0.04487767084552747,0.10450829768331937,0.06002335193588417,0.032834165020992734,0.03904682300398945,0.05759437715333219,0.060696850426491644,0.04581309291423561,0.023494566478521883,0.04822720991117807,0.05413878456918692
10566,0.05083938906741463,0.049477006076242426,0.043475253774083414,0.05177374115073647,0.045046080432169386,0.04653395957206276,0.04258305796015088,0.041949125397762965,0.02762772248537175,0.0529646386256178,0.10267537637211085,0.0430827406647247,0.015821526343702513,0.04594124074099802,0.06233826937747841,0.05800171659771968,0.08404579230949247,0.01105024374521167,0.041211036269016836,0.07318759687106263
3003858,0.05393304781190706,0.05367841712649687,0.03925880391084125,0.055692921194443155,0.036762574443608885,0.06303259893597328,0.044614557797458536,0.05697467764921018,0.01912748976074867,0.06837108697459356,0.08424744558369934,0.04900338596405107,0.019113539372978185,0.03696185067233563,0.049540703816486405,0.061332505080353046,0.06423660001061259,0.01237481912184947,0.05960385834721311,0.07213911642513969
3003859,0.05701353065355347,0.06314586032648929,0.04976429299541524,0.06374408982423808,0.036355028984848804,0.06484349348535755,0.04384799632374281,0.04733438882938532,0.020932936861194778,0.04792279208042823,0.10054372631628304,0.048789348979325055,0.01640945753912449,0.046643720456571496,0.053511000109423536,0.06948550752227374,0.05719969913373097,0.014528698751365227,0.03468468948863622,0.06329974133861266
3003860,0.05972173358572643,0.06709651121456459,0.03636814129938908,0.05739823802633097,0.02510027834561293,0.05727490481477817,0.04492847390222372,0.06789717078241135,0.023636558511964334,0.04979984634333021,0.08272732074730033,0.04061407933617271,0.015704553620409734,0.03076097022063825,0.06787612129150422,0.07326555362632818,0.07420324549246858,0.012588502218282737,0.033443985892183926,0.0795938107283795
3026463,0.04543356479885511,0.0648842732870519,0.04696044198098829,0.05906072081240831,0.03557748182864773,0.07354665515843518,0.04579876966760791,0.05348830126705668,0.022629152545493414,0.05468448440983314,0.09942489688666555,0.05229476468170761,0.012950602584097692,0.04844583680758629,0.06782307742789265,0.07161585725352874,0.05145837334874185,0.009435689557117802,0.027673706304248924,0.05681334939203521
2853106,0.05306900776672914,0.058582761048581525,0.046528846982326254,0.062191559407320476,0.030879982082299872,0.07097159631195753,0.03767868694259714,0.05112741387743924,0.025383657009060256,0.050961272829143256,0.10144964757104832,0.05407050920499136,0.016742306124229715,0.049666104333626185,0.06116945583481831,0.07522765023460841,0.059915530404977164,0.009382374019648169,0.031178100578266015,0.05382353743633163
1647924,0.051497922260199336,0.0632503683956746,0.04498655801698676,0.05470056352275609,0.03406028800090194,0.07848814309591857,0.03823444263140842,0.0462124963197621,0.028897872809742136,0.048187784490273056,0.10160820907527891,0.057357882379489696,0.012189888352727716,0.05022301135988837,0.06772103002275251,0.06633345543860447,0.05500677766662161,0.011997566325274293,0.032952412849603145,0.05609332698613627
192971,0.050415467572643695,0.05976995515979538,0.04750772120980313,0.05523643721369004,0.028018231334556963,0.07399467350092245,0.05235728007536527,0.0458104186850264,0.022775536109399846,0.053517295656377466,0.11405266009079111,0.04884614902906908,0.012905596104834107,0.04646680514709596,0.05710920023900316,0.06956187817387936,0.05917708538517218,0.011840111040896334,0.03183045332809297,0.05880704494358509
1851215,0.0574376209978592,0.05798207741010494,0.04314513689258845,0.05911871294048395,0.03343348715182986,0.0686469985423243,0.049957615902856654,0.05478230942957086,0.021650911583948194,0.0561833594632239,0.09984137725395048,0.05325994187528918,0.013469139311449807,0.04653226662107462,0.04634710337260791,0.07869182867929789,0.05454213711768805,0.01245823880325199,0.036434975450094026,0.056084761200505734
1851219,0.05757182545954265,0.06235813744166274,0.04012567093089299,0.06470442496115957,0.03992401026414436,0.0614879123766629,0.044728554822583,0.053274171636676186,0.021616365107742484,0.052960796138644524,0.09814663665121381,0.04646717465839325,0.01406365037330582,0.04591924863471978,0.05160996255243458,0.07035175629963912,0.06234458064292155,0.01218041033941066,0.030954173691334616,0.06921053701691539
2060135,0.04912947535536548,0.06582642991040993,0.0443171522619949,0.05742732218549724,0.02328359656142531,0.06884601667664675,0.04810868832057044,0.05242167861836345,0.023008184252457337,0.043631444714955996,0.11585450040658668,0.056958966000607965,0.01292426717779595,0.0441299038273916,0.06404198019636001,0.07570123039390644,0.06582513041504706,0.012246206507862647,0.02845086418392912,0.04786696203282569
2060136,0.0577368598994659,0.08122174209611775,0.04116300745331733,0.05943068189941907,0.024353943164301128,0.0770659437395659,0.044201309251901424,0.048550810457127995,0.01947899956510502,0.04454588359772957,0.11308680544165944,0.05418574333402676,0.013360116314114157,0.0394428289826328,0.06780814960868196,0.07301565661176364,0.04970920115134541,0.010966092969075138,0.02361439906454352,0.057061825398106066
2060137,0.05912635103684816,0.06510832552089185,0.04902992924214998,0.06048255264587965,0.026546086895087858,0.05625844871414946,0.05282750414448375,0.05320353571876445,0.03041455600018251,0.049122323608768746,0.10353252316184597,0.057555837586338914,0.01550831707239876,0.03641765139667554,0.05990870197298289,0.06866067673311013,0.06933767433606172,0.011027975968584803,0.024131005696258822,0.05180002254853606
2060138,0.05078458617750989,0.07044093335368827,0.034700958942668045,0.0642017683957655,0.023330381784404743,0.054148575891176325,0.047097836588191465,0.07068408753728467,0.020484825468401583,0.07382282254045967,0.10056432829726941,0.04305351550097645,0.014262602330298382,0.029425021460081604,0.06776797607454349,0.053882433183313566,0.07159465388738923,0.013998918058341796,0.02446153941324962,0.07129223511498631
2060139,0.061137639547136455,0.0751015549362198,0.042755470122145034,0.06112775180266983,0.025864950959359388,0.06695155776608572,0.044204903004462864,0.060006349868152405,0.02331135279703967,0.04805519122737293,0.10779425435248229,0.0559733463847703,0.019895868561734968,0.03675980534891435,0.057083354973362255,0.06606844749606317,0.05827079557246674,0.014376782843352353,0.024794588268799815,0.050466034167409655
2060140,0.04564031479654932,0.079416621153639,0.044952586178195544,0.06381061968544173,0.029086700723210197,0.07003752220478149,0.04874793635927838,0.05503126826362727,0.020526011954599653,0.0476133358964689,0.10360564121729815,0.053307681265821215,0.018203391390179888,0.03948251455617502,0.061741681066883776,0.07222053472407215,0.05666757754982808,0.014481192003482765,0.025616670412806554,0.04981019859766091
2200956,0.060473660045871465,0.06359723782020635,0.05057021857505222,0.06265401245776402,0.026839168991088912,0.055750159617289574,0.050893509306492266,0.05489037981214973,0.02883598039180378,0.04958997281006253,0.10410730433260042,0.05628013808072317,0.014787122322525085,0.03564061779728049,0.06575274946702586,0.07173667357671741,0.0617860023720411,0.011152382594205734,0.02219033098815523,0.05247237864094464
2200957,0.05677603026768163,0.08222557644406175,0.03252615200735922,0.06310374415412805,0.025011567878525997,0.07264025618406869,0.05021795616546376,0.060444332539999875,0.023469363134314185,0.041979048016316675,0.10128715675642623,0.05070997678940497,0.0206084497047923,0.033478585805603915,0.06631126559968624,0.06710971140353188,0.05082869754643767,0.011323101905080306,0.030786540421160517,0.059162487275956153
2200958,0.054381123219728766,0.06580202510866477,0.03486125168710694,0.05974631105833285,0.02659385939910756,0.07293414438294368,0.045305848407818455,0.061712709341252364,0.021199552429163708,0.04310323245410691,0.11210222140679432,0.06434145167537837,0.01246957381628972,0.03924366223518178,0.0753498613303084,0.06655069838096385,0.061825257534606055,0.01016272475715747,0.026630569105147477,0.04568392226994654
2200959,0.05126961816781592,0.07529321041107795,0.04187914896805277,0.07482870758298285,0.030293155091137464,0.06736426993548657,0.040666423757399546,0.053691613587957876,0.018623656801395896,0.047403576282450836,0.10208284479947925,0.049827052043100444,0.013190651576845035,0.0340364298948259,0.07283065706264874,0.07291231774803499,0.05864151062477122,0.011130967118439881,0.03087472917125024,0.053159459374846625
2944249,0.050110238639526974,0.0732846815416465,0.046162186950678356,0.05856139903497013,0.031463354301600674,0.06844004612981751,0.032537932318992616,0.05734946616104911,0.018500360119947743,0.04619854394150121,0.10883063777133199,0.04975811450774463,0.016550688633789203,0.037295349770179016,0.0556138559996352,0.07456334764681342,0.06814506340364719,0.009647938447570741,0.030172949852060753,0.066813844827497
652810,0.05083938906741463,0.049477006076242426,0.043475253774083414,0.05177374115073647,0.045046080432169386,0.04653395957206276,0.04258305796015088,0.041949125397762965,0.02762772248537175,0.0529646386256178,0.10267537637211085,0.0430827406647247,0.015821526343702513,0.04594124074099802,0.06233826937747841,0.05800171659771968,0.08404579230949247,0.01105024374521167,0.041211036269016836,0.07318759687106263
1303334,0.0646579483571055,0.05892473865249559,0.04182673536429544,0.044805885758192235,0.022698205749053207,0.0562054816115771,0.04640815775425763,0.0768741399157048,0.024545216851069605,0.05542815899518856,0.10547539398411816,0.052536648354170566,0.039128784464915675,0.03650000066906724,0.05484647491082896,0.053878575767036974,0.05673575233429427,0.020684179506089573,0.028473426784476348,0.05936609421606257
1965018,0.05589566292829637,0.058880737555162044,0.06108440846614385,0.05150799673946651,0.011619866767855636,0.06549175028810748,0.03768445906062906,0.05284031818309582,0.017820502009725386,0.05897068330663069,0.0850352755994041,0.0828316046884223,0.022298113950023894,0.042392556989065966,0.04670995305956095,0.06632374848919245,0.05157826685780138,0.02057509064845265,0.05872052168535852,0.05024594541417208
2714898,0.05130498613452232,0.05185416779946713,0.052300038062095586,0.05001903104779512,0.009537273666467293,0.06597248654233048,0.035661464846936,0.058664564189005494,0.014254254798542764,0.061100538306780486,0.08489206677179055,0.08950573650154967,0.019966287858191507,0.045644608776031756,0.05130498613452232,0.0649584035669621,0.05850959708553097,0.017685280843891035,0.06173400032624653,0.05513022674134087
2714899,0.05699414443721536,0.052727174148774675,0.05510735198438517,0.05281392322706571,0.006647148124051182,0.06439492517891997,0.034672522229451316,0.058561049663847314,0.017111255692908264,0.06623834309260464,0.07374213836477987,0.09081001951854262,0.021378225981348947,0.047023422251138584,0.05124701800043374,0.05965083495987855,0.06417805248319236,0.019084797224029493,0.05830080242897419,0.049316851008458035
2057509,0.043993184567136724,0.05581723630938154,0.0547806893654622,0.040867935597418685,0.01110285436991649,0.05327908509513359,0.033545220143551414,0.05240256683252576,0.022048323664254826,0.08052517219651044,0.125159702757317,0.081631249592595,0.02497522977641614,0.057745330233434006,0.04087057920315205,0.05545441047592145,0.046866747785527525,0.018359262397786614,0.04662034924566703,0.05395487039089151
169066,0.053728578045391384,0.04075961093098657,0.052802223251505326,0.06067623899953682,0.02269569245020843,0.04585456229735989,0.03937007874015748,0.06067623899953682,0.029643353404353867,0.0778138026864289,0.07318202871699861,0.06299212598425197,0.02825382121352478,0.042149143121815655,0.05511811023622047,0.07040296433534043,0.06623436776285317,0.013432144511347846,0.041685965724872626,0.06206577119036591
1595998,0.05056858654726773,0.06985219293782435,0.04224330925002544,0.06853566703978833,0.013674061259794444,0.05925002544011397,0.031463060954513074,0.06853566703978833,0.011219090261524371,0.04960822224483566,0.06651953800753027,0.05048590617685968,0.031202299786303043,0.04338175435025949,0.06476417014348224,0.06765798310776432,0.055300447746005905,0.028486567619822937,0.053723160679759845,0.07352828940673654
318279,0.06802018327305033,0.053011980342315496,0.027574104620588406,0.03167160691948178,0.02274820036788666,0.030969405039112663,0.05579632929720726,0.05864135447232094,0.0320523039317544,0.03825095260112671,0.12554238311607854,0.033198343122219885,0.011819610964685536,0.028598984783101217,0.13908112802784023,0.0883201577203047,0.06984277081909272,0.01734025306292983,0.024649572952052525,0.042870374566850174
67605,0.05048902987047317,0.010309278350515464,0.05187681734073487,0.03641289981496167,0.024054982817869417,0.03125826063970394,0.05392545598731166,0.0570314565159926,0.03125826063970394,0.046722178165477135,0.08346550356859636,0.06079830822098864,0.03469468675654243,0.07626222574676184,0.03951890034364261,0.10580227332804654,0.06218609569125033,0.005154639175257732,0.07454401268834258,0.06423473433782712
3014888,0.05065770728725044,0.09351538992654161,0.04120053575261182,0.044427177692234865,0.022689962283350042,0.05950603907953713,0.03619548423903599,0.08620448008512993,0.008633595783573344,0.04805165790477847,0.06741952781803391,0.0690586610446473,0.020416177057582863,0.04054402571471943,0.05287580394195999,0.051270391408274996,0.05228497785967403,0.04041079053386557,0.05242216725859114,0.062215447328607155
1930509,0.08848945731075009,0.05184929139301763,0.0394054614586934,0.05599723470445904,0.017974421016246113,0.05841686830279986,0.03387487037677152,0.05807120636017975,0.018320082958866227,0.0394054614586934,0.08123055651572762,0.04597303836847563,0.029381265122709988,0.04044244728655375,0.05426892499135845,0.07639128931904597,0.059108192188040094,0.017974421016246113,0.039751123401313516,0.09229173867957138
2845010,0.06481603877506059,0.0437486230447235,0.041259087904824854,0.056653447896012336,0.006730557391495924,0.059991187486230446,0.03786627010354704,0.08585591539986781,0.025517735183961224,0.06057501652346332,0.06060255562899317,0.05858669310420797,0.03224829257545715,0.04965851509142983,0.05583278255122274,0.04573694646397885,0.0752037893809209,0.02466953073364177,0.03982705441727252,0.07461996034368804
3060057,0.0606036254689041,0.05170342007451621,0.056121969647689174,0.06949538180401621,0.016523443896377145,0.06318411677796246,0.04740739120714626,0.05487568667299225,0.02051459163752489,0.05275869262397125,0.07980074800344243,0.0680146047223512,0.02013407554206697,0.037504257241703656,0.056542801027644876,0.06657742347806646,0.06779721435263383,0.010024103184697184,0.05023097055016834,0.05018548208612507
2170198,0.06065595971793162,0.05357087149022548,0.04067909640972737,0.050471127189533026,0.017518080647731044,0.060199208534455664,0.061220883977921824,0.06582013911979398,0.026834054510287385,0.05458043606046248,0.09529431541305007,0.05140613197493055,0.024166385589011876,0.02388223505706622,0.08139009491993834,0.07274498721261377,0.049254837662851436,0.01985388861833489,0.036902947040147405,0.05355431885398557
3052263,0.06286033843549928,0.060413849975839005,0.051410122985473455,0.04867849146745953,0.014727118886537239,0.0592113205589968,0.04050940002624088,0.06823274263689834,0.016720143751605274,0.07052760026398114,0.08276385789839596,0.05187332723969767,0.03248345172781732,0.02978515516211984,0.05376391101042807,0.07938547996406714,0.06621940577701926,0.010473319792826103,0.03701211355511805,0.06294884888397961
2971765,0.05624750983613035,0.05338162720691834,0.05152326067657792,0.05705339018261842,0.014281824808288558,0.06913162831254333,0.0477766668360757,0.06145908180740762,0.016343001462253964,0.0737254131390696,0.0850090680955036,0.07023649271539653,0.026874652201416032,0.02707863040332535,0.04203163646886489,0.0875644813146479,0.06521517952731704,0.009561096027360669,0.03095760442426125,0.05454775455402295
3050299,0.08591138287677472,0.06520007514068905,0.03201220533493176,0.04415224854460785,0.02290169564195023,0.05425466651147322,0.03780886692110212,0.07225937709804167,0.02487757388129786,0.03732771103153949,0.11220029573471169,0.03336363843362461,0.02085757997019525,0.03788171545225793,0.07304978308513344,0.07672382895508151,0.061516772811341956,0.012613340447312391,0.028118636599961243,0.06696860552797188
3050339,0.06421034805016397,0.0893785996419472,0.022147007766334863,0.033443722002756096,0.02212482426682728,0.05604203644773962,0.04671295699420159,0.09673263128441255,0.03627156658427767,0.030786083821188723,0.09146511526207247,0.017791988875728002,0.01700326547724462,0.033206560181023616,0.14789320045290608,0.07985079861343676,0.050233042768128844,0.0157141434768019,0.014950867165049233,0.03404124086775887
2951618,0.0545346738406805,0.05259247495409601,0.04232170754890716,0.06269292728024008,0.019788730727346278,0.06320579757316608,0.03461350353341175,0.06153808672194527,0.02050797893654662,0.06443076738800231,0.09011825037288393,0.06380876016685784,0.02972021331081149,0.041346692019313035,0.0515435965951901,0.0889778562593924,0.04895530910702159,0.016292615985523364,0.0331996837083871,0.05981037397027707
2951619,0.053220220502606795,0.05406608258435357,0.04148225101370201,0.059051083681031534,0.018584172702479338,0.0676507346375885,0.036887875904634174,0.06327280145928818,0.02175382545493183,0.0631222453461054,0.09001075425643737,0.0618905615687108,0.025519707908969753,0.043684801769244254,0.050439278516397956,0.08686103969549877,0.048912296870753255,0.015625994513532766,0.032450331756377085,0.06551393985735669
2956142,0.03999342617221818,0.05536346320392793,0.045650184375309,0.06025991726324807,0.020743556926141358,0.07828110779529093,0.03495181016547503,0.06224446972488479,0.02196071997617472,0.06984424134182479,0.08838269509581291,0.062069763128756214,0.027545510984104505,0.04721652101371241,0.04314352246163518,0.08921592868634269,0.047904326274335676,0.01775590477647022,0.0316036885088123,0.05586924212552309
642022,0.06005588181825596,0.050010346405201,0.045535410092516104,0.056117087663746755,0.019119401097756526,0.06830570249994801,0.03281123667022094,0.06085216395627289,0.02281264110322327,0.06667927978193017,0.08992925034653358,0.0637855722803247,0.02400263120370995,0.043537176412986524,0.05158684287668579,0.08693245191680384,0.049442014368561625,0.016386645134559567,0.03191918141992384,0.06017908295083894
338478,0.06176917620646368,0.05319521584344011,0.04299608180815386,0.05049879232263103,0.018566965793219193,0.0597475221096736,0.06304072875904793,0.06620758834786243,0.025094377817494483,0.05301193420537255,0.09680754541892991,0.05316153343981607,0.025370217555459616,0.02227873743518191,0.07943039111397017,0.07090177295633318,0.04860619945226655,0.020726526561376874,0.03672786647573639,0.05186082637757048
351073,0.07232855761753494,0.05900342091582749,0.04216177219120076,0.06355084891274046,0.014188028604435273,0.040941913612690235,0.04896021468497484,0.0558935046677564,0.021956315072443687,0.05446931071207417,0.10190084065323811,0.037660599673783025,0.0346882662681191,0.03209425967265955,0.051945331581259316,0.08573445962324372,0.06344092194827157,0.01766145464416208,0.030765099040617704,0.07065487990296754
2050578,0.06668319090842074,0.06927287495056877,0.04729580915383296,0.04817396923599972,0.023294286958528698,0.07244727636375657,0.04858278450798437,0.05861461310470571,0.019699753048614918,0.03786850917957495,0.10797116007722093,0.03608745434469438,0.029426292312811773,0.04651054469413012,0.0583730000376736,0.06397530476193823,0.056023545432084404,0.013053564922097197,0.031079837232459637,0.06556622877290229
3051374,0.073816840994057,0.04164686262728775,0.04704188568140591,0.051831211071642465,0.01600451224648491,0.04971396661925089,0.04758644811286702,0.05565318231758526,0.01521768494559806,0.0747060062938661,0.0956831772428851,0.05564255414701672,0.02318006487862483,0.03161663021572806,0.04486696736783838,0.10045737259750653,0.07157792808941658,0.010290335066056195,0.028016875315677984,0.06544949416920426
3051373,0.07494904664811507,0.037801590390449134,0.052939493436458256,0.046689133993275254,0.01611063831395243,0.04498937582435484,0.058273174517224545,0.0584186504964865,0.010648654928181345,0.08179753716711516,0.1067160333440322,0.050535763788484955,0.025315699952261263,0.03086915158040601,0.04850375626239304,0.09276945974197144,0.06268970798362641,0.008299949147364939,0.028253800409757193,0.06342938207409006
3051368,0.08717343547687305,0.051478053009758454,0.041005706778728904,0.05496201021665462,0.018940341380809127,0.05581924596098837,0.04729603231159683,0.06613555507528587,0.016577676850857943,0.05908729108694124,0.08941547535072555,0.054199016741118426,0.01940960574214192,0.027463333623491397,0.0509361771062467,0.08330714101458803,0.07552232869332944,0.010161033828683469,0.0250210430078139,0.06608949674336675
3047384,0.07250640438533235,0.05167949448861821,0.05402796042873443,0.048690338527702444,0.03453788205679062,0.06073932266852206,0.031132359447307897,0.055082477439900655,0.013134376999820528,0.07096505376109695,0.09132622737983573,0.062018692078959554,0.026948397053219476,0.020499465203006065,0.039183979569148236,0.08129812374940516,0.07396154492339775,0.009354908458094786,0.034512960303123376,0.06840003107798374
3048148,0.06384648250692014,0.03935759526469276,0.051133255820471554,0.04784356410593202,0.021362754462124628,0.06834291162298865,0.03602777412402818,0.041314168737922784,0.01936129360733889,0.08237980295460319,0.09038107745278084,0.08293148189606259,0.024032988686436742,0.024104740602345638,0.0362170999721486,0.09132008699390631,0.08002199155993395,0.008199239670240393,0.03336425166718473,0.05845743829193742
1172985,0.0796347395307118,0.06819720854550079,0.025714905890762214,0.05305837551375466,0.009031805897714403,0.05280795009827124,0.03245737994794535,0.08043777075644767,0.026232107099727776,0.04631670477657729,0.10169351889962523,0.046237540696126636,0.03178154013685001,0.028681064317003756,0.05029482278294687,0.048776742430048196,0.07138771487261225,0.019429744397718465,0.04657776497510679,0.08125059843454854
2259728,0.06747239597576662,0.0492213919571027,0.035462164881712166,0.05774249956991571,0.025751026674719787,0.061215213466627595,0.041945893987783395,0.05669905683029822,0.021207913774275264,0.061391579121001384,0.09370909360266344,0.06447548844489111,0.026397022539869013,0.04350939919160654,0.04229903272476248,0.06731636619405752,0.06536476719563544,0.012885529598696393,0.032403346029101644,0.07353081823951353
3052345,0.06838826199695952,0.06316077474406956,0.038134860314273086,0.05560384365040006,0.016484136222270636,0.05819925218974166,0.0409031665619905,0.07541976297519189,0.01915304672299228,0.06695052862416016,0.10215174571990128,0.05045257035981272,0.026261800526356276,0.025480810553492723,0.05169118259386142,0.08817228446546685,0.0563685100080678,0.012888918152826686,0.025903865650723407,0.05823067796744148
1961783,0.05726593352429952,0.060991413223015635,0.044508709508822096,0.05479866100071616,0.02651813900198052,0.07677077293196477,0.050766197778356906,0.048424794750860624,0.02015585132885749,0.04864407157810432,0.12036080683116554,0.04531149195174411,0.013262975046452985,0.046701355579881164,0.058993972544672306,0.06973766437679277,0.062302782344373774,0.010156444335140036,0.02845244286361271,0.05587551949918657
99182,0.0534499724002208,0.04492524059807522,0.030983752129982958,0.053435572515419874,0.01859985120119039,0.04647322821417429,0.05034679722562219,0.08134494924040608,0.013168694650442797,0.030986152110783115,0.11232390140878873,0.04492764057887537,0.011620707034343725,0.02556219550243598,0.10687114503083975,0.08132574939400485,0.08133534931720546,0.02555739554083567,0.024016607867137062,0.06274509803921569
1231709,0.05867830582300672,0.0495826360721425,0.04898184103497936,0.04796341129685028,0.023739732945874375,0.07001319589734742,0.04466674581646892,0.06919951967706879,0.01723685621601722,0.04940633854313104,0.10525316896140986,0.04639003517453758,0.022057289790555486,0.047093803912087166,0.055583047208721634,0.06250429479040906,0.054544842378169776,0.020775043663425995,0.03844484054608747,0.06788505025170935
1780507,0.04655878492559742,0.0355719540733024,0.0568354060802726,0.04751090998029381,0.02849219671409108,0.0580475534781788,0.037921821018860526,0.0431260428510768,0.0254168035467003,0.07471096481093661,0.09633330791485026,0.06999261861463653,0.026475456596593477,0.051699090943267675,0.04355476595451269,0.0839689548759568,0.06838613593136478,0.010871922770516095,0.03348833339199919,0.06103697552699208
2713662,0.07570158880793142,0.05198168325286981,0.04352265334088293,0.041927595216177366,0.02006792179313897,0.04302789660627127,0.02146742113513822,0.03728653059797982,0.02793094935656235,0.04128563306086022,0.10102774723423981,0.04667500106149743,0.016678934789760996,0.06593092608056732,0.045953881374650195,0.09840200294405167,0.0691012236925318,0.007966666732622411,0.03979525663163913,0.10426848629062686
1955166,0.10946182382963993,0.05982508338830178,0.04164245715969854,0.047332042159628364,0.014190045799241201,0.06665052699535458,0.032156774685510314,0.07166458488297568,0.013251371872061527,0.04993216659883326,0.07875247358005978,0.04820218096080165,0.022211462441347498,0.029819797061176368,0.06173283931904622,0.06843805407023798,0.050693070233300115,0.015867635982578513,0.028284423112009318,0.08989118586819737
1938392,0.08734362409563305,0.058547242833824065,0.05017688028136669,0.04623141304759729,0.008614330299657347,0.04779323118578521,0.046201205500466414,0.07722495903467885,0.016835077542295723,0.03808510970975021,0.07788093079637715,0.04338821725415568,0.02413929392736008,0.047090460528280274,0.0688273206524613,0.08863273822728172,0.07560639044894256,0.013982304805443093,0.022839864493851485,0.06055940533479181
2219998,0.06088808979732982,0.03907487628099985,0.06599339698027505,0.05082467650811009,0.019157168692433866,0.07990740351319904,0.027157430383236838,0.03425462515128999,0.01991770758856598,0.06623230666423668,0.09552415265919913,0.12873551938614816,0.01991770758856598,0.051964316589794994,0.039453977466552645,0.04296927936895132,0.06936383433102951,0.011370699041557436,0.020368072787427628,0.05692475922109602
2025360,0.03350339154918643,0.03971937222294067,0.07570680248198776,0.06748612862775519,0.02382631215932397,0.05270849662840963,0.01933271221234865,0.03734822757432427,0.019317553078891478,0.10319453717325126,0.08530571073636588,0.08012637716961428,0.027266680463813982,0.046885015867931264,0.0307377420163631,0.07620129890629646,0.05754848901780402,0.007519952660966924,0.05611105650085373,0.06015414295157104
3051377,0.07671527193197054,0.04569289014492786,0.05000823315345756,0.05272470009082644,0.016776683392125166,0.04893608718219283,0.041521419347257,0.06861985880362824,0.014737346047261993,0.07798806549016592,0.09120924607756055,0.05409521701137471,0.026977246499944093,0.030000382265193526,0.04904041026897334,0.09984302417343753,0.06590925631155826,0.007190870542219396,0.026287772901315103,0.05572601836460995
3051375,0.08109500207160315,0.049194860757819814,0.044500309443043166,0.04822627794223653,0.014429728205391566,0.04582670525048108,0.04557061584971294,0.0630827770739863,0.02180258058244311,0.05939376103494515,0.0961457587967751,0.05193434979552678,0.025013938491185817,0.026607110475159335,0.0526317597967399,0.09803964892986232,0.0742637572321996,0.00581240410277431,0.028691946563568885,0.06773670760454516
3060463,0.07009058493324105,0.04349135350297611,0.04713437351377733,0.048510161725361205,0.02176012499846242,0.06139641336123744,0.03905689007455018,0.04294040793575695,0.021831714116286483,0.08294376152580421,0.0919999322298296,0.07880658180027908,0.02669258250651559,0.04696211585805652,0.03866978714466204,0.06308960089903315,0.07813821557907875,0.010815410406718027,0.03711882154307378,0.04855116634530005
3052371,0.05132020021326592,0.04400403262502902,0.04620348629138098,0.03636063907914518,0.016622825221263755,0.05974881708697597,0.026620522238485617,0.05328062241733378,0.019843410651257037,0.0663334588834667,0.1230316490486458,0.07347036263407213,0.027845508639160285,0.04338566343452303,0.03491001665394797,0.07558528961495867,0.08827862197611497,0.010786096048491896,0.040764318071164804,0.06160445917131649
3052385,0.045592133994643985,0.044168670954993244,0.047671931473478854,0.040343477845313884,0.015764692025530866,0.05378713388908825,0.03107189979965475,0.05531372468013157,0.017354352543511337,0.06640860927992212,0.1245705592177752,0.06961211237726522,0.03026846620015245,0.048238576861417116,0.03473482172523213,0.07773799474042747,0.08916623017505153,0.010549127894768272,0.03867419546394295,0.05897128885769883
3052388,0.07140825832015606,0.05589529357612607,0.05295218028556569,0.05269111746755311,0.02527379472307324,0.05848231184374162,0.04424843644114964,0.04605475215937544,0.022022638549022196,0.07092760446177884,0.08335533105057787,0.06214729961121198,0.031538911145514055,0.06230794998483658,0.03933958058303363,0.057425264565172864,0.05744169626243225,0.013106998929997317,0.03433461647209422,0.059045963567587324
3052399,0.050548424909609216,0.04878487241972105,0.04653255017189042,0.03976380303626672,0.018414277067717092,0.05555247652540803,0.026845691088672855,0.05232801942177552,0.020943052101878284,0.07243668205338011,0.11987041419934606,0.06733334234601246,0.03190510330015187,0.04394394164868507,0.033778536039791224,0.07580110430584375,0.0952551069534067,0.01026308349619064,0.04086439816285599,0.04883512075139693
3052402,0.04186559609882068,0.04085769424310889,0.048899795596320926,0.042734321954394035,0.009220478139189353,0.045571201387018145,0.050988239532606276,0.0630653616225518,0.02223808743234178,0.07202854674993246,0.12358026240685094,0.0609026219019748,0.040707862708203625,0.045113013392045063,0.03981719898693389,0.07446394280130739,0.05731984140967002,0.021202299960389207,0.023185816856429203,0.046041911679242785
3052406,0.046560556070620845,0.05064060258336069,0.04165952220032193,0.04494476633460438,0.02169748468668717,0.05176622448361681,0.04039924091287823,0.06282388647805463,0.026035443787174664,0.07599658713115429,0.10709060886108149,0.0610299004428176,0.03988873726541649,0.04279172640220924,0.039132671355820936,0.08413466440529625,0.06477403829140818,0.018673727742294678,0.0325667655356169,0.047282372205879226
3052407,0.051025293514307346,0.05560034526421636,0.048772502526786575,0.049089274585356744,0.020344478244409714,0.051795715114617155,0.056265073746911184,0.05250531139112093,0.019600146764880352,0.08201698343445116,0.10365409843928712,0.05934877775172362,0.035830526008059374,0.04025180406114343,0.0351825382266993,0.08568907441095844,0.05527294768165572,0.01561320250702666,0.0337980322223815,0.048343874104007305
3052409,0.046470762656927865,0.05054059076557122,0.04902565493677012,0.04852242885367566,0.01773755976374726,0.049818660173456326,0.0492241846369666,0.058154797619645815,0.018678996563944495,0.07612751093722733,0.1109955949750801,0.0628706044057804,0.03586241823196855,0.03922642306406372,0.03624636801393334,0.08085026555968405,0.06685936142326927,0.015786693138532558,0.03789402781436236,0.04910709646539294
3052412,0.05374568816529093,0.03583461431051011,0.05856074313505195,0.044685707102115925,0.022045138324208093,0.06790478045094274,0.033577306458831564,0.047247642067484365,0.0198815529437348,0.08681905700071185,0.09096520030745003,0.08363790228247758,0.030720865010714294,0.0549606098064028,0.03680613671630739,0.06346696133601014,0.06704336353003885,0.012376659172746607,0.04027836620909782,0.04944170566987215
3052414,0.04817629868137052,0.04428037783613712,0.04585734007822137,0.04099175167019488,0.015764692025530866,0.05475697396596502,0.031022823554800745,0.05507675652640795,0.01796693200089051,0.0649686221875061,0.1274629082791453,0.06927699173383359,0.029759008039287063,0.04910926487584769,0.03484652860637601,0.07807590510302893,0.08627984949322536,0.010549127894768272,0.0356931065561494,0.060084740891313305
3052420,0.049179369514607184,0.046363485686505584,0.04694157039963149,0.05019740867823717,0.02177237194808577,0.04847161851866859,0.04964522586819816,0.06006308198711176,0.022932242055752092,0.08364417988909503,0.11384731447893273,0.07057345362227901,0.03341810838032774,0.044597673647095014,0.040344433258128094,0.06690876733205631,0.0622694257251304,0.01567811533652835,0.03120437637339591,0.04194777730023359
3052439,0.044595357648979164,0.04669299472459972,0.04871778406399767,0.03960563711535496,0.015988105787818622,0.05396644021332777,0.03129531356194251,0.05513938716269781,0.0170192319000797,0.06478569908544225,0.12548273746516786,0.06675266796422712,0.029423887395855428,0.05104035944497114,0.034909159242665876,0.08062454793633733,0.08701254890229482,0.010549127894768272,0.03568452097151931,0.060714491517952655
3052446,0.047894124990932575,0.03700481498601262,0.05383057287990738,0.054182157372820144,0.022022451059965423,0.05731458339945641,0.027156789494202683,0.050677335317361266,0.021802383518384913,0.07468772393862382,0.10722443675138216,0.083895931477942,0.031947264772155044,0.05272541771069831,0.04154591599842277,0.06514376966472632,0.07003956603559607,0.009523853032246966,0.03831855875753287,0.05306234884163022
3052458,0.05977416224617254,0.05182349283714495,0.045384249000656046,0.05144948172351531,0.01495476440405042,0.05220943420713141,0.04844793014150538,0.053739039891945284,0.02711754003248759,0.058645873439428634,0.09951576678711423,0.0538572744156717,0.018123223995758126,0.043102856550535674,0.06787976236539804,0.07385812708809332,0.08326618626218732,0.01441183144492783,0.02446597410787643,0.05797302905839977
3052459,0.06283703059440711,0.050574828292849955,0.05047842941987231,0.05506513578569586,0.015024111151503372,0.04892161192901531,0.05015594091705534,0.05417208204513456,0.02633453968679418,0.05759931461022524,0.10773656455872951,0.053993537778657556,0.020616251942967463,0.03618474247622281,0.06746544317714746,0.07943302782534077,0.06986758822203502,0.01431866923887318,0.02566769155748405,0.053553458789988934
3052460,0.06345479837558285,0.05010713024896173,0.046189618871599857,0.05302304277823279,0.013914138996006548,0.053734372063965016,0.0481738540704655,0.05674780766296406,0.024899561484171055,0.059847150921275044,0.10494254978739403,0.055681612650702456,0.018400736648074022,0.03740589471091784,0.06269100685891145,0.07964088366990249,0.07480776770331304,0.013727547454312941,0.026353136198357878,0.05625738884488942
3052461,0.06295123261937097,0.05010931277616388,0.04885386112054547,0.048544001536843726,0.016654553025561004,0.05324570878075632,0.047886549805916084,0.05529497153921949,0.027239579937754037,0.05950409285306587,0.10110601820334049,0.055952544189213964,0.018474221976137767,0.04265649904474796,0.06373683984687528,0.07383661240642639,0.08162745244683024,0.014564140147673056,0.02250135724044099,0.05526045050311704
3052462,0.06528857706752068,0.053392397147982475,0.04460139238823915,0.05091814098125108,0.0157210779969557,0.05507406490509753,0.04980936478031316,0.061223318427669496,0.025508846162316613,0.0569006164446656,0.09879671181308144,0.054034747934735144,0.01682408606915715,0.042905188857607565,0.060045477721955565,0.07447860505931166,0.0788102341779224,0.014464537223155209,0.024661913217358982,0.05654070162370341
3047375,0.08836395450568679,0.05861767279090114,0.035287255759696705,0.04461942257217848,0.018664333624963548,0.06153397491980169,0.026538349372995044,0.0863225430154564,0.02216389617964421,0.05074365704286964,0.08923884514435695,0.06036745406824147,0.033245844269466314,0.034412365121026536,0.045494313210848646,0.05890930300379119,0.06065908428113152,0.025955088947214933,0.021872265966754154,0.07699037620297462
3047385,0.07297139521307647,0.060128429655575015,0.03794512551079977,0.04553415061295972,0.01780502043199066,0.06071220081727963,0.025394045534150613,0.0893169877408056,0.021015761821366025,0.05195563339171045,0.0893169877408056,0.057209573847051956,0.03765323992994746,0.03152364273204904,0.04407472270869819,0.056333917104495035,0.07151196730881494,0.028021015761821366,0.024518388791593695,0.07705779334500876
3047395,0.07839669908635426,0.05511346890657236,0.0394930739758326,0.044503389330975536,0.01768346595932803,0.05688181550250516,0.025346301208370173,0.0842911877394636,0.024167403477748307,0.04921898025346301,0.09048040082522842,0.05717653993516063,0.03595638078396699,0.029472443265546714,0.038314176245210725,0.06660772178013558,0.06690244621279104,0.028293545534924844,0.023872679045092837,0.0878278809313292
3047696,0.07020648967551622,0.056342182890855456,0.035398230088495575,0.04926253687315634,0.01976401179941003,0.053392330383480825,0.02831858407079646,0.08495575221238938,0.026843657817109144,0.05545722713864307,0.08967551622418879,0.05545722713864307,0.03392330383480826,0.030678466076696165,0.03893805309734513,0.06932153392330384,0.06902654867256637,0.02743362831858407,0.02359882005899705,0.08200589970501475
3048300,0.057117490381769755,0.048239124001183784,0.03817697543651968,0.047647232909144716,0.02219591595146493,0.05682154483575022,0.02959455460195324,0.08197691624741048,0.022491861497484462,0.05948505474992601,0.09292690145013317,0.06540396567031666,0.03788102989050015,0.03669724770642202,0.037585084344480615,0.06836342113051198,0.06333234684817994,0.030186445693992304,0.027522935779816515,0.07635395087303937
3052463,0.07966151152611614,0.058360081704114386,0.03647505106507149,0.04318646046104464,0.016049022468631456,0.06186168660636125,0.025094835132769187,0.085205719288007,0.022176831047563468,0.04960606944849723,0.08899912459877443,0.059819083746717246,0.038225853516194924,0.031222643711701196,0.0426028596440035,0.06011088415523782,0.06944849722789612,0.026845637583892617,0.02451123431572804,0.08053691275167785
3047790,0.059329575793533075,0.04716701275585879,0.03708098487095817,0.04716701275585879,0.018985464253930585,0.05754968851972708,0.029961435775734204,0.08454464550578464,0.02432512607534856,0.048946900029664786,0.09463067339068526,0.06644912488875704,0.04093740729753782,0.03500444971818451,0.03797092850786117,0.0643725897359834,0.05992287155146841,0.03174132304954019,0.026698309107089886,0.08721447641649362
3052464,0.07045990566037735,0.05601415094339623,0.036556603773584904,0.04274764150943396,0.0173938679245283,0.06456367924528301,0.031839622641509434,0.08254716981132075,0.021816037735849055,0.0589622641509434,0.09375,0.06132075471698113,0.03744103773584906,0.03154481132075472,0.04068396226415094,0.06043632075471698,0.07488207547169812,0.02830188679245283,0.02152122641509434,0.06721698113207547
3047817,0.07556600999705969,0.057042046456924435,0.0344016465745369,0.0455748309320788,0.01822993237283152,0.05557189062040576,0.026168773890032342,0.0893854748603352,0.02469861805351367,0.05292561011467216,0.08644516318729785,0.056159952955013234,0.04028226992061158,0.03087327256689209,0.038812114084092915,0.06204057630108792,0.06262863863569539,0.027050867391943546,0.027050867391943546,0.08909144369303146
3052465,0.08025776215582894,0.07176332747510251,0.025483304042179262,0.04481546572934974,0.019039250146455772,0.06678383128295255,0.026947861745752782,0.09607498535442296,0.024311657879320447,0.035735207967193906,0.0987111892208553,0.046280023432923256,0.031048623315758642,0.028119507908611598,0.037785588752196834,0.056824838898652606,0.06502636203866433,0.029876977152899824,0.021382542472173402,0.09373169302870533
3046277,0.0732922896511287,0.06156552330694811,0.03312811492231017,0.047493403693931395,0.018762826150688947,0.06068601583113457,0.027264731750219876,0.08883025505716799,0.02316036352975667,0.05071826443858106,0.09146877748460862,0.056874816769275874,0.03840515977719144,0.03283494576370566,0.040457343887423045,0.06361770741717972,0.06039284667253005,0.024919378481383758,0.02316036352975667,0.08296687188507769
3047837,0.07581967213114754,0.0743559718969555,0.025468384074941453,0.04566744730679157,0.020491803278688523,0.06352459016393443,0.026053864168618268,0.0977751756440281,0.022833723653395786,0.04478922716627635,0.09514051522248243,0.0430327868852459,0.03834894613583138,0.029859484777517563,0.04069086651053864,0.05503512880562061,0.06440281030444965,0.03015222482435597,0.021662763466042154,0.08489461358313817
3052466,0.08437956204379563,0.06160583941605839,0.037664233576642336,0.04262773722627737,0.018686131386861315,0.061897810218978104,0.02510948905109489,0.08583941605839417,0.021021897810218976,0.05430656934306569,0.08671532846715328,0.0545985401459854,0.03795620437956204,0.028905109489051097,0.04467153284671533,0.055182481751824816,0.0727007299270073,0.027445255474452555,0.026277372262773723,0.07240875912408759
3048158,0.08651325371395281,0.0605884066414215,0.03670259248470725,0.04835420914651908,0.01602097290999126,0.058258083309059135,0.025924847072531315,0.08709583454704341,0.020681619574715992,0.050684532478881446,0.08796970579667929,0.05505388872706088,0.03145936498689193,0.03204194581998252,0.041071948732886686,0.05476259831051558,0.07224002330323333,0.02738129915525779,0.025342266239440723,0.08185260704922807
3048165,0.07902467685076381,0.07285546415981199,0.029670975323149235,0.04289071680376028,0.02144535840188014,0.06286721504112809,0.028789659224441832,0.09929494712103408,0.02379553466509988,0.04524089306698002,0.0863689776733255,0.043478260869565216,0.033490011750881316,0.02790834312573443,0.0399529964747356,0.055522914218566394,0.06198589894242068,0.030846063454759105,0.02379553466509988,0.09077555816686252
3048168,0.07917888563049853,0.06304985337243402,0.03284457478005865,0.04222873900293255,0.020527859237536656,0.06744868035190615,0.022287390029325515,0.09032258064516129,0.021114369501466276,0.050146627565982406,0.093841642228739,0.06099706744868035,0.03225806451612903,0.032551319648093845,0.040175953079178886,0.06510263929618769,0.05835777126099707,0.025513196480938416,0.02463343108504399,0.07741935483870968
3048169,0.07835712205068453,0.05971453539178561,0.03815904456743373,0.043984852898339644,0.018351296242353626,0.06175356830760268,0.026507427905621904,0.08476551121468104,0.01951645790853481,0.05301485581124381,0.09088260996213225,0.05738421205942325,0.03204194581998252,0.03029420332071075,0.04223711039906787,0.06204485872414797,0.06903582872123507,0.026798718322167202,0.02475968540635013,0.0803961549665016
3048170,0.07991803278688525,0.07611241217798595,0.026053864168618268,0.04566744730679157,0.01990632318501171,0.06440281030444965,0.026053864168618268,0.09689695550351288,0.0234192037470726,0.04039812646370024,0.0977751756440281,0.04332552693208431,0.03044496487119438,0.027517564402810304,0.04069086651053864,0.0585480093676815,0.06293911007025761,0.028688524590163935,0.02224824355971897,0.08899297423887588
3048175,0.08172231985940245,0.0773286467486819,0.026654950205038077,0.04540128881077914,0.019332161687170474,0.06473345049794962,0.025483304042179262,0.09519625073227886,0.023432923257176334,0.03632103104862332,0.09812536613942589,0.040421792618629174,0.03427065026362039,0.028119507908611598,0.03866432337434095,0.05506736965436438,0.06736965436438196,0.02899824253075571,0.020503807850029292,0.09285295840656121
3052468,0.07959183673469387,0.05772594752186589,0.039941690962099125,0.045481049562682216,0.019533527696793004,0.060058309037900874,0.026239067055393587,0.08950437317784257,0.01924198250728863,0.05451895043731778,0.0912536443148688,0.0597667638483965,0.035568513119533525,0.03206997084548105,0.04256559766763848,0.04956268221574344,0.07317784256559767,0.026239067055393587,0.02565597667638484,0.07230320699708455
3048184,0.08260105448154657,0.07352079671939074,0.026947861745752782,0.043936731107205626,0.019332161687170474,0.06707674282366725,0.026654950205038077,0.09343878148799063,0.025190392501464556,0.03690685413005272,0.09548916227299356,0.04452255418863503,0.03222026947861746,0.029876977152899824,0.038078500292911543,0.056824838898652606,0.06444053895723492,0.029876977152899824,0.0210896309314587,0.09197422378441711
3048198,0.07804735457468577,0.07775504238526747,0.028646594562993278,0.0467699503069278,0.019877228880444315,0.06518561824028062,0.022215726395790704,0.10406313943291436,0.021338789827535808,0.0470622624963461,0.08535515931014323,0.04209295527623502,0.033615901783104356,0.029231218941829874,0.03975445776088863,0.05495469161064016,0.06167787196726104,0.029231218941829874,0.0230926629640456,0.09003215434083602
3048205,0.06431535269709543,0.05275637225844695,0.041790160047421455,0.046235921754593956,0.01956135151155898,0.06372258446947243,0.026081802015411975,0.08387670420865441,0.018079430942501484,0.046235921754593956,0.0954356846473029,0.06520450503852994,0.038233550681683465,0.035269709543568464,0.03734439834024896,0.06046235921754594,0.06105512744516894,0.02874925903971547,0.027860106698280974,0.0877296976882039
3048215,0.08328479906814211,0.058823529411764705,0.03669190448456611,0.046592894583576,0.016598718695398952,0.060570762958648806,0.025334886429819452,0.0856144437973209,0.019510774606872453,0.05358182877111241,0.09027373325567851,0.05824111822947001,0.030867792661619105,0.03232382061735585,0.041933605125218404,0.05591147350029121,0.0716365754222481,0.027082119976703553,0.025917297612114153,0.07920792079207921
3048448,0.08270238788584741,0.05969714618520676,0.03814793244030285,0.04455445544554455,0.0180547466511357,0.06202679091438556,0.024752475247524754,0.08648806057076296,0.0192195690157251,0.05154338963308096,0.0891089108910891,0.05591147350029121,0.033197437390797904,0.030867792661619105,0.041351193942923706,0.05794991263832266,0.07309260337798486,0.027373325567850902,0.025334886429819452,0.07862550960978451
3048225,0.07732710825795155,0.05952728333819667,0.03705865188211264,0.044353662095126936,0.01779982491975489,0.0592354829296761,0.0259702363583309,0.08812372337321273,0.020134228187919462,0.05281587394222352,0.08812372337321273,0.05806828129559381,0.03793405310767435,0.031514444120221766,0.04377006127808579,0.05748468047855267,0.06915669681937554,0.028304639626495477,0.025094835132769187,0.07820250948351327
3048233,0.08113649677797305,0.07205623901581722,0.026654950205038077,0.04510837727006444,0.019039250146455772,0.06590509666080843,0.026654950205038077,0.09256004686584651,0.023725834797891036,0.037785588752196834,0.09783245459871119,0.04803749267721148,0.033391915641476276,0.028119507908611598,0.037785588752196834,0.05975395430579965,0.06239015817223199,0.029876977152899824,0.0210896309314587,0.09109548916227299
3048287,0.07759882869692533,0.07144948755490484,0.02576866764275256,0.048609077598828695,0.01815519765739385,0.0629575402635432,0.02576866764275256,0.09604685212298682,0.024304538799414348,0.038945827232796486,0.09780380673499268,0.04802342606149341,0.034846266471449484,0.02752562225475842,0.040995607613469986,0.057979502196193265,0.06090775988286969,0.02957540263543192,0.02225475841874085,0.09048316251830162
3048305,0.08284543325526932,0.06996487119437939,0.028395784543325527,0.04478922716627635,0.01873536299765808,0.06147540983606557,0.03044496487119438,0.09923887587822014,0.022833723653395786,0.04420374707259953,0.09543325526932084,0.04596018735362998,0.03278688524590164,0.02927400468384075,0.04186182669789227,0.05562060889929742,0.05562060889929742,0.029859484777517563,0.021955503512880562,0.08870023419203747
3048308,0.07728613569321534,0.053392330383480825,0.040117994100294985,0.04424778761061947,0.017699115044247787,0.058997050147492625,0.024778761061946902,0.0855457227138643,0.02094395280235988,0.051622418879056046,0.09026548672566372,0.05929203539823009,0.033628318584070796,0.033628318584070796,0.03952802359882006,0.06637168141592921,0.06430678466076696,0.028908554572271386,0.025073746312684365,0.08436578171091445
3048314,0.07804735457468577,0.07746273019584916,0.026600409237065185,0.045893013738672904,0.01870798012277112,0.06693949137679041,0.021923414206372407,0.10143232972814967,0.02104647763811751,0.05320081847413037,0.08593978368897984,0.043846828412744815,0.03536977491961415,0.028354282373574978,0.03975445776088863,0.05261619409529377,0.06343174510377082,0.029523531131248174,0.021923414206372407,0.08681672025723473
3048316,0.0657856093979442,0.055506607929515416,0.03700440528634361,0.048458149779735685,0.018795888399412628,0.05491923641703377,0.024963289280469897,0.08575624082232011,0.02290748898678414,0.055506607929515416,0.08839941262848752,0.05991189427312775,0.039353891336270194,0.033480176211453744,0.042584434654919234,0.0631424375917768,0.06901615271659324,0.027312775330396475,0.02643171806167401,0.08076358296622614
3048360,0.07766423357664233,0.059854014598540145,0.03678832116788321,0.043795620437956206,0.016934306569343065,0.06160583941605839,0.027445255474452555,0.08875912408759123,0.01897810218978102,0.049927007299270076,0.08875912408759123,0.05547445255474453,0.03737226277372263,0.03240875912408759,0.04262773722627737,0.06160583941605839,0.06802919708029197,0.02802919708029197,0.024233576642335768,0.0797080291970803
3048440,0.07544945475979958,0.05363984674329502,0.0394930739758326,0.04597701149425287,0.016799292661361626,0.05776598880047156,0.025346301208370173,0.08517536103743001,0.023872679045092837,0.05658709106984969,0.0869437076333628,0.060418508694370765,0.032419687592101384,0.03300913645741232,0.03772472737989979,0.06395520188623637,0.06690244621279104,0.027998821102269377,0.023872679045092837,0.08664898320070734
3048443,0.0844496214327315,0.06173558532323821,0.03581828771112405,0.047757716948165406,0.016598718695398952,0.056493884682585906,0.02649970879440885,0.08794408852649971,0.020675596971461853,0.050669772859638904,0.09172976121141525,0.054746651135701804,0.032906231799650555,0.029411764705882353,0.043389633080955156,0.056785090273733255,0.07105416423995341,0.027373325567850902,0.026790914385556204,0.07716948165404776
3048447,0.07077826725403819,0.05668135095447871,0.035535976505139504,0.05080763582966226,0.018208516886930984,0.05345080763582966,0.02555066079295154,0.0828193832599119,0.021439060205580028,0.05433186490455213,0.08957415565345081,0.05873715124816446,0.03700440528634361,0.032011747430249635,0.04229074889867841,0.06549192364170338,0.06696035242290749,0.027606461086637297,0.026138032305433188,0.08458149779735682
3048459,0.08326029798422437,0.06368682442302075,0.03009056383289512,0.04557405784399649,0.018404907975460124,0.06368682442302075,0.022494887525562373,0.08968740870581361,0.022494887525562373,0.05083260297984225,0.09144025708442886,0.054630441133508616,0.03651767455448437,0.028045574057843997,0.04119193689745837,0.06134969325153374,0.06573181419807186,0.02716914986853637,0.025416301489921123,0.07829389424481449
3052489,0.06383144084462296,0.0433995369538365,0.03402235105357689,0.05460015762201281,0.02610875271956638,0.06036158131895634,0.04535891936639927,0.05755920933090946,0.021649114085217327,0.06553192946096166,0.0970531190007798,0.06939468379546211,0.02280707279290256,0.045147116010473276,0.04321968137704837,0.0747910726625812,0.06103549236085262,0.012894265556928233,0.03100700467883627,0.0702274990080759
3052522,0.0680024968956475,0.04907742620566572,0.042275809701031675,0.04910148584236437,0.02840017948766792,0.06824565671395684,0.03461932655160665,0.060668666864823285,0.023133454033789885,0.05368809732965419,0.10049383959366316,0.07699822639158323,0.021834283680599403,0.03741845549561828,0.03848596237015949,0.07851825855794217,0.06201102724919721,0.015567799805937805,0.026966011012837705,0.06449353621625353
3052536,0.06999534377289719,0.04855926718285796,0.03834776051501611,0.04896776875911993,0.026312811212693427,0.06279321989232808,0.035230118221873226,0.05604585715977269,0.021469640598026935,0.04733191064673481,0.09523960873447664,0.06850146942692795,0.023200902399960113,0.03982375779784496,0.04412908521607831,0.09382609214344029,0.06567520189596582,0.019213765338618103,0.028331103151900728,0.06700531593346669
3060506,0.0603351575299055,0.04839458191221455,0.04476098819745639,0.04760339189198134,0.02802920195154787,0.06643900006884515,0.029212978251993007,0.06387878579371666,0.025565113836342957,0.05492430124095778,0.10136154841749333,0.0739750850861754,0.025507473455287675,0.034161441150925245,0.04129248865053262,0.08287655501223733,0.06408795544229878,0.017917656570638454,0.02892658238048812,0.06074971315896182
2956252,0.07744225637805924,0.04527124108037622,0.048986996365743815,0.062153628822911505,0.012502565712422878,0.041993166149499536,0.038316651171775955,0.07018279946391703,0.020996583074749768,0.050221556813928495,0.07707098269804281,0.05803943349069703,0.031362061263175686,0.037546937444912644,0.04450152735351291,0.06998357944049358,0.06430279028772201,0.020996583074749768,0.04868212936020187,0.07944653055310723
3050248,0.03876631611360865,0.027514079656077658,0.07260941606142621,0.04997686911420154,0.017616774934169025,0.05365059570841133,0.031456344586628986,0.0333456617150959,0.02810766224491239,0.10228402210611334,0.10157711990638116,0.07912292977646317,0.03078629052553142,0.033874531562948326,0.039540348712598844,0.08257788357523393,0.09361115438252667,0.006331291065206174,0.03461268147515097,0.04255408486511759
3049954,0.04013907417191046,0.0306980509228951,0.0805849942235217,0.04855037826424647,0.017618560225692206,0.05286930009085144,0.030404308892371213,0.031593416408632384,0.02512009538084029,0.10116964576802473,0.09413548539715279,0.07581974834018804,0.03034279555497682,0.036652570956889,0.04307143019802492,0.0771443994736708,0.09436363096749081,0.006697935485979658,0.03656964580361512,0.046454533473026
2200830,0.03911267053536857,0.04357985557227428,0.06681421134558581,0.06881330312388752,0.023976458810721465,0.051243120377854015,0.021031988030865163,0.03967132656232654,0.020430785238163256,0.09619435384778935,0.08667450732137805,0.0717641947422711,0.029408976752894146,0.04564090491481141,0.033151202640209695,0.07895456778527768,0.060612097810145364,0.00743163921733824,0.05218422720922053,0.06330960816161764
3052555,0.06579186857270998,0.040600359926289936,0.05425535419831087,0.040820366041858396,0.017822397785828975,0.04971403161146384,0.04159628066656657,0.06456004199855823,0.010983331214161954,0.07820310940929666,0.09921179762355593,0.05363816314803721,0.02487375163272816,0.04263545533894867,0.06294893922328397,0.08545611775249402,0.07629359839962131,0.008302373203230589,0.026410625182189076,0.05588203707086557
3052556,0.05537781740466764,0.05403607270240577,0.0608745367930026,0.05135463508227562,0.020785157542443138,0.056158099430132655,0.0465128521979408,0.050726369747666034,0.017424519953804007,0.08600744470124748,0.09456898573442336,0.059061817378582813,0.020792207274925693,0.031991517211266716,0.050139072952798625,0.08789255721454635,0.07184111972920713,0.008450050199914903,0.033892757427242105,0.04211240932150649
3052557,0.07436885718759498,0.04422129201966652,0.0568653290068605,0.04460200698828948,0.01662775158166618,0.04677100968674042,0.04105133344860893,0.05371868639319712,0.019246306246298348,0.08702711329469508,0.10001126305547331,0.0501148567841048,0.02441834209772945,0.035741820424301,0.0556162070304236,0.08866684646333388,0.07110040989810557,0.00642432943396997,0.033976681723475295,0.0494295572354656
3052558,0.06828800961454985,0.04327469241159289,0.05027129249734059,0.043823323422357396,0.01987966982645329,0.05203600809521704,0.04424020394007906,0.06421288413935891,0.014597662821261034,0.07154641913789365,0.10030352839156534,0.05085302239104269,0.024026294928373892,0.032643419406527256,0.057126327359916775,0.08347256909923595,0.08158033371190475,0.009834752742169202,0.027699412805565683,0.060290173257594726
3052560,0.07230341112149757,0.0512626968968778,0.044637768459720034,0.0395712607446304,0.020964217981432436,0.04030971859303329,0.05489441355600969,0.06069675520127736,0.020955956733124302,0.07898383074417735,0.10171802549811927,0.04076697348138331,0.021663379621664272,0.03789952996494071,0.06378131980613905,0.07850965086457687,0.07153860610526244,0.012257618520201156,0.03346470425108413,0.05382016185484853
1803958,0.04956402019274897,0.03074804956402019,0.05094079853143644,0.0578246902248738,0.021569527306103717,0.05507113354749885,0.038549793483249196,0.05415328132170721,0.023864157870582835,0.06424965580541533,0.08444240477283158,0.07205139972464433,0.03074804956402019,0.0463515374024782,0.043139054612207434,0.07939421753097751,0.07388710417622762,0.012391005048187242,0.039926571821936666,0.07113354749885269
1341019,0.06228904473882013,0.07296462704433354,0.05498992934149799,0.09515227696231408,0.008478507724517787,0.06499496044671572,0.03919856403144438,0.04992522897921111,0.02241300209252976,0.04261789079713816,0.08875328897309921,0.047748936641866524,0.03746195131638336,0.04328433060505841,0.03888466203960431,0.04193759616011722,0.044812149355958834,0.014252507752227445,0.04481907677050918,0.08502146822665284
2734436,0.05309832939767282,0.04795431410339196,0.04555938923262584,0.06108814193811939,0.0217369706140946,0.06384009778704434,0.03357258868397073,0.05765021667365255,0.021591319691301486,0.06017251336599398,0.09161347379596269,0.07221447438175124,0.03091704611221023,0.04840342777576062,0.03806729260530422,0.09373702990244472,0.05026118348759375,0.012833519366002563,0.03850780280575507,0.05718086827934721
3052641,0.06490244629214764,0.059330457835303024,0.045665810380731364,0.05535034781126422,0.024867267775111238,0.0604453878072778,0.034915956091459546,0.05673784984608264,0.021088640944768176,0.0651238277075642,0.08296432296961664,0.05518225097611864,0.03511736896870878,0.0483505102991673,0.0443174861692457,0.09115937435448013,0.05048834047771633,0.012644991877740208,0.030330712801954166,0.061016648613542224
3052643,0.05848444397002778,0.05177523186945352,0.04027530757543975,0.05777525090023606,0.02258688053929089,0.05881535193835849,0.03455840068009343,0.056727646863356115,0.018385542143138048,0.06769978491833484,0.09635221006574617,0.07089507355498918,0.03707403790656792,0.04373679383761615,0.037178518977151354,0.0905829220012329,0.054208666916005996,0.013869576928792923,0.032723749882213216,0.05629460853195529
3052647,0.05601969556967628,0.049384403940730084,0.04430056374999537,0.05555569086098572,0.025855208789317713,0.07144929707934929,0.029178948407117482,0.05833676019687269,0.021443432250895303,0.06364931179253924,0.0941294187985544,0.06942314294674751,0.03056749152037178,0.04859911604718118,0.040775540490008116,0.08955088773745817,0.04883209946931004,0.013604438441310877,0.03602215729157491,0.05332239462000386
3052660,0.052453467190668956,0.05207526050946624,0.042808840651624464,0.05656409849956863,0.022477573815961625,0.06701310965098829,0.030165080474613797,0.060115905156996975,0.018380623888012315,0.06747418357943058,0.08662072334427037,0.06988351616399485,0.034135830895333806,0.04716094523265267,0.04149117519104418,0.09531511944471469,0.04796866350788813,0.015267859017875089,0.03456515056576086,0.05806287321913346
3052662,0.07614884326473365,0.05380737675873125,0.034154786324191985,0.054160487014317124,0.02334012103290062,0.06477168316647151,0.028554088232652916,0.058503028247939425,0.019935705250551376,0.061933185644158714,0.09285239715473706,0.06172301545208465,0.03217882821147783,0.04420804123887695,0.04578452941238413,0.08478756113195735,0.053576084729805885,0.01293532845504808,0.02849837132915894,0.06814653794782057
3052664,0.06434862589297638,0.0612683251688146,0.03712427243174084,0.059213894678334225,0.031990403084894425,0.055825846017268435,0.029972571348070045,0.06668918167869013,0.022723846646336174,0.05552273972530639,0.09077222048658683,0.06961611961234399,0.03402667922565,0.0413351993410594,0.042141885386549054,0.08519847492538635,0.046481700580725836,0.019180481528933722,0.023283757091175694,0.06328377514915749
3052665,0.07259255051197927,0.058431320255223025,0.0421012767130286,0.05478651318381963,0.021630397063245765,0.06073658881926322,0.031082624748775267,0.05836840112203895,0.020962701895435337,0.0610778457295265,0.09244632677300327,0.05782631248872998,0.03340931393737262,0.0465032662413357,0.037655745309508534,0.0962719598350772,0.04790754102868586,0.013273933645593997,0.030538465912529074,0.06239691478582818
3052666,0.05975201132569643,0.055729659694678656,0.03845157383954844,0.053604173867657895,0.02016011657488242,0.0677795871362708,0.025859701435466478,0.055145164549323306,0.02130455815226155,0.06310785569450703,0.09346575887575909,0.07622524391860157,0.03370791311806761,0.04457280908898338,0.04871795152638878,0.08302001972960255,0.052569128255352336,0.012446061467595871,0.02965279076242988,0.06472792098692592
1848960,0.07078519172998542,0.056821632071523895,0.03584391393595833,0.0469957969564655,0.0248793718071674,0.06630618696793385,0.024415871459610244,0.07117608530213139,0.02086154997244337,0.04962988453161189,0.1068892442663477,0.0633131134070989,0.03315097481298223,0.038298289499827304,0.04669774411260576,0.08261226719420638,0.04990361020375195,0.02113942128344702,0.025572538243392832,0.06470731224150865
3052681,0.06756052489665605,0.06168717297113477,0.03749291033412414,0.058762199102340096,0.02299565888712555,0.0649865269935473,0.03486342412821595,0.05936879467383947,0.024446938519986507,0.06454114093620435,0.08756766104969971,0.05578244713303128,0.033363948397963805,0.04648785159646683,0.036461673270846345,0.09154504707370742,0.04761115510586074,0.01132457078894454,0.02978003626944623,0.06337031787085895
3052686,0.050246499844017356,0.0597401707300933,0.03236049006910503,0.048183274879231616,0.02919593310707972,0.06879070910655033,0.021531513220710716,0.05575906826367684,0.024980856675584463,0.06180339569487904,0.09803745474139969,0.07391095754436053,0.03084793110293909,0.04174662746618013,0.04910735387262363,0.08456268138890727,0.06087931670148704,0.013050547829950559,0.03829728401130638,0.05659452075514507
3052690,0.06582010861713815,0.05541621109114275,0.029008816072053543,0.05646800804556498,0.01982391358730918,0.06763528055402468,0.024190073830517043,0.05369346523678806,0.017465393088771472,0.0644026825919917,0.08490509536874713,0.08248535535862259,0.0386856245802021,0.04715997667033296,0.04492831028476329,0.08078050102455926,0.053503392854835796,0.012545333368357543,0.036306569536303894,0.06477588823797387
1986022,0.07950246742185522,0.08018973282733612,0.036949114670315336,0.04997610623088139,0.022109168090521714,0.061319431895608935,0.04569606951323273,0.06519701357785618,0.026437180323659756,0.035531818365565605,0.10237769626984228,0.027268468198908734,0.023153762323969942,0.03639496700668813,0.07659245387308668,0.06886078543701271,0.05655001891109591,0.013466379653206139,0.0295044013221566,0.06292296408719986
46221,0.03890680954593915,0.09144774609770098,0.05178234602662585,0.04700527596293158,0.01170006287416965,0.04839260818457669,0.03842158497580711,0.06182171072414641,0.024575599354856346,0.043266996528252374,0.06555999015882562,0.06022935403624832,0.011768404362920641,0.05448183483228998,0.07580437932259916,0.06403597495967853,0.06777425439435772,0.028245537300784558,0.0475588420218146,0.0672206883354747
2845897,0.07391160242537677,0.04998927687118598,0.03651225361174475,0.061297303620518225,0.013525764754050418,0.04727924977091497,0.041907937064982165,0.07797664307578328,0.00990427170458755,0.06166773897954807,0.07033885087052309,0.05269930397145698,0.04146438946403852,0.020300832504727924,0.052280127117817946,0.07982394572147161,0.06624943947281199,0.02791425396268351,0.04326295061511766,0.07169386442065859
2845899,0.07432812383953485,0.05490657924053856,0.039060593521554145,0.045591028211902265,0.010779726475050664,0.05778718528185377,0.03759641807513979,0.07336792182576313,0.01598922027352495,0.06294893422881455,0.06532556683748714,0.05541055267318118,0.02211117123425746,0.03910833837306766,0.05413735663282088,0.06729371571654413,0.06496482795938505,0.031426722262893766,0.04604725679303137,0.08181876054365471
2845900,0.06425083048242353,0.04552159254301155,0.044120928157072734,0.05797263126580396,0.013300114036392485,0.04482126035004214,0.03618796172343696,0.06906638901284148,0.018772621349595914,0.06539739203728494,0.06686003272348653,0.059075809410481434,0.03548762953046755,0.03849967772323863,0.0501450245426149,0.07042366998859637,0.06961797808518022,0.02810625216917051,0.045775695374088946,0.0765965094947692
3052713,0.061922412690554283,0.043820137384739145,0.06672396394166306,0.06281240175753451,0.012737025806052354,0.046366763619860966,0.04362246838707016,0.06958829960599872,0.02720874641582606,0.060718443798089806,0.07459603523320338,0.048435571508137876,0.01689457680962106,0.036264917383501453,0.06528598716917301,0.05859976483693299,0.09017795655671762,0.030486374981950202,0.031464917383501455,0.052273234729871894
3052714,0.047141159518053234,0.04385562121718664,0.061973566107598174,0.04826891757555588,0.0115368067620729,0.04513076612511403,0.05122904345698445,0.06192994644365006,0.02549287328648775,0.06461383015062419,0.1056850328851713,0.06213650443071066,0.020771355005920242,0.05301516045468095,0.058713503784281786,0.06220365628417125,0.07933411259523784,0.03413070467058091,0.032396316846828865,0.030441122399088905
3052716,0.04614951972384147,0.027866305759947675,0.06561763776727639,0.0360637543158164,0.0175596769635604,0.05060616692500567,0.056744655923361365,0.053771070856107925,0.027278217329800347,0.0712698324049739,0.1046935600464175,0.06361160647869138,0.028924913563449128,0.047003755274871016,0.04697954229311759,0.053898850719355185,0.10218351749834151,0.02729495910812152,0.030780472206783434,0.04170198484116017
1459003,0.08158096685292272,0.05938442793756041,0.03751315960086137,0.052978422268325366,0.019368861856669146,0.035267657809036956,0.03685150375092507,0.04734764665120036,0.025519763141269275,0.04429782134961872,0.1049183599905481,0.034670117710326846,0.026540189597223058,0.03806398786697899,0.05586493715486132,0.1113146705214438,0.06630855791209132,0.016180772955301518,0.027630944212395342,0.07839723086044027
2560702,0.07818867450919006,0.028890731433954167,0.05126100790666182,0.04123557757111163,0.011116891722251124,0.033494094163392996,0.04422763155396181,0.07975441829887402,0.01748007574998957,0.048026256116787756,0.09001326564374625,0.050697835645945856,0.020894938338419645,0.04128236545615699,0.06258390563402044,0.11359997567758195,0.07327411812376101,0.016671874599159576,0.03634813932037475,0.0609582225346586
2809802,0.04136265340325458,0.053520751112793065,0.05851642608711322,0.03283694653187003,0.01300282928763223,0.05594826188030492,0.03991241822998324,0.048484979546232716,0.01623010938710782,0.07883026076300662,0.1338573822782073,0.07892460038564812,0.02551422753239264,0.057648267286587014,0.0388000756879494,0.05727892811446902,0.04461336072516264,0.017369573444342326,0.04519543709790777,0.062152511218035354
3049952,0.05778842941500537,0.049196573333662924,0.059203031370913366,0.05548147782494184,0.01640616439253272,0.05786466746237473,0.031073172422345623,0.05898682508698431,0.020268909923829244,0.084987608957058,0.09630050952335371,0.06450610876107678,0.02131672058496546,0.02638535494749783,0.043358152420513794,0.08562820511403409,0.07210918181375785,0.008799533848459407,0.0318706839797093,0.058468688816983666
3049953,0.04159391114182825,0.05398009361085494,0.06126922036194435,0.05626151160033291,0.012329456854452433,0.061444595933678,0.057345467189969926,0.052244629384592275,0.018276390654529177,0.08893871941769886,0.08798544201937658,0.07146642510805419,0.023214038647496132,0.02318230279614394,0.03935065117322157,0.09010843224145791,0.07274296767555026,0.010232141942424014,0.02861320319919194,0.04942039904720231
3050300,0.0767288780722626,0.06030417357738761,0.030239614351121644,0.04599116159923989,0.029099979425807016,0.04929177253592664,0.03931512027272465,0.06371011003846144,0.026924546404942785,0.04389627090762433,0.10822015181906779,0.03882126706930646,0.021785313465061292,0.041225587396278615,0.06668420306619594,0.07644480465094472,0.06480332010671039,0.013856245847079878,0.028838118262375565,0.07381936113148052
3050296,0.051583572098169245,0.051083354757577054,0.0514618512422832,0.05049961947122603,0.027570732752573542,0.05649123120418056,0.03394843436720991,0.042965559561222375,0.0236590187611755,0.06723215894154706,0.10641713554954141,0.0614817932627864,0.02725946281933679,0.0539336373151884,0.042801226328601345,0.08041459848947916,0.06240107075892273,0.010312682910725084,0.034329526955173564,0.06415333245308055
3050297,0.05474704733034186,0.06056327252860367,0.047414999317094995,0.044393599251754234,0.02878440165835379,0.05511824533340449,0.03359929647902783,0.046818536562915444,0.025463840437681524,0.060842098990591995,0.10194362923849233,0.05996825947540529,0.026483857477526296,0.051452860529304215,0.047831649179476056,0.08464913993916247,0.06173263322450409,0.010107090481334152,0.03236583894169932,0.06571970362332602
3050298,0.043477407080119344,0.04056849826280994,0.061381122556959,0.04619866260888365,0.026354617632776047,0.05788758916058085,0.03718228657177287,0.03429036216443254,0.025645487244550468,0.07801221793480008,0.11250524459495777,0.07152122278272317,0.023630179449253087,0.060445312148666705,0.03700419886931355,0.07813415379892359,0.0639750662852529,0.009151613226722336,0.03840289322451723,0.054231864401984714
2846071,0.13276505485242573,0.08771720013444134,0.017909508168734562,0.0485789407231024,0.034173843688814515,0.047874501846790214,0.031574599832481814,0.08624830392280648,0.03747530351557012,0.022642074807007313,0.08063279906531254,0.014616939965536067,0.013912501089223886,0.022156147579611152,0.0985111865515972,0.041717497114668156,0.06409437924908461,0.025923528480759416,0.024282801643883363,0.06719288776814913
1547495,0.09260042283298098,0.04482029598308668,0.04566596194503171,0.05200845665961945,0.014799154334038054,0.0266384778012685,0.02959830866807611,0.07230443974630021,0.02156448202959831,0.045243128964059194,0.09386892177589852,0.024947145877378434,0.012684989429175475,0.04312896405919662,0.08879492600422834,0.10190274841437633,0.0693446088794926,0.015644820295983086,0.03509513742071882,0.0693446088794926
1906670,0.10763016964743573,0.058422368720163674,0.04499833471666394,0.038475974983743666,0.007240017551557701,0.04182636645749298,0.06059781028457842,0.08181959959187342,0.025650649989162444,0.051461220044724754,0.08297604635302949,0.03305058760712001,0.021482155035235283,0.03590271573349123,0.06127449684653489,0.0689942745972922,0.07290240382327907,0.014580480764655816,0.023516179681428655,0.06719814757053665
136966,0.09531253943018649,0.10220772993882238,0.037325020098129345,0.04148271921381166,0.017843173305358177,0.05007131981921897,0.04262738128284347,0.07009013815736505,0.02593776249238434,0.02256259861301878,0.06873998848788765,0.04998539956523149,0.01878823601512677,0.03646888184703311,0.12664459177064216,0.03833136858346942,0.048773563479445836,0.02488845388005052,0.03822712268090419,0.043692011339070164
1933190,0.07007928528081336,0.058768039937730256,0.03572395232367426,0.0469957969564655,0.024879371807167403,0.06509999142252872,0.02488185468421416,0.07083006368981154,0.018922073718503185,0.05025706685239523,0.10277730014616537,0.061599697153194494,0.033616958037586145,0.039264561820664304,0.047317994821122915,0.08417141596419754,0.050136601816053894,0.021139421283447018,0.02483925753485779,0.06326119347153537
11642,0.055847236208782236,0.05456848770712312,0.04866463913334552,0.0449795146553662,0.015879614522415392,0.06625196321199751,0.05434555092534429,0.060124381522893997,0.024242316734671285,0.06119850150118687,0.08236888663679995,0.05648983045960224,0.02158360402482091,0.026774563429027877,0.07620697478324628,0.07417215056649915,0.058001449675275873,0.020179707063775372,0.036645534899263026,0.06147509233856291
1962300,0.07845782133534628,0.07870688494446215,0.03787128339342421,0.044823288873944184,0.025057934462738813,0.06043401691212361,0.04100844784601449,0.057893906406663205,0.023943861682257303,0.04276949499884822,0.1010321658196711,0.037157650657288904,0.024815271607041944,0.04178140050406106,0.06278101269305017,0.06798851229246142,0.053901982968330465,0.013961155049261424,0.03418880670636843,0.07142510084664272
3050292,0.12172886407778735,0.08934786639579931,0.021975850421088218,0.0514156221899761,0.01950034913389562,0.045736484002757836,0.028683059850436593,0.07984835607956117,0.025991840132420438,0.029104710396840348,0.09366538499525193,0.015605052254702748,0.018790317270518768,0.03139042863844754,0.09490266134691788,0.06439870637747755,0.06114448536084352,0.011901467207128362,0.024346914726192402,0.07052157914195627
3050293,0.13355325241014135,0.09302649983666038,0.019610868496364328,0.05200945614070749,0.020054388729800945,0.04596061391240477,0.027293561445258355,0.07819275774396772,0.025329777331764305,0.028263695279551516,0.0919267400163914,0.014972001239269174,0.016822320906681128,0.03137279182988956,0.09428453536122176,0.06455404415267052,0.05579567333629242,0.012406013163526465,0.024123606855825427,0.07044740181161115
3050305,0.15373242034586673,0.10030559108811882,0.016747635246558434,0.05287425900543089,0.01886325388869856,0.051975882543633334,0.02468257562645349,0.07706136400787962,0.022447652699450947,0.022811355473825477,0.09633667174875786,0.010630483215885235,0.014507137522742368,0.030947267367451736,0.09475244057362599,0.05786415374075494,0.049544698768237756,0.011620052730422128,0.023601800790918708,0.06869330361528692
3050336,0.1577096738635855,0.10127735611521026,0.015415994049944391,0.05234092018229404,0.01848501001918413,0.05187162064618297,0.022842033660318107,0.08104562355140497,0.021328951540787778,0.02084423387845009,0.09711598072759303,0.0102811589993624,0.013739971575956203,0.030769119712265047,0.10027246677430236,0.05546984059910705,0.04667090062326012,0.011766664624957771,0.02290546223351643,0.0678470166223174
393049,0.056496583350598,0.07326630396603855,0.047798293161519845,0.03387087221537795,0.017687544542509183,0.04931534859869213,0.062032606739501964,0.042335369785747104,0.035682916308254,0.05464617026263139,0.08139720112621354,0.08954635045312573,0.021939289509485628,0.04350058242648834,0.06814901415301602,0.06813137917275762,0.07809982483354569,0.013607651639726026,0.036580060751393306,0.025916637003377967
2795181,0.06871744723989394,0.0483291505568822,0.033592963602197795,0.04912899438405824,0.027100384303467746,0.06466483300616217,0.039964449652370185,0.061101752847865926,0.02497173057339862,0.050130866643359334,0.09527394336120328,0.07038206123954878,0.022828688641840355,0.042443530414764036,0.04522582469794332,0.0917899430156251,0.05714832053641727,0.017754913042497062,0.025544243783184883,0.06390595845731976
2734339,0.07081660703495328,0.07248698016082483,0.033031044396026756,0.06514301396235292,0.01486082085310709,0.06707607675312464,0.029892271575512656,0.07584975369783578,0.020142380720845534,0.05251606839568779,0.09192187432350055,0.04699297765686718,0.0343570446793605,0.044003765108618705,0.04851827468225534,0.05591750816613859,0.04812565525058774,0.016862934432727652,0.03133425627036297,0.07992706205484225
3052759,0.054286012064111905,0.04698045036504848,0.047906936343081276,0.05366682869392994,0.02703275333654533,0.06328444528343663,0.033694898939916,0.050606502301147056,0.02016955988654244,0.0638495518217921,0.09568749173108664,0.06541908776727051,0.02568748490496676,0.04342635814342447,0.04783761399309892,0.0989742870614249,0.059018325153159516,0.011470405481448715,0.03046550662344616,0.06053550010512224
3052770,0.0807325960177035,0.05600991448590882,0.044373430233901334,0.05674838526556895,0.009182615985293293,0.054443036261803156,0.043959226511678565,0.06653662980088518,0.027782178348531805,0.03813314586901921,0.08635157479925146,0.03594496206157939,0.021159044328049346,0.038488766993079,0.08742998966966015,0.06751355650827912,0.05778389457112587,0.02898188395034836,0.03285411117821981,0.06559105716011367
2956523,0.052047366262206025,0.051789322876524296,0.04060286777975843,0.04751193811807388,0.02222910588272804,0.07491961504054001,0.04034389360853113,0.055275657574345556,0.022829395111279124,0.05153574088042345,0.09975873440205396,0.07726047114758282,0.028799671733763955,0.03726256045152972,0.04339357984242275,0.07423261481990348,0.05917042619139953,0.01599001961356668,0.033202865930666965,0.07184415273270019
2956528,0.06203090213405282,0.052138381515544396,0.03999153902892263,0.05003914201872081,0.020973469786194812,0.07007623846289053,0.039229132614265576,0.054912775224328726,0.02517782869482829,0.05833755220554931,0.09587504664401757,0.0699058498902249,0.029465661890508824,0.038571487680984506,0.04512481422007512,0.07619951209738217,0.05907404706667563,0.016225231757659577,0.03599298002772374,0.06065840703945011
1987017,0.039076532480023456,0.048096667026783335,0.04528375950395078,0.05266572088127947,0.016322449089993155,0.05217962794154095,0.036842019096234135,0.05971696037431298,0.02789995151184153,0.08176541728465432,0.10044368331838,0.07360217290372086,0.029591940766281622,0.0376684314672443,0.043601513975596175,0.09357850538134517,0.06003215702371986,0.01787890639392436,0.03203009755293061,0.05165951468540364
3060740,0.03854865701327023,0.04858759066754506,0.04310683318220247,0.04868904824037094,0.024153745534856774,0.05480699975293214,0.028174960716589925,0.055915378068155774,0.030754572593781247,0.06745929710397974,0.10857340993435814,0.07412149404367231,0.027617375769999078,0.03254315558313545,0.0514728570244201,0.10018230682716178,0.06737571932217977,0.01622528765749281,0.034032727933772725,0.0473658429832851
432261,0.06517635132204855,0.05924385199481598,0.05422031301884066,0.07077338108686973,0.0175427814817209,0.05323996233642472,0.062240448256866115,0.05154783731131659,0.027545122548428152,0.04881993393636633,0.08285543008100636,0.07864249384824652,0.014091817540798574,0.04096954663754133,0.06629198331263106,0.07298691937207447,0.06414057297220642,0.01562915117173904,0.0315250798398134,0.02251702193024511
2057932,0.013832478860110527,0.07002241605078012,0.0561400004438822,0.054658543622522586,0.02271012273342655,0.06450717979448255,0.05353774108351642,0.043788978405131275,0.03148789311316776,0.02975675255787114,0.07517699802472423,0.09283241227778148,0.015463745921832346,0.030827618350089885,0.04261823911933773,0.12089686397230175,0.11554253501120802,0.021078855671704727,0.03440087000909959,0.010719754977029096
2057933,0.016145549765367764,0.06503590780638303,0.06434886313551631,0.05535894843276037,0.02531694796608851,0.06861372533768893,0.048021829872183765,0.043893080293484744,0.03678281610536413,0.02752067615566099,0.06847761271421533,0.09269269658551761,0.015043685670581524,0.031189235435949286,0.04316066474812683,0.12658473983044258,0.10952529102175208,0.01619092063985896,0.03595965881102383,0.010137149672033394
68887,0.03518326876107828,0.0549857306887774,0.06961831209747121,0.06929066735475707,0.01626360714265539,0.05217560300390822,0.06507392689513236,0.04192568004051278,0.021639951228676898,0.04594780170969328,0.09484950846910638,0.0765029518094354,0.016160375359147293,0.05885377914885622,0.08174472101086604,0.028329972150196867,0.06524749842874483,0.02304501507111148,0.04511584282601062,0.03804578680386198
687350,0.0781058564077432,0.08668218573878951,0.031303602058319044,0.05078412153883852,0.021073266356285224,0.049558931634403336,0.03546924773339868,0.07700318549375154,0.03945111492281304,0.03926733643714776,0.07345013477088949,0.06370987503062975,0.01647880421465327,0.04398431756922323,0.08766233766233766,0.057522666013232054,0.05372457730948297,0.02726047537368292,0.02523891203136486,0.04226905170301397
687351,0.10068537160848406,0.08331572458551137,0.04149286102059996,0.057191818218733224,0.014998991466770854,0.04466697185600112,0.026585955656913414,0.10198387014463615,0.03715564340533131,0.02900221584650577,0.06423985357496792,0.03897827169917203,0.011977937152397854,0.017848430511031632,0.11163573778081169,0.07861068042862959,0.03637397527902372,0.020954326454363906,0.029312452419912722,0.05298891089020171
687355,0.08307641766905893,0.09472606893763266,0.04107281242629469,0.03639357795073958,0.01626570976111055,0.05685838471646619,0.048957175106978,0.08471056976313218,0.01939081505441558,0.02743522355874524,0.08421358536338826,0.040495805114727584,0.01626570976111055,0.0480600761481182,0.09062384177364466,0.05447033255837461,0.06366875568583846,0.02086492132484248,0.03729067690959938,0.0351595404157822
687366,0.09922882044316608,0.0811075775028166,0.01939291192122568,0.04896426513456715,0.014587063407323474,0.053326338246640265,0.038482385223681366,0.10345934224394795,0.03901134830245569,0.020018938889534526,0.06206036197909101,0.04384946863973709,0.01537205861345962,0.04586030133953792,0.14030131330886364,0.06300867969806728,0.04962501407289578,0.014653353555933255,0.025382074076495217,0.022308383400560412
687367,0.09015066114640664,0.0827220250636081,0.03546543202043807,0.052045583087221924,0.019992217931599714,0.06358611275823617,0.04296292694030632,0.05995255813992613,0.022631544794819054,0.029946937035754566,0.06418789217938298,0.055847204777440596,0.015354728700869263,0.02959533204375988,0.10221387111066914,0.08281074053977608,0.058049457871557616,0.021978565834581285,0.03623830858356378,0.0342678994400827
687347,0.08756477222264117,0.09083703932543727,0.0313770554721731,0.0567406654217409,0.028796595184791475,0.05172053119355298,0.04220012924956599,0.08855084424400221,0.015091204731907153,0.02780295846904943,0.0603517404500058,0.04378730094634359,0.011299090036566654,0.026729125397755946,0.10019306187681072,0.0967271117857387,0.052344872005900836,0.017735496249951688,0.030151951757640034,0.03999845397842435
2853118,0.0704909611559228,0.11400897873084574,0.03131202592519729,0.03946570266902748,0.017543909983168293,0.045797948499355146,0.049444362471856074,0.05844618226331781,0.01588095940717424,0.02434872778542855,0.06456611908977637,0.06952955931536495,0.015726441078103483,0.033729124314162674,0.09151132861171224,0.10987523772050627,0.06471681203139004,0.019688176273854024,0.027043576627975605,0.03687386604586093
2853119,0.059352618523564965,0.0639482552175142,0.0376523329934922,0.04604355048228856,0.016873588627073586,0.05820112878073259,0.045739281505972625,0.07501992993555723,0.023956576561125348,0.024997379729588095,0.05734517377950981,0.06488662963351151,0.018559295925400107,0.025982919012999716,0.09357001521344882,0.12548141513658753,0.07208999120224359,0.0219394447567595,0.04271818912317812,0.025642283859451873
2853120,0.07838007714978047,0.10510552536330968,0.027243664727253886,0.04810156770787277,0.02390507442155131,0.04691288549631034,0.04270664892088569,0.08670591035237758,0.01641254202996105,0.02170287183787419,0.0671942317319622,0.07119667741091418,0.017665186777308915,0.025728888852191,0.06450244169158535,0.11249257485292792,0.047111383428255015,0.024936543824487744,0.037521237432061566,0.03447406599112913
93678,0.03441770647653001,0.05845904018172926,0.04801445830857596,0.05854564047841359,0.015002970885323827,0.04459177610438114,0.08174401073560737,0.04157754010695187,0.06352935113439316,0.042751039809863334,0.0698845194643514,0.09037008742891095,0.017032469553477956,0.0271935036640919,0.033140225787284615,0.10832727030206023,0.09912924765865942,0.007352941176470589,0.0351097004458349,0.02382650029708853
694448,0.055350553505535055,0.03173431734317343,0.08191881918819188,0.041328413284132844,0.033210332103321034,0.020664206642066422,0.043542435424354244,0.05904059040590406,0.016974169741697416,0.05904059040590406,0.09667896678966789,0.03173431734317343,0.008856088560885609,0.05461254612546126,0.03468634686346864,0.0996309963099631,0.07675276752767528,0.00959409594095941,0.05092250922509225,0.09372693726937269
3052801,0.062098446543797085,0.06472752808568956,0.02938530077956163,0.05839233510352481,0.02303439066603026,0.06306530612462893,0.03156033241889257,0.051501463800276766,0.022646233919048846,0.057952249117852746,0.1001299890251883,0.06322300926446124,0.03062239603680913,0.053022966136239434,0.04360043935235997,0.0719356610020877,0.06239879324716896,0.020781126436952676,0.027890844602935307,0.06203118833649408
3052808,0.07557674737322978,0.06241434444952033,0.03783120146185473,0.0480984467793513,0.013453631795340338,0.0640360895386021,0.04442096847875743,0.09286774783005938,0.020985609867519416,0.045351758793969854,0.08568981269986295,0.0622144814984011,0.031441297396071266,0.03260621288259479,0.06466994061215167,0.05880539058931019,0.05879396984924623,0.012317268158976701,0.02529693924166286,0.06312814070351759
3052811,0.0625617860826351,0.06711796070379,0.03799549253403842,0.058449573098394526,0.022474787259803324,0.06303191692350318,0.03315794405699013,0.0476419029472106,0.026047024927806885,0.060851022992599424,0.11158257315971408,0.061847577060658486,0.031135526635311814,0.048230004466069086,0.03520173087727032,0.0782805256511267,0.05808017816699172,0.015787176546693323,0.02383243614046488,0.05669285976892798
10245,0.03923654423002271,0.04315587008398997,0.06942131477318121,0.066871874569404,0.02464869885048174,0.05209879808515109,0.022040533542506874,0.04168086189794581,0.02205587476673435,0.09342379406118712,0.08614940570803517,0.07349708177744486,0.030394875157082345,0.044976480337382614,0.0328674141631076,0.07664741382588144,0.06108539891552106,0.007649619253898875,0.05142579073159216,0.060672355269449106
3050294,0.07351079367686492,0.06604873260749797,0.0405417693412041,0.05200760618461975,0.024935392213288433,0.05076628602695566,0.035770899668651684,0.061313607607205625,0.02690233915437337,0.054803345988745845,0.0935529864439486,0.035078145686557746,0.02278404832083986,0.03980160183413474,0.06149755096341828,0.076187560601368,0.07220657977583914,0.010640856340584877,0.03391027246538828,0.06773962509851301
3050355,0.1518206397281166,0.09584137249961507,0.017751964023269905,0.05807553410469111,0.0188140256585628,0.059960160875115895,0.022174638605215645,0.0758734458061298,0.022686480487365813,0.020022370782375034,0.10034202362235548,0.012678354678816449,0.0175029294569293,0.033720609886566714,0.07670241676358797,0.054158222576310935,0.04970540129278315,0.00958165550442959,0.023867521254201905,0.07872023239356084
2732655,0.04136265340325458,0.05414968193040313,0.05851642608711322,0.03313969832945884,0.01300282928763223,0.0585700383846029,0.03635895911048639,0.047856048728622654,0.01915463768899461,0.07883026076300662,0.13052404894487393,0.07829566956803806,0.02780982501666937,0.05734551548899822,0.039837811537006,0.05561226144780235,0.043575624876106035,0.017369573444342326,0.046535924744553175,0.062152511218035354
2748252,0.06353625004634422,0.047815981503356066,0.04416259829667072,0.050221383253306655,0.02855994128290167,0.06140872055023718,0.031240140568945057,0.06056193076829653,0.02799994043628171,0.051177747395276106,0.09292668868236081,0.07069540676853349,0.024130216870926244,0.042747684692843034,0.04290631688963555,0.08365098027901062,0.06548907479490472,0.01898089052192154,0.027494705318156953,0.06429340108009114
