,accuracy,precision_macro,recall_macro,f1_macro,auc_macro
mean,0.5466666666666665,0.606029112091612,0.5149166666666667,0.5174515208377276,0.8490176986388098
std,0.084884552218806,0.11195406550050879,0.09745135337105179,0.10131447963983889,0.046397473432728695
