,accuracy,precision_macro,recall_macro,f1_macro,auc_macro
mean,0.6679999999999999,0.7097543148276846,0.6529166666666665,0.6539524060756077,0.883152291864514
std,0.08963324699826677,0.11405254241209001,0.10229653080988434,0.10754393366722156,0.041719078990029336
