,accuracy,precision_macro,recall_macro,f1_macro,auc_macro
mean,0.6079999999999999,0.6516909317534316,0.5905,0.5894071764403624,0.8542686949984174
std,0.09273497470269168,0.11561433989132697,0.09918782607257111,0.10165557504266481,0.04243009360100868
