,accuracy,precision_macro,recall_macro,f1_macro,auc_macro
mean,0.7841379310344827,0.7598890066224624,0.7054326923076921,0.70499024392845,0.9228875686813187
std,0.07096035196801005,0.12317201344701317,0.08451733354894095,0.09323354240717523,0.03787463690768502
