,accuracy,precision_macro,recall_macro,f1_macro,auc_macro
mean,0.8044827586206896,0.799613232269966,0.7509134615384615,0.7490501650876835,0.922086320970696
std,0.07417700443779547,0.10217379551710742,0.09134090127212185,0.09887863118201796,0.040811041426336396
