,accuracy,precision_macro,recall_macro,f1_macro,auc_macro
mean,0.6099999999999999,0.64463333108234,0.5754722222222222,0.5723675922960575,0.8503733823994937
std,0.07161751505324514,0.118215637160369,0.08733030951062666,0.09248237591829386,0.0438106549262837
