,accuracy,precision_macro,recall_macro,f1_macro,auc_macro
mean,0.5706666666666665,0.6075334687656585,0.4601388888888889,0.46844518406837854,0.8643423037353593
std,0.062005394211597245,0.12304162036093035,0.0741112858972492,0.08431167377695915,0.04398783645427618
