,accuracy,precision_macro,recall_macro,f1_macro,auc_macro
mean,0.6370000000000001,0.6993129164365619,0.594,0.6079211871886412,0.8678698923710033
std,0.0733815268637038,0.1164445607192029,0.08259278132574956,0.09124462916972734,0.0463380934843415
