,accuracy,precision_macro,recall_macro,f1_macro,auc_macro
mean,0.7982758620689654,0.7918137090485193,0.7382211538461537,0.737513778093676,0.9377456616300367
std,0.07057934150695384,0.10905729024993666,0.08977317766913888,0.09603635906757159,0.03720786178745864
