,accuracy,precision_macro,recall_macro,f1_macro,auc_macro
mean,0.433,0.356177230017066,0.2911388888888889,0.2623411019382155,0.8221412551440329
std,0.09241673535776034,0.25930597326070987,0.11272930448882837,0.1571710636545762,0.05039493914692485
