,accuracy,precision_macro,recall_macro,f1_macro,auc_macro
mean,0.5703333333333332,0.5878506850270596,0.5017777777777778,0.4945187670540556,0.8670738255777145
std,0.07009613408361415,0.12017022668300548,0.08347679383586704,0.09004839538782682,0.0367917748846274
