,accuracy,precision_macro,recall_macro,f1_macro,auc_macro
mean,0.5893333333333334,0.6437148343037089,0.5563333333333333,0.5619777206477334,0.8557993763849319
std,0.08420487015088153,0.11638290031063343,0.09714248774636058,0.10309215601824082,0.04426206899008121
