,accuracy,precision_macro,recall_macro,f1_macro,auc_macro
mean,0.597,0.6765369319070526,0.5075277777777777,0.5274667772260475,0.8561289893953783
std,0.07028800779936815,0.139635892423625,0.08510856512471718,0.10241059958494454,0.045497631658130575
