,accuracy,precision_macro,recall_macro,f1_macro,auc_macro
mean,0.6253333333333334,0.6737817857526851,0.581861111111111,0.5880215270655484,0.87756660889522
std,0.08436998311975287,0.13187838373331556,0.09355264487182621,0.10347604658610908,0.04129528539705044
