,accuracy,precision_macro,recall_macro,f1_macro,auc_macro
mean,0.7855172413793103,0.7855172413793103,0.7855172413793103,0.7855172413793103,0.9337475227903291
std,0.0753856035751518,0.0753856035751518,0.0753856035751518,0.0753856035751518,0.0320627293549601
