,accuracy,precision,recall,f1,auc
mean,0.7766666666666666,0.6323333333333333,0.485,0.5287142857142857,0.73375
std,0.15392361858774964,0.430760426982964,0.3585534912124076,0.36054556986634967,0.24660254592474437
