,accuracy,precision,recall,f1,auc
mean,0.7616666666666667,0.5716666666666668,0.435,0.472,0.765625
std,0.1386462527061228,0.44523603747727164,0.3599593130767796,0.361835946977705,0.21327010633836088
