,accuracy,precision,recall,f1,auc
mean,0.8266666666666667,0.7683333333333333,0.55,0.6183333333333333,0.848125
std,0.1273929206390851,0.3920470607816931,0.337099931231621,0.33006393286079155,0.19161210521163938
