,accuracy,precision,recall,f1,auc
mean,0.8350000000000002,0.7806666666666666,0.785,0.7507142857142859,0.9025
std,0.15623049822181087,0.2801787148115388,0.2865239249974766,0.24369497275155802,0.13771218705926672
