,accuracy,precision,recall,f1,auc
mean,0.8266666666666667,0.74,0.565,0.6176666666666666,0.8675
std,0.13591771459339588,0.4036311058190836,0.35995931307677964,0.3495533465546312,0.18015495574867788
