,accuracy,precision,recall,f1,auc
mean,0.7633333333333333,0.595,0.48,0.5113333333333333,0.7675
std,0.15745592439060993,0.4298454554842344,0.3687269938038114,0.3660147249771684,0.23671787751531048
