,accuracy,precision,recall,f1,auc
mean,0.755,0.5566666666666666,0.465,0.488,0.75875
std,0.1469002578158133,0.41991661830649946,0.36414421607518377,0.35974551424143564,0.21922657321602326
