,accuracy,precision,recall,f1,auc
mean,0.7649999999999999,0.6040000000000001,0.455,0.49838095238095237,0.759375
std,0.15369559022843757,0.4445777577837755,0.3630329589623086,0.366794528033569,0.242204045948323
