,accuracy,precision,recall,f1,auc
mean,0.8366666666666666,0.8116666666666668,0.59,0.6586666666666667,0.88
std,0.12970656687485088,0.35742485259495493,0.32860279667068876,0.30901603371169767,0.17914464276193984
