,accuracy,precision,recall,f1,auc
mean,0.7549999999999999,0.59,0.445,0.483,0.758125
std,0.1543513999213742,0.4453400068049747,0.36163908566805697,0.35921397541671474,0.22729174478514336
