,accuracy,precision,recall,f1,auc
mean,0.75,0.5666666666666667,0.425,0.46733333333333327,0.768125
std,0.13914118498945366,0.43228310962688204,0.3361622383686938,0.34702454979348574,0.23457714346750355
