,accuracy,precision,recall,f1,auc
mean,0.7683333333333331,0.5983333333333333,0.47,0.5066666666666666,0.77
std,0.14773827982821286,0.4316952982457618,0.361114996094098,0.3621856584383915,0.23450732796372667
