,accuracy,precision,recall,f1,auc
mean,0.735,0.555,0.425,0.4603333333333333,0.73375
std,0.15185903735976303,0.4329673409092788,0.33616223836869374,0.34467880590023603,0.23158503575982364
