,accuracy,precision,recall,f1,auc
mean,0.8583333333333333,0.8116666666666665,0.69,0.7176666666666667,0.929375
std,0.1283911496857188,0.3288033945663258,0.33919095661663073,0.301118565638837,0.10939709372813164
