,accuracy,precision,recall,f1,auc
mean,0.8699999999999999,0.8483333333333333,0.7,0.7373333333333334,0.931875
std,0.11744569153509687,0.3071309251162092,0.3256694736394648,0.2838440633530771,0.11653638559122498
