,accuracy,precision,recall,f1,auc
mean,0.7516666666666667,0.53,0.4,0.43599999999999994,0.7475
std,0.13503750985730745,0.4528126342163482,0.36237153766973934,0.36758928918275835,0.20255626478596112
