,accuracy,precision,recall,f1,auc
mean,0.8583333333333336,0.8275,0.685,0.7230000000000001,0.920625
std,0.1347879408594194,0.31787713887738994,0.322983253154373,0.29081313302350187,0.13051441297783742
