,accuracy,precision,recall,f1,auc
mean,0.835,0.765,0.605,0.6513333333333334,0.89
std,0.14310764472870754,0.3849694261039341,0.35742485259495493,0.34060815748782397,0.16479057722890086
