,accuracy,precision,recall,f1,auc
mean,0.7666666666666667,0.6533333333333334,0.485,0.5336666666666666,0.76625
std,0.15713484026367724,0.4188863435337826,0.3367626625816629,0.33676666181762194,0.23747341690676402
