,accuracy,precision,recall,f1,auc
mean,0.7716666666666666,0.6316666666666666,0.465,0.5123333333333333,0.768125
std,0.14728176802279092,0.44019113795589365,0.35714213564140684,0.3565218876046598,0.2059130243843529
