,accuracy,precision,recall,f1,auc
mean,0.76,0.5833333333333333,0.42,0.4713333333333333,0.771875
std,0.148543244203258,0.45164619705873826,0.3461184476418149,0.36376322141884354,0.22550011058475639
