,accuracy,precision,recall,f1,auc
mean,0.7599999999999999,0.59,0.465,0.4973333333333333,0.74625
std,0.1559158885738215,0.4389943614475202,0.36414421607518377,0.36359842675285226,0.22592752145211295
