,accuracy,precision,recall,f1,auc
mean,0.7633333333333333,0.6008333333333333,0.47,0.5076666666666666,0.750625
std,0.16098044161130026,0.43668976601200354,0.361114996094098,0.36612617034983896,0.21384655802417743
