,accuracy,precision_macro,recall_macro,f1_macro,auc_macro
mean,0.8113793103448276,0.8154611874730877,0.7618028846153847,0.758442546615616,0.9104942765567765
std,0.06361233767373944,0.10666487497302796,0.07951183021473149,0.09054589598178463,0.04847328257155572
