,accuracy,precision_macro,recall_macro,f1_macro,auc_macro
mean,0.8662068965517241,0.8662873231751909,0.8427403846153847,0.8419729602948319,0.9408513278388279
std,0.06918807697194372,0.0818084096539656,0.08750177438282182,0.08685377647672687,0.046494902888372575
