,accuracy,precision,recall,f1,auroc,auprc
mean,0.7172538860103628,0.7329582190140994,0.7422330097087378,0.7366409605802147,0.7949865156418554,0.8319172494192444
std,0.028808589490487594,0.032107873518547075,0.04476570589177791,0.02878738195962077,0.03122995965698172,0.02658870409313156
