,accuracy,precision,recall,f1,auroc,auprc
mean,0.7435233160621764,0.7440883926244932,0.7929126213592232,0.7671569973617826,0.8206920172599784,0.8508262721966129
std,0.03151690430206332,0.02965474987814279,0.04368234610302763,0.030353905830149627,0.02880869225529429,0.02492952335317733
