,accuracy,precision,recall,f1,auroc,auprc
mean,0.7330569948186529,0.7452541226966111,0.7609708737864076,0.7521234025382381,0.8020625674217909,0.8307472589979487
std,0.029654860791029,0.029343163275017042,0.049577690233330286,0.031134623344461335,0.03073922352958731,0.03294449666891937
