,accuracy,precision,recall,f1,auroc,auprc
mean,0.7524352331606218,0.7652605958081399,0.7747572815533981,0.7692092439580221,0.809700107874865,0.8197951934911923
std,0.028327569752798803,0.02799238083352428,0.04518117992457183,0.02864262741501109,0.028073452168928533,0.034770971352379436
