,accuracy,precision,recall,f1,auroc,auprc
mean,0.7499481865284973,0.7656515910703421,0.7676699029126215,0.765893600903052,0.8156477885652643,0.8171138961580493
std,0.024795555436859594,0.02720049030062366,0.04068494887098258,0.02483146275841842,0.02702501168366901,0.03533003194275948
