,accuracy,precision,recall,f1,auroc,auprc
mean,0.7384455958549223,0.7478721469471901,0.770291262135922,0.7581984257906198,0.8108311758360303,0.8395009861099748
std,0.030528982684871652,0.028255202550002658,0.04748717907811238,0.031032747387358554,0.029099186626831374,0.02710371139279647
