,accuracy,precision_macro,recall_macro,f1_macro,auc_macro
mean,0.7793103448275863,0.7611325782168469,0.6871634615384618,0.684103368467629,0.9311692765567767
std,0.07119354690447574,0.14319956420471575,0.09067790421059356,0.10052041195712567,0.03968080761424272
