,accuracy,precision_macro,recall_macro,f1_macro,auc_macro
mean,0.5579999999999999,0.5876358385121929,0.51925,0.520959251728361,0.8171557739791073
std,0.08255461070465464,0.12438278760663513,0.09188216939509927,0.10124161432039544,0.05229921301364113
